abscissa	curvature	dir_mid_line	x_mid_line	y_mid_line	elevation	slope	banking	torsion	upsilon	width_no_kerbs_L	width_no_kerbs_R	width_kerbs_L	width_kerbs_R	width_kerbsMod_and_Constraint_MLT_L	width_kerbsMod_and_Constraint_MLT_R
0.0	-4.298627910514892e-08	-3.14159203365913	-5.227409065503589e-08	0.0843224795024801	0.0	0.0	0.0	0.0	0.0	4.0	4.0	4.0	4.0	4.0	4.0
1.5496124748698288	-4.127386056846613e-08	-3.1415920989444115	-1.5496125220970955	0.0851481523315602	0.0	0.0	0.0	0.0	0.0	4.0	4.0	4.0	4.0	4.0	4.0
3.0992249497396576	-3.956144203178334e-08	-3.141592161576108	-3.099224992026449	0.085945626831532	0.0	0.0	0.0	0.0	0.0	4.0	4.0	4.0	4.0	4.0	4.0
4.648837424609486	-3.7849023495100546e-08	-3.14159222155422	-4.648837462073652	0.0867145231841388	0.0	0.0	0.0	0.0	0.0	4.0	4.0	4.0	4.0	4.0	4.0
6.198449899479315	-3.6136604958417754e-08	-3.141592278878746	-6.1984499322501865	0.0874553773706692	0.0	0.0	0.0	0.0	0.0	4.0	4.0	4.0	4.0	4.0	4.0
7.748062374349143	-3.442418642173496e-08	-3.1415923335496876	-7.748062402566968	0.088168757606945	0.0	0.0	0.0	0.0	0.0	4.0	4.0	4.0	4.0	4.0	4.0
9.297674849218971	-3.271176788505217e-08	-3.141592385567044	-9.297674873034357	0.0888552573662035	0.0	0.0	0.0	0.0	0.0	4.0	4.0	4.0	4.0	4.0	4.0
10.8472873240888	-3.099934934836938e-08	-3.1415924349308146	-10.847287343662153	0.0895154664985247	0.0	0.0	0.0	0.0	0.0	4.0	4.0	4.0	4.0	4.0	4.0
12.39689979895863	-2.9286930811686587e-08	-3.1415924816410006	-12.396899814459614	0.0901499542037613	0.0	0.0	0.0	0.0	0.0	4.0	4.0	4.0	4.0	4.0	4.0
13.94651227382846	-2.7574512275003795e-08	-3.141592525697601	-13.94651228543547	0.0907592643141367	0.0	0.0	0.0	0.0	0.0	4.0	4.0	4.0	4.0	4.0	4.0
15.496124748698286	-2.5862093738321007e-08	-3.141592567100617	-15.496124756597956	0.0913439110096745	0.0	0.0	0.0	0.0	0.0	4.0	4.0	4.0	4.0	4.0	4.0
17.045737223568118	-2.414967520163821e-08	-3.1415926058500476	-17.04573722795482	0.0919043796279277	0.0	0.0	0.0	0.0	0.0	4.0	4.0	4.0	4.0	4.0	4.0
18.595349698437943	-2.2437256664955423e-08	-3.141592641945893	-18.595349699513346	0.0924411287495863	0.0	0.0	0.0	0.0	0.0	4.0	4.0	4.0	4.0	4.0	4.0
20.144962173307775	-2.0724838128272628e-08	-3.141592675388153	-20.14496217128036	0.0929545935055713	0.0	0.0	0.0	0.0	0.0	4.0	4.0	4.0	4.0	4.0	4.0
21.6945746481776	-1.901241959158984e-08	-3.1415927061768283	-21.69457464326228	0.0934451890888669	0.0	0.0	0.0	0.0	0.0	4.0	4.0	4.0	4.0	4.0	4.0
23.244187123047432	-1.7300001054907044e-08	-3.1415927343119185	-23.244187115465095	0.0939133141208544	0.0	0.0	0.0	0.0	0.0	4.0	4.0	4.0	4.0	4.0	4.0
24.79379959791726	-1.5587582518224253e-08	-3.1415927597934235	-24.793799587894377	0.0943593535652952	0.0	0.0	0.0	0.0	0.0	4.0	4.0	4.0	4.0	4.0	4.0
26.34341207278709	-1.3875163981541462e-08	-3.141592782621343	-26.343412060555327	0.0947836810945941	0.0	0.0	0.0	0.0	0.0	4.0	4.0	4.0	4.0	4.0	4.0
27.89302454765692	-1.2162745444858667e-08	-3.1415928027956777	-27.893024533452753	0.0951866608844217	0.0	0.0	0.0	0.0	0.0	4.0	4.0	4.0	4.0	4.0	4.0
29.442637022526743	-1.0450326908175884e-08	-3.141592820316427	-29.442637006591088	0.0955686488952368	0.0	0.0	0.0	0.0	0.0	4.0	4.0	4.0	4.0	4.0	4.0
30.99224949739657	-8.737908371493092e-09	-3.1415928351835913	-30.992249479974426	0.0959299937212414	0.0	0.0	0.0	0.0	0.0	4.0	4.0	4.0	4.0	4.0	4.0
32.541861972266396	-7.0254898348103044e-09	-3.141592847397171	-32.54186195360648	0.0962710371069499	0.0	0.0	0.0	0.0	0.0	4.0	4.0	4.0	4.0	4.0	4.0
34.091474447136235	-5.313071298127501e-09	-3.141592856957165	-34.09147442749067	0.0965921142228858	0.0	0.0	0.0	0.0	0.0	4.0	4.0	4.0	4.0	4.0	4.0
35.64108692200606	-3.6006527614447134e-09	-3.1415928638635737	-35.64108690163001	0.0968935537840251	0.0	0.0	0.0	0.0	0.0	4.0	4.0	4.0	4.0	4.0	4.0
37.190699396875885	-1.8882342247619257e-09	-3.1415928681163976	-37.190699376027275	0.0971756780760317	0.0	0.0	0.0	0.0	0.0	4.0	4.0	4.0	4.0	4.0	4.0
38.74031187174572	-1.7581568807913046e-10	-3.1415928697156366	-38.74031185068486	0.0974388029396	0.0	0.0	0.0	0.0	0.0	4.0	4.0	4.0	4.0	4.0	4.0
40.28992434661555	1.5366028486036649e-09	-3.14159286866129	-40.289924325604886	0.0976832377464863	0.0	0.0	0.0	0.0	0.0	4.0	4.0	4.0	4.0	4.0	4.0
41.839536821485375	3.2490213852864525e-09	-3.1415928649533584	-41.83953680078918	0.0979092853887758	0.0	0.0	0.0	0.0	0.0	4.0	4.0	4.0	4.0	4.0	4.0
43.3891492963552	4.96143992196924e-09	-3.1415928585918422	-43.38914927623927	0.0981172422921082	0.0	0.0	0.0	0.0	0.0	4.0	4.0	4.0	4.0	4.0	4.0
44.93876177122503	6.673858458652036e-09	-3.1415928495767402	-44.93876175195642	0.0983073984567064	0.0	0.0	0.0	0.0	0.0	4.0	4.0	4.0	4.0	4.0	4.0
46.488374246094864	8.38627699533483e-09	-3.1415928379080533	-46.48837422794159	0.0984800375248609	0.0	0.0	0.0	0.0	0.0	4.0	4.0	4.0	4.0	4.0	4.0
48.03798672096469	1.0098695532017618e-08	-3.1415928235857815	-48.0379867041955	0.098635436870923	0.0	0.0	0.0	0.0	0.0	4.0	4.0	4.0	4.0	4.0	4.0
49.58759919583452	1.1811114068700414e-08	-3.1415928066099243	-49.58759918071858	0.0987738677084134	0.0	0.0	0.0	0.0	0.0	4.0	4.0	4.0	4.0	4.0	4.0
51.137211670704346	1.1849531644387718e-08	-3.1415927879323293	-51.137211657416934	0.0988955945646173	0.0	0.0	0.0	0.0	0.0	4.0	4.0	4.0	4.0	4.0	4.0
52.68682414557417	1.1280888016701959e-08	-3.1415927700107362	-52.68682413404688	0.0990008769910388	0.0	0.0	0.0	0.0	0.0	4.0	4.0	4.0	4.0	4.0	4.0
54.23643662044401	1.0712244389016195e-08	-3.14159275297032	-54.236436610594886	0.0990899688002939	0.0	0.0	0.0	0.0	0.0	4.0	4.0	4.0	4.0	4.0	4.0
55.78604909531383	1.014360076133044e-08	-3.141592736811081	-55.78604908705984	0.0991631177952693	0.0	0.0	0.0	0.0	0.0	4.0	4.0	4.0	4.0	4.0	4.0
57.33566157018365	9.57495713364468e-09	-3.1415927215330193	-57.33566156344078	0.0992205662398669	0.0	0.0	0.0	0.0	0.0	4.0	4.0	4.0	4.0	4.0	4.0
58.8852740450535	9.006313505958915e-09	-3.141592707136135	-58.88527403973684	0.0992625509779242	0.0	0.0	0.0	0.0	0.0	4.0	4.0	4.0	4.0	4.0	4.0
60.434886519923324	8.437669878273156e-09	-3.141592693620428	-60.43488651594719	0.0992893035467919	0.0	0.0	0.0	0.0	0.0	4.0	4.0	4.0	4.0	4.0	4.0
61.98449899479314	7.869026250587401e-09	-3.141592680985898	-61.98449899207115	0.0993010502853477	0.0	0.0	0.0	0.0	0.0	4.0	4.0	4.0	4.0	4.0	4.0
63.534111469662975	7.30038262290164e-09	-3.1415926692325455	-63.534111468108144	0.0992980124365817	0.0	0.0	0.0	0.0	0.0	4.0	4.0	4.0	4.0	4.0	4.0
65.0837239445328	6.731738995215878e-09	-3.14159265836037	-65.08372394405764	0.0992804062451088	0.0	0.0	0.0	0.0	0.0	4.0	4.0	4.0	4.0	4.0	4.0
66.63333641940262	6.163095367530122e-09	-3.1415926483693717	-66.63333641991919	0.0992484430500713	0.0	0.0	0.0	0.0	0.0	4.0	4.0	4.0	4.0	4.0	4.0
68.18294889427246	5.5944517398443616e-09	-3.1415926392595512	-68.18294889569249	0.099202329373921	0.0	0.0	0.0	0.0	0.0	4.0	4.0	4.0	4.0	4.0	4.0
69.73256136914229	5.0258081121586e-09	-3.1415926310309072	-69.73256137137726	0.0991422670075373	0.0	0.0	0.0	0.0	0.0	4.0	4.0	4.0	4.0	4.0	4.0
71.28217384401214	4.457164484472834e-09	-3.141592623683441	-71.28217384697334	0.0990684530920667	0.0	0.0	0.0	0.0	0.0	4.0	4.0	4.0	4.0	4.0	4.0
72.83178631888195	3.888520856787078e-09	-3.141592617217152	-72.83178632248058	0.0989810801977909	0.0	0.0	0.0	0.0	0.0	4.0	4.0	4.0	4.0	4.0	4.0
74.38139879375177	3.3198772291013222e-09	-3.1415926116320403	-74.381398797899	0.0988803364002523	0.0	0.0	0.0	0.0	0.0	4.0	4.0	4.0	4.0	4.0	4.0
75.93101126862162	2.7512336014155556e-09	-3.1415926069281057	-75.93101127322865	0.0987664053538026	0.0	0.0	0.0	0.0	0.0	4.0	4.0	4.0	4.0	4.0	4.0
77.48062374349144	2.1825899737297996e-09	-3.1415926031053485	-77.48062374846961	0.0986394663626824	0.0	0.0	0.0	0.0	0.0	4.0	4.0	4.0	4.0	4.0	4.0
79.03023621836127	1.6139463460440386e-09	-3.1415926001637686	-79.03023622362214	0.0984996944497073	0.0	0.0	0.0	0.0	0.0	4.0	4.0	4.0	4.0	4.0	4.0
80.5798486932311	1.0453027183582775e-09	-3.1415925981033657	-80.57984869868646	0.0983472604226071	0.0	0.0	0.0	0.0	0.0	4.0	4.0	4.0	4.0	4.0	4.0
82.12946116810092	4.766590906725217e-10	-3.14159259692414	-82.1294611736629	0.0981823309380505	0.0	0.0	0.0	0.0	0.0	4.0	4.0	4.0	4.0	4.0	4.0
83.67907364297075	-9.198453701323947e-11	-3.141592596626092	-83.6790736485519	0.0980050685633807	0.0	0.0	0.0	0.0	0.0	4.0	4.0	4.0	4.0	4.0	4.0
85.22868611784058	-6.606281646990006e-10	-3.141592597209221	-85.22868612335392	0.0978156318360873	0.0	0.0	0.0	0.0	0.0	4.0	4.0	4.0	4.0	4.0	4.0
86.7782985927104	-1.2292717923847565e-09	-3.1415925986735274	-86.77829859806944	0.0976141753210364	0.0	0.0	0.0	0.0	0.0	4.0	4.0	4.0	4.0	4.0	4.0
88.32791106758023	-1.7979154200705176e-09	-3.1415926010190107	-88.32791107269912	0.09740084966549	0.0	0.0	0.0	0.0	0.0	4.0	4.0	4.0	4.0	4.0	4.0
89.87752354245008	-2.366559047756284e-09	-3.1415926042456714	-89.87752354724357	0.0971758016519428	0.0	0.0	0.0	0.0	0.0	4.0	4.0	4.0	4.0	4.0	4.0
91.4271360173199	-2.93520267544204e-09	-3.1415926083535095	-91.4271360217035	0.0969391742488147	0.0	0.0	0.0	0.0	0.0	4.0	4.0	4.0	4.0	4.0	4.0
92.97674849218971	-3.503846303127796e-09	-3.141592613342525	-92.97674849607972	0.0966911066590344	0.0	0.0	0.0	0.0	0.0	4.0	4.0	4.0	4.0	4.0	4.0
94.52636096705956	-4.072489930813562e-09	-3.1415926192127177	-94.52636097037302	0.0964317343665531	0.0	0.0	0.0	0.0	0.0	4.0	4.0	4.0	4.0	4.0	4.0
96.07597344192938	-4.641133558499318e-09	-3.1415926259640874	-96.07597344458432	0.0961611891808266	0.0	0.0	0.0	0.0	0.0	4.0	4.0	4.0	4.0	4.0	4.0
97.62558591679922	-5.209777186185085e-09	-3.1415926335966344	-97.6255859187146	0.0958795992792982	0.0	0.0	0.0	0.0	0.0	4.0	4.0	4.0	4.0	4.0	4.0
99.17519839166904	-5.77842081387084e-09	-3.141592642110359	-99.17519839276476	0.0955870892479123	0.0	0.0	0.0	0.0	0.0	4.0	4.0	4.0	4.0	4.0	4.0
100.72481086653887	-5.8181479474103725e-09	-3.1415926513135783	-100.72481086675415	0.0952837803908691	0.0	0.0	0.0	0.0	0.0	4.0	4.0	4.0	4.0	4.0	4.0
102.27442334140868	-5.255991813145159e-09	-3.141592659893891	-102.2744233408084	0.0949697902467148	0.0	0.0	0.0	0.0	0.0	4.0	4.0	4.0	4.0	4.0	4.0
103.82403581627852	-4.693835678879929e-09	-3.141592667603079	-103.82403581495063	0.0946452325573569	0.0	0.0	0.0	0.0	0.0	4.0	4.0	4.0	4.0	4.0	4.0
105.37364829114834	-4.131679544614711e-09	-3.1415926744411435	-105.37364828918024	0.0943102179088026	0.0	0.0	0.0	0.0	0.0	4.0	4.0	4.0	4.0	4.0	4.0
106.92326076601816	-3.5695234103494917e-09	-3.1415926804080834	-106.9232607634966	0.0939648534687059	0.0	0.0	0.0	0.0	0.0	4.0	4.0	4.0	4.0	4.0	4.0
108.47287324088802	-3.0073672760842573e-09	-3.1415926855038996	-108.47287323789897	0.0936092430149242	0.0	0.0	0.0	0.0	0.0	4.0	4.0	4.0	4.0	4.0	4.0
110.02248571575784	-2.4452111418190386e-09	-3.1415926897285913	-110.02248571238653	0.0932434869619302	0.0	0.0	0.0	0.0	0.0	4.0	4.0	4.0	4.0	4.0	4.0
111.57209819062766	-1.8830550075538195e-09	-3.141592693082159	-111.57209818695848	0.0928676823850636	0.0	0.0	0.0	0.0	0.0	4.0	4.0	4.0	4.0	4.0	4.0
113.12171066549747	-1.3208988732886009e-09	-3.141592695564602	-113.12171066161396	0.0924819230427009	0.0	0.0	0.0	0.0	0.0	4.0	4.0	4.0	4.0	4.0	4.0
114.67132314036732	-7.587427390233717e-10	-3.1415926971759216	-114.67132313635204	0.0920862993964952	0.0	0.0	0.0	0.0	0.0	4.0	4.0	4.0	4.0	4.0	4.0
116.22093561523714	-1.9658660475815288e-10	-3.1415926979161166	-116.22093561117164	0.0916808986298862	0.0	0.0	0.0	0.0	0.0	4.0	4.0	4.0	4.0	4.0	4.0
117.77054809010698	3.655695295070763e-10	-3.1415926977851876	-117.77054808607184	0.0912658046651061	0.0	0.0	0.0	0.0	0.0	4.0	4.0	4.0	4.0	4.0	4.0
119.32016056497682	9.277256637723003e-10	-3.1415926967831345	-119.32016056105148	0.0908410981789124	0.0	0.0	0.0	0.0	0.0	4.0	4.0	4.0	4.0	4.0	4.0
120.86977303984663	1.4898817980375191e-09	-3.1415926949099573	-120.8697730361094	0.0904068566172641	0.0	0.0	0.0	0.0	0.0	4.0	4.0	4.0	4.0	4.0	4.0
122.41938551471644	2.0520379323027326e-09	-3.1415926921656556	-122.41938551124444	0.0899631542091303	0.0	0.0	0.0	0.0	0.0	4.0	4.0	4.0	4.0	4.0	4.0
123.96899798958628	2.614194066567962e-09	-3.14159268855023	-123.96899798645538	0.0895100619795892	0.0	0.0	0.0	0.0	0.0	4.0	4.0	4.0	4.0	4.0	4.0
125.51861046445612	3.176350200833186e-09	-3.14159268406368	-125.5186104617409	0.0890476477623461	0.0	0.0	0.0	0.0	0.0	4.0	4.0	4.0	4.0	4.0	4.0
127.06822293932596	3.738506335098415e-09	-3.1415926787060062	-127.06822293709968	0.0885759762117689	0.0	0.0	0.0	0.0	0.0	4.0	4.0	4.0	4.0	4.0	4.0
128.61783541419578	4.300662469363634e-09	-3.1415926724772083	-128.6178354125303	0.0880951088145177	0.0	0.0	0.0	0.0	0.0	4.0	4.0	4.0	4.0	4.0	4.0
130.1674478890656	4.862818603628858e-09	-3.141592665377286	-130.16744788803135	0.0876051039008241	0.0	0.0	0.0	0.0	0.0	4.0	4.0	4.0	4.0	4.0	4.0
131.71706036393545	5.424974737894082e-09	-3.1415926574062394	-131.71706036360143	0.0871060166554606	0.0	0.0	0.0	0.0	0.0	4.0	4.0	4.0	4.0	4.0	4.0
133.26667283880525	5.9871308721592956e-09	-3.141592648564069	-133.26667283923885	0.0865978991284306	0.0	0.0	0.0	0.0	0.0	4.0	4.0	4.0	4.0	4.0	4.0
134.8162853136751	6.54928700642453e-09	-3.1415926388507738	-134.81628531494226	0.0860808002454002	0.0	0.0	0.0	0.0	0.0	4.0	4.0	4.0	4.0	4.0	4.0
136.3658977885449	7.111443140689744e-09	-3.141592628266355	-136.36589779070982	0.0855547658178888	0.0	0.0	0.0	0.0	0.0	4.0	4.0	4.0	4.0	4.0	4.0
137.91551026341477	7.673599274954977e-09	-3.141592616810812	-137.91551026654005	0.0850198385532345	0.0	0.0	0.0	0.0	0.0	4.0	4.0	4.0	4.0	4.0	4.0
139.46512273828458	8.235755409220192e-09	-3.1415926044841447	-139.4651227424312	0.08447605806435	0.0	0.0	0.0	0.0	0.0	4.0	4.0	4.0	4.0	4.0	4.0
141.0147352131544	8.797911543485416e-09	-3.1415925912863534	-141.0147352183815	0.0839234608792938	0.0	0.0	0.0	0.0	0.0	4.0	4.0	4.0	4.0	4.0	4.0
142.56434768802424	9.360067677750639e-09	-3.1415925772174376	-142.56434769438917	0.0833620804506863	0.0	0.0	0.0	0.0	0.0	4.0	4.0	4.0	4.0	4.0	4.0
144.11396016289407	9.922223812015863e-09	-3.141592562277398	-144.1139601704524	0.0827919471650203	0.0	0.0	0.0	0.0	0.0	4.0	4.0	4.0	4.0	4.0	4.0
145.6635726377639	1.0484379946281088e-08	-3.141592546466234	-145.66357264656926	0.0822130883519301	0.0	0.0	0.0	0.0	0.0	4.0	4.0	4.0	4.0	4.0	4.0
147.2131851126337	1.10465360805463e-08	-3.141592529783946	-147.21318512273783	0.0816255282935131	0.0	0.0	0.0	0.0	0.0	4.0	4.0	4.0	4.0	4.0	4.0
148.76279758750354	1.1608692214811525e-08	-3.141592512230534	-148.76279759895624	0.0810292882338216	0.0	0.0	0.0	0.0	0.0	4.0	4.0	4.0	4.0	4.0	4.0
150.31241006237337	1.1718823769994112e-08	-3.1415924938766056	-150.3124100752167	0.0804243861246864	0.0	0.0	0.0	0.0	0.0	4.0	4.0	4.0	4.0	4.0	4.0
151.8620225372432	1.0038842680594812e-08	-3.14159247701863	-151.86202255133404	0.0798108368101045	0.0	0.0	0.0	0.0	0.0	4.0	4.0	4.0	4.0	4.0	4.0
153.411635012113	8.358861591195544e-09	-3.141592462763974	-153.4116350272228	0.0791886530991179	0.0	0.0	0.0	0.0	0.0	4.0	4.0	4.0	4.0	4.0	4.0
154.96124748698284	6.678880501796245e-09	-3.1415924511126376	-154.96124750288763	0.0785578441877574	0.0	0.0	0.0	0.0	0.0	4.0	4.0	4.0	4.0	4.0	4.0
156.51085996185267	4.998899412396946e-09	-3.141592442064621	-156.51085997833306	0.0779184162898848	0.0	0.0	0.0	0.0	0.0	4.0	4.0	4.0	4.0	4.0	4.0
158.0604724367225	3.318918322997647e-09	-3.141592435619924	-158.06047245356385	0.0772703726508012	0.0	0.0	0.0	0.0	0.0	4.0	4.0	4.0	4.0	4.0	4.0
159.61008491159237	1.6389372335983173e-09	-3.1415924317785464	-159.6100849285849	0.0766137135613419	0.0	0.0	0.0	0.0	0.0	4.0	4.0	4.0	4.0	4.0	4.0
161.1596973864622	-4.1043855800981635e-11	-3.1415924305404888	-161.15969740340125	0.0759484363720795	0.0	0.0	0.0	0.0	0.0	4.0	4.0	4.0	4.0	4.0	4.0
162.709309861332	-1.7210249452002498e-09	-3.1415924319057504	-162.70930987801802	0.0752745355071979	0.0	0.0	0.0	0.0	0.0	4.0	4.0	4.0	4.0	4.0	4.0
164.25892233620183	-3.401006034599549e-09	-3.1415924358743323	-164.25892235244052	0.0745920024775971	0.0	0.0	0.0	0.0	0.0	4.0	4.0	4.0	4.0	4.0	4.0
165.80853481107167	-5.080987123998847e-09	-3.1415924424462336	-165.80853482667422	0.0739008258928139	0.0	0.0	0.0	0.0	0.0	4.0	4.0	4.0	4.0	4.0	4.0
167.35814728594147	-6.760968213398116e-09	-3.141592451621454	-167.35814730072462	0.073200991471387	0.0	0.0	0.0	0.0	0.0	4.0	4.0	4.0	4.0	4.0	4.0
168.9077597608113	-8.440949302797415e-09	-3.141592463399995	-168.90775977459748	0.0724924820493461	0.0	0.0	0.0	0.0	0.0	4.0	4.0	4.0	4.0	4.0	4.0
170.4573722356811	-1.0120930392196684e-08	-3.141592477781855	-170.4573722482986	0.0717752775865525	0.0	0.0	0.0	0.0	0.0	4.0	4.0	4.0	4.0	4.0	4.0
172.00698471055097	-1.1800911481596013e-08	-3.1415924947670346	-172.00698472183396	0.0710493551706602	0.0	0.0	0.0	0.0	0.0	4.0	4.0	4.0	4.0	4.0	4.0
173.5565971854208	-1.3480892570995311e-08	-3.1415925143555343	-173.5565971952097	0.0703146890185032	0.0	0.0	0.0	0.0	0.0	4.0	4.0	4.0	4.0	4.0	4.0
175.10620966029063	-1.516087366039461e-08	-3.1415925365473534	-175.10620966843194	0.0695712504747377	0.0	0.0	0.0	0.0	0.0	4.0	4.0	4.0	4.0	4.0	4.0
176.65582213516046	-1.684085474979391e-08	-3.141592561342492	-176.65582214150723	0.0688190080075916	0.0	0.0	0.0	0.0	0.0	4.0	4.0	4.0	4.0	4.0	4.0
178.2054346100303	-1.852083583919321e-08	-3.1415925887409504	-178.205434614442	0.0680579272015817	0.0	0.0	0.0	0.0	0.0	4.0	4.0	4.0	4.0	4.0	4.0
179.75504708490013	-2.0200816928592507e-08	-3.1415926187427288	-179.755047087243	0.0672879707470734	0.0	0.0	0.0	0.0	0.0	4.0	4.0	4.0	4.0	4.0	4.0
181.30465955976993	-2.1880798017991775e-08	-3.1415926513478265	-181.30465955991693	0.0665090984265576	0.0	0.0	0.0	0.0	0.0	4.0	4.0	4.0	4.0	4.0	4.0
182.85427203463976	-2.3560779107391073e-08	-3.1415926865562436	-182.85427203247085	0.0657212670975296	0.0	0.0	0.0	0.0	0.0	4.0	4.0	4.0	4.0	4.0	4.0
184.40388450950957	-2.524076019679034e-08	-3.141592724367981	-184.40388450491176	0.0649244306718525	0.0	0.0	0.0	0.0	0.0	4.0	4.0	4.0	4.0	4.0	4.0
185.95349698437943	-2.6920741286189672e-08	-3.1415927647830375	-185.95349697724703	0.0641185400914936	0.0	0.0	0.0	0.0	0.0	4.0	4.0	4.0	4.0	4.0	4.0
187.5031094592493	-2.8600722375589003e-08	-3.141592807801414	-187.50310944948407	0.0633035433005255	0.0	0.0	0.0	0.0	0.0	4.0	4.0	4.0	4.0	4.0	4.0
189.0527219341191	-3.028070346498827e-08	-3.14159285342311	-189.05272192163036	0.0624793852132829	0.0	0.0	0.0	0.0	0.0	4.0	4.0	4.0	4.0	4.0	4.0
190.6023344089889	-3.196068455438754e-08	-3.1415929016481257	-190.6023343936936	0.0616460076785766	0.0	0.0	0.0	0.0	0.0	4.0	4.0	4.0	4.0	4.0	4.0
192.15194688385873	-3.3640665643786835e-08	-3.141592952476461	-192.15194686568177	0.0608033494398628	0.0	0.0	0.0	0.0	0.0	4.0	4.0	4.0	4.0	4.0	4.0
193.70155935872856	-3.5320646733186136e-08	-3.141593005908116	-193.7015593376028	0.0599513460912767	0.0	0.0	0.0	0.0	0.0	4.0	4.0	4.0	4.0	4.0	4.0
195.2511718335984	-3.700062782258544e-08	-3.1415930619430905	-195.2511718094649	0.0590899300294446	0.0	0.0	0.0	0.0	0.0	4.0	4.0	4.0	4.0	4.0	4.0
196.80078430846825	-3.8680608911984765e-08	-3.1415931205813847	-196.8007842812765	0.0582190304009985	0.0	0.0	0.0	0.0	0.0	4.0	4.0	4.0	4.0	4.0	4.0
198.35039678333808	-4.0360590001384067e-08	-3.1415931818229987	-198.350396753046	0.0573385730457347	0.0	0.0	0.0	0.0	0.0	4.0	4.0	4.0	4.0	4.0	4.0
199.90000925820792	-4.204057109078336e-08	-3.141593245667932	-199.90000922478225	0.0564484804353776	0.0	0.0	0.0	0.0	0.0	4.0	4.0	4.0	4.0	4.0	4.0
201.44962173307772	-3.638854818946304e-08	-3.1415933068018727	-201.4496216967891	0.0555486734414274	0.0	0.0	0.0	0.0	0.0	4.0	4.0	4.0	4.0	4.0	4.0
202.99923420794755	-3.023077972665471e-08	-3.1415933584189437	-202.9992341694332	0.0546390660671616	0.0	0.0	0.0	0.0	0.0	4.0	4.0	4.0	4.0	4.0	4.0
204.54884668281736	-2.4073011263846488e-08	-3.1415934004938597	-204.54884664269136	0.0537195699663855	0.0	0.0	0.0	0.0	0.0	4.0	4.0	4.0	4.0	4.0	4.0
206.0984591576872	-1.7915242801038155e-08	-3.1415934330266206	-206.0984591165385	0.0527900934399622	0.0	0.0	0.0	0.0	0.0	4.0	4.0	4.0	4.0	4.0	4.0
207.64807163255705	-1.1757474338229708e-08	-3.141593456017227	-207.64807159094912	0.0518505410515555	0.0	0.0	0.0	0.0	0.0	4.0	4.0	4.0	4.0	4.0	4.0
209.19768410742685	-5.599705875421487e-09	-3.1415934694656786	-209.1976840658971	0.0509008135430124	0.0	0.0	0.0	0.0	0.0	4.0	4.0	4.0	4.0	4.0	4.0
210.74729658229668	5.580625873868464e-10	-3.1415934733719753	-210.74729654135567	0.0499408077469428	0.0	0.0	0.0	0.0	0.0	4.0	4.0	4.0	4.0	4.0	4.0
212.2969090571665	6.715831050195067e-09	-3.141593467736117	-212.29690901729745	0.0489704164967981	0.0	0.0	0.0	0.0	0.0	4.0	4.0	4.0	4.0	4.0	4.0
213.84652153203632	1.2873599513003401e-08	-3.141593452558104	-213.8465214936946	0.0479895285346894	0.0	0.0	0.0	0.0	0.0	4.0	4.0	4.0	4.0	4.0	4.0
215.39613400690615	1.9031367975811735e-08	-3.141593427837936	-215.39613397051863	0.0469980284171227	0.0	0.0	0.0	0.0	0.0	4.0	4.0	4.0	4.0	4.0	4.0
216.945746481776	2.518913643862018e-08	-3.1415933935756137	-216.9457464477404	0.0459957964187658	0.0	0.0	0.0	0.0	0.0	4.0	4.0	4.0	4.0	4.0	4.0
218.49535895664584	3.1346904901428515e-08	-3.141593349771136	-218.49535892533024	0.044982708434309	0.0	0.0	0.0	0.0	0.0	4.0	4.0	4.0	4.0	4.0	4.0
220.04497143151568	3.750467336423685e-08	-3.141593296424504	-220.04497140325773	0.0439586358784387	0.0	0.0	0.0	0.0	0.0	4.0	4.0	4.0	4.0	4.0	4.0
221.59458390638548	4.366244182704507e-08	-3.141593233535717	-221.5945838814918	0.0429234455839098	0.0	0.0	0.0	0.0	0.0	4.0	4.0	4.0	4.0	4.0	4.0
223.1441963812553	4.9820210289853404e-08	-3.1415931611047747	-223.1441963600008	0.0418769996976848	0.0	0.0	0.0	0.0	0.0	4.0	4.0	4.0	4.0	4.0	4.0
224.69380885612512	5.5977978752661625e-08	-3.141593079131678	-224.69380883875243	0.0408191555750934	0.0	0.0	0.0	0.0	0.0	4.0	4.0	4.0	4.0	4.0	4.0
226.24342133099495	6.213574721546995e-08	-3.141592987616426	-226.24342131771365	0.0397497656719642	0.0	0.0	0.0	0.0	0.0	4.0	4.0	4.0	4.0	4.0	4.0
227.7930338058648	6.82935156782784e-08	-3.1415928865590197	-227.79303379685055	0.0386686774346841	0.0	0.0	0.0	0.0	0.0	4.0	4.0	4.0	4.0	4.0	4.0
229.3426462807346	7.445128414108662e-08	-3.1415927759594586	-229.34264627612896	0.0375757331881482	0.0	0.0	0.0	0.0	0.0	4.0	4.0	4.0	4.0	4.0	4.0
230.8922587556044	8.060905260389473e-08	-3.1415926558177425	-230.89225875551352	0.0364707700215745	0.0	0.0	0.0	0.0	0.0	4.0	4.0	4.0	4.0	4.0	4.0
232.44187123047428	8.676682106670329e-08	-3.1415925261338717	-232.44187123496835	0.0353536196721705	0.0	0.0	0.0	0.0	0.0	4.0	4.0	4.0	4.0	4.0	4.0
233.99148370534417	9.292458952951186e-08	-3.141592386907846	-233.9914837144567	0.0342241084066578	0.0	0.0	0.0	0.0	0.0	4.0	4.0	4.0	4.0	4.0	4.0
235.5410961802139	9.908235799231985e-08	-3.1415922381396655	-235.54109619394103	0.0330820569006701	0.0	0.0	0.0	0.0	0.0	4.0	4.0	4.0	4.0	4.0	4.0
237.0907086550838	1.0524012645512841e-07	-3.14159207982933	-237.09070867338312	0.0319272801160623	0.0	0.0	0.0	0.0	0.0	4.0	4.0	4.0	4.0	4.0	4.0
238.6403211299536	1.1139789491793663e-07	-3.14159191197684	-238.64032115274375	0.0307595871761781	0.0	0.0	0.0	0.0	0.0	4.0	4.0	4.0	4.0	4.0	4.0
240.18993360482344	1.1755566338074497e-07	-3.1415917345821947	-240.18993363198297	0.029578781239142	0.0	0.0	0.0	0.0	0.0	4.0	4.0	4.0	4.0	4.0	4.0
241.73954607969324	1.2371343184355317e-07	-3.141591547645395	-241.73954611105984	0.0283846593692519	0.0	0.0	0.0	0.0	0.0	4.0	4.0	4.0	4.0	4.0	4.0
243.28915855456307	1.2987120030636152e-07	-3.14159135116644	-243.28915858993267	0.0271770124065601	0.0	0.0	0.0	0.0	0.0	4.0	4.0	4.0	4.0	4.0	4.0
244.8387710294329	1.3602896876916986e-07	-3.1415911451453304	-244.8387710685587	0.025955624834742	0.0	0.0	0.0	0.0	0.0	4.0	4.0	4.0	4.0	4.0	4.0
246.3883835043027	1.4218673723197808e-07	-3.1415909295820663	-246.38838354689435	0.0247202746473545	0.0	0.0	0.0	0.0	0.0	4.0	4.0	4.0	4.0	4.0	4.0
247.93799597917257	1.4834450569478653e-07	-3.141590704476647	-247.93799602489503	0.0234707332125905	0.0	0.0	0.0	0.0	0.0	4.0	4.0	4.0	4.0	4.0	4.0
249.48760845404237	1.5450227415759475e-07	-3.141590469829073	-249.487608502515	0.0222067651366345	0.0	0.0	0.0	0.0	0.0	4.0	4.0	4.0	4.0	4.0	4.0
251.03722092891223	1.4117626572664032e-07	-3.141590235743829	-251.03722097949617	0.0209281199229051	0.0	0.0	0.0	0.0	0.0	4.0	4.0	4.0	4.0	4.0	4.0
252.58683340378207	1.1822517237877305e-07	-3.141590034757977	-252.58683345519063	0.0196345510849142	0.0	0.0	0.0	0.0	0.0	4.0	4.0	4.0	4.0	4.0	4.0
254.1364458786519	9.527407903090578e-08	-3.141589869337425	-254.13644592967188	0.0183258074673418	0.0	0.0	0.0	0.0	0.0	4.0	4.0	4.0	4.0	4.0	4.0
255.6860583535217	7.232298568303892e-08	-3.141589739482174	-255.6860584030707	0.017001625236851	0.0	0.0	0.0	0.0	0.0	4.0	4.0	4.0	4.0	4.0	4.0
257.23567082839156	4.937189233517122e-08	-3.1415896451922234	-257.2356708755213	0.0156617330966883	0.0	0.0	0.0	0.0	0.0	4.0	4.0	4.0	4.0	4.0	4.0
258.7852833032614	2.6420798987303943e-08	-3.1415895864675734	-258.7852833471607	0.0143058521430389	0.0	0.0	0.0	0.0	0.0	4.0	4.0	4.0	4.0	4.0	4.0
260.33489577813117	3.4697056394375098e-09	-3.141589563308224	-260.33489581812944	0.0129336957202677	0.0	0.0	0.0	0.0	0.0	4.0	4.0	4.0	4.0	4.0	4.0
261.884508253001	-1.9481387708429768e-08	-3.141589575714175	-261.88450828857145	0.0115449692750566	0.0	0.0	0.0	0.0	0.0	4.0	4.0	4.0	4.0	4.0	4.0
263.43412072787083	-4.243248105629704e-08	-3.141589623685427	-263.43412075863404	0.0101393702094574	0.0	0.0	0.0	0.0	0.0	4.0	4.0	4.0	4.0	4.0	4.0
264.98373320274067	-6.538357440416433e-08	-3.141589707221979	-264.9837332284682	0.008716587732888	0.0	0.0	0.0	0.0	0.0	4.0	4.0	4.0	4.0	4.0	4.0
266.5333456776105	-8.83346677520316e-08	-3.1415898263238318	-266.5333456982287	0.0072763027131166	0.0	0.0	0.0	0.0	0.0	4.0	4.0	4.0	4.0	4.0	4.0
268.0829581524804	-1.1128576109989972e-07	-3.1415899809909855	-268.0829581680742	0.0058181875262866	0.0	0.0	0.0	0.0	0.0	4.0	4.0	4.0	4.0	4.0	4.0
269.63257062735016	-1.3423685444776614e-07	-3.1415901712234393	-269.63257063816707	0.0043419059060388	0.0	0.0	0.0	0.0	0.0	4.0	4.0	4.0	4.0	4.0	4.0
271.18218310222	-1.5718794779563344e-07	-3.141590397021194	-271.18218310867434	0.0028471127917894	0.0	0.0	0.0	0.0	0.0	4.0	4.0	4.0	4.0	4.0	4.0
272.7317955770898	-1.801390411435007e-07	-3.141590658384249	-272.73179557976715	0.0013334541762192	0.0	0.0	0.0	0.0	0.0	4.0	4.0	4.0	4.0	4.0	4.0
274.28140805195966	-2.0309013449136798e-07	-3.1415909553126045	-274.2814080516209	-0.0001994330479759	0.0	0.0	0.0	0.0	0.0	4.0	4.0	4.0	4.0	4.0	4.0
275.83102052682943	-2.260412278392344e-07	-3.1415912878062606	-275.8310205244157	-0.00175192124203	0.0	0.0	0.0	0.0	0.0	4.0	4.0	4.0	4.0	4.0	4.0
277.38063300169927	-2.489923211871017e-07	-3.1415916558652177	-277.3806329983365	-0.0033243921757137	0.0	0.0	0.0	0.0	0.0	4.0	4.0	4.0	4.0	4.0	4.0
278.9302454765691	-2.7194341453496894e-07	-3.141592059489475	-278.9302454735733	-0.0049172371825754	0.0	0.0	0.0	0.0	0.0	4.0	4.0	4.0	4.0	4.0	4.0
280.47985795143893	-2.9489450788283624e-07	-3.141592498679033	-280.4798579503208	-0.0065308573158024	0.0	0.0	0.0	0.0	0.0	4.0	4.0	4.0	4.0	4.0	4.0
282.02947042630876	-3.1784560123070354e-07	-3.1415929734338914	-282.02947042877935	-0.0081656635046909	0.0	0.0	0.0	0.0	0.0	4.0	4.0	4.0	4.0	4.0	4.0
283.5790829011786	-3.407966945785708e-07	-3.1415934837540505	-283.5790829091545	-0.0098220767117274	0.0	0.0	0.0	0.0	0.0	4.0	4.0	4.0	4.0	4.0	4.0
285.1286953760485	-3.6374778792643893e-07	-3.14159402963951	-285.1286953916577	-0.011500528090286	0.0	0.0	0.0	0.0	0.0	4.0	4.0	4.0	4.0	4.0	4.0
286.6783078509183	-3.8669888127430617e-07	-3.14159461109027	-286.678307876506	-0.0132014591429548	0.0	0.0	0.0	0.0	0.0	4.0	4.0	4.0	4.0	4.0	4.0
288.22792032578815	-4.0964997462217347e-07	-3.141595228106331	-288.2279203639226	-0.0149253218805115	0.0	0.0	0.0	0.0	0.0	4.0	4.0	4.0	4.0	4.0	4.0
289.7775328006579	-4.326010679700399e-07	-3.1415958806876922	-289.77753285413684	-0.0166725789815676	0.0	0.0	0.0	0.0	0.0	4.0	4.0	4.0	4.0	4.0	4.0
291.32714527552776	-4.5555216131790717e-07	-3.1415965688343537	-291.3271453473847	-0.0184437039529085	0.0	0.0	0.0	0.0	0.0	4.0	4.0	4.0	4.0	4.0	4.0
292.8767577503976	-4.785032546657745e-07	-3.1415972925463165	-292.87675784390876	-0.020239181290556	0.0	0.0	0.0	0.0	0.0	4.0	4.0	4.0	4.0	4.0	4.0
294.4263702252674	-5.014543480136418e-07	-3.1415980518235793	-294.42637034395847	-0.022059506641584	0.0	0.0	0.0	0.0	0.0	4.0	4.0	4.0	4.0	4.0	4.0
295.9759827001372	-5.244054413615082e-07	-3.1415988466661426	-295.97598284779025	-0.0239051869667143	0.0	0.0	0.0	0.0	0.0	4.0	4.0	4.0	4.0	4.0	4.0
297.525595175007	-5.473565347093754e-07	-3.141599677074007	-297.5255953556682	-0.0257767407037243	0.0	0.0	0.0	0.0	0.0	4.0	4.0	4.0	4.0	4.0	4.0
299.0752076498769	-5.703076280572435e-07	-3.1416005430471716	-299.0752078678639	-0.0276746979316901	0.0	0.0	0.0	0.0	0.0	4.0	4.0	4.0	4.0	4.0	4.0
300.6248201247467	-5.494710017464693e-07	-3.141601430905919	-300.62482038425145	-0.0295995770971084	0.0	0.0	0.0	0.0	0.0	4.0	4.0	4.0	4.0	4.0	4.0
302.1744325996166	-4.63824395963844e-07	-3.1416022160135135	-302.174432901103	-0.0315519258228995	0.0	0.0	0.0	0.0	0.0	4.0	4.0	4.0	4.0	4.0	4.0
303.7240450744864	-3.781777901812219e-07	-3.1416028684020594	-303.7240454168789	-0.0335323397719274	0.0	0.0	0.0	0.0	0.0	4.0	4.0	4.0	4.0	4.0	4.0
305.27365754935624	-2.925311843985998e-07	-3.141603388071556	-305.2736579308471	-0.0355413972467116	0.0	0.0	0.0	0.0	0.0	4.0	4.0	4.0	4.0	4.0	4.0
306.823270024226	-2.0688457861598078e-07	-3.1416037750220043	-306.8232704422533	-0.0375796890254079	0.0	0.0	0.0	0.0	0.0	4.0	4.0	4.0	4.0	4.0	4.0
308.3728824990959	-1.212379728333555e-07	-3.1416040292534038	-308.3728829503206	-0.0396478185313907	0.0	0.0	0.0	0.0	0.0	4.0	4.0	4.0	4.0	4.0	4.0
309.92249497396574	-3.5591367050733375e-08	-3.1416041507657546	-309.9224954542486	-0.0417464020037002	0.0	0.0	0.0	0.0	0.0	4.0	4.0	4.0	4.0	4.0	4.0
311.4721074488356	5.0055238731888754e-08	-3.141604139559057	-311.4721079532129	-0.0438760686683124	0.0	0.0	0.0	0.0	0.0	4.0	4.0	4.0	4.0	4.0	4.0
313.02171992370535	1.3570184451450774e-07	-3.14160399563331	-313.0217204463649	-0.0460374609101642	0.0	0.0	0.0	0.0	0.0	4.0	4.0	4.0	4.0	4.0	4.0
314.5713323985752	2.2134845029712986e-07	-3.1416037189885144	-314.5713329328306	-0.0482312344458431	0.0	0.0	0.0	0.0	0.0	4.0	4.0	4.0	4.0	4.0	4.0
316.120944873445	3.06995056079752e-07	-3.1416033096246703	-316.12094541171007	-0.050458058496821	0.0	0.0	0.0	0.0	0.0	4.0	4.0	4.0	4.0	4.0	4.0
317.67055734831484	3.9264166186237413e-07	-3.141602767541777	-317.67055788207693	-0.0527186159630754	0.0	0.0	0.0	0.0	0.0	4.0	4.0	4.0	4.0	4.0	4.0
319.2201698231847	4.782882676449963e-07	-3.1416020927398356	-319.22017034297727	-0.0550136035969062	0.0	0.0	0.0	0.0	0.0	4.0	4.0	4.0	4.0	4.0	4.0
320.7697822980545	5.639348734276184e-07	-3.141601285218845	-320.76978279342916	-0.057343732176721	0.0	0.0	0.0	0.0	0.0	4.0	4.0	4.0	4.0	4.0	4.0
322.31939477292434	6.495814792102405e-07	-3.141600344978806	-322.31939523242175	-0.0597097266805657	0.0	0.0	0.0	0.0	0.0	4.0	4.0	4.0	4.0	4.0	4.0
323.8690072477941	7.352280849928595e-07	-3.1415992720197177	-323.8690076589145	-0.0621123264592006	0.0	0.0	0.0	0.0	0.0	4.0	4.0	4.0	4.0	4.0	4.0
325.418619722664	8.208746907754847e-07	-3.141598066341581	-325.4186200718362	-0.064552285408527	0.0	0.0	0.0	0.0	0.0	4.0	4.0	4.0	4.0	4.0	4.0
326.96823219753384	9.065212965581069e-07	-3.1415967279443953	-326.96823247008416	-0.0670303721411362	0.0	0.0	0.0	0.0	0.0	4.0	4.0	4.0	4.0	4.0	4.0
328.5178446724036	9.921679023407258e-07	-3.141595256828161	-328.5178448525232	-0.0695473701567534	0.0	0.0	0.0	0.0	0.0	4.0	4.0	4.0	4.0	4.0	4.0
330.0674571472735	1.0778145081233513e-06	-3.1415936529928783	-330.0674572179851	-0.0721040780113452	0.0	0.0	0.0	0.0	0.0	4.0	4.0	4.0	4.0	4.0	4.0
331.6170696221433	1.1634611139059702e-06	-3.1415919164385464	-331.6170695652669	-0.0747013094846558	0.0	0.0	0.0	0.0	0.0	4.0	4.0	4.0	4.0	4.0	4.0
333.1666820970131	1.2491077196885922e-06	-3.141590047165166	-333.1666818931306	-0.0773398937459325	0.0	0.0	0.0	0.0	0.0	4.0	4.0	4.0	4.0	4.0	4.0
334.71629457188294	1.3347543254712145e-06	-3.1415880451727367	-334.7162942003017	-0.0800206755175764	0.0	0.0	0.0	0.0	0.0	4.0	4.0	4.0	4.0	4.0	4.0
336.2659070467528	1.4204009312538366e-06	-3.1415859104612585	-336.2659064854682	-0.0827445152364465	0.0	0.0	0.0	0.0	0.0	4.0	4.0	4.0	4.0	4.0	4.0
337.81551952162266	1.5060475370364618e-06	-3.141583643030732	-337.8155187472797	-0.0855122892125219	0.0	0.0	0.0	0.0	0.0	4.0	4.0	4.0	4.0	4.0	4.0
339.3651319964925	1.591694142819084e-06	-3.1415812428811565	-339.3651309843458	-0.0883248897846059	0.0	0.0	0.0	0.0	0.0	4.0	4.0	4.0	4.0	4.0	4.0
340.91474447136227	1.677340748601703e-06	-3.1415787100125323	-340.9147431952355	-0.0911832254727392	0.0	0.0	0.0	0.0	0.0	4.0	4.0	4.0	4.0	4.0	4.0
342.4643569462321	1.762987354384325e-06	-3.141576044424859	-342.4643553784755	-0.0940882211269664	0.0	0.0	0.0	0.0	0.0	4.0	4.0	4.0	4.0	4.0	4.0
344.01396942110193	1.8486339601669471e-06	-3.141573246118137	-344.0139675325492	-0.0970408180720815	0.0	0.0	0.0	0.0	0.0	4.0	4.0	4.0	4.0	4.0	4.0
345.56358189597177	1.9342805659495692e-06	-3.1415703150923666	-345.56357965589547	-0.1000419742479596	0.0	0.0	0.0	0.0	0.0	4.0	4.0	4.0	4.0	4.0	4.0
347.1131943708416	2.0199271717321913e-06	-3.1415672513475474	-347.11319174690703	-0.1030926643450641	0.0	0.0	0.0	0.0	0.0	4.0	4.0	4.0	4.0	4.0	4.0
348.66280684571143	2.1055737775148138e-06	-3.1415640548836796	-348.6628038039296	-0.1061938799347015	0.0	0.0	0.0	0.0	0.0	4.0	4.0	4.0	4.0	4.0	4.0
350.2124193205812	2.1356647814062876e-06	-3.1415607316013	-350.21241582590386	-0.1093466625367037	0.0	0.0	0.0	0.0	0.0	4.0	4.0	4.0	4.0	4.0	4.0
351.7620317954511	1.8160294503901728e-06	-3.141557669803961	-351.7620278548104	-0.1125521107191401	0.0	0.0	0.0	0.0	0.0	4.0	4.0	4.0	4.0	4.0	4.0
353.3116442703209	1.4963941193740694e-06	-3.141555103317518	-353.311639919685	-0.1158111617700837	0.0	0.0	0.0	0.0	0.0	4.0	4.0	4.0	4.0	4.0	4.0
354.86125674519076	1.1767587883579662e-06	-3.141553032141972	-354.8612520248529	-0.1191248759873012	0.0	0.0	0.0	0.0	0.0	4.0	4.0	4.0	4.0	4.0	4.0
356.41086922006053	8.571234573418747e-07	-3.1415514562773215	-356.4108641747784	-0.1224943311074517	0.0	0.0	0.0	0.0	0.0	4.0	4.0	4.0	4.0	4.0	4.0
357.9604816949304	5.374881263257596e-07	-3.1415503757235674	-357.96047637407366	-0.1259206223950865	0.0	0.0	0.0	0.0	0.0	4.0	4.0	4.0	4.0	4.0	4.0
359.5100941698002	2.1785279530966813e-07	-3.14154979048071	-359.5100886275054	-0.1294048627229823	0.0	0.0	0.0	0.0	0.0	4.0	4.0	4.0	4.0	4.0	4.0
361.05970664467	-1.0178253570642341e-07	-3.141549700548749	-361.059700940004	-0.1329481826432695	0.0	0.0	0.0	0.0	0.0	4.0	4.0	4.0	4.0	4.0	4.0
362.6093191195399	-4.2141786672255014e-07	-3.141550105927684	-362.60931331667126	-0.1365517304487814	0.0	0.0	0.0	0.0	0.0	4.0	4.0	4.0	4.0	4.0	4.0
364.1589315944097	-7.410531977386417e-07	-3.1415510066175156	-364.1589257627886	-0.1402166722240514	0.0	0.0	0.0	0.0	0.0	4.0	4.0	4.0	4.0	4.0	4.0
365.7085440692795	-1.0606885287547449e-06	-3.1415524026182435	-365.7085382838261	-0.1439441918853494	0.0	0.0	0.0	0.0	0.0	4.0	4.0	4.0	4.0	4.0	4.0
367.2581565441493	-1.3803238597708364e-06	-3.141554293929868	-367.25815088545016	-0.1477354912091246	0.0	0.0	0.0	0.0	0.0	4.0	4.0	4.0	4.0	4.0	4.0
368.80776901901913	-1.6999591907869398e-06	-3.1415566805523887	-368.8077635735336	-0.1515917898481987	0.0	0.0	0.0	0.0	0.0	4.0	4.0	4.0	4.0	4.0	4.0
370.35738149388897	-2.019594521803043e-06	-3.1415595624858055	-370.357376354163	-0.1555143253350104	0.0	0.0	0.0	0.0	0.0	4.0	4.0	4.0	4.0	4.0	4.0
371.90699396875885	-2.339229852819158e-06	-3.141562939730119	-371.9069892336491	-0.1595043530711786	0.0	0.0	0.0	0.0	0.0	4.0	4.0	4.0	4.0	4.0	4.0
373.45660644362863	-2.6588651838352495e-06	-3.141566812285329	-373.4566022185345	-0.1635631463026099	0.0	0.0	0.0	0.0	0.0	4.0	4.0	4.0	4.0	4.0	4.0
375.00621891849846	-2.9785005148513527e-06	-3.1415711801514346	-375.00621531560455	-0.167691996079336	0.0	0.0	0.0	0.0	0.0	4.0	4.0	4.0	4.0	4.0	4.0
376.5558313933683	-3.298135845867456e-06	-3.141576043328437	-376.55582853189543	-0.1718922111992202	0.0	0.0	0.0	0.0	0.0	4.0	4.0	4.0	4.0	4.0	4.0
378.1054438682381	-3.6177711768835595e-06	-3.1415814018163357	-378.1054418747042	-0.1761651181346528	0.0	0.0	0.0	0.0	0.0	4.0	4.0	4.0	4.0	4.0	4.0
379.655056343108	-3.937406507899674e-06	-3.1415872556151307	-379.6550553515986	-0.1805120609413297	0.0	0.0	0.0	0.0	0.0	4.0	4.0	4.0	4.0	4.0	4.0
381.2046688179778	-4.257041838915766e-06	-3.1415936047248225	-381.20466897042655	-0.1849344011482182	0.0	0.0	0.0	0.0	0.0	4.0	4.0	4.0	4.0	4.0	4.0
382.7542812928476	-4.5766771699318695e-06	-3.14160044914541	-382.75428273932624	-0.189433517627856	0.0	0.0	0.0	0.0	0.0	4.0	4.0	4.0	4.0	4.0	4.0
384.30389376771745	-4.896312500947972e-06	-3.1416077888768945	-384.3038966667361	-0.1940108064462124	0.0	0.0	0.0	0.0	0.0	4.0	4.0	4.0	4.0	4.0	4.0
385.8535062425872	-5.215947831964052e-06	-3.1416156239192747	-385.8535107614049	-0.1986676806914816	0.0	0.0	0.0	0.0	0.0	4.0	4.0	4.0	4.0	4.0	4.0
387.4031187174571	-5.535583162980179e-06	-3.1416239542725517	-387.40312503240233	-0.2034055702813742	0.0	0.0	0.0	0.0	0.0	4.0	4.0	4.0	4.0	4.0	4.0
388.95273119232695	-5.855218493996282e-06	-3.141632779936725	-388.9527394891289	-0.2082259217487193	0.0	0.0	0.0	0.0	0.0	4.0	4.0	4.0	4.0	4.0	4.0
390.5023436671968	-6.174853825012386e-06	-3.1416421009117945	-390.50235414132686	-0.2131301980055577	0.0	0.0	0.0	0.0	0.0	4.0	4.0	4.0	4.0	4.0	4.0
392.0519561420666	-6.4944891560284886e-06	-3.1416519171977604	-392.05196899909066	-0.2181198780863744	0.0	0.0	0.0	0.0	0.0	4.0	4.0	4.0	4.0	4.0	4.0
393.6015686169365	-6.814124487044604e-06	-3.1416622287946225	-393.6015840728777	-0.2231964568716862	0.0	0.0	0.0	0.0	0.0	4.0	4.0	4.0	4.0	4.0	4.0
395.1511810918062	-7.133759818060683e-06	-3.1416730357023814	-395.1511993735191	-0.228361444793791	0.0	0.0	0.0	0.0	0.0	4.0	4.0	4.0	4.0	4.0	4.0
396.70079356667605	-7.453395149076787e-06	-3.141684337921036	-396.70081491223056	-0.2336163675271281	0.0	0.0	0.0	0.0	0.0	4.0	4.0	4.0	4.0	4.0	4.0
398.25040604154594	-7.773030480092901e-06	-3.1416961354505877	-398.2504307006237	-0.2389627656663423	0.0	0.0	0.0	0.0	0.0	4.0	4.0	4.0	4.0	4.0	4.0
399.8000185164158	-8.092665811109005e-06	-3.1417084282910355	-399.8000467507166	-0.2444021943957747	0.0	0.0	0.0	0.0	0.0	4.0	4.0	4.0	4.0	4.0	4.0
401.3496309912855	-7.094967129896742e-06	-3.1417203274850563	-401.3496628525665	-0.2499358313242029	0.0	0.0	0.0	0.0	0.0	4.0	4.0	4.0	4.0	4.0	4.0
402.89924346615544	-5.902072429337048e-06	-3.141730397672375	-402.8992786361149	-0.2555655336335899	0.0	0.0	0.0	0.0	0.0	4.0	4.0	4.0	4.0	4.0	4.0
404.4488559410251	-4.7091777287775714e-06	-3.1417386193351846	-404.4488940677006	-0.2612930137469575	0.0	0.0	0.0	0.0	0.0	4.0	4.0	4.0	4.0	4.0	4.0
405.9984684158951	-3.5162830282178327e-06	-3.141744992473485	-405.998509117212	-0.267119881596601	0.0	0.0	0.0	0.0	0.0	4.0	4.0	4.0	4.0	4.0	4.0
407.5480808907648	-2.3233883276583125e-06	-3.141749517087276	-407.5481237533368	-0.2730477600704635	0.0	0.0	0.0	0.0	0.0	4.0	4.0	4.0	4.0	4.0	4.0
409.0976933656348	-1.130493627098574e-06	-3.1417521931765577	-409.0977379435715	-0.2790782847402752	0.0	0.0	0.0	0.0	0.0	4.0	4.0	4.0	4.0	4.0	4.0
410.6473058405045	6.240107346090213e-08	-3.1417530207413304	-410.64735165422667	-0.2852131036274772	0.0	0.0	0.0	0.0	0.0	4.0	4.0	4.0	4.0	4.0	4.0
412.1969183153743	1.2552957740205094e-06	-3.141751999781594	-412.1969648504353	-0.2914538770199457	0.0	0.0	0.0	0.0	0.0	4.0	4.0	4.0	4.0	4.0	4.0
413.74653079024415	2.448190474580117e-06	-3.1417491302973484	-413.7465774961579	-0.2978022773521585	0.0	0.0	0.0	0.0	0.0	4.0	4.0	4.0	4.0	4.0	4.0
415.296143265114	3.6410851751397243e-06	-3.1417444122885936	-415.29618955418925	-0.3042599891526356	0.0	0.0	0.0	0.0	0.0	4.0	4.0	4.0	4.0	4.0	4.0
416.8457557399839	4.833979875699375e-06	-3.1417378457553293	-416.8458009861641	-0.3108287090369325	0.0	0.0	0.0	0.0	0.0	4.0	4.0	4.0	4.0	4.0	4.0
418.3953682148537	6.026874576258983e-06	-3.141729430697556	-418.3954117525621	-0.3175101456803853	0.0	0.0	0.0	0.0	0.0	4.0	4.0	4.0	4.0	4.0	4.0
419.9449806897236	7.219769276818634e-06	-3.1417191671152738	-419.945021812714	-0.3243060196614197	0.0	0.0	0.0	0.0	0.0	4.0	4.0	4.0	4.0	4.0	4.0
421.4945931645933	8.412663977378154e-06	-3.141707055008482	-421.4946311248046	-0.3312180630648109	0.0	0.0	0.0	0.0	0.0	4.0	4.0	4.0	4.0	4.0	4.0
423.04420563946314	9.605558677937761e-06	-3.1416930943771813	-423.0442396458791	-0.3382480188008682	0.0	0.0	0.0	0.0	0.0	4.0	4.0	4.0	4.0	4.0	4.0
424.593818114333	1.0798453378497369e-05	-3.1416772852213715	-424.59384733184584	-0.3453976396965685	0.0	0.0	0.0	0.0	0.0	4.0	4.0	4.0	4.0	4.0	4.0
426.1434305892028	1.1991348079056976e-05	-3.141659627541052	-426.14345413748055	-0.3526686874735986	0.0	0.0	0.0	0.0	0.0	4.0	4.0	4.0	4.0	4.0	4.0
427.69304306407264	1.3184242779616583e-05	-3.1416401213362235	-427.6930600164304	-0.3600629317089946	0.0	0.0	0.0	0.0	0.0	4.0	4.0	4.0	4.0	4.0	4.0
429.2426555389425	1.4377137480176191e-05	-3.141618766606886	-429.2426649212172	-0.3675821488098685	0.0	0.0	0.0	0.0	0.0	4.0	4.0	4.0	4.0	4.0	4.0
430.79226801381225	1.5570032180735756e-05	-3.141595563353039	-430.7922688032415	-0.375228120979165	0.0	0.0	0.0	0.0	0.0	4.0	4.0	4.0	4.0	4.0	4.0
432.34188048868214	1.6762926881295406e-05	-3.1415705115746833	-432.3418716127855	-0.3830026351286796	0.0	0.0	0.0	0.0	0.0	4.0	4.0	4.0	4.0	4.0	4.0
433.891492963552	1.7955821581855056e-05	-3.141543611271818	-433.8914732990168	-0.390907481700601	0.0	0.0	0.0	0.0	0.0	4.0	4.0	4.0	4.0	4.0	4.0
435.4411054384218	1.914871628241462e-05	-3.141514862444444	-435.4410738099923	-0.3989444533730862	0.0	0.0	0.0	0.0	0.0	4.0	4.0	4.0	4.0	4.0	4.0
436.9907179132916	2.0341610982974182e-05	-3.14148426509256	-436.990673092662	-0.4071153436381719	0.0	0.0	0.0	0.0	0.0	4.0	4.0	4.0	4.0	4.0	4.0
438.54033038816146	2.1534505683533836e-05	-3.1414518192161673	-438.5402710928723	-0.4154219452484424	0.0	0.0	0.0	0.0	0.0	4.0	4.0	4.0	4.0	4.0	4.0
440.0899428630312	2.2727400384093353e-05	-3.1414175248152656	-440.089867755371	-0.4238660485327897	0.0	0.0	0.0	0.0	0.0	4.0	4.0	4.0	4.0	4.0	4.0
441.639555337901	2.3920295084652962e-05	-3.1413813818898544	-441.63946302381214	-0.4324494395829762	0.0	0.0	0.0	0.0	0.0	4.0	4.0	4.0	4.0	4.0	4.0
443.1891678127709	2.5113189785212612e-05	-3.1413433904399337	-443.1890568407608	-0.4411738983128916	0.0	0.0	0.0	0.0	0.0	4.0	4.0	4.0	4.0	4.0	4.0
444.73878028764074	2.630608448577222e-05	-3.1413035504655045	-444.7386491476992	-0.4500411963925235	0.0	0.0	0.0	0.0	0.0	4.0	4.0	4.0	4.0	4.0	4.0
446.28839276251057	2.7498979186331827e-05	-3.1412618619665658	-446.28823988503297	-0.4590530950598001	0.0	0.0	0.0	0.0	0.0	4.0	4.0	4.0	4.0	4.0	4.0
447.83800523738034	2.8691873886891392e-05	-3.1412183249431176	-447.83782899209933	-0.4682113428164096	0.0	0.0	0.0	0.0	0.0	4.0	4.0	4.0	4.0	4.0	4.0
449.38761771225023	2.9884768587451042e-05	-3.1411729393951604	-449.38741640717495	-0.4775176730194393	0.0	0.0	0.0	0.0	0.0	4.0	4.0	4.0	4.0	4.0	4.0
450.9372301871201	2.7663579436748714e-05	-3.1411273052124553	-450.9370028451795	-0.4869753588076307	0.0	0.0	0.0	0.0	0.0	4.0	4.0	4.0	4.0	4.0	4.0
452.48684266198984	2.3211637004185984e-05	-3.141087886777426	-452.48659148705326	-0.4965857605389428	0.0	0.0	0.0	0.0	0.0	4.0	4.0	4.0	4.0	4.0	4.0
454.0364551368598	1.87596945716226e-05	-3.1410553671279273	-454.03618282901505	-0.5063493588418078	0.0	0.0	0.0	0.0	0.0	4.0	4.0	4.0	4.0	4.0	4.0
455.5860676117295	1.430775213905987e-05	-3.14102974626396	-455.5857770438654	-0.5162678041941252	0.0	0.0	0.0	0.0	0.0	4.0	4.0	4.0	4.0	4.0	4.0
457.13568008659934	9.855809706496814e-06	-3.1410110241855236	-457.1353743084636	-0.5263427195364121	0.0	0.0	0.0	0.0	0.0	4.0	4.0	4.0	4.0	4.0	4.0
458.6852925614692	5.403867273933594e-06	-3.1409992008926175	-458.68497480436	-0.536575697985189	0.0	0.0	0.0	0.0	0.0	4.0	4.0	4.0	4.0	4.0	4.0
460.23490503633906	9.519248413705372e-07	-3.1409942763852428	-460.23457871842623	-0.5469683007474403	0.0	0.0	0.0	0.0	0.0	4.0	4.0	4.0	4.0	4.0	4.0
461.7845175112088	-3.500017591192193e-06	-3.140996250663399	-461.78418624348257	-0.5575220552946646	0.0	0.0	0.0	0.0	0.0	4.0	4.0	4.0	4.0	4.0	4.0
463.33412998607866	-7.951960023755413e-06	-3.141005123727086	-463.33379757892095	-0.5682384538420179	0.0	0.0	0.0	0.0	0.0	4.0	4.0	4.0	4.0	4.0	4.0
464.8837424609485	-1.240390245631847e-05	-3.141020895576304	-464.8834129313246	-0.5791189521487368	0.0	0.0	0.0	0.0	0.0	4.0	4.0	4.0	4.0	4.0	4.0
466.43335493581833	-1.6855844888881527e-05	-3.141043566211053	-466.4330325150835	-0.5901649686085749	0.0	0.0	0.0	0.0	0.0	4.0	4.0	4.0	4.0	4.0	4.0
467.9829674106883	-2.1307787321444908e-05	-3.1410731356313324	-467.9826565530062	-0.601377883531532	0.0	0.0	0.0	0.0	0.0	4.0	4.0	4.0	4.0	4.0	4.0
469.532579885558	-2.5759729754007638e-05	-3.141109603837143	-469.5322852769267	-0.612759038428984	0.0	0.0	0.0	0.0	0.0	4.0	4.0	4.0	4.0	4.0	4.0
471.08219236042794	-3.0211672186571022e-05	-3.1411529708284847	-471.0819189283091	-0.624309735002965	0.0	0.0	0.0	0.0	0.0	4.0	4.0	4.0	4.0	4.0	4.0
472.63180483529766	-3.4663614619133755e-05	-3.141203236605357	-472.6315577588458	-0.6360312334101607	0.0	0.0	0.0	0.0	0.0	4.0	4.0	4.0	4.0	4.0	4.0
474.18141731016755	-3.911555705169697e-05	-3.1412604011677607	-474.18120203105394	-0.6479247492304323	0.0	0.0	0.0	0.0	0.0	4.0	4.0	4.0	4.0	4.0	4.0
475.7310297850373	-4.3567499484259866e-05	-3.141324464515695	-475.73085201886454	-0.6599914484316348	0.0	0.0	0.0	0.0	0.0	4.0	4.0	4.0	4.0	4.0	4.0
477.2806422599071	-4.801944191682276e-05	-3.1413954266491597	-477.2805080082078	-0.672232439507238	0.0	0.0	0.0	0.0	0.0	4.0	4.0	4.0	4.0	4.0	4.0
478.830254734777	-5.2471384349385976e-05	-3.141473287568156	-478.830170297588	-0.6846487618971182	0.0	0.0	0.0	0.0	0.0	4.0	4.0	4.0	4.0	4.0	4.0
480.3798672096468	-5.692332678194904e-05	-3.141558047272683	-480.37983919864786	-0.6972413698179295	0.0	0.0	0.0	0.0	0.0	4.0	4.0	4.0	4.0	4.0	4.0
481.92947968451665	-6.13752692145121e-05	-3.141649705762741	-481.92951503671657	-0.7100111107555841	0.0	0.0	0.0	0.0	0.0	4.0	4.0	4.0	4.0	4.0	4.0
483.4790921593865	-6.582721164707516e-05	-3.1417482630383295	-483.47919815133486	-0.722958698036859	0.0	0.0	0.0	0.0	0.0	4.0	4.0	4.0	4.0	4.0	4.0
485.0287046342564	-7.027915407963853e-05	-3.141853719099449	-485.0288888967501	-0.7360846760356322	0.0	0.0	0.0	0.0	0.0	4.0	4.0	4.0	4.0	4.0	4.0
486.57831710912615	-7.473109651220127e-05	-3.1419660739460995	-486.5785876423664	-0.749389365154521	0.0	0.0	0.0	0.0	0.0	4.0	4.0	4.0	4.0	4.0	4.0
488.127929583996	-7.918303894476431e-05	-3.142085327578281	-488.1282947730856	-0.7628726999242925	0.0	0.0	0.0	0.0	0.0	4.0	4.0	4.0	4.0	4.0	4.0
489.67754205886575	-8.363498137732721e-05	-3.1422114799959937	-489.67801068936	-0.7765338377307447	0.0	0.0	0.0	0.0	0.0	4.0	4.0	4.0	4.0	4.0	4.0
491.2271545337357	-8.80869238098906e-05	-3.1423445311992366	-491.2277358069815	-0.7903708847674016	0.0	0.0	0.0	0.0	0.0	4.0	4.0	4.0	4.0	4.0	4.0
492.7767670086055	-9.253886624245349e-05	-3.142484481188011	-492.777470557035	-0.8043811549156106	0.0	0.0	0.0	0.0	0.0	4.0	4.0	4.0	4.0	4.0	4.0
494.3263794834753	-9.699080867501655e-05	-3.142631329962316	-494.3272153861003	-0.8185615524937049	0.0	0.0	0.0	0.0	0.0	4.0	4.0	4.0	4.0	4.0	4.0
495.8759919583451	-0.00010144275110757944	-3.142785077522152	-495.87697075644394	-0.832908719041887	0.0	0.0	0.0	0.0	0.0	4.0	4.0	4.0	4.0	4.0	4.0
497.42560443321497	-0.00010589469354014266	-3.142945723867519	-497.4267371461965	-0.8474190967792099	0.0	0.0	0.0	0.0	0.0	4.0	4.0	4.0	4.0	4.0	4.0
498.97521690808475	-0.00011034663597270556	-3.1431132689984165	-498.9765150495438	-0.8620889769860053	0.0	0.0	0.0	0.0	0.0	4.0	4.0	4.0	4.0	4.0	4.0
500.52482938295464	-0.00010766375437741174	-3.1432858406735313	-500.52630332669537	-0.876910520963293	0.0	0.0	0.0	0.0	0.0	4.0	4.0	4.0	4.0	4.0	4.0
502.0744418578245	-9.104893348086932e-05	-3.1434398045035414	-502.07608123294216	-0.8918776907741195	0.0	0.0	0.0	0.0	0.0	4.0	4.0	4.0	4.0	4.0	4.0
503.62405433269424	-7.443411258432873e-05	-3.1435680217998225	-503.6258414023821	-0.906992276033861	0.0	0.0	0.0	0.0	0.0	4.0	4.0	4.0	4.0	4.0	4.0
505.17366680756413	-5.7819291687786314e-05	-3.1436704925623746	-505.1755825384063	-0.9222501670371066	0.0	0.0	0.0	0.0	0.0	4.0	4.0	4.0	4.0	4.0	4.0
506.72327928243385	-4.1204470791245724e-05	-3.1437472167911973	-506.72530328805703	-0.9376472067825652	0.0	0.0	0.0	0.0	0.0	4.0	4.0	4.0	4.0	4.0	4.0
508.2728917573038	-2.4589649894702698e-05	-3.1437981944862914	-508.27500225031673	-0.9531792130075863	0.0	0.0	0.0	0.0	0.0	4.0	4.0	4.0	4.0	4.0	4.0
509.8225042321736	-7.974828998160893e-06	-3.1438234256476565	-509.8246779844161	-0.9688420006771344	0.0	0.0	0.0	0.0	0.0	4.0	4.0	4.0	4.0	4.0	4.0
511.3721167070434	8.639991898380304e-06	-3.1438229102752926	-511.3743290181495	-0.9846314023294418	0.0	0.0	0.0	0.0	0.0	4.0	4.0	4.0	4.0	4.0	4.0
512.9217291819132	2.5254812794921502e-05	-3.1437966483691997	-512.9239538561753	-1.0005432832426484	0.0	0.0	0.0	0.0	0.0	4.0	4.0	4.0	4.0	4.0	4.0
514.4713416567831	4.1869633691464525e-05	-3.1437446399293774	-514.4735509882872	-1.0165735486368843	0.0	0.0	0.0	0.0	0.0	4.0	4.0	4.0	4.0	4.0	4.0
516.0209541316528	5.8484454588005115e-05	-3.1436668849558265	-516.0231188976477	-1.0327181411159096	0.0	0.0	0.0	0.0	0.0	4.0	4.0	4.0	4.0	4.0	4.0
517.5705666065227	7.509927548454692e-05	-3.1435633834485466	-517.572656068993	-1.0489730295452198	0.0	0.0	0.0	0.0	0.0	4.0	4.0	4.0	4.0	4.0	4.0
519.1201790813926	9.171409638108994e-05	-3.1434341354075372	-519.1221609968273	-1.0653341972470145	0.0	0.0	0.0	0.0	0.0	4.0	4.0	4.0	4.0	4.0	4.0
520.6697915562623	0.00010832891727763053	-3.1432791408327994	-520.6716321936544	-1.081797651623058	0.0	0.0	0.0	0.0	0.0	4.0	4.0	4.0	4.0	4.0	4.0
522.2194040311322	0.00012494373817417234	-3.143098399724332	-522.2210681983289	-1.0983595236779822	0.0	0.0	0.0	0.0	0.0	4.0	4.0	4.0	4.0	4.0	4.0
523.769016506002	0.00014155855907071414	-3.142891912082136	-523.7704675845289	-1.115016365845506	0.0	0.0	0.0	0.0	0.0	4.0	4.0	4.0	4.0	4.0	4.0
525.3186289808718	0.00015817337996725596	-3.1426596779062113	-525.3198289687995	-1.1317654794147765	0.0	0.0	0.0	0.0	0.0	4.0	4.0	4.0	4.0	4.0	4.0
526.8682414557417	0.00017478820086379776	-3.142401697196557	-526.8691510176473	-1.148604900253683	0.0	0.0	0.0	0.0	0.0	4.0	4.0	4.0	4.0	4.0	4.0
528.4178539306115	0.00019140302176033958	-3.142117969953174	-528.4184324542381	-1.1655331346130489	0.0	0.0	0.0	0.0	0.0	4.0	4.0	4.0	4.0	4.0	4.0
529.9674664054813	0.00020801784265688138	-3.1418084961760617	-529.9676720653199	-1.1825489822877264	0.0	0.0	0.0	0.0	0.0	4.0	4.0	4.0	4.0	4.0	4.0
531.5170788803512	0.00022463266355342317	-3.141473275865221	-531.5168687083041	-1.199651475582331	0.0	0.0	0.0	0.0	0.0	4.0	4.0	4.0	4.0	4.0	4.0
533.0666913552209	0.00024124748444996378	-3.1411123090206505	-533.0660213183513	-1.2168398463385044	0.0	0.0	0.0	0.0	0.0	4.0	4.0	4.0	4.0	4.0	4.0
534.6163038300908	0.0002578623053465068	-3.140725595642351	-534.6151289154399	-1.2341134968503635	0.0	0.0	0.0	0.0	0.0	4.0	4.0	4.0	4.0	4.0	4.0
536.1659163049607	0.0002744771262430486	-3.1403131357303233	-536.1641906114303	-1.2514719681136666	0.0	0.0	0.0	0.0	0.0	4.0	4.0	4.0	4.0	4.0	4.0
537.7155287798305	0.0002910919471395904	-3.139874929284566	-537.7132056171516	-1.2689149058540712	0.0	0.0	0.0	0.0	0.0	4.0	4.0	4.0	4.0	4.0	4.0
539.2651412547003	0.00030770676803613224	-3.13941097630508	-539.2621732495253	-1.28644202731677	0.0	0.0	0.0	0.0	0.0	4.0	4.0	4.0	4.0	4.0	4.0
540.8147537295702	0.00032432158893267403	-3.138921276791865	-540.8110929387323	-1.3040530930032816	0.0	0.0	0.0	0.0	0.0	4.0	4.0	4.0	4.0	4.0	4.0
542.36436620444	0.00034093640982921583	-3.1384058307449205	-542.3599642354147	-1.321747886108039	0.0	0.0	0.0	0.0	0.0	4.0	4.0	4.0	4.0	4.0	4.0
543.9139786793097	0.00035755123072575643	-3.1378646381642477	-543.9087868178984	-1.3395261994697825	0.0	0.0	0.0	0.0	0.0	4.0	4.0	4.0	4.0	4.0	4.0
545.4635911541797	0.0003741660516222994	-3.1372976990498453	-545.4575604994355	-1.3573878264088843	0.0	0.0	0.0	0.0	0.0	4.0	4.0	4.0	4.0	4.0	4.0
547.0132036290495	0.00039078087251884127	-3.136705013401714	-547.0062852354771	-1.3753325507110383	0.0	0.0	0.0	0.0	0.0	4.0	4.0	4.0	4.0	4.0	4.0
548.5628161039192	0.0004073956934153818	-3.1360865812198537	-548.5549611310141	-1.3933601313037076	0.0	0.0	0.0	0.0	0.0	4.0	4.0	4.0	4.0	4.0	4.0
550.112428578789	0.00041831464979545565	-3.135442722233958	-550.1035888779236	-1.4114737247168112	0.0	0.0	0.0	0.0	0.0	4.0	4.0	4.0	4.0	4.0	4.0
551.6620410536589	0.00035631012265915213	-3.1348425381285887	-551.6522668435227	-1.4296893177596706	0.0	0.0	0.0	0.0	0.0	4.0	4.0	4.0	4.0	4.0	4.0
553.2116535285288	0.00029430559552284406	-3.134338437011968	-553.2010719295109	-1.447988740892474	0.0	0.0	0.0	0.0	0.0	4.0	4.0	4.0	4.0	4.0	4.0
554.7612660033985	0.00023230106838654507	-3.133930418884096	-554.7500069573691	-1.466371490485418	0.0	0.0	0.0	0.0	0.0	4.0	4.0	4.0	4.0	4.0	4.0
556.3108784782685	0.00017029654125023697	-3.133618483744973	-556.2990743228393	-1.4848369617363275	0.0	0.0	0.0	0.0	0.0	4.0	4.0	4.0	4.0	4.0	4.0
557.8604909531382	0.00010829201411393798	-3.133402631594599	-557.8482760953651	-1.5033844670789716	0.0	0.0	0.0	0.0	0.0	4.0	4.0	4.0	4.0	4.0	4.0
559.4101034280081	4.628748697762989e-05	-3.133282862432974	-559.3976141173947	-1.5220132569745557	0.0	0.0	0.0	0.0	0.0	4.0	4.0	4.0	4.0	4.0	4.0
560.9597159028779	-1.5717040158669097e-05	-3.1332591762600974	-560.9470901036356	-1.540722536007029	0.0	0.0	0.0	0.0	0.0	4.0	4.0	4.0	4.0	4.0	4.0
562.5093283777478	-7.772156729497719e-05	-3.1333315730759694	-562.4967057403296	-1.5595114718109475	0.0	0.0	0.0	0.0	0.0	4.0	4.0	4.0	4.0	4.0	4.0
564.0589408526175	-0.00013972609443127618	-3.1335000528805907	-564.0464627845314	-1.5783792008031652	0.0	0.0	0.0	0.0	0.0	4.0	4.0	4.0	4.0	4.0	4.0
565.6085533274874	-0.00020173062156757972	-3.1337646156739605	-565.5963631633509	-1.5973248381330218	0.0	0.0	0.0	0.0	0.0	4.0	4.0	4.0	4.0	4.0	4.0
567.1581658023572	-0.00026373514870388327	-3.1341252614560795	-567.1464090731275	-1.616347498347252	0.0	0.0	0.0	0.0	0.0	4.0	4.0	4.0	4.0	4.0	4.0
568.707778277227	-0.0003257396758401868	-3.134581990226947	-568.6966030785874	-1.6354463277927311	0.0	0.0	0.0	0.0	0.0	4.0	4.0	4.0	4.0	4.0	4.0
570.257390752097	-0.00038774420297649486	-3.1351348019865637	-570.2469482121161	-1.654620541562818	0.0	0.0	0.0	0.0	0.0	4.0	4.0	4.0	4.0	4.0	4.0
571.8070032269666	-0.0004497487301127893	-3.135783696734929	-571.7974480732998	-1.6738694534691032	0.0	0.0	0.0	0.0	0.0	4.0	4.0	4.0	4.0	4.0	4.0
573.3566157018365	-0.0005117532572490974	-3.136528674472043	-573.3481069288216	-1.6931924912435792	0.0	0.0	0.0	0.0	0.0	4.0	4.0	4.0	4.0	4.0	4.0
574.9062281767062	-0.0005737577843853964	-3.1373697351979057	-574.8989298126795	-1.712589196998808	0.0	0.0	0.0	0.0	0.0	4.0	4.0	4.0	4.0	4.0	4.0
576.4558406515762	-0.0006357623115217045	-3.1383068789125175	-576.4499226266685	-1.7320592164919069	0.0	0.0	0.0	0.0	0.0	4.0	4.0	4.0	4.0	4.0	4.0
578.005453126446	-0.000697766838658008	-3.139340105615878	-578.0010922410377	-1.7516022791742452	0.0	0.0	0.0	0.0	0.0	4.0	4.0	4.0	4.0	4.0	4.0
579.5550656013158	-0.0007597713657943115	-3.140469415307987	-579.5524465952474	-1.7712181689834114	0.0	0.0	0.0	0.0	0.0	4.0	4.0	4.0	4.0	4.0	4.0
581.1046780761856	-0.0008217758929306106	-3.1416948079888454	-581.1039947987152	-1.7909066862880667	0.0	0.0	0.0	0.0	0.0	4.0	4.0	4.0	4.0	4.0	4.0
582.6542905510555	-0.0008837804200669187	-3.1430162836584525	-582.6557472314332	-1.8106676048940824	0.0	0.0	0.0	0.0	0.0	4.0	4.0	4.0	4.0	4.0	4.0
584.2039030259252	-0.0009457849472032176	-3.144433842316808	-584.2077156443605	-1.8305006285782008	0.0	0.0	0.0	0.0	0.0	4.0	4.0	4.0	4.0	4.0	4.0
585.7535155007952	-0.0010077894743395258	-3.145947483963913	-585.7599132595283	-1.8504053472723965	0.0	0.0	0.0	0.0	0.0	4.0	4.0	4.0	4.0	4.0	4.0
587.303127975665	-0.0010697940014758292	-3.1475572085997663	-587.3123548697812	-1.8703811926734464	0.0	0.0	0.0	0.0	0.0	4.0	4.0	4.0	4.0	4.0	4.0
588.8527404505348	-0.0011317985286121328	-3.1492630162243684	-588.8650569381401	-1.890427398439818	0.0	0.0	0.0	0.0	0.0	4.0	4.0	4.0	4.0	4.0	4.0
590.4023529254047	-0.0011938030557484363	-3.1510649068377194	-590.4180376968613	-1.910542973561134	0.0	0.0	0.0	0.0	0.0	4.0	4.0	4.0	4.0	4.0	4.0
591.9519654002744	-0.0012558075828847353	-3.1529628804398193	-591.9713172463198	-1.9307266878078728	0.0	0.0	0.0	0.0	0.0	4.0	4.0	4.0	4.0	4.0	4.0
593.5015778751442	-0.001317812110021039	-3.154956937030668	-593.5249176535402	-1.9509770444241343	0.0	0.0	0.0	0.0	0.0	4.0	4.0	4.0	4.0	4.0	4.0
595.051190350014	-0.0013798166371573424	-3.1570470766102656	-595.0788630496114	-1.9712922013873952	0.0	0.0	0.0	0.0	0.0	4.0	4.0	4.0	4.0	4.0	4.0
596.600802824884	-0.0014418211642936505	-3.159233299178612	-596.6331797247994	-1.991669818757826	0.0	0.0	0.0	0.0	0.0	4.0	4.0	4.0	4.0	4.0	4.0
598.1504152997537	-0.0015038256914299494	-3.1615156047357074	-598.1878962204419	-2.0121068503410955	0.0	0.0	0.0	0.0	0.0	4.0	4.0	4.0	4.0	4.0	4.0
599.7000277746235	-0.001565830218566253	-3.163893993281551	-599.7430434175653	-2.032599329492406	0.0	0.0	0.0	0.0	0.0	4.0	4.0	4.0	4.0	4.0	4.0
601.2496402494934	-0.0013917676084989887	-3.166221230459969	-601.2983456015617	-2.053054848156212	0.0	0.0	0.0	0.0	0.0	4.0	4.0	4.0	4.0	4.0	4.0
602.7992527243632	-0.0011605106614571584	-3.168198751583201	-602.8531712911464	-2.0735106268280155	0.0	0.0	0.0	0.0	0.0	4.0	4.0	4.0	4.0	4.0	4.0
604.3488651992332	-0.0009292537144153111	-3.169817914056396	-604.4074509385977	-2.0939883000938733	0.0	0.0	0.0	0.0	0.0	4.0	4.0	4.0	4.0	4.0	4.0
605.898477674103	-0.0006979967673734807	-3.171078717879555	-605.9611246656609	-2.1144770709151777	0.0	0.0	0.0	0.0	0.0	4.0	4.0	4.0	4.0	4.0	4.0
607.4480901489728	-0.0004667398203316504	-3.1719811630526777	-607.5141268545166	-2.1349640993400913	0.0	0.0	0.0	0.0	0.0	4.0	4.0	4.0	4.0	4.0	4.0
608.9977026238425	-0.00023548287328983698	-3.172525249575764	-609.0663875777847	-2.1554341405084387	0.0	0.0	0.0	0.0	0.0	4.0	4.0	4.0	4.0	4.0	4.0
610.5473150987124	-4.225926248006608e-06	-3.172710977448814	-610.6178340350173	-2.1758690733526764	0.0	0.0	0.0	0.0	0.0	4.0	4.0	4.0	4.0	4.0	4.0
612.0969275735822	0.00022703102079382376	-3.1725383466718275	-612.1683919973624	-2.196247308530264	0.0	0.0	0.0	0.0	0.0	4.0	4.0	4.0	4.0	4.0	4.0
613.646540048452	0.0004582879678356541	-3.1720073572448046	-613.7179872635332	-2.216543077604593	0.0	0.0	0.0	0.0	0.0	4.0	4.0	4.0	4.0	4.0	4.0
615.1961525233219	0.0006895449148774845	-3.1711180091677456	-615.2665471314866	-2.236725610027436	0.0	0.0	0.0	0.0	0.0	4.0	4.0	4.0	4.0	4.0	4.0
616.7457649981917	0.0009208018619193148	-3.1698703024406503	-616.8140018912949	-2.2567582028003734	0.0	0.0	0.0	0.0	0.0	4.0	4.0	4.0	4.0	4.0	4.0
618.2953774730615	0.0011520588089611453	-3.168264237063519	-618.3602863460013	-2.276597195003084	0.0	0.0	0.0	0.0	0.0	4.0	4.0	4.0	4.0	4.0	4.0
619.8449899479314	0.0013833157560029757	-3.1662998130363507	-619.9053413690515	-2.296190891882736	0.0	0.0	0.0	0.0	0.0	4.0	4.0	4.0	4.0	4.0	4.0
621.3946024228012	0.001614572703044806	-3.1639770303591463	-621.4491155068037	-2.315478466562443	0.0	0.0	0.0	0.0	0.0	4.0	4.0	4.0	4.0	4.0	4.0
622.9442148976709	0.0018458296500866193	-3.161295889031906	-622.9915666340597	-2.3343888321353927	0.0	0.0	0.0	0.0	0.0	4.0	4.0	4.0	4.0	4.0	4.0
624.4938273725409	0.0020770865971284666	-3.1582563890546287	-624.5326636715633	-2.3528394961012227	0.0	0.0	0.0	0.0	0.0	4.0	4.0	4.0	4.0	4.0	4.0
626.0434398474106	0.00230834354417028	-3.1548585304273153	-626.0723883748834	-2.370735419852505	0.0	0.0	0.0	0.0	0.0	4.0	4.0	4.0	4.0	4.0	4.0
627.5930523222805	0.0025396004912121273	-3.1511023131499654	-627.6107372040273	-2.3879679059724683	0.0	0.0	0.0	0.0	0.0	4.0	4.0	4.0	4.0	4.0	4.0
629.1426647971504	0.0027708574382539577	-3.146987737222579	-629.1477232831143	-2.4044135900360666	0.0	0.0	0.0	0.0	0.0	4.0	4.0	4.0	4.0	4.0	4.0
630.6922772720202	0.003002114385295788	-3.142514802645157	-630.6833784571078	-2.419933706033337	0.0	0.0	0.0	0.0	0.0	4.0	4.0	4.0	4.0	4.0	4.0
632.2418897468899	0.0032333713323376015	-3.1376835094176987	-632.2177554462137	-2.4343736592868845	0.0	0.0	0.0	0.0	0.0	4.0	4.0	4.0	4.0	4.0	4.0
633.7915022217599	0.003464628279379449	-3.1324938575402035	-633.7509300991188	-2.4475625096254827	0.0	0.0	0.0	0.0	0.0	4.0	4.0	4.0	4.0	4.0	4.0
635.3411146966296	0.0036958852264212623	-3.1269458470126725	-635.2830037666175	-2.459311628910918	0.0	0.0	0.0	0.0	0.0	4.0	4.0	4.0	4.0	4.0	4.0
636.8907271714995	0.00392714217346311	-3.121039477835104	-636.8141058467122	-2.4694121453555695	0.0	0.0	0.0	0.0	0.0	4.0	4.0	4.0	4.0	4.0	4.0
638.4403396463694	0.00415839912050494	-3.1147747500075003	-638.3443965601709	-2.4776315685731483	0.0	0.0	0.0	0.0	0.0	4.0	4.0	4.0	4.0	4.0	4.0
639.9899521212392	0.004389656067546771	-3.10815166352986	-639.8740700075713	-2.48371000812109	0.0	0.0	0.0	0.0	0.0	4.0	4.0	4.0	4.0	4.0	4.0
641.539564596109	0.004620913014588601	-3.101170218402183	-641.4033575566009	-2.4873561262527204	0.0	0.0	0.0	0.0	0.0	4.0	4.0	4.0	4.0	4.0	4.0
643.0891770709787	0.004852169961630414	-3.093830414624471	-642.9325315577423	-2.488243976584048	0.0	0.0	0.0	0.0	0.0	4.0	4.0	4.0	4.0	4.0	4.0
644.6387895458487	0.005083426908672262	-3.086132252196721	-644.4619092825066	-2.486012559443282	0.0	0.0	0.0	0.0	0.0	4.0	4.0	4.0	4.0	4.0	4.0
646.1884020207185	0.005314683855714092	-3.0780757311189353	-645.9918569870324	-2.4802678234151947	0.0	0.0	0.0	0.0	0.0	4.0	4.0	4.0	4.0	4.0	4.0
647.7380144955883	0.005545940802755923	-3.069660851391113	-647.522794200737	-2.4705840146789337	0.0	0.0	0.0	0.0	0.0	4.0	4.0	4.0	4.0	4.0	4.0
649.2876269704581	0.005777197749797736	-3.0608876130132554	-649.0551984928348	-2.4565018084149974	0.0	0.0	0.0	0.0	0.0	4.0	4.0	4.0	4.0	4.0	4.0
650.837239445328	0.00532903156822863	-3.0520297965000127	-650.5902405873621	-2.4377859729329883	0.0	0.0	0.0	0.0	0.0	4.0	4.0	4.0	4.0	4.0	4.0
652.3868519201977	0.004253903391201615	-3.0446048787205133	-652.1317442723938	-2.413940331063405	0.0	0.0	0.0	0.0	0.0	4.0	4.0	4.0	4.0	4.0	4.0
653.9364643950676	0.003178775214174523	-3.038845992976219	-653.6798628337885	-2.383972934248172	0.0	0.0	0.0	0.0	0.0	4.0	4.0	4.0	4.0	4.0	4.0
655.4860768699375	0.0021036470371473513	-3.0347531392671296	-655.2339609227132	-2.347244689221794	0.0	0.0	0.0	0.0	0.0	4.0	4.0	4.0	4.0	4.0	4.0
657.0356893448072	0.0010285188601203378	-3.032326317593246	-656.7932551855343	-2.3030914086666696	0.0	0.0	0.0	0.0	0.0	4.0	4.0	4.0	4.0	4.0	4.0
658.5853018196772	-4.660931690683375e-05	-3.031565527954567	-658.3568336625885	-2.2508273873792826	0.0	0.0	0.0	0.0	0.0	4.0	4.0	4.0	4.0	4.0	4.0
660.1349142945469	-0.0011217374939338474	-3.0324707703510936	-659.9236754990924	-2.1897489764048914	0.0	0.0	0.0	0.0	0.0	4.0	4.0	4.0	4.0	4.0	4.0
661.6845267694168	-0.002196865670961019	-3.0350420447828252	-661.4926708029411	-2.119138793574446	0.0	0.0	0.0	0.0	0.0	4.0	4.0	4.0	4.0	4.0	4.0
663.2341392442866	-0.0032719938479880326	-3.0392793512497622	-663.0626400721112	-2.038274909855648	0.0	0.0	0.0	0.0	0.0	4.0	4.0	4.0	4.0	4.0	4.0
664.7837517191564	-0.0043471220250151255	-3.0451826897519045	-664.6323529814671	-1.946447642915302	0.0	0.0	0.0	0.0	0.0	4.0	4.0	4.0	4.0	4.0	4.0
666.3333641940262	-0.005422250202042218	-3.0527520602892517	-666.2005479710512	-1.8429722810414184	0.0	0.0	0.0	0.0	0.0	4.0	4.0	4.0	4.0	4.0	4.0
667.882976668896	-0.0064973783790693105	-3.0619874628618047	-667.7659539401333	-1.7271813613932094	0.0	0.0	0.0	0.0	0.0	4.0	4.0	4.0	4.0	4.0	4.0
669.4325891437659	-0.007572506556096403	-3.0728888974695625	-669.3273123865799	-1.5983998346637436	0.0	0.0	0.0	0.0	0.0	4.0	4.0	4.0	4.0	4.0	4.0
670.9822016186358	-0.008647634733123575	-3.0854563641125266	-670.8833969211958	-1.4559213117784688	0.0	0.0	0.0	0.0	0.0	4.0	4.0	4.0	4.0	4.0	4.0
672.5318140935055	-0.009722762910150588	-3.099689862790694	-672.4330288990916	-1.2989924536080013	0.0	0.0	0.0	0.0	0.0	4.0	4.0	4.0	4.0	4.0	4.0
674.0814265683754	-0.01079789108717768	-3.115589393504068	-673.97508923479	-1.1268009749777972	0.0	0.0	0.0	0.0	0.0	4.0	4.0	4.0	4.0	4.0	4.0
675.6310390432452	-0.011873019264204773	-3.1331549562526466	-675.5085263172816	-0.938458644430068	0.0	0.0	0.0	0.0	0.0	4.0	4.0	4.0	4.0	4.0	4.0
677.1806515181149	-0.012948147441231787	-3.1523865510364293	-677.0323587652675	-0.7329625597048526	0.0	0.0	0.0	0.0	0.0	4.0	4.0	4.0	4.0	4.0	4.0
678.7302639929849	-0.01402327561825896	-3.1732841778554204	-678.5456685968958	-0.5091118644162289	0.0	0.0	0.0	0.0	0.0	4.0	4.0	4.0	4.0	4.0	4.0
680.2798764678546	-0.015098403795285972	-3.1958478367096133	-680.0475810513519	-0.2654636963298709	0.0	0.0	0.0	0.0	0.0	4.0	4.0	4.0	4.0	4.0	4.0
681.8294889427245	-0.016173531972313145	-3.220077527599015	-681.5372556950217	-0.0005937042202384	0.0	0.0	0.0	0.0	0.0	4.0	4.0	4.0	4.0	4.0	4.0
683.3791014175943	-0.017248660149340157	-3.245973250523618	-683.0138992219429	0.2867549228452175	0.0	0.0	0.0	0.0	0.0	4.0	4.0	4.0	4.0	4.0	4.0
684.9287138924642	-0.01832378832636733	-3.2735350054834305	-684.4767155703005	0.5981791224590267	0.0	0.0	0.0	0.0	0.0	4.0	4.0	4.0	4.0	4.0	4.0
686.4783263673339	-0.019398916503394342	-3.3027627924784437	-685.9247745909381	0.936089372175342	0.0	0.0	0.0	0.0	0.0	4.0	4.0	4.0	4.0	4.0	4.0
688.0279388422038	-0.020474044680421435	-3.3336566115086645	-687.3568871910594	1.303629500309499	0.0	0.0	0.0	0.0	0.0	4.0	4.0	4.0	4.0	4.0	4.0
689.5775513170736	-0.021549172857448527	-3.3662164625740907	-688.7714788311433	1.7045573920078585	0.0	0.0	0.0	0.0	0.0	4.0	4.0	4.0	4.0	4.0	4.0
691.1271637919434	-0.02262430103447562	-3.400442345674722	-690.1665061258789	2.142953204994098	0.0	0.0	0.0	0.0	0.0	4.0	4.0	4.0	4.0	4.0	4.0
692.6767762668134	-0.023699429211502792	-3.436334260810561	-691.5396759488564	2.622055793140703	0.0	0.0	0.0	0.0	0.0	4.0	4.0	4.0	4.0	4.0	4.0
694.2263887416832	-0.024774557388529884	-3.473892207981603	-692.8888134698915	3.143432450645826	0.0	0.0	0.0	0.0	0.0	4.0	4.0	4.0	4.0	4.0	4.0
695.776001216553	-0.025849685565556977	-3.5131161871878502	-694.2119758842795	3.7074182954543673	0.0	0.0	0.0	0.0	0.0	4.0	4.0	4.0	4.0	4.0	4.0
697.3256136914227	-0.026924813742583993	-3.5540061984292994	-695.5074292560479	4.313725302065589	0.0	0.0	0.0	0.0	0.0	4.0	4.0	4.0	4.0	4.0	4.0
698.8752261662926	-0.027999941919611086	-3.596562241705957	-696.7736418454654	4.961746622543782	0.0	0.0	0.0	0.0	0.0	4.0	4.0	4.0	4.0	4.0	4.0
700.4248386411624	-0.029075070096638178	-3.6407843170178196	-698.0092762534495	5.650739475581664	0.0	0.0	0.0	0.0	0.0	4.0	4.0	4.0	4.0	4.0	4.0
701.9744511160322	-0.02860749249418874	-3.685574135884688	-699.2158646530471	6.382108490172813	0.0	0.0	0.0	0.0	0.0	4.0	4.0	4.0	4.0	4.0	4.0
703.5240635909021	-0.028003650838315394	-3.729436802847034	-700.3962312174505	7.157762245287035	0.0	0.0	0.0	0.0	0.0	4.0	4.0	4.0	4.0	4.0	4.0
705.0736760657719	-0.02739980918244205	-3.772363749246593	-701.5489155053307	7.9775911802843265	0.0	0.0	0.0	0.0	0.0	4.0	4.0	4.0	4.0	4.0	4.0
706.6232885406417	-0.026795967526568706	-3.8143549750833645	-702.672245226559	8.841360550038006	0.0	0.0	0.0	0.0	0.0	4.0	4.0	4.0	4.0	4.0	4.0
708.1729010155116	-0.026192125870695363	-3.8554104803573486	-703.7644931618624	9.748576450288208	0.0	0.0	0.0	0.0	0.0	4.0	4.0	4.0	4.0	4.0	4.0
709.7225134903815	-0.025588284214821972	-3.895530265068548	-704.824040617103	10.69837149478956	0.0	0.0	0.0	0.0	0.0	4.0	4.0	4.0	4.0	4.0	4.0
711.2721259652512	-0.024984442558948675	-3.9347143292169546	-705.8495646750704	11.689423206861592	0.0	0.0	0.0	0.0	0.0	4.0	4.0	4.0	4.0	4.0	4.0
712.8217384401211	-0.02438060090307533	-3.9729626728025766	-706.8400442402433	12.720086848928506	0.0	0.0	0.0	0.0	0.0	4.0	4.0	4.0	4.0	4.0	4.0
714.3713509149909	-0.023776759247201986	-4.010275295825411	-707.7946562711761	13.788584836903333	0.0	0.0	0.0	0.0	0.0	4.0	4.0	4.0	4.0	4.0	4.0
715.9209633898607	-0.02317291759132864	-4.046652198285458	-708.712714744076	14.893099055891556	0.0	0.0	0.0	0.0	0.0	4.0	4.0	4.0	4.0	4.0	4.0
717.4705758647304	-0.022569075935455343	-4.082093380182715	-709.5935585983857	16.031870040774965	0.0	0.0	0.0	0.0	0.0	4.0	4.0	4.0	4.0	4.0	4.0
719.0201883396003	-0.021965234279581997	-4.116598841517188	-710.4365240364571	17.20320125738289	0.0	0.0	0.0	0.0	0.0	4.0	4.0	4.0	4.0	4.0	4.0
720.5698008144702	-0.02136139262370861	-4.150168582288876	-711.2410116070646	18.40539974642252	0.0	0.0	0.0	0.0	0.0	4.0	4.0	4.0	4.0	4.0	4.0
722.11941328934	-0.020757550967835308	-4.1828026024977705	-712.0065228965841	19.636756870565687	0.0	0.0	0.0	0.0	0.0	4.0	4.0	4.0	4.0	4.0	4.0
723.6690257642099	-0.02015370931196192	-4.214500902143883	-712.7326827523731	20.895546486519777	0.0	0.0	0.0	0.0	0.0	4.0	4.0	4.0	4.0	4.0	4.0
725.2186382390796	-0.01954986765608862	-4.245263481227203	-713.419262921419	22.180026540018165	0.0	0.0	0.0	0.0	0.0	4.0	4.0	4.0	4.0	4.0	4.0
726.7682507139496	-0.018946026000215232	-4.2750903397477416	-714.066201221047	23.488446414337652	0.0	0.0	0.0	0.0	0.0	4.0	4.0	4.0	4.0	4.0	4.0
728.3178631888193	-0.01834218434434193	-4.303981477705487	-714.6736189645195	24.81905709156139	0.0	0.0	0.0	0.0	0.0	4.0	4.0	4.0	4.0	4.0	4.0
729.8674756636892	-0.017738342688468543	-4.3319368951004495	-715.241832461882	26.170125029157933	0.0	0.0	0.0	0.0	0.0	4.0	4.0	4.0	4.0	4.0	4.0
731.4170881385589	-0.017134501032595242	-4.358956591932621	-715.7713585615556	27.539948215325325	0.0	0.0	0.0	0.0	0.0	4.0	4.0	4.0	4.0	4.0	4.0
732.9667006134289	-0.016530659376721855	-4.385040568202009	-716.2629189321234	28.926871532757623	0.0	0.0	0.0	0.0	0.0	4.0	4.0	4.0	4.0	4.0	4.0
734.5163130882987	-0.01592681772084851	-4.410188823908608	-716.7174508287176	30.329298873848717	0.0	0.0	0.0	0.0	0.0	4.0	4.0	4.0	4.0	4.0	4.0
736.0659255631684	-0.01532297606497521	-4.4344013590524165	-717.136115913598	31.745705683108863	0.0	0.0	0.0	0.0	0.0	4.0	4.0	4.0	4.0	4.0	4.0
737.6155380380383	-0.014719134409101865	-4.4576781736334405	-717.5202936206706	33.17465493128044	0.0	0.0	0.0	0.0	0.0	4.0	4.0	4.0	4.0	4.0	4.0
739.1651505129082	-0.014115292753228478	-4.480019267651678	-717.8715461025384	34.61481688021777	0.0	0.0	0.0	0.0	0.0	4.0	4.0	4.0	4.0	4.0	4.0
740.7147629877779	-0.013511451097355177	-4.501424641107126	-718.1915455564767	36.06499036392361	0.0	0.0	0.0	0.0	0.0	4.0	4.0	4.0	4.0	4.0	4.0
742.2643754626479	-0.012907609441481789	-4.521894293999789	-718.4819878818469	37.52411621314344	0.0	0.0	0.0	0.0	0.0	4.0	4.0	4.0	4.0	4.0	4.0
743.8139879375177	-0.012303767785608445	-4.541428226329663	-718.7445372191388	38.99127483138226	0.0	0.0	0.0	0.0	0.0	4.0	4.0	4.0	4.0	4.0	4.0
745.3636004123874	-0.011699926129735144	-4.560026438096748	-718.9808325297464	40.465669045554655	0.0	0.0	0.0	0.0	0.0	4.0	4.0	4.0	4.0	4.0	4.0
746.9132128872573	-0.0110960844738618	-4.577688929301048	-719.1926198059948	41.94659240519096	0.0	0.0	0.0	0.0	0.0	4.0	4.0	4.0	4.0	4.0	4.0
748.4628253621271	-0.010492242817988455	-4.59441569994256	-719.3822069437985	43.4333741040333	0.0	0.0	0.0	0.0	0.0	4.0	4.0	4.0	4.0	4.0	4.0
750.0124378369969	-0.00956669988286143	-4.610035682757276	-719.552977700385	44.92588138639961	0.0	0.0	0.0	0.0	0.0	4.0	4.0	4.0	4.0	4.0	4.0
751.5620503118668	-0.008494118487233054	-4.624029317483604	-719.7098185559668	46.425064024573935	0.0	0.0	0.0	0.0	0.0	4.0	4.0	4.0	4.0	4.0	4.0
753.1116627867366	-0.0074215370916046785	-4.636360866698953	-719.8579819784516	47.9305469999203	0.0	0.0	0.0	0.0	0.0	4.0	4.0	4.0	4.0	4.0	4.0
754.6612752616064	-0.006348955695976303	-4.647030330403324	-720.0024977902193	49.442003903366306	0.0	0.0	0.0	0.0	0.0	4.0	4.0	4.0	4.0	4.0	4.0
756.2108877364763	-0.005276374300347928	-4.656037708596715	-720.1482161200629	50.959192197636334	0.0	0.0	0.0	0.0	0.0	4.0	4.0	4.0	4.0	4.0	4.0
757.760500211346	-0.004203792904719631	-4.663383001279127	-720.2996573861163	52.4818971104609	0.0	0.0	0.0	0.0	0.0	4.0	4.0	4.0	4.0	4.0	4.0
759.3101126862159	-0.0031312115090911777	-4.669066208450561	-720.4608690558345	54.00987524242636	0.0	0.0	0.0	0.0	0.0	4.0	4.0	4.0	4.0	4.0	4.0
760.8597251610859	-0.0020586301134627237	-4.673087330111015	-720.6354376690779	55.54279735156051	0.0	0.0	0.0	0.0	0.0	4.0	4.0	4.0	4.0	4.0	4.0
762.4093376359556	-0.000986048717834427	-4.6754463662604895	-720.8264782320946	57.08020438477132	0.0	0.0	0.0	0.0	0.0	4.0	4.0	4.0	4.0	4.0	4.0
763.9589501108254	8.653267779394811e-05	-4.676143316898986	-721.0366482238785	58.62147446021441	0.0	0.0	0.0	0.0	0.0	4.0	4.0	4.0	4.0	4.0	4.0
765.5085625856952	0.0011591140734223233	-4.675178182026503	-721.2681607666697	60.16580190005947	0.0	0.0	0.0	0.0	0.0	4.0	4.0	4.0	4.0	4.0	4.0
767.058175060565	0.0022316954690506196	-4.672550961643042	-721.5228081456535	61.71218730815524	0.0	0.0	0.0	0.0	0.0	4.0	4.0	4.0	4.0	4.0	4.0
768.6077875354349	0.0033042768646790737	-4.6682616557486005	-721.8020007440665	63.25943755928756	0.0	0.0	0.0	0.0	0.0	4.0	4.0	4.0	4.0	4.0	4.0
770.1574000103047	0.004376858260307449	-4.66231026434318	-722.1068025185394	64.8061749828556	0.0	0.0	0.0	0.0	0.0	4.0	4.0	4.0	4.0	4.0	4.0
771.7070124851746	0.005449439655935824	-4.654696787426781	-722.4379547232359	66.35085478963171	0.0	0.0	0.0	0.0	0.0	4.0	4.0	4.0	4.0	4.0	4.0
773.2566249600444	0.006522021051564199	-4.645421224999403	-722.7959034508962	67.89178892600596	0.0	0.0	0.0	0.0	0.0	4.0	4.0	4.0	4.0	4.0	4.0
774.8062374349141	0.0075946024471924955	-4.634483577061047	-723.1808322447719	69.4271748177381	0.0	0.0	0.0	0.0	0.0	4.0	4.0	4.0	4.0	4.0	4.0
776.355849909784	0.00866718384282087	-4.621883843611711	-723.5926830895371	70.95512879085153	0.0	0.0	0.0	0.0	0.0	4.0	4.0	4.0	4.0	4.0	4.0
777.9054623846539	0.009739765238449325	-4.607622024651395	-724.0311795516216	72.47372246584155	0.0	0.0	0.0	0.0	0.0	4.0	4.0	4.0	4.0	4.0	4.0
779.4550748595236	0.01081234663407762	-4.591698120180102	-724.4958553666584	73.9810205315953	0.0	0.0	0.0	0.0	0.0	4.0	4.0	4.0	4.0	4.0	4.0
781.0046873343936	0.011884928029706076	-4.574112130197828	-724.9860807957955	75.47511934940259	0.0	0.0	0.0	0.0	0.0	4.0	4.0	4.0	4.0	4.0	4.0
782.5542998092633	0.012957509425334373	-4.554864054704577	-725.501087684972	76.95418552425016	0.0	0.0	0.0	0.0	0.0	4.0	4.0	4.0	4.0	4.0	4.0
784.1039122841331	0.014030090820962748	-4.533953893700346	-726.0399955626046	78.41649341329246	0.0	0.0	0.0	0.0	0.0	4.0	4.0	4.0	4.0	4.0	4.0
785.653524759003	0.015102672216591123	-4.511381647185136	-726.601841463372	79.86046025541083	0.0	0.0	0.0	0.0	0.0	4.0	4.0	4.0	4.0	4.0	4.0
787.2031372338728	0.016175253612219498	-4.487147315158946	-727.1856117368596	81.28467819317689	0.0	0.0	0.0	0.0	0.0	4.0	4.0	4.0	4.0	4.0	4.0
788.7527497087426	0.01724783500784787	-4.461250897621778	-727.7902729118547	82.6879431179179	0.0	0.0	0.0	0.0	0.0	4.0	4.0	4.0	4.0	4.0	4.0
790.3023621836124	0.018320416403476248	-4.433692394573631	-728.4148023076025	84.06927998514003	0.0	0.0	0.0	0.0	0.0	4.0	4.0	4.0	4.0	4.0	4.0
791.8519746584822	0.019392997799104545	-4.404471806014508	-729.0582200492449	85.42796399663561	0.0	0.0	0.0	0.0	0.0	4.0	4.0	4.0	4.0	4.0	4.0
793.4015871333521	0.020465579194732998	-4.3735891319444	-729.7196219870978	86.76353755163548	0.0	0.0	0.0	0.0	0.0	4.0	4.0	4.0	4.0	4.0	4.0
794.9511996082219	0.021538160590361375	-4.341044372363315	-730.3982129232016	88.07582314864743	0.0	0.0	0.0	0.0	0.0	4.0	4.0	4.0	4.0	4.0	4.0
796.5008120830918	0.02261074198598975	-4.306837527271252	-731.0933398425274	89.36493261355042	0.0	0.0	0.0	0.0	0.0	4.0	4.0	4.0	4.0	4.0	4.0
798.0504245579615	0.023683323381618045	-4.2709685966682125	-731.8045251524585	90.63127318314066	0.0	0.0	0.0	0.0	0.0	4.0	4.0	4.0	4.0	4.0	4.0
799.6000370328314	0.02350486615430293	-4.234147030246473	-732.5330709714626	91.877155550407	0.0	0.0	0.0	0.0	0.0	4.0	4.0	4.0	4.0	4.0	4.0
801.1496495077013	0.022868168620317705	-4.198216913654311	-733.2817851312006	93.10858207339292	0.0	0.0	0.0	0.0	0.0	4.0	4.0	4.0	4.0	4.0	4.0
802.699261982571	0.022231471086332524	-4.163273431503534	-734.0512460132522	94.3270233760222	0.0	0.0	0.0	0.0	0.0	4.0	4.0	4.0	4.0	4.0	4.0
804.2488744574408	0.021594773552347298	-4.129316583794136	-734.8420253809318	95.53340628888397	0.0	0.0	0.0	0.0	0.0	4.0	4.0	4.0	4.0	4.0	4.0
805.7984869323107	0.020958076018362068	-4.0963463705261205	-735.6546311635614	96.72846853121656	0.0	0.0	0.0	0.0	0.0	4.0	4.0	4.0	4.0	4.0	4.0
807.3480994071806	0.020321378484376797	-4.0643627916994856	-736.4894969636459	97.91278262329229	0.0	0.0	0.0	0.0	0.0	4.0	4.0	4.0	4.0	4.0	4.0
808.8977118820503	0.019684680950391616	-4.033365847314237	-737.3469755448747	99.0867769743756	0.0	0.0	0.0	0.0	0.0	4.0	4.0	4.0	4.0	4.0	4.0
810.44732435692	0.019047983416406435	-4.00335553737037	-738.2273400490596	100.2507501352755	0.0	0.0	0.0	0.0	0.0	4.0	4.0	4.0	4.0	4.0	4.0
811.9969368317901	0.018411285882421115	-3.974331861867881	-739.1307894442474	101.40487912263372	0.0	0.0	0.0	0.0	0.0	4.0	4.0	4.0	4.0	4.0	4.0
813.5465493066599	0.01777458834843589	-3.946294820806777	-740.0574523605029	102.54922623014168	0.0	0.0	0.0	0.0	0.0	4.0	4.0	4.0	4.0	4.0	4.0
815.0961617815296	0.017137890814450708	-3.9192444141870584	-741.007388209173	103.68374629646893	0.0	0.0	0.0	0.0	0.0	4.0	4.0	4.0	4.0	4.0	4.0
816.6457742563996	0.016501193280465433	-3.8931806420087174	-741.9805873269003	104.80829386456053	0.0	0.0	0.0	0.0	0.0	4.0	4.0	4.0	4.0	4.0	4.0
818.1953867312694	0.015864495746480207	-3.8681035042717613	-742.9769734006504	105.92262726387408	0.0	0.0	0.0	0.0	0.0	4.0	4.0	4.0	4.0	4.0	4.0
819.7449992061391	0.015227798212495026	-3.8440130009761893	-743.9964053932907	107.02641235370774	0.0	0.0	0.0	0.0	0.0	4.0	4.0	4.0	4.0	4.0	4.0
821.294611681009	0.0145911006785098	-3.8209091321219977	-745.0386733550375	108.1192334094424	0.0	0.0	0.0	0.0	0.0	4.0	4.0	4.0	4.0	4.0	4.0
822.8442241558789	0.013954403144524525	-3.7987918977091866	-746.103492608929	109.20060816975963	0.0	0.0	0.0	0.0	0.0	4.0	4.0	4.0	4.0	4.0	4.0
824.3938366307486	0.013317705610539346	-3.7776612977377613	-747.1905016204273	110.27000099640428	0.0	0.0	0.0	0.0	0.0	4.0	4.0	4.0	4.0	4.0	4.0
825.9434491056185	0.012681008076554118	-3.757517332207717	-748.2992621243104	111.32683513499776	0.0	0.0	0.0	0.0	0.0	4.0	4.0	4.0	4.0	4.0	4.0
827.4930615804883	0.01204431054256889	-3.7383600011190548	-749.4292604962219	112.37050504760094	0.0	0.0	0.0	0.0	0.0	4.0	4.0	4.0	4.0	4.0	4.0
829.0426740553582	0.011407613008583617	-3.7201893044717735	-750.5799104010314	113.4003886089015	0.0	0.0	0.0	0.0	0.0	4.0	4.0	4.0	4.0	4.0	4.0
830.592286530228	0.010770915474598436	-3.7030052422658772	-751.7505566273405	114.4158590841669	0.0	0.0	0.0	0.0	0.0	4.0	4.0	4.0	4.0	4.0	4.0
832.1418990050978	0.01013421794061321	-3.6868078145013623	-752.9404800991175	115.41629665551224	0.0	0.0	0.0	0.0	0.0	4.0	4.0	4.0	4.0	4.0	4.0
833.6915114799677	0.009497520406627935	-3.6715970211782283	-754.1489039713252	116.40109934736606	0.0	0.0	0.0	0.0	0.0	4.0	4.0	4.0	4.0	4.0	4.0
835.2411239548376	0.008860822872642709	-3.6573728622964783	-755.3750007162868	117.3696931813746	0.0	0.0	0.0	0.0	0.0	4.0	4.0	4.0	4.0	4.0	4.0
836.7907364297073	0.008224125338657528	-3.6441353378561114	-756.6179000661027	118.32154144720847	0.0	0.0	0.0	0.0	0.0	4.0	4.0	4.0	4.0	4.0	4.0
838.3403489045771	0.007587427804672302	-3.6318844478571255	-757.8766976658018	119.2561529995302	0.0	0.0	0.0	0.0	0.0	4.0	4.0	4.0	4.0	4.0	4.0
839.8899613794471	0.006950730270687028	-3.620620192299522	-759.1504642774491	120.17308953359792	0.0	0.0	0.0	0.0	0.0	4.0	4.0	4.0	4.0	4.0	4.0
841.4395738543168	0.006314032736701848	-3.6103425711833017	-760.4382553861888	121.07197179821586	0.0	0.0	0.0	0.0	0.0	4.0	4.0	4.0	4.0	4.0	4.0
842.9891863291866	0.005677335202716621	-3.601051584508463	-761.7391210787587	121.95248469591476	0.0	0.0	0.0	0.0	0.0	4.0	4.0	4.0	4.0	4.0	4.0
844.5387988040563	0.00504063766873144	-3.5927472322750074	-763.0521160828637	122.81438121574084	0.0	0.0	0.0	0.0	0.0	4.0	4.0	4.0	4.0	4.0	4.0
846.0884112789264	0.00440394013474612	-3.5854295144829327	-764.3763098541286	123.65748518467024	0.0	0.0	0.0	0.0	0.0	4.0	4.0	4.0	4.0	4.0	4.0
847.6380237537961	0.0037672426007609393	-3.5790984311322416	-765.7107966034847	124.48169286018737	0.0	0.0	0.0	0.0	0.0	4.0	4.0	4.0	4.0	4.0	4.0
849.187636228666	0.0034386306171387128	-3.5736146814193988	-767.054839207945	125.28723714184794	0.0	0.0	0.0	0.0	0.0	4.0	4.0	4.0	4.0	4.0	4.0
850.7372487035358	0.003329870139117646	-3.568370404815368	-768.408661452275	126.07468196755666	0.0	0.0	0.0	0.0	0.0	4.0	4.0	4.0	4.0	4.0	4.0
852.2868611784057	0.0032211096610965722	-3.563294664804852	-769.7719498222367	126.84421883165504	0.0	0.0	0.0	0.0	0.0	4.0	4.0	4.0	4.0	4.0	4.0
853.8364736532754	0.003112349183075514	-3.5583874613878503	-771.1442673985499	127.59609763469456	0.0	0.0	0.0	0.0	0.0	4.0	4.0	4.0	4.0	4.0	4.0
855.3860861281453	0.0030035887050544477	-3.5536487945643627	-772.5251888692907	128.33058931952746	0.0	0.0	0.0	0.0	0.0	4.0	4.0	4.0	4.0	4.0	4.0
856.9356986030151	0.0028948282270333816	-3.5490786643343895	-773.9143017061787	129.04798289383262	0.0	0.0	0.0	0.0	0.0	4.0	4.0	4.0	4.0	4.0	4.0
858.485311077885	0.002786067749012315	-3.5446770706979303	-775.3112076819399	129.74858137703788	0.0	0.0	0.0	0.0	0.0	4.0	4.0	4.0	4.0	4.0	4.0
860.0349235527548	0.002677307270991249	-3.5404440136549855	-776.7155247437807	130.4326965756025	0.0	0.0	0.0	0.0	0.0	4.0	4.0	4.0	4.0	4.0	4.0
861.5845360276245	0.0025685467929701905	-3.5363794932055552	-778.1268889129071	131.10064342480294	0.0	0.0	0.0	0.0	0.0	4.0	4.0	4.0	4.0	4.0	4.0
863.1341485024943	0.0024597863149491243	-3.5324835093496385	-779.5449554335377	131.75273579994004	0.0	0.0	0.0	0.0	0.0	4.0	4.0	4.0	4.0	4.0	4.0
864.6837609773643	0.00235102583692805	-3.5287560620872362	-780.969397701629	132.38928756760342	0.0	0.0	0.0	0.0	0.0	4.0	4.0	4.0	4.0	4.0	4.0
866.2333734522341	0.002242265358906984	-3.5251971514183484	-782.3999030321618	133.01062162511838	0.0	0.0	0.0	0.0	0.0	4.0	4.0	4.0	4.0	4.0	4.0
867.7829859271039	0.0021335048808859176	-3.5218067773429746	-783.836167228245	133.6170825489458	0.0	0.0	0.0	0.0	0.0	4.0	4.0	4.0	4.0	4.0	4.0
869.3325984019738	0.0020247444028648515	-3.5185849398611153	-785.2778906360567	134.2090462068282	0.0	0.0	0.0	0.0	0.0	4.0	4.0	4.0	4.0	4.0	4.0
870.8822108768436	0.0019159839248437851	-3.5155316389727704	-786.7247757254322	134.78692589909448	0.0	0.0	0.0	0.0	0.0	4.0	4.0	4.0	4.0	4.0	4.0
872.4318233517133	0.0018072234468227268	-3.5126468746779396	-788.1765250853562	135.3511775692069	0.0	0.0	0.0	0.0	0.0	4.0	4.0	4.0	4.0	4.0	4.0
873.9814358265833	0.0016984629688016526	-3.5099306469766227	-789.6328393573825	135.90230519857084	0.0	0.0	0.0	0.0	0.0	4.0	4.0	4.0	4.0	4.0	4.0
875.531048301453	0.0015897024907805942	-3.5073829558688208	-791.0934148941321	136.44086689375197	0.0	0.0	0.0	0.0	0.0	4.0	4.0	4.0	4.0	4.0	4.0
877.0806607763228	0.001480942012759528	-3.5050038013545324	-792.557940711459	136.96748277597902	0.0	0.0	0.0	0.0	0.0	4.0	4.0	4.0	4.0	4.0	4.0
878.6302732511926	0.0013721815347384617	-3.5027931834337585	-794.0260939930251	137.482846652812	0.0	0.0	0.0	0.0	0.0	4.0	4.0	4.0	4.0	4.0	4.0
880.1798857260626	0.0012634210567173875	-3.500751102106499	-795.4975333489423	137.9877436763237	0.0	0.0	0.0	0.0	0.0	4.0	4.0	4.0	4.0	4.0	4.0
881.7294982009323	0.0011546605786963292	-3.4988775573727535	-796.9718899523821	138.48307376764595	0.0	0.0	0.0	0.0	0.0	4.0	4.0	4.0	4.0	4.0	4.0
883.2791106758021	0.001045900100675263	-3.4971725492325225	-798.4487592553843	138.9698735513092	0.0	0.0	0.0	0.0	0.0	4.0	4.0	4.0	4.0	4.0	4.0
884.8287231506722	0.0009371396226541808	-3.4956360776858055	-799.9276963432685	139.44932821574986	0.0	0.0	0.0	0.0	0.0	4.0	4.0	4.0	4.0	4.0	4.0
886.3783356255418	0.0008283791446331305	-3.494268142732603	-801.4082167105022	139.92276791799958	0.0	0.0	0.0	0.0	0.0	4.0	4.0	4.0	4.0	4.0	4.0
887.9279481004116	0.0007196186666120643	-3.4930687443729145	-802.8898082078892	140.3916325215221	0.0	0.0	0.0	0.0	0.0	4.0	4.0	4.0	4.0	4.0	4.0
889.4775605752815	0.000610858188590998	-3.4920378826067404	-804.3719410963698	140.85743973984887	0.0	0.0	0.0	0.0	0.0	4.0	4.0	4.0	4.0	4.0	4.0
891.0271730501514	0.0005020977105699238	-3.4911755574340804	-805.8540664762945	141.32178383109456	0.0	0.0	0.0	0.0	0.0	4.0	4.0	4.0	4.0	4.0	4.0
892.5767855250211	0.00039333723254886553	-3.490481768854935	-807.3356280273273	141.7862971063704	0.0	0.0	0.0	0.0	0.0	4.0	4.0	4.0	4.0	4.0	4.0
894.126397999891	0.00028457675452779927	-3.4899565168693036	-808.8160830890205	142.2525847648979	0.0	0.0	0.0	0.0	0.0	4.0	4.0	4.0	4.0	4.0	4.0
895.6760104747607	0.000175816276506741	-3.4895998014771865	-810.2949167010811	142.72217842099343	0.0	0.0	0.0	0.0	0.0	4.0	4.0	4.0	4.0	4.0	4.0
897.2256229496306	6.705579848566679e-05	-3.489411622678584	-811.7716515358991	143.19650102241644	0.0	0.0	0.0	0.0	0.0	4.0	4.0	4.0	4.0	4.0	4.0
898.7752354245005	-0.00010547205989807808	-3.4894071226860106	-813.2458376132271	143.676806738569	0.0	0.0	0.0	0.0	0.0	4.0	4.0	4.0	4.0	4.0	4.0
900.3248478993703	-0.0004222984445974466	-3.489816042564828	-814.7167044331462	144.1640976354867	0.0	0.0	0.0	0.0	0.0	4.0	4.0	4.0	4.0	4.0	4.0
901.8744603742402	-0.0007391248292968383	-3.4907159205617435	-816.183779214955	144.65940768041287	0.0	0.0	0.0	0.0	0.0	4.0	4.0	4.0	4.0	4.0	4.0
903.42407284911	-0.0010559512139961837	-3.4921067566767565	-817.6467720912224	145.16362133197822	0.0	0.0	0.0	0.0	0.0	4.0	4.0	4.0	4.0	4.0	4.0
904.9736853239798	-0.001372777598695552	-3.4939885509098683	-819.1054102324682	145.67749867911982	0.0	0.0	0.0	0.0	0.0	4.0	4.0	4.0	4.0	4.0	4.0
906.5232977988496	-0.0016896039833949206	-3.496361303261078	-820.5594318593993	146.20169012636433	0.0	0.0	0.0	0.0	0.0	4.0	4.0	4.0	4.0	4.0	4.0
908.0729102737196	-0.0020064303680943124	-3.4992250137303853	-822.0085810166429	146.7367508247691	0.0	0.0	0.0	0.0	0.0	4.0	4.0	4.0	4.0	4.0	4.0
909.6225227485892	-0.0023232567527936344	-3.5025796823177906	-823.4526033358128	147.2831538102466	0.0	0.0	0.0	0.0	0.0	4.0	4.0	4.0	4.0	4.0	4.0
911.172135223459	-0.0026400831374930028	-3.506425309023294	-824.8912427155967	147.84130170496553	0.0	0.0	0.0	0.0	0.0	4.0	4.0	4.0	4.0	4.0	4.0
912.721747698329	-0.0029569095221923945	-3.510761893846896	-826.3242387949813	148.41153703902884	0.0	0.0	0.0	0.0	0.0	4.0	4.0	4.0	4.0	4.0	4.0
914.2713601731988	-0.0032737359068917633	-3.515589436788596	-827.751325118166	148.99415124364955	0.0	0.0	0.0	0.0	0.0	4.0	4.0	4.0	4.0	4.0	4.0
915.8209726480686	-0.0035905622915911317	-3.520907937848394	-829.1722279839914	149.58939217836814	0.0	0.0	0.0	0.0	0.0	4.0	4.0	4.0	4.0	4.0	4.0
917.3705851229385	-0.0039073886762905005	-3.5267173970262897	-830.5866659226507	150.19747024782504	0.0	0.0	0.0	0.0	0.0	4.0	4.0	4.0	4.0	4.0	4.0
918.9201975978084	-0.004224215060989892	-3.533017814322284	-831.9943496234135	150.81856350051987	0.0	0.0	0.0	0.0	0.0	4.0	4.0	4.0	4.0	4.0	4.0
920.469810072678	-0.004541041445689214	-3.539809189736375	-833.3949816997596	151.45282313624372	0.0	0.0	0.0	0.0	0.0	4.0	4.0	4.0	4.0	4.0	4.0
922.0194225475478	-0.004857867830388583	-3.547091523268565	-834.7882554693994	152.10038114562323	0.0	0.0	0.0	0.0	0.0	4.0	4.0	4.0	4.0	4.0	4.0
923.5690350224176	-0.005174694215087928	-3.554864814918852	-836.1738531723337	152.761358655033	0.0	0.0	0.0	0.0	0.0	4.0	4.0	4.0	4.0	4.0	4.0
925.1186474972876	-0.005491520599787343	-3.5631290646872396	-837.5514453864791	153.43587073075392	0.0	0.0	0.0	0.0	0.0	4.0	4.0	4.0	4.0	4.0	4.0
926.6682599721572	-0.005808346984486665	-3.5718842725737225	-838.9206927247279	154.1240256118438	0.0	0.0	0.0	0.0	0.0	4.0	4.0	4.0	4.0	4.0	4.0
928.2178724470272	-0.006125173369186057	-3.581130438578305	-840.2812495928002	154.82591963542083	0.0	0.0	0.0	0.0	0.0	4.0	4.0	4.0	4.0	4.0	4.0
929.767484921897	-0.006441999753885425	-3.5908675627009856	-841.6327699182955	155.54162881527515	0.0	0.0	0.0	0.0	0.0	4.0	4.0	4.0	4.0	4.0	4.0
931.3170973967668	-0.006758826138584794	-3.601095644941764	-842.9749128313407	156.27120191784488	0.0	0.0	0.0	0.0	0.0	4.0	4.0	4.0	4.0	4.0	4.0
932.8667098716368	-0.007075652523284185	-3.611814685300641	-844.3073447897938	157.0146619355941	0.0	0.0	0.0	0.0	0.0	4.0	4.0	4.0	4.0	4.0	4.0
934.4163223465064	-0.007392478907983507	-3.6230246837776137	-845.6297397858648	157.7720114774673	0.0	0.0	0.0	0.0	0.0	4.0	4.0	4.0	4.0	4.0	4.0
935.9659348213764	-0.007709305292682923	-3.6347256403726877	-846.9417803517509	158.54323626238477	0.0	0.0	0.0	0.0	0.0	4.0	4.0	4.0	4.0	4.0	4.0
937.5155472962464	-0.008026131677382314	-3.6469175550858592	-848.2431588972798	159.32830782986233	0.0	0.0	0.0	0.0	0.0	4.0	4.0	4.0	4.0	4.0	4.0
939.065159771116	-0.008342958062081636	-3.659600427917126	-849.5335791444837	160.12718598895148	0.0	0.0	0.0	0.0	0.0	4.0	4.0	4.0	4.0	4.0	4.0
940.6147722459856	-0.008659784446780958	-3.6727742588664904	-850.812757628682	160.939821086762	0.0	0.0	0.0	0.0	0.0	4.0	4.0	4.0	4.0	4.0	4.0
942.1643847208557	-0.008976610831480374	-3.686439047933957	-852.0804252433179	161.76615615873644	0.0	0.0	0.0	0.0	0.0	4.0	4.0	4.0	4.0	4.0	4.0
943.7139971957256	-0.009293437216179765	-3.7005947951195206	-853.3363287854617	162.60612905089803	0.0	0.0	0.0	0.0	0.0	4.0	4.0	4.0	4.0	4.0	4.0
945.2636096705952	-0.009610263600879087	-3.715241500423179	-854.5802324586627	163.45967459109497	0.0	0.0	0.0	0.0	0.0	4.0	4.0	4.0	4.0	4.0	4.0
946.813222145465	-0.009927089985578456	-3.730379163844938	-855.8119192891539	164.32672687364126	0.0	0.0	0.0	0.0	0.0	4.0	4.0	4.0	4.0	4.0	4.0
948.3628346203352	-0.010230845697572518	-3.7460074226882463	-857.0311883898174	165.20722943434532	0.0	0.0	0.0	0.0	0.0	4.0	4.0	4.0	4.0	4.0	4.0
949.9124470952048	-0.010182711835772821	-3.7618239743933164	-858.238552499236	166.10172741345022	0.0	0.0	0.0	0.0	0.0	4.0	4.0	4.0	4.0	4.0	4.0
951.4620595700746	-0.01013457797397312	-3.7775659372656807	-859.4345343794888	167.01063056301606	0.0	0.0	0.0	0.0	0.0	4.0	4.0	4.0	4.0	4.0	4.0
953.0116720449444	-0.01008644411217342	-3.7932333113053347	-860.6189764994263	167.9339563758189	0.0	0.0	0.0	0.0	0.0	4.0	4.0	4.0	4.0	4.0	4.0
954.5612845198144	-0.010038310250373711	-3.808826096512284	-861.7917144427048	168.87171255627695	0.0	0.0	0.0	0.0	0.0	4.0	4.0	4.0	4.0	4.0	4.0
956.1108969946844	-0.009990176388574004	-3.824344292886524	-862.9525773966886	169.82389717054048	0.0	0.0	0.0	0.0	0.0	4.0	4.0	4.0	4.0	4.0	4.0
957.660509469554	-0.00994204252677431	-3.839787900428052	-864.101388609465	170.7904988020325	0.0	0.0	0.0	0.0	0.0	4.0	4.0	4.0	4.0	4.0	4.0
959.2101219444238	-0.009893908664974606	-3.8551569191368733	-865.2379658217549	171.7714967044519	0.0	0.0	0.0	0.0	0.0	4.0	4.0	4.0	4.0	4.0	4.0
960.7597344192936	-0.009845774803174905	-3.8704513490129866	-866.3621216744422	172.76686095272458	0.0	0.0	0.0	0.0	0.0	4.0	4.0	4.0	4.0	4.0	4.0
962.3093468941634	-0.009797640941375205	-3.88567119005639	-867.473664091597	173.77655259309708	0.0	0.0	0.0	0.0	0.0	4.0	4.0	4.0	4.0	4.0	4.0
963.8589593690332	-0.009749507079575503	-3.9008164422670863	-868.5723966392029	174.80052379281398	0.0	0.0	0.0	0.0	0.0	4.0	4.0	4.0	4.0	4.0	4.0
965.4085718439032	-0.009701373217775793	-3.9158871056450764	-869.6581188605212	175.83871798885144	0.0	0.0	0.0	0.0	0.0	4.0	4.0	4.0	4.0	4.0	4.0
966.958184318773	-0.009653239355976095	-3.9308831801903543	-870.730626589253	176.89107003494976	0.0	0.0	0.0	0.0	0.0	4.0	4.0	4.0	4.0	4.0	4.0
968.5077967936428	-0.009605105494176392	-3.945804665902925	-871.7897122425728	177.9575063453592	0.0	0.0	0.0	0.0	0.0	4.0	4.0	4.0	4.0	4.0	4.0
970.0574092685126	-0.009556971632376688	-3.9606515627827874	-872.8351650980175	179.0379450321882	0.0	0.0	0.0	0.0	0.0	4.0	4.0	4.0	4.0	4.0	4.0
971.6070217433823	-0.00950883777057699	-3.97542387082994	-873.8667715580866	180.1322960340056	0.0	0.0	0.0	0.0	0.0	4.0	4.0	4.0	4.0	4.0	4.0
973.1566342182522	-0.009460703908777287	-3.990121590044385	-874.8843154062015	181.2404612340791	0.0	0.0	0.0	0.0	0.0	4.0	4.0	4.0	4.0	4.0	4.0
974.706246693122	-0.009412570046977585	-4.004744720426122	-875.8875780570671	182.3623345675697	0.0	0.0	0.0	0.0	0.0	4.0	4.0	4.0	4.0	4.0	4.0
976.255859167992	-0.009364436185177879	-4.019293261975151	-876.876338804339	183.4978021173932	0.0	0.0	0.0	0.0	0.0	4.0	4.0	4.0	4.0	4.0	4.0
977.8054716428618	-0.009316302323378177	-4.033767214691472	-877.8503750680779	184.64674219901377	0.0	0.0	0.0	0.0	0.0	4.0	4.0	4.0	4.0	4.0	4.0
979.3550841177316	-0.009268168461578474	-4.048166578575083	-878.8094626444597	185.8090254345733	0.0	0.0	0.0	0.0	0.0	4.0	4.0	4.0	4.0	4.0	4.0
980.9046965926012	-0.009220034599778779	-4.062491353625983	-879.7533759602542	186.9845148168385	0.0	0.0	0.0	0.0	0.0	4.0	4.0	4.0	4.0	4.0	4.0
982.4543090674712	-0.009171900737979072	-4.076741539844179	-880.6818883345923	188.17306576358317	0.0	0.0	0.0	0.0	0.0	4.0	4.0	4.0	4.0	4.0	4.0
984.003921542341	-0.00912376687617937	-4.090917137229665	-881.5947722502383	189.37452616335128	0.0	0.0	0.0	0.0	0.0	4.0	4.0	4.0	4.0	4.0	4.0
985.5535340172108	-0.009075633014379667	-4.105018145782442	-882.4917996362609	190.5887364138622	0.0	0.0	0.0	0.0	0.0	4.0	4.0	4.0	4.0	4.0	4.0
987.1031464920808	-0.009027499152579962	-4.119044565502512	-883.3727421634666	191.81552945468343	0.0	0.0	0.0	0.0	0.0	4.0	4.0	4.0	4.0	4.0	4.0
988.6527589669506	-0.008979365290780259	-4.132996396389873	-884.2373715534164	193.054730796119	0.0	0.0	0.0	0.0	0.0	4.0	4.0	4.0	4.0	4.0	4.0
990.2023714418204	-0.008931231428980557	-4.146873638444525	-885.085459901112	194.30615854659865	0.0	0.0	0.0	0.0	0.0	4.0	4.0	4.0	4.0	4.0	4.0
991.7519839166902	-0.008883097567180857	-4.1606762916664675	-885.9167800106811	195.56962344111196	0.0	0.0	0.0	0.0	0.0	4.0	4.0	4.0	4.0	4.0	4.0
993.30159639156	-0.008834963705381156	-4.174404356055702	-886.7311057426007	196.84492887341764	0.0	0.0	0.0	0.0	0.0	4.0	4.0	4.0	4.0	4.0	4.0
994.8512088664298	-0.008786829843581452	-4.188057831612229	-887.5282123702494	198.13187093481653	0.0	0.0	0.0	0.0	0.0	4.0	4.0	4.0	4.0	4.0	4.0
996.4008213412995	-0.008738695981781754	-4.201636718336046	-888.30787694292	199.43023846221448	0.0	0.0	0.0	0.0	0.0	4.0	4.0	4.0	4.0	4.0	4.0
997.9504338161694	-0.008690562119982051	-4.215141016227156	-889.0698786519	200.739813098002	0.0	0.0	0.0	0.0	0.0	4.0	4.0	4.0	4.0	4.0	4.0
999.5000462910392	-0.008675356482880175	-4.228590331452272	-889.8139854583554	202.0603205661985	0.0	0.0	0.0	0.0	0.0	4.0	4.0	4.0	4.0	4.0	4.0
1001.0496587659092	-0.00867007126189393	-4.242029677059901	-890.5399270408044	203.39143343485557	0.0	0.0	0.0	0.0	0.0	4.0	4.0	4.0	4.0	4.0	4.0
1002.5992712407788	-0.008664786040907686	-4.255460832623154	-891.2474934263208	204.7329153552967	0.0	0.0	0.0	0.0	0.0	4.0	4.0	4.0	4.0	4.0	4.0
1004.1488837156488	-0.00865950081992144	-4.268883798142038	-891.9364859680254	206.08452547767135	0.0	0.0	0.0	0.0	0.0	4.0	4.0	4.0	4.0	4.0	4.0
1005.6984961905188	-0.008654215598935195	-4.282298573616549	-892.6067099327782	207.4460174745848	0.0	0.0	0.0	0.0	0.0	4.0	4.0	4.0	4.0	4.0	4.0
1007.2481086653884	-0.008648930377948949	-4.295705159046683	-893.2579746947417	208.81713963465108	0.0	0.0	0.0	0.0	0.0	4.0	4.0	4.0	4.0	4.0	4.0
1008.7977211402584	-0.008643645156962703	-4.30910355443245	-893.890093912978	210.1976349685447	0.0	0.0	0.0	0.0	0.0	4.0	4.0	4.0	4.0	4.0	4.0
1010.3473336151284	-0.008638359935976458	-4.322493759773842	-894.5028856912379	211.5872413266709	0.0	0.0	0.0	0.0	0.0	4.0	4.0	4.0	4.0	4.0	4.0
1011.896946089998	-0.008633074714990212	-4.335875775070858	-895.0961727190263	212.98569152707557	0.0	0.0	0.0	0.0	0.0	4.0	4.0	4.0	4.0	4.0	4.0
1013.4465585648676	-0.008627789494003968	-4.349249600323502	-895.6697823941643	214.3927134917492	0.0	0.0	0.0	0.0	0.0	4.0	4.0	4.0	4.0	4.0	4.0
1014.9961710397376	-0.00862250427301772	-4.362615235531777	-896.2235469283256	215.80803038913112	0.0	0.0	0.0	0.0	0.0	4.0	4.0	4.0	4.0	4.0	4.0
1016.5457835146076	-0.008617219052031475	-4.3759726806956785	-896.7573034382904	217.2313607804272	0.0	0.0	0.0	0.0	0.0	4.0	4.0	4.0	4.0	4.0	4.0
1018.0953959894772	-0.008611933831045231	-4.389321935815204	-897.2708940268807	218.6624187673223	0.0	0.0	0.0	0.0	0.0	4.0	4.0	4.0	4.0	4.0	4.0
1019.645008464347	-0.008606648610058986	-4.402663000890359	-897.7641658586805	220.10091413880448	0.0	0.0	0.0	0.0	0.0	4.0	4.0	4.0	4.0	4.0	4.0
1021.194620939217	-0.00860136338907274	-4.415995875921142	-898.2369712366309	221.5465525151311	0.0	0.0	0.0	0.0	0.0	4.0	4.0	4.0	4.0	4.0	4.0
1022.7442334140868	-0.008596078168086494	-4.429320560907551	-898.6891676864067	222.99903548742355	0.0	0.0	0.0	0.0	0.0	4.0	4.0	4.0	4.0	4.0	4.0
1024.2938458889566	-0.008590792947100249	-4.4426370558495885	-899.1206180560749	224.45806075198612	0.0	0.0	0.0	0.0	0.0	4.0	4.0	4.0	4.0	4.0	4.0
1025.8434583638264	-0.008585507726114005	-4.4559453607472514	-899.5311906388226	225.92332223916773	0.0	0.0	0.0	0.0	0.0	4.0	4.0	4.0	4.0	4.0	4.0
1027.3930708386963	-0.008580222505127758	-4.469245475600543	-899.9207593262181	227.3945102374983	0.0	0.0	0.0	0.0	0.0	4.0	4.0	4.0	4.0	4.0	4.0
1028.942683313566	-0.008574937284141514	-4.482537400409461	-900.2892037978219	228.8713115149664	0.0	0.0	0.0	0.0	0.0	4.0	4.0	4.0	4.0	4.0	4.0
1030.492295788436	-0.008569652063155268	-4.495821135174007	-900.6364097487267	230.35340944082097	0.0	0.0	0.0	0.0	0.0	4.0	4.0	4.0	4.0	4.0	4.0
1032.0419082633057	-0.008564366842169022	-4.50909667989418	-900.9622691483328	231.8404841130634	0.0	0.0	0.0	0.0	0.0	4.0	4.0	4.0	4.0	4.0	4.0
1033.5915207381756	-0.008559081621182777	-4.522364034569981	-901.2666805114848	233.3322124983515	0.0	0.0	0.0	0.0	0.0	4.0	4.0	4.0	4.0	4.0	4.0
1035.1411332130454	-0.008553796400196531	-4.5356231992014076	-901.5495491516384	234.8282685909617	0.0	0.0	0.0	0.0	0.0	4.0	4.0	4.0	4.0	4.0	4.0
1036.690745687915	-0.008548511179210287	-4.5488741737884615	-901.810787384409	236.32832359439803	0.0	0.0	0.0	0.0	0.0	4.0	4.0	4.0	4.0	4.0	4.0
1038.240358162785	-0.008543225958224042	-4.562116958331145	-902.0503146653672	237.83204612351815	0.0	0.0	0.0	0.0	0.0	4.0	4.0	4.0	4.0	4.0	4.0
1039.789970637655	-0.008537940737237794	-4.575351552829455	-902.2680576726892	239.3391024197517	0.0	0.0	0.0	0.0	0.0	4.0	4.0	4.0	4.0	4.0	4.0
1041.339583112525	-0.008532655516251549	-4.588577957283392	-902.46395036621	240.8491565706547	0.0	0.0	0.0	0.0	0.0	4.0	4.0	4.0	4.0	4.0	4.0
1042.8891955873944	-0.008527370295265305	-4.601796171692953	-902.6379340555496	242.36187072838783	0.0	0.0	0.0	0.0	0.0	4.0	4.0	4.0	4.0	4.0	4.0
1044.4388080622643	-0.008522085074279059	-4.615006196058146	-902.7899574925536	243.8769053269297	0.0	0.0	0.0	0.0	0.0	4.0	4.0	4.0	4.0	4.0	4.0
1045.9884205371343	-0.008516799853292813	-4.628208030378965	-902.9199769800518	245.3939193014004	0.0	0.0	0.0	0.0	0.0	4.0	4.0	4.0	4.0	4.0	4.0
1047.538033012004	-0.008511514632306568	-4.64140167465541	-903.0279564705868	246.9125703132989	0.0	0.0	0.0	0.0	0.0	4.0	4.0	4.0	4.0	4.0	4.0
1049.087645486874	-0.008517544729162482	-4.6545915517287355	-903.1138728761076	248.43250548873456	0.0	0.0	0.0	0.0	0.0	4.0	4.0	4.0	4.0	4.0	4.0
1050.6372579617437	-0.00853468930149764	-4.66780372901789	-903.1777038449488	249.95332639811664	0.0	0.0	0.0	0.0	0.0	4.0	4.0	4.0	4.0	4.0	4.0
1052.1868704366134	-0.008551833873832798	-4.681042473750211	-903.2194333273628	251.47467884565404	0.0	0.0	0.0	0.0	0.0	4.0	4.0	4.0	4.0	4.0	4.0
1053.736482911483	-0.008568978446167955	-4.6943077859257	-903.2390587347423	252.99621707345105	0.0	0.0	0.0	0.0	0.0	4.0	4.0	4.0	4.0	4.0	4.0
1055.2860953863533	-0.008586123018503119	-4.707599665544358	-903.2365846005624	254.51759558792745	0.0	0.0	0.0	0.0	0.0	4.0	4.0	4.0	4.0	4.0	4.0
1056.835707861223	-0.008603267590838275	-4.7209181126061806	-903.2120223527976	256.0384693573961	0.0	0.0	0.0	0.0	0.0	4.0	4.0	4.0	4.0	4.0	4.0
1058.3853203360927	-0.008620412163173434	-4.734263127111169	-903.1653902858832	257.55849399709024	0.0	0.0	0.0	0.0	0.0	4.0	4.0	4.0	4.0	4.0	4.0
1059.934932810963	-0.008637556735508596	-4.747634709059328	-903.0967139702818	259.07732596896597	0.0	0.0	0.0	0.0	0.0	4.0	4.0	4.0	4.0	4.0	4.0
1061.4845452858326	-0.008654701307843755	-4.761032858450651	-903.0060275044716	260.59462285745695	0.0	0.0	0.0	0.0	0.0	4.0	4.0	4.0	4.0	4.0	4.0
1063.0341577607023	-0.008671845880178912	-4.77445757528514	-902.8933762945328	262.11004384393715	0.0	0.0	0.0	0.0	0.0	4.0	4.0	4.0	4.0	4.0	4.0
1064.583770235572	-0.00868899045251407	-4.787908859562797	-902.758822062857	263.62325057925915	0.0	0.0	0.0	0.0	0.0	4.0	4.0	4.0	4.0	4.0	4.0
1066.1333827104418	-0.008706135024849227	-4.80138671128362	-902.602449055568	265.1339085780449	0.0	0.0	0.0	0.0	0.0	4.0	4.0	4.0	4.0	4.0	4.0
1067.682995185312	-0.008723279597184391	-4.814891130447614	-902.4243679057246	266.6416888921719	0.0	0.0	0.0	0.0	0.0	4.0	4.0	4.0	4.0	4.0	4.0
1069.2326076601817	-0.008740424169519548	-4.828422117054771	-902.2247170680096	268.1462698396107	0.0	0.0	0.0	0.0	0.0	4.0	4.0	4.0	4.0	4.0	4.0
1070.7822201350514	-0.008757568741854706	-4.841979671105094	-902.003664694484	269.6473389378293	0.0	0.0	0.0	0.0	0.0	4.0	4.0	4.0	4.0	4.0	4.0
1072.3318326099215	-0.008774713314189869	-4.8555637925985895	-901.7614083172132	271.14459471148234	0.0	0.0	0.0	0.0	0.0	4.0	4.0	4.0	4.0	4.0	4.0
1073.8814450847913	-0.008791857886525027	-4.8691744815352465	-901.4981693056905	272.63774768953823	0.0	0.0	0.0	0.0	0.0	4.0	4.0	4.0	4.0	4.0	4.0
1075.431057559661	-0.008809002458860184	-4.882811737915071	-901.2141848395008	274.12652055611835	0.0	0.0	0.0	0.0	0.0	4.0	4.0	4.0	4.0	4.0	4.0
1076.9806700345307	-0.008826147031195343	-4.896475561738062	-900.9097006955916	275.61064781912216	0.0	0.0	0.0	0.0	0.0	4.0	4.0	4.0	4.0	4.0	4.0
1078.5302825094006	-0.008843291603530503	-4.910165953004222	-900.58496575584	277.08987524743924	0.0	0.0	0.0	0.0	0.0	4.0	4.0	4.0	4.0	4.0	4.0
1080.0798949842704	-0.00886043617586566	-4.923882911713547	-900.2402283947322	278.5639592709716	0.0	0.0	0.0	0.0	0.0	4.0	4.0	4.0	4.0	4.0	4.0
1081.6295074591403	-0.00887758074820082	-4.937626437866041	-899.8757342483696	280.03266640828224	0.0	0.0	0.0	0.0	0.0	4.0	4.0	4.0	4.0	4.0	4.0
1083.17911993401	-0.008894725320535979	-4.9513965314616994	-899.4917230060221	281.49577227985793	0.0	0.0	0.0	0.0	0.0	4.0	4.0	4.0	4.0	4.0	4.0
1084.72873240888	-0.008911869892871137	-4.965193192500527	-899.0884236548587	282.95305995409063	0.0	0.0	0.0	0.0	0.0	4.0	4.0	4.0	4.0	4.0	4.0
1086.2783448837497	-0.008929014465206296	-4.97901642098252	-898.6660532964399	284.40431885476227	0.0	0.0	0.0	0.0	0.0	4.0	4.0	4.0	4.0	4.0	4.0
1087.8279573586194	-0.008946159037541453	-4.992866216907679	-898.2248211250267	285.8493450467634	0.0	0.0	0.0	0.0	0.0	4.0	4.0	4.0	4.0	4.0	4.0
1089.3775698334894	-0.008963303609876613	-5.006742580276007	-897.7649321974187	287.28794181141177	0.0	0.0	0.0	0.0	0.0	4.0	4.0	4.0	4.0	4.0	4.0
1090.9271823083593	-0.008980448182211774	-5.020645511087502	-897.2865891560956	288.71991991440433	0.0	0.0	0.0	0.0	0.0	4.0	4.0	4.0	4.0	4.0	4.0
1092.476794783229	-0.008997592754546932	-5.034575009342162	-896.7899933215602	290.1450978298425	0.0	0.0	0.0	0.0	0.0	4.0	4.0	4.0	4.0	4.0	4.0
1094.0264072580987	-0.00901473732688209	-5.048531075039989	-896.2753454661995	291.563301966506	0.0	0.0	0.0	0.0	0.0	4.0	4.0	4.0	4.0	4.0	4.0
1095.5760197329687	-0.00903188189921725	-5.062513708180984	-895.7428463623701	292.97436689941827	0.0	0.0	0.0	0.0	0.0	4.0	4.0	4.0	4.0	4.0	4.0
1097.1256322078384	-0.009049026471552408	-5.076522908765145	-895.1926971299391	294.37813559477974	0.0	0.0	0.0	0.0	0.0	4.0	4.0	4.0	4.0	4.0	4.0
1098.675244682708	-0.009047861215075701	-5.090555427208693	-894.6250853237802	295.7744646474745	0.0	0.0	0.0	0.0	0.0	4.0	4.0	4.0	4.0	4.0	4.0
1100.224857157578	-0.008985071347190843	-5.104527455837183	-894.0401020311887	297.1634452993268	0.0	0.0	0.0	0.0	0.0	4.0	4.0	4.0	4.0	4.0	4.0
1101.774469632448	-0.008922281479305993	-5.118402184503101	-893.4379140795635	298.54505653723595	0.0	0.0	0.0	0.0	0.0	4.0	4.0	4.0	4.0	4.0	4.0
1103.324082107318	-0.008859491611421143	-5.13217961320645	-892.8187109976299	299.9191710369766	0.0	0.0	0.0	0.0	0.0	4.0	4.0	4.0	4.0	4.0	4.0
1104.8736945821877	-0.008796701743536304	-5.145859741947227	-892.1826840805661	301.2856660822052	0.0	0.0	0.0	0.0	0.0	4.0	4.0	4.0	4.0	4.0	4.0
1106.4233070570576	-0.008733911875651455	-5.159442570725436	-891.5300261031576	302.6444235643557	0.0	0.0	0.0	0.0	0.0	4.0	4.0	4.0	4.0	4.0	4.0
1107.9729195319271	-0.008671122007766622	-5.172928099541072	-890.8609309337384	303.9953299104573	0.0	0.0	0.0	0.0	0.0	4.0	4.0	4.0	4.0	4.0	4.0
1109.522532006797	-0.008608332139881774	-5.186316328394141	-890.1755930675102	305.33827593652245	0.0	0.0	0.0	0.0	0.0	4.0	4.0	4.0	4.0	4.0	4.0
1111.072144481667	-0.008545542271996925	-5.199607257284641	-889.4742071034365	306.6731566292282	0.0	0.0	0.0	0.0	0.0	4.0	4.0	4.0	4.0	4.0	4.0
1112.621756956537	-0.008482752404112075	-5.212800886212571	-888.7569672061185	307.9998708709786	0.0	0.0	0.0	0.0	0.0	4.0	4.0	4.0	4.0	4.0	4.0
1114.171369431407	-0.008419962536227225	-5.225897215177931	-888.0240666151602	309.31832114067396	0.0	0.0	0.0	0.0	0.0	4.0	4.0	4.0	4.0	4.0	4.0
1115.7209819062764	-0.008357172668342395	-5.238896244180718	-887.2756972705488	310.62841323443837	0.0	0.0	0.0	0.0	0.0	4.0	4.0	4.0	4.0	4.0	4.0
1117.270594381146	-0.008294382800457554	-5.2517979732209366	-886.5120495957564	311.93005604404243	0.0	0.0	0.0	0.0	0.0	4.0	4.0	4.0	4.0	4.0	4.0
1118.8202068560165	-0.008231592932572687	-5.264602402298591	-885.7333124337696	313.2231614082546	0.0	0.0	0.0	0.0	0.0	4.0	4.0	4.0	4.0	4.0	4.0
1120.369819330886	-0.008168803064687855	-5.277309531413668	-884.9396730959348	314.5076440297945	0.0	0.0	0.0	0.0	0.0	4.0	4.0	4.0	4.0	4.0	4.0
1121.9194318057555	-0.008106013196803024	-5.289919360566176	-884.1313174802199	315.78342144328457	0.0	0.0	0.0	0.0	0.0	4.0	4.0	4.0	4.0	4.0	4.0
1123.4690442806257	-0.008043223328918166	-5.30243188975612	-883.3084302319196	317.05041402480936	0.0	0.0	0.0	0.0	0.0	4.0	4.0	4.0	4.0	4.0	4.0
1125.0186567554956	-0.007980433461033316	-5.314847118983491	-882.4711949330707	318.308545039227	0.0	0.0	0.0	0.0	0.0	4.0	4.0	4.0	4.0	4.0	4.0
1126.568269230365	-0.007917643593148485	-5.32716504824829	-881.6197943110519	319.5577407225814	0.0	0.0	0.0	0.0	0.0	4.0	4.0	4.0	4.0	4.0	4.0
1128.117881705235	-0.007854853725263636	-5.3393856775505215	-880.7544104571124	320.79793039594057	0.0	0.0	0.0	0.0	0.0	4.0	4.0	4.0	4.0	4.0	4.0
1129.667494180105	-0.007792063857378786	-5.351509006890184	-879.8752250450764	322.02904660540736	0.0	0.0	0.0	0.0	0.0	4.0	4.0	4.0	4.0	4.0	4.0
1131.2171066549747	-0.007729273989493946	-5.363535036267274	-878.9824195392588	323.251025280787	0.0	0.0	0.0	0.0	0.0	4.0	4.0	4.0	4.0	4.0	4.0
1132.766719129845	-0.007666484121609088	-5.375463765681799	-878.0761753804995	324.46380590370944	0.0	0.0	0.0	0.0	0.0	4.0	4.0	4.0	4.0	4.0	4.0
1134.3163316047144	-0.007603694253724257	-5.387295195133748	-877.1566741413267	325.6673316760058	0.0	0.0	0.0	0.0	0.0	4.0	4.0	4.0	4.0	4.0	4.0
1135.8659440795843	-0.0075409043858394075	-5.399029324623132	-876.2240976432774	326.86154967935937	0.0	0.0	0.0	0.0	0.0	4.0	4.0	4.0	4.0	4.0	4.0
1137.415556554454	-0.007478114517954567	-5.4106661541499435	-875.2786280304553	328.04641101692704	0.0	0.0	0.0	0.0	0.0	4.0	4.0	4.0	4.0	4.0	4.0
1138.965169029324	-0.007415324650069718	-5.4222056837141865	-874.3204477938621	329.2218709269278	0.0	0.0	0.0	0.0	0.0	4.0	4.0	4.0	4.0	4.0	4.0
1140.5147815041937	-0.007352534782184878	-5.433647913315859	-873.3497397418815	330.387888857823	0.0	0.0	0.0	0.0	0.0	4.0	4.0	4.0	4.0	4.0	4.0
1142.0643939790637	-0.007289744914300028	-5.444992842954963	-872.3666869153011	331.54442849640776	0.0	0.0	0.0	0.0	0.0	4.0	4.0	4.0	4.0	4.0	4.0
1143.6140064539334	-0.007226955046415188	-5.456240472631495	-871.3714724481454	332.6914577421712	0.0	0.0	0.0	0.0	0.0	4.0	4.0	4.0	4.0	4.0	4.0
1145.163618928803	-0.007164165178530348	-5.467390802345458	-870.3642793765218	333.8289486219996	0.0	0.0	0.0	0.0	0.0	4.0	4.0	4.0	4.0	4.0	4.0
1146.7132314036733	-0.007101375310645489	-5.478443832096854	-869.3452903987877	334.95687714031845	0.0	0.0	0.0	0.0	0.0	4.0	4.0	4.0	4.0	4.0	4.0
1148.262843878543	-0.007038585442760649	-5.489399561885677	-868.3146875919002	336.0752230614461	0.0	0.0	0.0	0.0	0.0	4.0	4.0	4.0	4.0	4.0	4.0
1149.8124563534127	-0.006944800905674412	-5.5002340790977815	-867.2726045884433	337.18401053181526	0.0	0.0	0.0	0.0	0.0	4.0	4.0	4.0	4.0	4.0	4.0
1151.3620688282824	-0.006850883837279732	-5.510923061686308	-866.2191833966676	338.2832713491448	0.0	0.0	0.0	0.0	0.0	4.0	4.0	4.0	4.0	4.0	4.0
1152.9116813031524	-0.006756966768885038	-5.521466509214047	-865.1546053649586	339.3729865611293	0.0	0.0	0.0	0.0	0.0	4.0	4.0	4.0	4.0	4.0	4.0
1154.461293778022	-0.006663049700490357	-5.531864421680997	-864.0790509101447	340.45313877146515	0.0	0.0	0.0	0.0	0.0	4.0	4.0	4.0	4.0	4.0	4.0
1156.010906252892	-0.006569132632095662	-5.542116799087162	-862.9926992066665	341.5237117855697	0.0	0.0	0.0	0.0	0.0	4.0	4.0	4.0	4.0	4.0	4.0
1157.560518727762	-0.006475215563700968	-5.552223641432539	-861.8957278300845	342.584690165494	0.0	0.0	0.0	0.0	0.0	4.0	4.0	4.0	4.0	4.0	4.0
1159.1101312026317	-0.006381298495306287	-5.562184948717126	-860.78831242479	343.63605876715815	0.0	0.0	0.0	0.0	0.0	4.0	4.0	4.0	4.0	4.0	4.0
1160.6597436775014	-0.006287381426911607	-5.572000720940927	-859.6706264045886	344.6778022729029	0.0	0.0	0.0	0.0	0.0	4.0	4.0	4.0	4.0	4.0	4.0
1162.2093561523714	-0.006193464358516912	-5.581670958103941	-858.5428406952715	345.70990473464445	0.0	0.0	0.0	0.0	0.0	4.0	4.0	4.0	4.0	4.0	4.0
1163.7589686272413	-0.006099547290122218	-5.591195660206167	-857.4051235281723	346.7323491446837	0.0	0.0	0.0	0.0	0.0	4.0	4.0	4.0	4.0	4.0	4.0
1165.308581102111	-0.006005630221727537	-5.600574827247605	-856.2576402928128	347.7451170520832	0.0	0.0	0.0	0.0	0.0	4.0	4.0	4.0	4.0	4.0	4.0
1166.8581935769807	-0.005911713153332857	-5.609808459228255	-855.1005534540179	348.74818824097105	0.0	0.0	0.0	0.0	0.0	4.0	4.0	4.0	4.0	4.0	4.0
1168.407806051851	-0.005817796084938149	-5.618896556148119	-853.9340225334182	349.7415404815407	0.0	0.0	0.0	0.0	0.0	4.0	4.0	4.0	4.0	4.0	4.0
1169.9574185267206	-0.005723879016543468	-5.627839118007194	-852.7582041472944	350.725149354559	0.0	0.0	0.0	0.0	0.0	4.0	4.0	4.0	4.0	4.0	4.0
1171.5070310015903	-0.005629961948148787	-5.636636144805481	-851.5732520868067	351.69898814120893	0.0	0.0	0.0	0.0	0.0	4.0	4.0	4.0	4.0	4.0	4.0
1173.05664347646	-0.005536044879754107	-5.645287636542981	-850.3793174264707	352.66302776749626	0.0	0.0	0.0	0.0	0.0	4.0	4.0	4.0	4.0	4.0	4.0
1174.6062559513302	-0.005442127811359399	-5.653793593219695	-849.1765486499671	353.61723679440934	0.0	0.0	0.0	0.0	0.0	4.0	4.0	4.0	4.0	4.0	4.0
1176.1558684262	-0.0053482107429647175	-5.662154014835619	-847.9650917874798	354.56158145021	0.0	0.0	0.0	0.0	0.0	4.0	4.0	4.0	4.0	4.0	4.0
1177.7054809010697	-0.005254293674570037	-5.670368901390756	-846.7450905653593	355.4960257096273	0.0	0.0	0.0	0.0	0.0	4.0	4.0	4.0	4.0	4.0	4.0
1179.2550933759394	-0.005160376606175357	-5.678438252885105	-845.5166865738893	356.4205314321485	0.0	0.0	0.0	0.0	0.0	4.0	4.0	4.0	4.0	4.0	4.0
1180.8047058508091	-0.005066459537780676	-5.686362069318665	-844.2800194597783	357.3350585740941	0.0	0.0	0.0	0.0	0.0	4.0	4.0	4.0	4.0	4.0	4.0
1182.3543183256793	-0.0049725424693859675	-5.694140350691442	-843.0352271470007	358.2395654860395	0.0	0.0	0.0	0.0	0.0	4.0	4.0	4.0	4.0	4.0	4.0
1183.903930800549	-0.004878625400991287	-5.701773097003428	-841.7824460847024	359.13400930046765	0.0	0.0	0.0	0.0	0.0	4.0	4.0	4.0	4.0	4.0	4.0
1185.4535432754187	-0.004784708332596607	-5.709260308254627	-840.5218115156706	360.0183464062273	0.0	0.0	0.0	0.0	0.0	4.0	4.0	4.0	4.0	4.0	4.0
1187.003155750289	-0.004690791264201899	-5.71660198444504	-839.25345775278	360.89253299545754	0.0	0.0	0.0	0.0	0.0	4.0	4.0	4.0	4.0	4.0	4.0
1188.5527682251584	-0.0045968741958072315	-5.723798125574662	-837.9775184460904	361.75652565842296	0.0	0.0	0.0	0.0	0.0	4.0	4.0	4.0	4.0	4.0	4.0
1190.1023807000283	-0.004502957127412537	-5.730848731643499	-836.6941268240759	362.61028199931474	0.0	0.0	0.0	0.0	0.0	4.0	4.0	4.0	4.0	4.0	4.0
1191.651993174898	-0.004409040059017857	-5.737753802651547	-835.4034158967668	363.453761249535	0.0	0.0	0.0	0.0	0.0	4.0	4.0	4.0	4.0	4.0	4.0
1193.201605649768	-0.004315122990623162	-5.744513338598809	-834.1055186120497	364.28692485800383	0.0	0.0	0.0	0.0	0.0	4.0	4.0	4.0	4.0	4.0	4.0
1194.7512181246375	-0.004221205922228495	-5.75112733948528	-832.8005679581123	365.1097370388471	0.0	0.0	0.0	0.0	0.0	4.0	4.0	4.0	4.0	4.0	4.0
1196.3008305995077	-0.004127288853833787	-5.7575958053109675	-831.488697005812	365.9221652564615	0.0	0.0	0.0	0.0	0.0	4.0	4.0	4.0	4.0	4.0	4.0
1197.8504430743774	-0.004033371785439106	-5.7639187360758655	-830.1700388858861	366.7241806283582	0.0	0.0	0.0	0.0	0.0	4.0	4.0	4.0	4.0	4.0	4.0
1199.400055549247	-0.0040300396027142206	-5.770145372554812	-828.8447867498899	367.5157646095219	0.0	0.0	0.0	0.0	0.0	4.0	4.0	4.0	4.0	4.0	4.0
1200.949668024117	-0.004065238429642039	-5.776417644468053	-827.5131810110316	368.29681929372776	0.0	0.0	0.0	0.0	0.0	4.0	4.0	4.0	4.0	4.0	4.0
1202.499280498987	-0.004100437256569857	-5.782744460922601	-826.1753365626203	369.0673175037627	0.0	0.0	0.0	0.0	0.0	4.0	4.0	4.0	4.0	4.0	4.0
1204.0488929738567	-0.004135636083497669	-5.789125821918456	-824.8313717530563	369.8272590722563	0.0	0.0	0.0	0.0	0.0	4.0	4.0	4.0	4.0	4.0	4.0
1205.5985054487264	-0.0041708349104254815	-5.7955617274556195	-823.4814050399738	370.57664668281177	0.0	0.0	0.0	0.0	0.0	4.0	4.0	4.0	4.0	4.0	4.0
1207.1481179235964	-0.004206033737353299	-5.802052177534092	-822.1255547794448	371.3154857401246	0.0	0.0	0.0	0.0	0.0	4.0	4.0	4.0	4.0	4.0	4.0
1208.6977303984663	-0.004241232564281117	-5.808597172153872	-820.7639390049658	372.04378420596424	0.0	0.0	0.0	0.0	0.0	4.0	4.0	4.0	4.0	4.0	4.0
1210.247342873336	-0.00427643139120893	-5.81519671131496	-819.3966752058827	372.7615524162408	0.0	0.0	0.0	0.0	0.0	4.0	4.0	4.0	4.0	4.0	4.0
1211.7969553482058	-0.004311630218136742	-5.821850795017356	-818.0238801129295	373.4688028924175	0.0	0.0	0.0	0.0	0.0	4.0	4.0	4.0	4.0	4.0	4.0
1213.3465678230757	-0.00434682904506456	-5.828559423261061	-816.6456694968921	374.16555015893294	0.0	0.0	0.0	0.0	0.0	4.0	4.0	4.0	4.0	4.0	4.0
1214.8961802979456	-0.004382027871992378	-5.835322596046074	-815.2621579849583	374.8518105769156	0.0	0.0	0.0	0.0	0.0	4.0	4.0	4.0	4.0	4.0	4.0
1216.4457927728154	-0.00441722669892019	-5.842140313372394	-813.8734588980088	375.52760220316185	0.0	0.0	0.0	0.0	0.0	4.0	4.0	4.0	4.0	4.0	4.0
1217.995405247685	-0.004452425525848003	-5.849012575240023	-812.479684110801	376.19294468187263	0.0	0.0	0.0	0.0	0.0	4.0	4.0	4.0	4.0	4.0	4.0
1219.5450177225548	-0.004487624352775815	-5.855939381648959	-811.080943934984	376.847859173338	0.0	0.0	0.0	0.0	0.0	4.0	4.0	4.0	4.0	4.0	4.0
1221.094630197425	-0.004522823179703638	-5.862920732599206	-809.6773470214247	377.4923683166905	0.0	0.0	0.0	0.0	0.0	4.0	4.0	4.0	4.0	4.0	4.0
1222.6442426722947	-0.004558022006631451	-5.869956628090758	-808.2690002759557	378.12649621803314	0.0	0.0	0.0	0.0	0.0	4.0	4.0	4.0	4.0	4.0	4.0
1224.1938551471644	-0.004593220833559263	-5.87704706812362	-806.8560087833845	378.7502684556312	0.0	0.0	0.0	0.0	0.0	4.0	4.0	4.0	4.0	4.0	4.0
1225.7434676220344	-0.004628419660487081	-5.88419205269779	-805.4384757361099	379.3637120960896	0.0	0.0	0.0	0.0	0.0	4.0	4.0	4.0	4.0	4.0	4.0
1227.2930800969043	-0.004663618487414898	-5.891391581813267	-804.0165023644719	379.9668557163921	0.0	0.0	0.0	0.0	0.0	4.0	4.0	4.0	4.0	4.0	4.0
1228.842692571774	-0.004698817314342711	-5.898645655470053	-802.5901878665674	380.5597294273105	0.0	0.0	0.0	0.0	0.0	4.0	4.0	4.0	4.0	4.0	4.0
1230.3923050466435	-0.0047340161412705185	-5.905954273668145	-801.1596293358177	381.1423648943534	0.0	0.0	0.0	0.0	0.0	4.0	4.0	4.0	4.0	4.0	4.0
1231.9419175215137	-0.004769214968198341	-5.9133174364075485	-799.7249216851241	381.7147953531442	0.0	0.0	0.0	0.0	0.0	4.0	4.0	4.0	4.0	4.0	4.0
1233.4915299963836	-0.004804413795126159	-5.920735143688259	-798.2861575669158	382.2770556168523	0.0	0.0	0.0	0.0	0.0	4.0	4.0	4.0	4.0	4.0	4.0
1235.0411424712534	-0.004839612622053972	-5.928207395510277	-796.8434272888537	382.82918207406266	0.0	0.0	0.0	0.0	0.0	4.0	4.0	4.0	4.0	4.0	4.0
1236.590754946123	-0.004874811448981784	-5.935734191873603	-795.3968187253263	383.3712126762199	0.0	0.0	0.0	0.0	0.0	4.0	4.0	4.0	4.0	4.0	4.0
1238.140367420993	-0.004910010275909602	-5.9433155327782385	-793.9464172253212	383.9031869148621	0.0	0.0	0.0	0.0	0.0	4.0	4.0	4.0	4.0	4.0	4.0
1239.6899798958627	-0.004945209102837414	-5.9509514182241805	-792.492305517884	384.4251457907343	0.0	0.0	0.0	0.0	0.0	4.0	4.0	4.0	4.0	4.0	4.0
1241.239592370733	-0.004980407929765237	-5.958641848211433	-791.0345636167023	384.93713177826703	0.0	0.0	0.0	0.0	0.0	4.0	4.0	4.0	4.0	4.0	4.0
1242.7892048456024	-0.005015606756693045	-5.96638682273999	-789.5732687250069	385.4391887885557	0.0	0.0	0.0	0.0	0.0	4.0	4.0	4.0	4.0	4.0	4.0
1244.3388173204723	-0.005050805583620862	-5.974186341809857	-788.1084951414624	385.9313621330681	0.0	0.0	0.0	0.0	0.0	4.0	4.0	4.0	4.0	4.0	4.0
1245.888429795342	-0.005086004410548675	-5.982040405421032	-786.6403141674035	386.4136984897511	0.0	0.0	0.0	0.0	0.0	4.0	4.0	4.0	4.0	4.0	4.0
1247.4380422702118	-0.005121203237476488	-5.989949013573515	-785.1687940155157	386.8862458728019	0.0	0.0	0.0	0.0	0.0	4.0	4.0	4.0	4.0	4.0	4.0
1248.9876547450815	-0.005120116273016427	-5.9978998178088325	-783.6939885186655	387.34903733799905	0.0	0.0	0.0	0.0	0.0	4.0	4.0	4.0	4.0	4.0	4.0
1250.5372672199514	-0.005072701116829773	-6.005797276299521	-782.2159166756819	387.8021329532672	0.0	0.0	0.0	0.0	0.0	4.0	4.0	4.0	4.0	4.0	4.0
1252.0868796948214	-0.005025285960643119	-6.013621259672685	-780.7346442884336	388.2456044501823	0.0	0.0	0.0	0.0	0.0	4.0	4.0	4.0	4.0	4.0	4.0
1253.636492169691	-0.004977870804456472	-6.021371767928323	-779.2502406012244	388.6794998900595	0.0	0.0	0.0	0.0	0.0	4.0	4.0	4.0	4.0	4.0	4.0
1255.186104644561	-0.004930455648269817	-6.029048801066437	-777.7627746618601	389.10386807784766	0.0	0.0	0.0	0.0	0.0	4.0	4.0	4.0	4.0	4.0	4.0
1256.735717119431	-0.004883040492083163	-6.036652359087027	-776.2723153178156	389.5187586457686	0.0	0.0	0.0	0.0	0.0	4.0	4.0	4.0	4.0	4.0	4.0
1258.2853295943007	-0.004835625335896516	-6.04418244199009	-774.7789312108796	389.92422214302246	0.0	0.0	0.0	0.0	0.0	4.0	4.0	4.0	4.0	4.0	4.0
1259.834942069171	-0.004788210179709855	-6.051639049775631	-773.2826907700639	390.3203101315877	0.0	0.0	0.0	0.0	0.0	4.0	4.0	4.0	4.0	4.0	4.0
1261.3845545440404	-0.0047407950235232145	-6.059022182443645	-771.7836622023269	390.70707528702496	0.0	0.0	0.0	0.0	0.0	4.0	4.0	4.0	4.0	4.0	4.0
1262.9341670189103	-0.00469337986733656	-6.0663318399941355	-770.2819134804624	391.0845715019829	0.0	0.0	0.0	0.0	0.0	4.0	4.0	4.0	4.0	4.0	4.0
1264.4837794937798	-0.00464596471114992	-6.073568022427099	-768.7775123276466	391.45285398999033	0.0	0.0	0.0	0.0	0.0	4.0	4.0	4.0	4.0	4.0	4.0
1266.03339196865	-0.004598549554963259	-6.080730729742541	-767.2705261983638	391.8119793875846	0.0	0.0	0.0	0.0	0.0	4.0	4.0	4.0	4.0	4.0	4.0
1267.5830044435197	-0.004551134398776612	-6.087819961940456	-765.761022255666	392.16200585334474	0.0	0.0	0.0	0.0	0.0	4.0	4.0	4.0	4.0	4.0	4.0
1269.1326169183894	-0.004503719242589964	-6.094835719020847	-764.2490673449034	392.50299316308934	0.0	0.0	0.0	0.0	0.0	4.0	4.0	4.0	4.0	4.0	4.0
1270.6822293932591	-0.004456304086403317	-6.101778000983713	-762.7347279641474	392.83500280062106	0.0	0.0	0.0	0.0	0.0	4.0	4.0	4.0	4.0	4.0	4.0
1272.231841868129	-0.004408888930216663	-6.108646807829055	-761.218070231522	393.1580980433852	0.0	0.0	0.0	0.0	0.0	4.0	4.0	4.0	4.0	4.0	4.0
1273.781454342999	-0.004361473774030009	-6.1154421395568725	-759.6991598497698	393.4723440428068	0.0	0.0	0.0	0.0	0.0	4.0	4.0	4.0	4.0	4.0	4.0
1275.3310668178688	-0.0043140586178433615	-6.1221639961671634	-758.1780620684001	393.7778078993191	0.0	0.0	0.0	0.0	0.0	4.0	4.0	4.0	4.0	4.0	4.0
1276.8806792927387	-0.004266643461656707	-6.128812377659932	-756.6548416437919	394.0745587322144	0.0	0.0	0.0	0.0	0.0	4.0	4.0	4.0	4.0	4.0	4.0
1278.4302917676089	-0.004219228305470046	-6.1353872840351755	-755.1295627975702	394.36266774432977	0.0	0.0	0.0	0.0	0.0	4.0	4.0	4.0	4.0	4.0	4.0
1279.9799042424784	-0.004171813149283406	-6.141888715292892	-753.6022891735695	394.6422082815726	0.0	0.0	0.0	0.0	0.0	4.0	4.0	4.0	4.0	4.0	4.0
1281.529516717348	-0.004124397993096759	-6.148316671433085	-752.073083793842	394.9132558884666	0.0	0.0	0.0	0.0	0.0	4.0	4.0	4.0	4.0	4.0	4.0
1283.079129192218	-0.004076982836910104	-6.154671152455754	-750.5420090141503	395.17588836123974	0.0	0.0	0.0	0.0	0.0	4.0	4.0	4.0	4.0	4.0	4.0
1284.6287416670878	-0.004029567680723457	-6.160952158360897	-749.0091264792229	395.4301857994732	0.0	0.0	0.0	0.0	0.0	4.0	4.0	4.0	4.0	4.0	4.0
1286.1783541419577	-0.003982152524536803	-6.167159689148517	-747.4744970782469	395.6762306593709	0.0	0.0	0.0	0.0	0.0	4.0	4.0	4.0	4.0	4.0	4.0
1287.7279666168274	-0.003934737368350156	-6.1732937448186105	-745.9381809009429	395.91410781195447	0.0	0.0	0.0	0.0	0.0	4.0	4.0	4.0	4.0	4.0	4.0
1289.2775790916974	-0.0038873222121635015	-6.179354325371181	-744.4002371942169	396.1439046076876	0.0	0.0	0.0	0.0	0.0	4.0	4.0	4.0	4.0	4.0	4.0
1290.827191566567	-0.0038399070559768543	-6.185341430806225	-742.8607243193176	396.3657109488107	0.0	0.0	0.0	0.0	0.0	4.0	4.0	4.0	4.0	4.0	4.0
1292.3768040414368	-0.003792491899790207	-6.191255061123744	-741.3196997093529	396.5796193705112	0.0	0.0	0.0	0.0	0.0	4.0	4.0	4.0	4.0	4.0	4.0
1293.9264165163067	-0.003745076743603553	-6.19709521632374	-739.7772198269778	396.78572513181416	0.0	0.0	0.0	0.0	0.0	4.0	4.0	4.0	4.0	4.0	4.0
1295.4760289911765	-0.0036976615874169056	-6.20286189640621	-738.2333401220221	396.9841263168567	0.0	0.0	0.0	0.0	0.0	4.0	4.0	4.0	4.0	4.0	4.0
1297.0256414660464	-0.0036502464312302514	-6.208555101371156	-736.6881149888952	397.17492394822665	0.0	0.0	0.0	0.0	0.0	4.0	4.0	4.0	4.0	4.0	4.0
1298.575253940916	-0.0035866058918598916	-6.214172533717902	-735.141599581079	397.3582117832907	0.0	0.0	0.0	0.0	0.0	4.0	4.0	4.0	4.0	4.0	4.0
1300.124866415786	-0.003450408232655303	-6.219624856154495	-733.5939516997739	397.53407172068194	0.0	0.0	0.0	0.0	0.0	4.0	4.0	4.0	4.0	4.0	4.0
1301.6744788906558	-0.0033142105734507536	-6.224866124999336	-732.0453031294722	397.7026311457169	0.0	0.0	0.0	0.0	0.0	4.0	4.0	4.0	4.0	4.0	4.0
1303.2240913655255	-0.003178012914246205	-6.229896340252425	-730.4957368474286	397.8640034300753	0.0	0.0	0.0	0.0	0.0	4.0	4.0	4.0	4.0	4.0	4.0
1304.7737038403957	-0.0030418152550416157	-6.2347155019137634	-728.945336208898	398.0183059601994	0.0	0.0	0.0	0.0	0.0	4.0	4.0	4.0	4.0	4.0	4.0
1306.3233163152654	-0.0029056175958370664	-6.239323609983349	-727.3941846449173	398.16566031799294	0.0	0.0	0.0	0.0	0.0	4.0	4.0	4.0	4.0	4.0	4.0
1307.8729287901351	-0.0027694199366325176	-6.243720664461184	-725.8423653649891	398.30619244066753	0.0	0.0	0.0	0.0	0.0	4.0	4.0	4.0	4.0	4.0	4.0
1309.4225412650048	-0.0026332222774279684	-6.247906665347267	-724.2899610659606	398.4400327600316	0.0	0.0	0.0	0.0	0.0	4.0	4.0	4.0	4.0	4.0	4.0
1310.972153739875	-0.002497024618223379	-6.251881612641599	-722.7370536483726	398.56731632361704	0.0	0.0	0.0	0.0	0.0	4.0	4.0	4.0	4.0	4.0	4.0
1312.5217662147447	-0.0023608269590188304	-6.2556455063441785	-721.1837239412254	398.68818289314606	0.0	0.0	0.0	0.0	0.0	4.0	4.0	4.0	4.0	4.0	4.0
1314.0713786896144	-0.002224629299814281	-6.259198346455007	-719.6300514361782	398.8027770163794	0.0	0.0	0.0	0.0	0.0	4.0	4.0	4.0	4.0	4.0	4.0
1315.6209911644844	-0.0020884316406097124	-6.2625401329740855	-718.0761140323322	398.9112480733087	0.0	0.0	0.0	0.0	0.0	4.0	4.0	4.0	4.0	4.0	4.0
1317.170603639354	-0.0019522339814051631	-6.265670865901411	-716.5219877925906	399.0137502980507	0.0	0.0	0.0	0.0	0.0	4.0	4.0	4.0	4.0	4.0	4.0
1318.720216114224	-0.0018160363222005942	-6.268590545236986	-714.9677467124502	399.11044277810635	0.0	0.0	0.0	0.0	0.0	4.0	4.0	4.0	4.0	4.0	4.0
1320.2698285890938	-0.0016798386629960451	-6.271299170980808	-713.4134625018706	399.2014894274972	0.0	0.0	0.0	0.0	0.0	4.0	4.0	4.0	4.0	4.0	4.0
1321.8194410639635	-0.001543641003791496	-6.27379674313288	-711.8592043806301	399.287058910555	0.0	0.0	0.0	0.0	0.0	4.0	4.0	4.0	4.0	4.0	4.0
1323.3690535388337	-0.0014074433445869072	-6.2760832616932	-710.3050388879901	399.36732450965906	0.0	0.0	0.0	0.0	0.0	4.0	4.0	4.0	4.0	4.0	4.0
1324.9186660137034	-0.0012712456853823581	-6.278158726661769	-708.7510297074308	399.4424639513618	0.0	0.0	0.0	0.0	0.0	4.0	4.0	4.0	4.0	4.0	4.0
1326.468278488573	-0.0011350480261778089	-6.280023138038586	-707.1972375066259	399.51265919057994	0.0	0.0	0.0	0.0	0.0	4.0	4.0	4.0	4.0	4.0	4.0
1328.0178909634428	-0.0009988503669732599	-6.2816764958236515	-705.6437197925968	399.5780961479709	0.0	0.0	0.0	0.0	0.0	4.0	4.0	4.0	4.0	4.0	4.0
1329.5675034383128	-0.0008626527077686909	-6.283118800016966	-704.0905307817833	399.63896439670503	0.0	0.0	0.0	0.0	0.0	4.0	4.0	4.0	4.0	4.0	4.0
1331.1171159131827	-0.0007264550485641219	-6.284350050618529	-702.5377212845295	399.6954567969834	0.0	0.0	0.0	0.0	0.0	4.0	4.0	4.0	4.0	4.0	4.0
1332.6667283880524	-0.0005902573893595729	-6.28537024762834	-700.9853386031665	399.74776908720435	0.0	0.0	0.0	0.0	0.0	4.0	4.0	4.0	4.0	4.0	4.0
1334.2163408629224	-0.00045405973015500377	-6.2861793910464	-699.4334264425031	399.7960994395213	0.0	0.0	0.0	0.0	0.0	4.0	4.0	4.0	4.0	4.0	4.0
1335.765953337792	-0.00031786207095045474	-6.286777480872709	-697.8820248312722	399.8406479760292	0.0	0.0	0.0	0.0	0.0	4.0	4.0	4.0	4.0	4.0	4.0
1337.315565812662	-0.00018166441174588568	-6.287164517107266	-696.3311700528444	399.8816162465909	0.0	0.0	0.0	0.0	0.0	4.0	4.0	4.0	4.0	4.0	4.0
1338.8651782875318	-4.546675254133664e-05	-6.287340499750072	-694.7808945832513	399.91920667493247	0.0	0.0	0.0	0.0	0.0	4.0	4.0	4.0	4.0	4.0	4.0
1340.4147907624017	9.07309066632324e-05	-6.287305428801126	-693.2312270343147	399.95362197864574	0.0	0.0	0.0	0.0	0.0	4.0	4.0	4.0	4.0	4.0	4.0
1341.9644032372714	0.00022692856586778144	-6.287059304260429	-691.6821920994934	399.98506456785464	0.0	0.0	0.0	0.0	0.0	4.0	4.0	4.0	4.0	4.0	4.0
1343.5140157121411	0.0003631262250723305	-6.286602126127979	-690.1338104999135	400.0137359201776	0.0	0.0	0.0	0.0	0.0	4.0	4.0	4.0	4.0	4.0	4.0
1345.0636281870109	0.0004993238842768796	-6.2859338944037795	-688.5860989279441	400.03983591153536	0.0	0.0	0.0	0.0	0.0	4.0	4.0	4.0	4.0	4.0	4.0
1346.613240661881	0.0006355215434814686	-6.285054609087828	-687.0390699853205	400.06356210632856	0.0	0.0	0.0	0.0	0.0	4.0	4.0	4.0	4.0	4.0	4.0
1348.1628531367508	0.0007717192026860176	-6.283964270180125	-685.4927321125466	400.08510903144406	0.0	0.0	0.0	0.0	0.0	4.0	4.0	4.0	4.0	4.0	4.0
1349.7124656116207	0.0007617456328661318	-6.282765986242699	-683.9467737946682	400.104710884143	0.0	0.0	0.0	0.0	0.0	4.0	4.0	4.0	4.0	4.0	4.0
1351.2620780864904	0.0007373889056210382	-6.281604447451525	-682.4007448938577	400.1225263459739	0.0	0.0	0.0	0.0	0.0	4.0	4.0	4.0	4.0	4.0	4.0
1352.81169056136	0.0007130321783759483	-6.2804806521487375	-680.8546305944828	400.1387262253034	0.0	0.0	0.0	0.0	0.0	4.0	4.0	4.0	4.0	4.0	4.0
1354.36130303623	0.0006886754511308477	-6.279394600334336	-679.3084207409496	400.1534839510566	0.0	0.0	0.0	0.0	0.0	4.0	4.0	4.0	4.0	4.0	4.0
1355.9109155110998	0.0006643187238857542	-6.27834629200832	-677.7621066918152	400.16696681848293	0.0	0.0	0.0	0.0	0.0	4.0	4.0	4.0	4.0	4.0	4.0
1357.4605279859695	0.0006399619966406606	-6.27733572717069	-676.2156812045766	400.17933540969034	0.0	0.0	0.0	0.0	0.0	4.0	4.0	4.0	4.0	4.0	4.0
1359.0101404608397	0.00061560526939556	-6.276362905821445	-674.6691383214007	400.190743135175	0.0	0.0	0.0	0.0	0.0	4.0	4.0	4.0	4.0	4.0	4.0
1360.5597529357092	0.0005912485421504701	-6.275427827960588	-673.1224732570686	400.2013359007871	0.0	0.0	0.0	0.0	0.0	4.0	4.0	4.0	4.0	4.0	4.0
1362.1093654105794	0.0005668918149053695	-6.274530493588116	-671.5756822899499	400.2112518613501	0.0	0.0	0.0	0.0	0.0	4.0	4.0	4.0	4.0	4.0	4.0
1363.6589778854488	0.0005425350876602796	-6.27367090270403	-670.0287626568048	400.220621262868	0.0	0.0	0.0	0.0	0.0	4.0	4.0	4.0	4.0	4.0	4.0
1365.2085903603188	0.0005181783604151824	-6.272849055308329	-668.481712452156	400.22956637780254	0.0	0.0	0.0	0.0	0.0	4.0	4.0	4.0	4.0	4.0	4.0
1366.7582028351885	0.0004938216331700889	-6.272064951401016	-666.9345305328031	400.2382015271036	0.0	0.0	0.0	0.0	0.0	4.0	4.0	4.0	4.0	4.0	4.0
1368.3078153100585	0.0004694649059249919	-6.271318590982088	-665.3872164278234	400.24663317653216	0.0	0.0	0.0	0.0	0.0	4.0	4.0	4.0	4.0	4.0	4.0
1369.8574277849284	0.0004451081786798948	-6.2706099740515455	-663.8397702542279	400.25496009229806	0.0	0.0	0.0	0.0	0.0	4.0	4.0	4.0	4.0	4.0	4.0
1371.407040259798	0.00042075145143480487	-6.26993910060939	-662.292192638267	400.2632735409363	0.0	0.0	0.0	0.0	0.0	4.0	4.0	4.0	4.0	4.0	4.0
1372.9566527346678	0.0003963947241897078	-6.26930597065562	-660.7444846422725	400.2716575197677	0.0	0.0	0.0	0.0	0.0	4.0	4.0	4.0	4.0	4.0	4.0
1374.506265209538	0.0003720379969446072	-6.268710584190236	-659.1966476968365	400.28018900652506	0.0	0.0	0.0	0.0	0.0	4.0	4.0	4.0	4.0	4.0	4.0
1376.0558776844075	0.00034768126969951724	-6.268152941213238	-657.6486835380877	400.2889382192356	0.0	0.0	0.0	0.0	0.0	4.0	4.0	4.0	4.0	4.0	4.0
1377.6054901592777	0.0003233245424544166	-6.267633041724626	-656.1005941497972	400.2979688798426	0.0	0.0	0.0	0.0	0.0	4.0	4.0	4.0	4.0	4.0	4.0
1379.1551026341472	0.00029896781520932666	-6.2671508857244005	-654.5523817100573	400.3073384771453	0.0	0.0	0.0	0.0	0.0	4.0	4.0	4.0	4.0	4.0	4.0
1380.7047151090171	0.0002746110879642296	-6.26670647321256	-653.0040485422704	400.31709852632787	0.0	0.0	0.0	0.0	0.0	4.0	4.0	4.0	4.0	4.0	4.0
1382.2543275838868	0.0002502543607191361	-6.2662998041891065	-651.4555970702122	400.3272948236047	0.0	0.0	0.0	0.0	0.0	4.0	4.0	4.0	4.0	4.0	4.0
1383.8039400587568	0.00022589763347403904	-6.265930878654038	-649.9070297769312	400.3379676953659	0.0	0.0	0.0	0.0	0.0	4.0	4.0	4.0	4.0	4.0	4.0
1385.3535525336267	0.00020154090622894196	-6.265599696607357	-648.3583491672798	400.3491522416903	0.0	0.0	0.0	0.0	0.0	4.0	4.0	4.0	4.0	4.0	4.0
1386.9031650084964	0.00017718417898384848	-6.26530625804906	-646.8095577338603	400.3608785742954	0.0	0.0	0.0	0.0	0.0	4.0	4.0	4.0	4.0	4.0	4.0
1388.4527774833664	0.0001528274517387514	-6.265050562979151	-645.2606579261867	400.37317204899256	0.0	0.0	0.0	0.0	0.0	4.0	4.0	4.0	4.0	4.0	4.0
1390.002389958236	0.0001284707244936579	-6.264832611397627	-643.7116521228714	400.38605349257693	0.0	0.0	0.0	0.0	0.0	4.0	4.0	4.0	4.0	4.0	4.0
1391.5520024331058	0.0001041139972485644	-6.264652403304488	-642.1625426066244	400.3995394236056	0.0	0.0	0.0	0.0	0.0	4.0	4.0	4.0	4.0	4.0	4.0
1393.1016149079758	7.975727000346734e-05	-6.264509938699737	-640.6133315418482	400.4136422648698	0.0	0.0	0.0	0.0	0.0	4.0	4.0	4.0	4.0	4.0	4.0
1394.6512273828455	5.540054275837384e-05	-6.264405217583371	-639.0640209545327	400.4283705415298	0.0	0.0	0.0	0.0	0.0	4.0	4.0	4.0	4.0	4.0	4.0
1396.2008398577154	3.104381551327677e-05	-6.264338239955391	-637.5146127140853	400.4437290551659	0.0	0.0	0.0	0.0	0.0	4.0	4.0	4.0	4.0	4.0	4.0
1397.7504523325852	6.68708826818327e-06	-6.264309005815797	-635.9651085168259	400.45971902739007	0.0	0.0	0.0	0.0	0.0	4.0	4.0	4.0	4.0	4.0	4.0
1399.300064807455	-1.7431393814783714e-05	-6.264317396334922	-634.4155102014753	400.4763381124477	0.0	0.0	0.0	0.0	0.0	4.0	4.0	4.0	4.0	4.0	4.0
1400.8496772823248	-4.141802334047237e-05	-6.264362993230403	-632.8658202362479	400.49358072873497	0.0	0.0	0.0	0.0	0.0	4.0	4.0	4.0	4.0	4.0	4.0
1402.3992897571948	-6.540465286616454e-05	-6.264445760106228	-631.316039800511	400.511438097698	0.0	0.0	0.0	0.0	0.0	4.0	4.0	4.0	4.0	4.0	4.0
1403.9489022320647	-8.939128239185672e-05	-6.2645656969623955	-629.7661697509396	400.5298982149735	0.0	0.0	0.0	0.0	0.0	4.0	4.0	4.0	4.0	4.0	4.0
1405.4985147069349	-0.00011337791191755241	-6.264722803798906	-628.2162107177232	400.5489460210901	0.0	0.0	0.0	0.0	0.0	4.0	4.0	4.0	4.0	4.0	4.0
1407.048127181804	-0.0001373645414432305	-6.264917080615759	-626.6661630987048	400.5685634952489	0.0	0.0	0.0	0.0	0.0	4.0	4.0	4.0	4.0	4.0	4.0
1408.597739656674	-0.0001613511709689262	-6.265148527412956	-625.1160270550151	400.588729745008	0.0	0.0	0.0	0.0	0.0	4.0	4.0	4.0	4.0	4.0	4.0
1410.1473521315438	-0.00018533780049461487	-6.265417144190496	-623.5658025081517	400.609421092276	0.0	0.0	0.0	0.0	0.0	4.0	4.0	4.0	4.0	4.0	4.0
1411.6969646064135	-0.00020932443002030354	-6.265722930948379	-622.015489138439	400.6306111561556	0.0	0.0	0.0	0.0	0.0	4.0	4.0	4.0	4.0	4.0	4.0
1413.2465770812837	-0.00023331105954599922	-6.266065887686605	-620.4650863848266	400.6522709331427	0.0	0.0	0.0	0.0	0.0	4.0	4.0	4.0	4.0	4.0	4.0
1414.7961895561534	-0.00025729768907168787	-6.266446014405174	-618.9145934459737	400.674368875077	0.0	0.0	0.0	0.0	0.0	4.0	4.0	4.0	4.0	4.0	4.0
1416.3458020310231	-0.00028128431859737653	-6.266863311104086	-617.3640092825622	400.6968709650875	0.0	0.0	0.0	0.0	0.0	4.0	4.0	4.0	4.0	4.0	4.0
1417.8954145058929	-0.0003052709481230652	-6.267317777783341	-615.8133326207899	400.7197407915639	0.0	0.0	0.0	0.0	0.0	4.0	4.0	4.0	4.0	4.0	4.0
1419.445026980763	-0.00032925757764876086	-6.26780941444294	-614.2625619569866	400.7429396200274	0.0	0.0	0.0	0.0	0.0	4.0	4.0	4.0	4.0	4.0	4.0
1420.9946394556328	-0.00035324420717444953	-6.268338221082882	-612.711695563302	400.766426462732	0.0	0.0	0.0	0.0	0.0	4.0	4.0	4.0	4.0	4.0	4.0
1422.5442519305025	-0.0003772308367001382	-6.268904197703166	-611.1607314944065	400.7901581456728	0.0	0.0	0.0	0.0	0.0	4.0	4.0	4.0	4.0	4.0	4.0
1424.0938644053722	-0.00040121746622582687	-6.269507344303793	-609.6096675951636	400.81408937236546	0.0	0.0	0.0	0.0	0.0	4.0	4.0	4.0	4.0	4.0	4.0
1425.6434768802424	-0.00042520409575152253	-6.270147660884764	-608.058501509215	400.8381727836281	0.0	0.0	0.0	0.0	0.0	4.0	4.0	4.0	4.0	4.0	4.0
1427.193089355112	-0.0004491907252772112	-6.270825147446078	-606.5072306884468	400.8623590127447	0.0	0.0	0.0	0.0	0.0	4.0	4.0	4.0	4.0	4.0	4.0
1428.7427018299818	-0.00047317735480289987	-6.271539803987735	-604.9558524033017	400.8865967356913	0.0	0.0	0.0	0.0	0.0	4.0	4.0	4.0	4.0	4.0	4.0
1430.2923143048515	-0.0004971639843285885	-6.272291630509735	-603.4043637539294	400.9108327166592	0.0	0.0	0.0	0.0	0.0	4.0	4.0	4.0	4.0	4.0	4.0
1431.8419267797217	-0.0005211506138542842	-6.273080627012078	-601.8527616821692	400.9350118501215	0.0	0.0	0.0	0.0	0.0	4.0	4.0	4.0	4.0	4.0	4.0
1433.3915392545914	-0.0005451372433799729	-6.273906793494764	-600.3010429843765	400.9590772023522	0.0	0.0	0.0	0.0	0.0	4.0	4.0	4.0	4.0	4.0	4.0
1434.9411517294611	-0.0005691238729056615	-6.274770129957794	-598.7492043251093	400.9829700577392	0.0	0.0	0.0	0.0	0.0	4.0	4.0	4.0	4.0	4.0	4.0
1436.4907642043308	-0.0005931105024313502	-6.275670636401166	-597.1972422516725	401.0066299785192	0.0	0.0	0.0	0.0	0.0	4.0	4.0	4.0	4.0	4.0	4.0
1438.040376679201	-0.0006170971319570459	-6.276608312824882	-595.6451532094899	401.02999489158253	0.0	0.0	0.0	0.0	0.0	4.0	4.0	4.0	4.0	4.0	4.0
1439.5899891540705	-0.000641083761482731	-6.27758315922894	-594.0929335583535	401.0530012528739	0.0	0.0	0.0	0.0	0.0	4.0	4.0	4.0	4.0	4.0	4.0
1441.1396016289405	-0.0006650703910084231	-6.278595175613342	-592.5405795919079	401.07558493929184	0.0	0.0	0.0	0.0	0.0	4.0	4.0	4.0	4.0	4.0	4.0
1442.6892141038104	-0.0006890570205341154	-6.279644361978087	-590.9880875595929	401.0976841901042	0.0	0.0	0.0	0.0	0.0	4.0	4.0	4.0	4.0	4.0	4.0
1444.23882657868	-0.0007130436500598005	-6.280730718323174	-589.4354536683401	401.1192419868483	0.0	0.0	0.0	0.0	0.0	4.0	4.0	4.0	4.0	4.0	4.0
1445.7884390535498	-0.0007370302795854927	-6.281854244648605	-587.8826740626389	401.140205234786	0.0	0.0	0.0	0.0	0.0	4.0	4.0	4.0	4.0	4.0	4.0
1447.3380515284198	-0.0007610169091111849	-6.28301494095438	-586.3297448077299	401.1605244294242	0.0	0.0	0.0	0.0	0.0	4.0	4.0	4.0	4.0	4.0	4.0
1448.8876640032895	-0.000730605508905257	-6.2841969148551025	-584.7767079964814	401.1801229264259	0.0	0.0	0.0	0.0	0.0	4.0	4.0	4.0	4.0	4.0	4.0
1450.4372764781594	-0.0006103240225079393	-6.285235875420002	-583.2240406847842	401.19894493514056	0.0	0.0	0.0	0.0	0.0	4.0	4.0	4.0	4.0	4.0	4.0
1451.9868889530294	-0.0004900425361106217	-6.286088446293085	-581.6718786962384	401.2169905909592	0.0	0.0	0.0	0.0	0.0	4.0	4.0	4.0	4.0	4.0	4.0
1453.536501427899	-0.0003697610497133217	-6.28675462747435	-580.1202340988525	401.2342256152472	0.0	0.0	0.0	0.0	0.0	4.0	4.0	4.0	4.0	4.0	4.0
1455.086113902769	-0.0002494795633160041	-6.287234418963798	-578.5691196868571	401.2506179261294	0.0	0.0	0.0	0.0	0.0	4.0	4.0	4.0	4.0	4.0	4.0
1456.6357263776388	-0.0001291980769187041	-6.287527820761429	-577.0185485386426	401.2661367389007	0.0	0.0	0.0	0.0	0.0	4.0	4.0	4.0	4.0	4.0	4.0
1458.1853388525087	-8.916590521386468e-06	-6.2876348328672425	-575.468533580801	401.2807519138303	0.0	0.0	0.0	0.0	0.0	4.0	4.0	4.0	4.0	4.0	4.0
1459.7349513273784	0.0001113648958759135	-6.28755545528124	-573.9190871546158	401.29443362376406	0.0	0.0	0.0	0.0	0.0	4.0	4.0	4.0	4.0	4.0	4.0
1461.2845638022484	0.00023164638227323115	-6.287289688003419	-572.3702205878383	401.3071511791616	0.0	0.0	0.0	0.0	0.0	4.0	4.0	4.0	4.0	4.0	4.0
1462.834176277118	0.0003519278686705311	-6.286837531033782	-570.8219437797753	401.3188677404368	0.0	0.0	0.0	0.0	0.0	4.0	4.0	4.0	4.0	4.0	4.0
1464.3837887519878	0.0004722093550678311	-6.2861989843723265	-569.2742647670362	401.32953413335633	0.0	0.0	0.0	0.0	0.0	4.0	4.0	4.0	4.0	4.0	4.0
1465.9334012268578	0.0005924908414651487	-6.2853740480190545	-567.7271892275434	401.33908932895446	0.0	0.0	0.0	0.0	0.0	4.0	4.0	4.0	4.0	4.0	4.0
1467.4830137017275	0.0007127723278624488	-6.284362721973966	-566.1807199500197	401.3474639910123	0.0	0.0	0.0	0.0	0.0	4.0	4.0	4.0	4.0	4.0	4.0
1469.0326261765974	0.0008330538142597663	-6.283165006237059	-564.6348562964332	401.3545817051463	0.0	0.0	0.0	0.0	0.0	4.0	4.0	4.0	4.0	4.0	4.0
1470.5822386514674	0.000953335300657084	-6.281780900808336	-563.0895936509711	401.3603594439376	0.0	0.0	0.0	0.0	0.0	4.0	4.0	4.0	4.0	4.0	4.0
1472.131851126337	0.001073616787054384	-6.280210405687796	-561.5449228536393	401.3647078549573	0.0	0.0	0.0	0.0	0.0	4.0	4.0	4.0	4.0	4.0	4.0
1473.6814636012068	0.001193898273451684	-6.278453520875438	-560.000829616935	401.3675311411813	0.0	0.0	0.0	0.0	0.0	4.0	4.0	4.0	4.0	4.0	4.0
1475.2310760760763	0.0013141797598489663	-6.276510246371263	-558.4572939258529	401.36872725507914	0.0	0.0	0.0	0.0	0.0	4.0	4.0	4.0	4.0	4.0	4.0
1476.7806885509467	0.0014344612462463193	-6.2743805821752705	-556.9142894303666	401.3681889889644	0.0	0.0	0.0	0.0	0.0	4.0	4.0	4.0	4.0	4.0	4.0
1478.3303010258164	0.0015547427326436192	-6.272064528287461	-555.3717828090583	401.36580269051825	0.0	0.0	0.0	0.0	0.0	4.0	4.0	4.0	4.0	4.0	4.0
1479.879913500686	0.0016750242190409015	-6.269562084707836	-553.8297330122598	401.3614406411493	0.0	0.0	0.0	0.0	0.0	4.0	4.0	4.0	4.0	4.0	4.0
1481.429525975556	0.0017953057054382368	-6.266873251436392	-552.2880904218009	401.35495701518096	0.0	0.0	0.0	0.0	0.0	4.0	4.0	4.0	4.0	4.0	4.0
1482.979138450426	0.0019155871918355544	-6.2639980284731305	-550.7467960841003	401.34619341215927	0.0	0.0	0.0	0.0	0.0	4.0	4.0	4.0	4.0	4.0	4.0
1484.5287509252958	0.0020358686782328546	-6.260936415818053	-549.2057809629355	401.3349830645225	0.0	0.0	0.0	0.0	0.0	4.0	4.0	4.0	4.0	4.0	4.0
1486.0783634001657	0.002156150164630172	-6.257688413471158	-547.6649651531171	401.3211517735806	0.0	0.0	0.0	0.0	0.0	4.0	4.0	4.0	4.0	4.0	4.0
1487.6279758750356	0.0022764316510274895	-6.254254021432446	-546.1242570822053	401.30451868712873	0.0	0.0	0.0	0.0	0.0	4.0	4.0	4.0	4.0	4.0	4.0
1489.1775883499054	0.0023967131374247894	-6.250633239701917	-544.5835526821924	401.284896401509	0.0	0.0	0.0	0.0	0.0	4.0	4.0	4.0	4.0	4.0	4.0
1490.727200824775	0.0025169946238220897	-6.246826068279571	-543.0427345329526	401.2620908769566	0.0	0.0	0.0	0.0	0.0	4.0	4.0	4.0	4.0	4.0	4.0
1492.2768132996448	0.0026372761102193896	-6.242832507165407	-541.5016709656978	401.2359010226784	0.0	0.0	0.0	0.0	0.0	4.0	4.0	4.0	4.0	4.0	4.0
1493.8264257745147	0.0027575575966167073	-6.238652556359426	-539.9602151159287	401.20611796985105	0.0	0.0	0.0	0.0	0.0	4.0	4.0	4.0	4.0	4.0	4.0
1495.3760382493845	0.0028778390830140072	-6.234286215861629	-538.4182039136325	401.17252404085497	0.0	0.0	0.0	0.0	0.0	4.0	4.0	4.0	4.0	4.0	4.0
1496.9256507242542	0.002998120569411307	-6.229733485672014	-536.8754570149524	401.134891759813	0.0	0.0	0.0	0.0	0.0	4.0	4.0	4.0	4.0	4.0	4.0
1498.475263199124	0.003052152107020018	-6.22499978239729	-535.3317655844171	401.09301355100337	0.0	0.0	0.0	0.0	0.0	4.0	4.0	4.0	4.0	4.0	4.0
1500.0248756739943	0.002544611060315712	-6.22066337538579	-533.7857338118655	401.0467381850691	0.0	0.0	0.0	0.0	0.0	4.0	4.0	4.0	4.0	4.0	4.0
1501.574488148864	0.00203707001361163	-6.217113460311774	-532.2366408571071	400.9956138282903	0.0	0.0	0.0	0.0	0.0	4.0	4.0	4.0	4.0	4.0	4.0
1503.1241006237335	0.0015295289669076217	-6.214350037175239	-530.6847313555899	400.9393758767801	0.0	0.0	0.0	0.0	0.0	4.0	4.0	4.0	4.0	4.0	4.0
1504.6737130986037	0.0010219879202033903	-6.212373105976185	-529.1302989449059	400.8777647098711	0.0	0.0	0.0	0.0	0.0	4.0	4.0	4.0	4.0	4.0	4.0
1506.2233255734734	0.0005144468734993078	-6.2111826667146115	-527.5736822955369	400.8105341210349	0.0	0.0	0.0	0.0	0.0	4.0	4.0	4.0	4.0	4.0	4.0
1507.7729380483431	6.905826795225415e-06	-6.21077871939052	-526.0152608100386	400.7374571022072	0.0	0.0	0.0	0.0	0.0	4.0	4.0	4.0	4.0	4.0	4.0
1509.3225505232128	-0.000500635219908857	-6.21116126400391	-524.4554495274189	400.6583241916986	0.0	0.0	0.0	0.0	0.0	4.0	4.0	4.0	4.0	4.0	4.0
1510.8721629980828	-0.001008176266613014	-6.21233030055478	-522.8946932306014	400.5729345664398	0.0	0.0	0.0	0.0	0.0	4.0	4.0	4.0	4.0	4.0	4.0
1512.4217754729527	-0.0015157173133171708	-6.214285829043132	-521.3334602244412	400.4810844632829	0.0	0.0	0.0	0.0	0.0	4.0	4.0	4.0	4.0	4.0	4.0
1513.9713879478222	-0.0020232583600211787	-6.217027849468964	-519.772236221753	400.3825561219233	0.0	0.0	0.0	0.0	0.0	4.0	4.0	4.0	4.0	4.0	4.0
1515.5210004226924	-0.00253079940672541	-6.22055636183228	-518.2115186282582	400.2771085854914	0.0	0.0	0.0	0.0	0.0	4.0	4.0	4.0	4.0	4.0	4.0
1517.070612897562	-0.003038340453429418	-6.224871366133074	-516.6518116167907	400.1644743898085	0.0	0.0	0.0	0.0	0.0	4.0	4.0	4.0	4.0	4.0	4.0
1518.6202253724318	-0.003545881500133575	-6.229972862371351	-515.0936221922675	400.044366518721	0.0	0.0	0.0	0.0	0.0	4.0	4.0	4.0	4.0	4.0	4.0
1520.1698378473018	-0.004053422546837732	-6.235860850547109	-513.537456771315	399.9164928414424	0.0	0.0	0.0	0.0	0.0	4.0	4.0	4.0	4.0	4.0	4.0
1521.7194503221715	-0.004560963593541814	-6.242535330660347	-511.9838174088649	399.78056756803306	0.0	0.0	0.0	0.0	0.0	4.0	4.0	4.0	4.0	4.0	4.0
1523.2690627970414	-0.005068504640245971	-6.249996302711068	-510.4331973793969	399.6363127782948	0.0	0.0	0.0	0.0	0.0	4.0	4.0	4.0	4.0	4.0	4.0
1524.8186752719112	-0.005576045686950054	-6.258243766699269	-508.8860766103752	399.4834538659576	0.0	0.0	0.0	0.0	0.0	4.0	4.0	4.0	4.0	4.0	4.0
1526.368287746781	-0.0060835867336542105	-6.267277722624952	-507.34291746199347	399.3217165795543	0.0	0.0	0.0	0.0	0.0	4.0	4.0	4.0	4.0	4.0	4.0
1527.917900221651	-0.006591127780358368	-6.277098170488117	-505.8041608398292	399.1508280869435	0.0	0.0	0.0	0.0	0.0	4.0	4.0	4.0	4.0	4.0	4.0
1529.4675126965208	-0.0070986688270624505	-6.287705110288761	-504.2702224070389	398.97051851845595	0.0	0.0	0.0	0.0	0.0	4.0	4.0	4.0	4.0	4.0	4.0
1531.0171251713905	-0.007606209873766532	-6.299098542026886	-502.741488900031	398.7805188679282	0.0	0.0	0.0	0.0	0.0	4.0	4.0	4.0	4.0	4.0	4.0
1532.5667376462604	-0.00811375092047069	-6.311278465702495	-501.21831487265126	398.58055336568896	0.0	0.0	0.0	0.0	0.0	4.0	4.0	4.0	4.0	4.0	4.0
1534.1163501211304	-0.008621291967174847	-6.324244881315584	-499.7010204068269	398.37032580317185	0.0	0.0	0.0	0.0	0.0	4.0	4.0	4.0	4.0	4.0	4.0
1535.665962596	-0.009128833013878929	-6.3379977888661525	-498.1898904136442	398.1495008927561	0.0	0.0	0.0	0.0	0.0	4.0	4.0	4.0	4.0	4.0	4.0
1537.2155750708698	-0.009636374060583012	-6.352537188354202	-496.6851758531702	397.9176860843054	0.0	0.0	0.0	0.0	0.0	4.0	4.0	4.0	4.0	4.0	4.0
1538.76518754574	-0.010143915107287243	-6.367863079779738	-495.18709645699465	397.6744214937854	0.0	0.0	0.0	0.0	0.0	4.0	4.0	4.0	4.0	4.0	4.0
1540.3148000206097	-0.010651456153991325	-6.38397546314275	-493.69584417941945	397.41917926160625	0.0	0.0	0.0	0.0	0.0	4.0	4.0	4.0	4.0	4.0	4.0
1541.8644124954794	-0.011158997200695409	-6.400874338443244	-492.2115873004116	397.1513647128715	0.0	0.0	0.0	0.0	0.0	4.0	4.0	4.0	4.0	4.0	4.0
1543.4140249703491	-0.01166653824739949	-6.4185597056812185	-490.7344769354613	396.8703046969037	0.0	0.0	0.0	0.0	0.0	4.0	4.0	4.0	4.0	4.0	4.0
1544.963637445219	-0.012174079294103647	-6.437031564856676	-489.26465903898105	396.5752138771633	0.0	0.0	0.0	0.0	0.0	4.0	4.0	4.0	4.0	4.0	4.0
1546.5132499200888	-0.01268162034080773	-6.456289915969613	-487.8022898137445	396.26516960733073	0.0	0.0	0.0	0.0	0.0	4.0	4.0	4.0	4.0	4.0	4.0
1548.0628623949588	-0.013189161387511887	-6.476334759020034	-486.3475463733797	395.93913421424554	0.0	0.0	0.0	0.0	0.0	4.0	4.0	4.0	4.0	4.0	4.0
1549.6124748698282	-0.013468700155049253	-6.4970324552577905	-484.9002539245443	395.59581562153454	0.0	0.0	0.0	0.0	0.0	4.0	4.0	4.0	4.0	4.0	4.0
1551.1620873446982	-0.013674844094512932	-6.518063442648444	-483.45968580235547	395.23382873506114	0.0	0.0	0.0	0.0	0.0	4.0	4.0	4.0	4.0	4.0	4.0
1552.7116998195684	-0.013880988033976641	-6.539413873259312	-482.0261023190228	394.8518576077024	0.0	0.0	0.0	0.0	0.0	4.0	4.0	4.0	4.0	4.0	4.0
1554.261312294438	-0.01408713197344029	-6.561083747090385	-480.5999686001661	394.4483407311901	0.0	0.0	0.0	0.0	0.0	4.0	4.0	4.0	4.0	4.0	4.0
1555.8109247693078	-0.014293275912903938	-6.5830730641416695	-479.1819901879548	394.02133173671086	0.0	0.0	0.0	0.0	0.0	4.0	4.0	4.0	4.0	4.0	4.0
1557.3605372441775	-0.014499419852367586	-6.605381824413167	-477.77316704702343	393.56850341637943	0.0	0.0	0.0	0.0	0.0	4.0	4.0	4.0	4.0	4.0	4.0
1558.9101497190477	-0.014705563791831295	-6.628010027904882	-476.37470597360425	393.0875588751168	0.0	0.0	0.0	0.0	0.0	4.0	4.0	4.0	4.0	4.0	4.0
1560.4597621939172	-0.014911707731294913	-6.650957674616798	-474.9878573574904	392.5766875350548	0.0	0.0	0.0	0.0	0.0	4.0	4.0	4.0	4.0	4.0	4.0
1562.0093746687871	-0.015117851670758591	-6.674224764548933	-473.6138156091337	392.03469253765473	0.0	0.0	0.0	0.0	0.0	4.0	4.0	4.0	4.0	4.0	4.0
1563.5589871436569	-0.015323995610222239	-6.697811297701277	-472.253717078988	391.4608395311429	0.0	0.0	0.0	0.0	0.0	4.0	4.0	4.0	4.0	4.0	4.0
1565.1085996185266	-0.015530139549685887	-6.721717274073832	-470.90867528411434	390.8546681188278	0.0	0.0	0.0	0.0	0.0	4.0	4.0	4.0	4.0	4.0	4.0
1566.6582120933967	-0.015736283489149596	-6.745942693666605	-469.57979019254145	390.2159127358833	0.0	0.0	0.0	0.0	0.0	4.0	4.0	4.0	4.0	4.0	4.0
1568.2078245682665	-0.015942427428613244	-6.7704875564795834	-468.268149206038	389.5444614367735	0.0	0.0	0.0	0.0	0.0	4.0	4.0	4.0	4.0	4.0	4.0
1569.7574370431362	-0.016148571368076892	-6.795351862512774	-466.97482851477264	388.8403245426525	0.0	0.0	0.0	0.0	0.0	4.0	4.0	4.0	4.0	4.0	4.0
1571.307049518006	-0.01635471530754054	-6.820535611766176	-465.7008927420812	388.1036139872443	0.0	0.0	0.0	0.0	0.0	4.0	4.0	4.0	4.0	4.0	4.0
1572.8566619928758	-0.01656085924700422	-6.846038804239793	-464.4473939436678	387.3345284779003	0.0	0.0	0.0	0.0	0.0	4.0	4.0	4.0	4.0	4.0	4.0
1574.4062744677458	-0.0167670031864679	-6.871861439933622	-463.21536908239693	386.5333441530027	0.0	0.0	0.0	0.0	0.0	4.0	4.0	4.0	4.0	4.0	4.0
1575.9558869426155	-0.016973147125931547	-6.898003518847658	-462.00583686708	385.7004077926652	0.0	0.0	0.0	0.0	0.0	4.0	4.0	4.0	4.0	4.0	4.0
1577.5054994174852	-0.017179291065395196	-6.924465040981907	-460.81979533718214	384.83612995652055	0.0	0.0	0.0	0.0	0.0	4.0	4.0	4.0	4.0	4.0	4.0
1579.0551118923554	-0.017385435004858903	-6.951246006336375	-459.6582213604793	383.9409766840013	0.0	0.0	0.0	0.0	0.0	4.0	4.0	4.0	4.0	4.0	4.0
1580.6047243672251	-0.01759157894432255	-6.978346414911047	-458.5220714274376	383.01546114846207	0.0	0.0	0.0	0.0	0.0	4.0	4.0	4.0	4.0	4.0	4.0
1582.1543368420948	-0.0177977228837862	-7.005766266705931	-457.4122825357599	382.0601368774069	0.0	0.0	0.0	0.0	0.0	4.0	4.0	4.0	4.0	4.0	4.0
1583.7039493169646	-0.018003866823249847	-7.033505561721025	-456.32977246834866	381.0755929757126	0.0	0.0	0.0	0.0	0.0	4.0	4.0	4.0	4.0	4.0	4.0
1585.2535617918345	-0.018210010762713526	-7.061564299956337	-455.27543931855456	380.06245097918026	0.0	0.0	0.0	0.0	0.0	4.0	4.0	4.0	4.0	4.0	4.0
1586.8031742667044	-0.018416154702177206	-7.0899424814118595	-454.2501601490512	379.0213629770031	0.0	0.0	0.0	0.0	0.0	4.0	4.0	4.0	4.0	4.0	4.0
1588.352786741574	-0.018622298641640823	-7.118640106087585	-453.2547885380063	377.9530108022985	0.0	0.0	0.0	0.0	0.0	4.0	4.0	4.0	4.0	4.0	4.0
1589.902399216444	-0.018828442581104533	-7.147657173983536	-452.29015053070265	376.85810626204255	0.0	0.0	0.0	0.0	0.0	4.0	4.0	4.0	4.0	4.0	4.0
1591.4520116913136	-0.01903458652056815	-7.176993685099685	-451.3570382277407	375.7373924842912	0.0	0.0	0.0	0.0	0.0	4.0	4.0	4.0	4.0	4.0	4.0
1593.0016241661835	-0.01924073046003183	-7.206649639436055	-450.45620046909033	374.59164606657646	0.0	0.0	0.0	0.0	0.0	4.0	4.0	4.0	4.0	4.0	4.0
1594.5512366410535	-0.01944687439949551	-7.236625036992636	-449.5883309990157	373.4216789381162	0.0	0.0	0.0	0.0	0.0	4.0	4.0	4.0	4.0	4.0	4.0
1596.100849115923	-0.019653018338959126	-7.26691987776942	-448.754048740088	372.22834289663143	0.0	0.0	0.0	0.0	0.0	4.0	4.0	4.0	4.0	4.0	4.0
1597.6504615907932	-0.019859162278422833	-7.297534161766429	-447.95387361474786	371.0125324783437	0.0	0.0	0.0	0.0	0.0	4.0	4.0	4.0	4.0	4.0	4.0
1599.200074065663	-0.019804533537773738	-7.328345005649399	-447.18815239075536	369.7747787429994	0.0	0.0	0.0	0.0	0.0	4.0	4.0	4.0	4.0	4.0	4.0
1600.7496865405328	-0.019581907564763613	-7.358861865886006	-446.4565812725427	368.5146974632923	0.0	0.0	0.0	0.0	0.0	4.0	4.0	4.0	4.0	4.0	4.0
1602.2992990154023	-0.01935928159175352	-7.389033742137602	-445.759561167199	367.23307142250127	0.0	0.0	0.0	0.0	0.0	4.0	4.0	4.0	4.0	4.0	4.0
1603.8489114902725	-0.01913665561874333	-7.418860634404203	-445.0976497372308	365.9307941082276	0.0	0.0	0.0	0.0	0.0	4.0	4.0	4.0	4.0	4.0	4.0
1605.3985239651422	-0.01891402964573321	-7.448342542685791	-444.4713894323048	364.60879016320666	0.0	0.0	0.0	0.0	0.0	4.0	4.0	4.0	4.0	4.0	4.0
1606.948136440012	-0.018691403672723084	-7.477479466982372	-443.8812955580155	363.268018253919	0.0	0.0	0.0	0.0	0.0	4.0	4.0	4.0	4.0	4.0	4.0
1608.4977489148816	-0.01846877769971296	-7.506271407293945	-443.3278435167052	361.909472266723	0.0	0.0	0.0	0.0	0.0	4.0	4.0	4.0	4.0	4.0	4.0
1610.0473613897516	-0.0182461517267028	-7.5347183636205175	-442.811455132601	360.53418086795	0.0	0.0	0.0	0.0	0.0	4.0	4.0	4.0	4.0	4.0	4.0
1611.5969738646218	-0.018023525753692614	-7.562820335962086	-442.332482824641	359.1432057628191	0.0	0.0	0.0	0.0	0.0	4.0	4.0	4.0	4.0	4.0	4.0
1613.1465863394917	-0.017800899780682455	-7.5905773243186445	-441.89119705489225	357.73763687668696	0.0	0.0	0.0	0.0	0.0	4.0	4.0	4.0	4.0	4.0	4.0
1614.6961988143612	-0.017578273807672365	-7.6179893286901885	-441.4877848961432	356.3185833829375	0.0	0.0	0.0	0.0	0.0	4.0	4.0	4.0	4.0	4.0	4.0
1616.2458112892311	-0.01735564783466221	-7.645056349076734	-441.1223583678431	354.8871631328413	0.0	0.0	0.0	0.0	0.0	4.0	4.0	4.0	4.0	4.0	4.0
1617.7954237641006	-0.017133021861652116	-7.671778385478265	-440.7949653687662	353.4444935859868	0.0	0.0	0.0	0.0	0.0	4.0	4.0	4.0	4.0	4.0	4.0
1619.3450362389708	-0.016910395888641926	-7.698155437894801	-440.50559930124007	351.9916851194078	0.0	0.0	0.0	0.0	0.0	4.0	4.0	4.0	4.0	4.0	4.0
1620.8946487138403	-0.016687769915631836	-7.724187506326319	-440.2542090267326	350.529836042519	0.0	0.0	0.0	0.0	0.0	4.0	4.0	4.0	4.0	4.0	4.0
1622.4442611887102	-0.01646514394262168	-7.749874590772839	-440.0407129910028	349.06002881875673	0.0	0.0	0.0	0.0	0.0	4.0	4.0	4.0	4.0	4.0	4.0
1623.9938736635804	-0.01624251796961149	-7.7752166912343545	-439.8650092887702	347.5833287587074	0.0	0.0	0.0	0.0	0.0	4.0	4.0	4.0	4.0	4.0	4.0
1625.54348613845	-0.016019891996601397	-7.800213807710854	-439.7269701564419	346.10078494651435	0.0	0.0	0.0	0.0	0.0	4.0	4.0	4.0	4.0	4.0	4.0
1627.09309861332	-0.01579726602359121	-7.824865940202357	-439.62643149202586	344.61343031930977	0.0	0.0	0.0	0.0	0.0	4.0	4.0	4.0	4.0	4.0	4.0
1628.64271108819	-0.015574640050581052	-7.8491730887088496	-439.56319063091655	343.1222800508781	0.0	0.0	0.0	0.0	0.0	4.0	4.0	4.0	4.0	4.0	4.0
1630.1923235630595	-0.01535201407757096	-7.873135253230329	-439.5370097340722	341.6283296592079	0.0	0.0	0.0	0.0	0.0	4.0	4.0	4.0	4.0	4.0	4.0
1631.7419360379297	-0.01512938810456077	-7.896752433766812	-439.5476201420662	340.13255357934855	0.0	0.0	0.0	0.0	0.0	4.0	4.0	4.0	4.0	4.0	4.0
1633.2915485127994	-0.014906762131550646	-7.920024630318282	-439.5947275511329	338.63590432321524	0.0	0.0	0.0	0.0	0.0	4.0	4.0	4.0	4.0	4.0	4.0
1634.841160987669	-0.014684136158540554	-7.942951842884741	-439.6780187873076	337.13931240087356	0.0	0.0	0.0	0.0	0.0	4.0	4.0	4.0	4.0	4.0	4.0
1636.390773462539	-0.014461510185530366	-7.965534071466204	-439.79716399948575	335.643686539667	0.0	0.0	0.0	0.0	0.0	4.0	4.0	4.0	4.0	4.0	4.0
1637.9403859374086	-0.014238884212520274	-7.987771316062651	-439.95179748104766	334.1499111879421	0.0	0.0	0.0	0.0	0.0	4.0	4.0	4.0	4.0	4.0	4.0
1639.4899984122785	-0.014016258239510117	-8.009663576674098	-440.1414880917346	332.65883967793525	0.0	0.0	0.0	0.0	0.0	4.0	4.0	4.0	4.0	4.0	4.0
1641.0396108871485	-0.013793632266499961	-8.03121085330054	-440.3657522511578	331.17129101101654	0.0	0.0	0.0	0.0	0.0	4.0	4.0	4.0	4.0	4.0	4.0
1642.589223362018	-0.01357100629348987	-8.052413145941966	-440.6240940861419	329.68805382427405	0.0	0.0	0.0	0.0	0.0	4.0	4.0	4.0	4.0	4.0	4.0
1644.138835836888	-0.013348380320479712	-8.073270454598394	-440.9160166109947	328.20988910888326	0.0	0.0	0.0	0.0	0.0	4.0	4.0	4.0	4.0	4.0	4.0
1645.688448311758	-0.013125754347469524	-8.093782779269816	-441.24101599563113	326.7375300964515	0.0	0.0	0.0	0.0	0.0	4.0	4.0	4.0	4.0	4.0	4.0
1647.2380607866276	-0.012903128374459432	-8.113950119956225	-441.5985770104088	325.27168155513255	0.0	0.0	0.0	0.0	0.0	4.0	4.0	4.0	4.0	4.0	4.0
1648.7876732614975	-0.012730124169777732	-8.133790898897812	-441.98813723513126	323.813047782596	0.0	0.0	0.0	0.0	0.0	4.0	4.0	4.0	4.0	4.0	4.0
1650.3372857363677	-0.012611058935972735	-8.153425405632133	-442.4090837620936	322.3625007054815	0.0	0.0	0.0	0.0	0.0	4.0	4.0	4.0	4.0	4.0	4.0
1651.886898211237	-0.012491993702167805	-8.172875407394814	-442.86086543796114	320.92069343947475	0.0	0.0	0.0	0.0	0.0	4.0	4.0	4.0	4.0	4.0	4.0
1653.436510686107	-0.012372928468362807	-8.19214090418588	-443.3429107190231	319.4881991861485	0.0	0.0	0.0	0.0	0.0	4.0	4.0	4.0	4.0	4.0	4.0
1654.9861231609766	-0.01225386323455786	-8.21122189600531	-443.85464422616326	318.0655614534089	0.0	0.0	0.0	0.0	0.0	4.0	4.0	4.0	4.0	4.0	4.0
1656.5357356358463	-0.012134798000752896	-8.230118382853114	-444.3954877484842	316.6532947453891	0.0	0.0	0.0	0.0	0.0	4.0	4.0	4.0	4.0	4.0	4.0
1658.0853481107165	-0.012015732766947897	-8.248830364729296	-444.9648612167898	315.251885272341	0.0	0.0	0.0	0.0	0.0	4.0	4.0	4.0	4.0	4.0	4.0
1659.6349605855862	-0.011896667533142934	-8.267357841633846	-445.562184146751	313.861791900702	0.0	0.0	0.0	0.0	0.0	4.0	4.0	4.0	4.0	4.0	4.0
1661.1845730604562	-0.011777602299337952	-8.28570081356677	-446.1868774366498	312.48344736835185	0.0	0.0	0.0	0.0	0.0	4.0	4.0	4.0	4.0	4.0	4.0
1662.734185535326	-0.011658537065532971	-8.303859280528068	-446.8383651901147	311.1172596680782	0.0	0.0	0.0	0.0	0.0	4.0	4.0	4.0	4.0	4.0	4.0
1664.2837980101958	-0.011539471831728007	-8.321833242517734	-447.5160762376953	309.7636134470925	0.0	0.0	0.0	0.0	0.0	4.0	4.0	4.0	4.0	4.0	4.0
1665.8334104850655	-0.011420406597923044	-8.339622699535774	-448.21944533833874	308.4228713746679	0.0	0.0	0.0	0.0	0.0	4.0	4.0	4.0	4.0	4.0	4.0
1667.3830229599355	-0.011301341364118062	-8.357227651582189	-448.9479140052121	307.0953754055992	0.0	0.0	0.0	0.0	0.0	4.0	4.0	4.0	4.0	4.0	4.0
1668.932635434805	-0.011182276130313116	-8.374648098656971	-449.7009310174648	305.7814479230277	0.0	0.0	0.0	0.0	0.0	4.0	4.0	4.0	4.0	4.0	4.0
1670.4822479096752	-0.011063210896508116	-8.391884040760134	-450.4779526419187	304.4813927313453	0.0	0.0	0.0	0.0	0.0	4.0	4.0	4.0	4.0	4.0	4.0
1672.0318603845449	-0.010944145662703153	-8.408935477891664	-451.2784426563865	303.19549591462584	0.0	0.0	0.0	0.0	0.0	4.0	4.0	4.0	4.0	4.0	4.0
1673.5814728594146	-0.010825080428898189	-8.425802410051565	-452.1018722369662	301.9240265725149	0.0	0.0	0.0	0.0	0.0	4.0	4.0	4.0	4.0	4.0	4.0
1675.1310853342848	-0.01070601519509319	-8.442484837239846	-452.9477198076976	300.667237479969	0.0	0.0	0.0	0.0	0.0	4.0	4.0	4.0	4.0	4.0	4.0
1676.6806978091545	-0.010586949961288226	-8.458982759456493	-453.81547088632976	299.4253656902357	0.0	0.0	0.0	0.0	0.0	4.0	4.0	4.0	4.0	4.0	4.0
1678.2303102840242	-0.010467884727483263	-8.475296176701512	-454.70461795925934	298.19863310594826	0.0	0.0	0.0	0.0	0.0	4.0	4.0	4.0	4.0	4.0	4.0
1679.7799227588944	-0.010348819493678264	-8.49142508897491	-455.6146603876896	296.9872470264232	0.0	0.0	0.0	0.0	0.0	4.0	4.0	4.0	4.0	4.0	4.0
1681.329535233764	-0.010229754259873299	-8.507369496276675	-456.5451043560115	295.79140068643414	0.0	0.0	0.0	0.0	0.0	4.0	4.0	4.0	4.0	4.0	4.0
1682.8791477086338	-0.010110689026068336	-8.523129398606812	-457.4954628532922	294.6112737880565	0.0	0.0	0.0	0.0	0.0	4.0	4.0	4.0	4.0	4.0	4.0
1684.4287601835038	-0.009991623792263354	-8.538704795965325	-458.4652556859186	293.4470330313281	0.0	0.0	0.0	0.0	0.0	4.0	4.0	4.0	4.0	4.0	4.0
1685.9783726583732	-0.009872558558458408	-8.554095688352206	-459.45400950948056	292.29883264077404	0.0	0.0	0.0	0.0	0.0	4.0	4.0	4.0	4.0	4.0	4.0
1687.5279851332432	-0.009753493324653426	-8.569302075767464	-460.4612578765926	291.1668148899912	0.0	0.0	0.0	0.0	0.0	4.0	4.0	4.0	4.0	4.0	4.0
1689.077597608113	-0.009634428090848463	-8.58432395821109	-461.4865412909122	290.0511106201006	0.0	0.0	0.0	0.0	0.0	4.0	4.0	4.0	4.0	4.0	4.0
1690.6272100829829	-0.00951536285704348	-8.599161335683094	-462.5294072607418	288.9518397487006	0.0	0.0	0.0	0.0	0.0	4.0	4.0	4.0	4.0	4.0	4.0
1692.1768225578526	-0.009396297623238518	-8.613814208183467	-463.58941034225097	287.8691117613519	0.0	0.0	0.0	0.0	0.0	4.0	4.0	4.0	4.0	4.0	4.0
1693.7264350327223	-0.009277232389433553	-8.62828257571221	-464.66611216623977	286.80302617908745	0.0	0.0	0.0	0.0	0.0	4.0	4.0	4.0	4.0	4.0	4.0
1695.2760475075922	-0.009158167155628573	-8.642566438269332	-465.7590814413905	285.7536729929438	0.0	0.0	0.0	0.0	0.0	4.0	4.0	4.0	4.0	4.0	4.0
1696.8256599824622	-0.00903910192182359	-8.656665795854824	-466.8678939302956	284.7211330580539	0.0	0.0	0.0	0.0	0.0	4.0	4.0	4.0	4.0	4.0	4.0
1698.3752724573317	-0.00894833271177926	-8.670583896006908	-467.9921138966028	283.7054707908215	0.0	0.0	0.0	0.0	0.0	4.0	4.0	4.0	4.0	4.0	4.0
1699.9248849322018	-0.009020292236699	-8.684506098695122	-469.130948149252	282.7070386801008	0.0	0.0	0.0	0.0	0.0	4.0	4.0	4.0	4.0	4.0	4.0
1701.4744974070718	-0.009092251761618729	-8.698539810760833	-470.28378186631784	281.7261051697442	0.0	0.0	0.0	0.0	0.0	4.0	4.0	4.0	4.0	4.0	4.0
1703.0241098819413	-0.009164211286538437	-8.712685032204043	-471.4501733245236	280.76270963620874	0.0	0.0	0.0	0.0	0.0	4.0	4.0	4.0	4.0	4.0	4.0
1704.5737223568117	-0.009236170811458187	-8.726941763024762	-472.6296907057066	279.81687922166395	0.0	0.0	0.0	0.0	0.0	4.0	4.0	4.0	4.0	4.0	4.0
1706.123334831681	-0.009308130336377885	-8.74131000322297	-473.821912450412	278.8886288398211	0.0	0.0	0.0	0.0	0.0	4.0	4.0	4.0	4.0	4.0	4.0
1707.672947306551	-0.009380089861297614	-8.755789752798687	-475.02642759988066	277.9779611548816	0.0	0.0	0.0	0.0	0.0	4.0	4.0	4.0	4.0	4.0	4.0
1709.2225597814208	-0.009452049386217342	-8.770381011751907	-476.242836135052	277.0848665368011	0.0	0.0	0.0	0.0	0.0	4.0	4.0	4.0	4.0	4.0	4.0
1710.7721722562906	-0.00952400891113706	-8.785083780082624	-477.47074932089765	276.2093229967781	0.0	0.0	0.0	0.0	0.0	4.0	4.0	4.0	4.0	4.0	4.0
1712.3217847311605	-0.00959596843605679	-8.799898057790845	-478.7097900646466	275.35129610851806	0.0	0.0	0.0	0.0	0.0	4.0	4.0	4.0	4.0	4.0	4.0
1713.87139720603	-0.009667927960976498	-8.814823844876564	-479.9595932952521	274.5107389206957	0.0	0.0	0.0	0.0	0.0	4.0	4.0	4.0	4.0	4.0	4.0
1715.4210096808995	-0.009739887485896206	-8.829861141339784	-481.2198063674036	273.68759186152727	0.0	0.0	0.0	0.0	0.0	4.0	4.0	4.0	4.0	4.0	4.0
1716.97062215577	-0.009811847010815956	-8.845009947180513	-482.4900894916063	272.8817826338769	0.0	0.0	0.0	0.0	0.0	4.0	4.0	4.0	4.0	4.0	4.0
1718.5202346306398	-0.009883806535735685	-8.860270262398739	-483.7701161946736	272.09322610324017	0.0	0.0	0.0	0.0	0.0	4.0	4.0	4.0	4.0	4.0	4.0
1720.069847105509	-0.009955766060655381	-8.87564208699446	-485.0595738181772	271.3218241867352	0.0	0.0	0.0	0.0	0.0	4.0	4.0	4.0	4.0	4.0	4.0
1721.6194595803793	-0.01002772558557512	-8.891125420967692	-486.3581640646756	270.56746575724685	0.0	0.0	0.0	0.0	0.0	4.0	4.0	4.0	4.0	4.0	4.0
1723.1690720552492	-0.01009968511049485	-8.906720264318421	-487.6656036027736	269.83002658286443	0.0	0.0	0.0	0.0	0.0	4.0	4.0	4.0	4.0	4.0	4.0
1724.718684530119	-0.010171644635414569	-8.922426617046652	-488.9816247422923	269.1093693276987	0.0	0.0	0.0	0.0	0.0	4.0	4.0	4.0	4.0	4.0	4.0
1726.268297004989	-0.010243604160334308	-8.938244479152386	-490.30597619164223	268.40534364904715	0.0	0.0	0.0	0.0	0.0	4.0	4.0	4.0	4.0	4.0	4.0
1727.8179094798586	-0.010315563685254017	-8.954173850635616	-491.6384239115438	267.7177864400068	0.0	0.0	0.0	0.0	0.0	4.0	4.0	4.0	4.0	4.0	4.0
1729.3675219547283	-0.010387523210173735	-8.97021473149635	-492.97875207658507	267.0465222759111	0.0	0.0	0.0	0.0	0.0	4.0	4.0	4.0	4.0	4.0	4.0
1730.9171344295985	-0.010459482735093475	-8.986367121734588	-494.32676414807435	266.39136412391207	0.0	0.0	0.0	0.0	0.0	4.0	4.0	4.0	4.0	4.0	4.0
1732.466746904468	-0.010531442260013181	-9.002631021350323	-495.6822840515095	265.752114370976	0.0	0.0	0.0	0.0	0.0	4.0	4.0	4.0	4.0	4.0	4.0
1734.016359379338	-0.01060340178493291	-9.019006430343563	-497.0451574391637	265.1285662133348	0.0	0.0	0.0	0.0	0.0	4.0	4.0	4.0	4.0	4.0	4.0
1735.565971854208	-0.01067536130985265	-9.035493348714306	-498.4152530053432	264.5205054324516	0.0	0.0	0.0	0.0	0.0	4.0	4.0	4.0	4.0	4.0	4.0
1737.1155843290776	-0.010747320834772358	-9.052091776462543	-499.79246381196634	263.9277125644446	0.0	0.0	0.0	0.0	0.0	4.0	4.0	4.0	4.0	4.0	4.0
1738.6651968039475	-0.010819280359692087	-9.068801713588286	-501.17670857577485	263.3499654535116	0.0	0.0	0.0	0.0	0.0	4.0	4.0	4.0	4.0	4.0	4.0
1740.214809278817	-0.010891239884611796	-9.085623160091526	-502.56793286077664	262.78704215237985	0.0	0.0	0.0	0.0	0.0	4.0	4.0	4.0	4.0	4.0	4.0
1741.764421753687	-0.010963199409531525	-9.102556115972273	-503.96611010782897	262.2387240802336	0.0	0.0	0.0	0.0	0.0	4.0	4.0	4.0	4.0	4.0	4.0
1743.3140342285571	-0.011035158934451264	-9.119600581230523	-505.3712424246947	261.7047992790377	0.0	0.0	0.0	0.0	0.0	4.0	4.0	4.0	4.0	4.0	4.0
1744.8636467034266	-0.011107118459370971	-9.136756555866267	-506.7833610597968	261.1850655301867	0.0	0.0	0.0	0.0	0.0	4.0	4.0	4.0	4.0	4.0	4.0
1746.4132591782966	-0.0111790779842907	-9.154024039879516	-508.20252649884935	260.67933302663624	0.0	0.0	0.0	0.0	0.0	4.0	4.0	4.0	4.0	4.0	4.0
1747.9628716531663	-0.011251037509210419	-9.171403033270266	-509.62882817494346	260.1874263247711	0.0	0.0	0.0	0.0	0.0	4.0	4.0	4.0	4.0	4.0	4.0
1749.512484128036	-0.01093888332719758	-9.188633676286445	-511.063001256343	259.7090941406788	0.0	0.0	0.0	0.0	0.0	4.0	4.0	4.0	4.0	4.0	4.0
1751.0620966029062	-0.010570922860277375	-9.20529960828652	-512.5059781187332	259.2438930488706	0.0	0.0	0.0	0.0	0.0	4.0	4.0	4.0	4.0	4.0	4.0
1752.611709077776	-0.01020296239335728	-9.221395344156793	-513.9576451553417	258.7917847839355	0.0	0.0	0.0	0.0	0.0	4.0	4.0	4.0	4.0	4.0	4.0
1754.161321552646	-0.009835001926437078	-9.236920883897271	-515.4178477992115	258.352794083917	0.0	0.0	0.0	0.0	0.0	4.0	4.0	4.0	4.0	4.0	4.0
1755.7109340275156	-0.009467041459517036	-9.251876227507944	-516.8863942109206	257.92696099672094	0.0	0.0	0.0	0.0	0.0	4.0	4.0	4.0	4.0	4.0	4.0
1757.2605465023853	-0.009099080992596941	-9.266261374988822	-518.3630563451616	257.51433651328665	0.0	0.0	0.0	0.0	0.0	4.0	4.0	4.0	4.0	4.0	4.0
1758.810158977255	-0.008731120525676846	-9.2800763263399	-519.8475714207286	257.1149784442323	0.0	0.0	0.0	0.0	0.0	4.0	4.0	4.0	4.0	4.0	4.0
1760.3597714521252	-0.008363160058756643	-9.293321081561185	-521.3396437727451	256.72894769293606	0.0	0.0	0.0	0.0	0.0	4.0	4.0	4.0	4.0	4.0	4.0
1761.9093839269945	-0.007995199591836656	-9.305995640652664	-522.8389470456649	256.35630502272124	0.0	0.0	0.0	0.0	0.0	4.0	4.0	4.0	4.0	4.0	4.0
1763.4589964018646	-0.007627239124916452	-9.31810000361435	-524.3451266757718	255.99710837434552	0.0	0.0	0.0	0.0	0.0	4.0	4.0	4.0	4.0	4.0	4.0
1765.0086088767346	-0.007259278657996303	-9.329634170446239	-525.8578026069885	255.65141073753853	0.0	0.0	0.0	0.0	0.0	4.0	4.0	4.0	4.0	4.0	4.0
1766.5582213516043	-0.006891318191076208	-9.340598141148327	-527.3765721823426	255.31925849652055	0.0	0.0	0.0	0.0	0.0	4.0	4.0	4.0	4.0	4.0	4.0
1768.107833826474	-0.006523357724156113	-9.350991915720616	-528.901013161423	255.00069011071488	0.0	0.0	0.0	0.0	0.0	4.0	4.0	4.0	4.0	4.0	4.0
1769.6574463013442	-0.00615539725723591	-9.36081549416311	-530.4306868289409	254.69573498565296	0.0	0.0	0.0	0.0	0.0	4.0	4.0	4.0	4.0	4.0	4.0
1771.2070587762137	-0.005787436790315868	-9.3700688764758	-531.965141172877	254.40441240216535	0.0	0.0	0.0	0.0	0.0	4.0	4.0	4.0	4.0	4.0	4.0
1772.7566712510838	-0.005419476323395665	-9.378752062658696	-533.5039141203831	254.1267303901653	0.0	0.0	0.0	0.0	0.0	4.0	4.0	4.0	4.0	4.0	4.0
1774.306283725953	-0.005051515856475678	-9.38686505271179	-535.0465368256802	253.86268446039017	0.0	0.0	0.0	0.0	0.0	4.0	4.0	4.0	4.0	4.0	4.0
1775.8558962008233	-0.0046835553895554745	-9.39440784663509	-536.5925370071044	253.61225615856145	0.0	0.0	0.0	0.0	0.0	4.0	4.0	4.0	4.0	4.0	4.0
1777.405508675693	-0.004315594922635379	-9.40138044442859	-538.1414423295797	253.37541150265537	0.0	0.0	0.0	0.0	0.0	4.0	4.0	4.0	4.0	4.0	4.0
1778.9551211505627	-0.003947634455715284	-9.40778284609229	-539.6927838220682	253.15209946366437	0.0	0.0	0.0	0.0	0.0	4.0	4.0	4.0	4.0	4.0	4.0
1780.504733625433	-0.003579673988795081	-9.413615051626195	-541.2460993081816	252.94225067607587	0.0	0.0	0.0	0.0	0.0	4.0	4.0	4.0	4.0	4.0	4.0
1782.0543461003026	-0.0032117135218749857	-9.4188770610303	-542.8009368187703	252.74577651847076	0.0	0.0	0.0	0.0	0.0	4.0	4.0	4.0	4.0	4.0	4.0
1783.6039585751723	-0.0028437530549548905	-9.423568874304607	-544.3568579519057	252.56256864193955	0.0	0.0	0.0	0.0	0.0	4.0	4.0	4.0	4.0	4.0	4.0
1785.1535710500425	-0.0024757925880346874	-9.427690491449114	-545.9134411477297	252.39249898589432	0.0	0.0	0.0	0.0	0.0	4.0	4.0	4.0	4.0	4.0	4.0
1786.7031835249122	-0.0021078321211145923	-9.431241912463824	-547.4702848507048	252.23542029995963	0.0	0.0	0.0	0.0	0.0	4.0	4.0	4.0	4.0	4.0	4.0
1788.2527959997817	-0.001739871654194551	-9.434223137348734	-549.0270105388047	252.0911671471212	0.0	0.0	0.0	0.0	0.0	4.0	4.0	4.0	4.0	4.0	4.0
1789.8024084746517	-0.0013719111872744017	-9.436634166103849	-550.5832656081336	251.9595572943754	0.0	0.0	0.0	0.0	0.0	4.0	4.0	4.0	4.0	4.0	4.0
1791.3520209495214	-0.0010039507203543066	-9.438474998729163	-552.13872611121	251.84039334280916	0.0	0.0	0.0	0.0	0.0	4.0	4.0	4.0	4.0	4.0	4.0
1792.901633424391	-0.0006359902534342113	-9.43974563522468	-553.6930993551923	251.73346444403276	0.0	0.0	0.0	0.0	0.0	4.0	4.0	4.0	4.0	4.0	4.0
1794.4512458992613	-0.00026802978651400814	-9.440446075590398	-555.2461263710909	251.6385479805828	0.0	0.0	0.0	0.0	0.0	4.0	4.0	4.0	4.0	4.0	4.0
1796.0008583741308	9.993068040603308e-05	-9.440576319826317	-556.7975842668354	251.55541112484445	0.0	0.0	0.0	0.0	0.0	4.0	4.0	4.0	4.0	4.0	4.0
1797.5504708490007	0.0004678911473261823	-9.440136367932439	-558.34728847681	251.4838122253444	0.0	0.0	0.0	0.0	0.0	4.0	4.0	4.0	4.0	4.0	4.0
1799.1000833238706	0.0005991858248134477	-9.439241063180654	-559.8954281376609	251.4233754465479	0.0	0.0	0.0	0.0	0.0	4.0	4.0	4.0	4.0	4.0	4.0
1800.6496957987404	0.0005892622779666892	-9.438320246177753	-561.4431958022874	251.37386419872317	0.0	0.0	0.0	0.0	0.0	4.0	4.0	4.0	4.0	4.0	4.0
1802.19930827361	0.0005793387311199306	-9.43741480682684	-562.9907442645444	251.33511136735004	0.0	0.0	0.0	0.0	0.0	4.0	4.0	4.0	4.0	4.0	4.0
1803.7489207484805	0.0005694151842731678	-9.436524745127915	-564.5381107295939	251.30688578874447	0.0	0.0	0.0	0.0	0.0	4.0	4.0	4.0	4.0	4.0	4.0
1805.29853322335	0.0005594916374264108	-9.43565006108098	-566.0853304955	251.2889520864677	0.0	0.0	0.0	0.0	0.0	4.0	4.0	4.0	4.0	4.0	4.0
1806.84814569822	0.0005495680905796508	-9.434790754686032	-567.6324369828114	251.2810697506852	0.0	0.0	0.0	0.0	0.0	4.0	4.0	4.0	4.0	4.0	4.0
1808.3977581730896	0.0005396445437328923	-9.433946825943075	-569.1794617593467	251.28299233316625	0.0	0.0	0.0	0.0	0.0	4.0	4.0	4.0	4.0	4.0	4.0
1809.9473706479591	0.0005297209968861353	-9.433118274852104	-570.7264345611342	251.29446676157815	0.0	0.0	0.0	0.0	0.0	4.0	4.0	4.0	4.0	4.0	4.0
1811.4969831228295	0.0005197974500393724	-9.432305101413125	-572.2733833105236	251.31523276240563	0.0	0.0	0.0	0.0	0.0	4.0	4.0	4.0	4.0	4.0	4.0
1813.046595597699	0.0005098739031926153	-9.431507305626132	-573.8203341324437	251.34502237077928	0.0	0.0	0.0	0.0	0.0	4.0	4.0	4.0	4.0	4.0	4.0
1814.596208072569	0.0004999503563458554	-9.430724887491127	-575.3673113696481	251.38355949913384	0.0	0.0	0.0	0.0	0.0	4.0	4.0	4.0	4.0	4.0	4.0
1816.145820547439	0.0004900268094990954	-9.429957847008113	-576.9143375976053	251.43055952679532	0.0	0.0	0.0	0.0	0.0	4.0	4.0	4.0	4.0	4.0	4.0
1817.6954330223089	0.0004801032626523355	-9.429206184177087	-578.4614336395663	251.48572885058195	0.0	0.0	0.0	0.0	0.0	4.0	4.0	4.0	4.0	4.0	4.0
1819.2450454971784	0.0004701797158055784	-9.428469898998049	-580.0086185818311	251.5487643702193	0.0	0.0	0.0	0.0	0.0	4.0	4.0	4.0	4.0	4.0	4.0
1820.7946579720483	0.0004602561689588185	-9.427748991471	-581.5559097890488	251.6193529031177	0.0	0.0	0.0	0.0	0.0	4.0	4.0	4.0	4.0	4.0	4.0
1822.344270446918	0.00045033262211205996	-9.427043461595941	-583.1033229194153	251.69717050965272	0.0	0.0	0.0	0.0	0.0	4.0	4.0	4.0	4.0	4.0	4.0
1823.893882921788	0.0004404090752653	-9.42635330937287	-584.6508719393903	251.78188181760552	0.0	0.0	0.0	0.0	0.0	4.0	4.0	4.0	4.0	4.0	4.0
1825.4434953966577	0.00043048552841854154	-9.425678534801786	-586.1985691380321	251.87313946340507	0.0	0.0	0.0	0.0	0.0	4.0	4.0	4.0	4.0	4.0	4.0
1826.9931078715276	0.00042056198157178155	-9.425019137882693	-587.7464251417304	251.9705836422039	0.0	0.0	0.0	0.0	0.0	4.0	4.0	4.0	4.0	4.0	4.0
1828.5427203463971	0.00041063843472502454	-9.424375118615588	-589.2944489299898	252.07384178216648	0.0	0.0	0.0	0.0	0.0	4.0	4.0	4.0	4.0	4.0	4.0
1830.092332821267	0.00040071488787826455	-9.42374647700047	-590.8426478530489	252.18252840351732	0.0	0.0	0.0	0.0	0.0	4.0	4.0	4.0	4.0	4.0	4.0
1831.6419452961372	0.00039079134103150315	-9.423133213037344	-592.3910276521834	252.29624514643976	0.0	0.0	0.0	0.0	0.0	4.0	4.0	4.0	4.0	4.0	4.0
1833.1915577710072	0.0003808677941847432	-9.422535326726203	-593.9395924835333	252.41458099936912	0.0	0.0	0.0	0.0	0.0	4.0	4.0	4.0	4.0	4.0	4.0
1834.741170245877	0.0003709442473379847	-9.421952818067053	-595.4883449464523	252.53711279677697	0.0	0.0	0.0	0.0	0.0	4.0	4.0	4.0	4.0	4.0	4.0
1836.2907827207464	0.00036102070049122767	-9.421385687059892	-597.0372861176163	252.66340605589855	0.0	0.0	0.0	0.0	0.0	4.0	4.0	4.0	4.0	4.0	4.0
1837.8403951956168	0.0003510971536444648	-9.420833933704719	-598.5864155933446	252.7930164850723	0.0	0.0	0.0	0.0	0.0	4.0	4.0	4.0	4.0	4.0	4.0
1839.390007670486	0.0003411736067977092	-9.420297558001534	-600.1357315433071	252.92549236672696	0.0	0.0	0.0	0.0	0.0	4.0	4.0	4.0	4.0	4.0	4.0
1840.939620145356	0.00033125005995094926	-9.41977655995034	-601.6852307781201	253.0603777759011	0.0	0.0	0.0	0.0	0.0	4.0	4.0	4.0	4.0	4.0	4.0
1842.4892326202255	0.0003213265131041922	-9.419270939551131	-603.2349088307794	253.19721622822564	0.0	0.0	0.0	0.0	0.0	4.0	4.0	4.0	4.0	4.0	4.0
1844.038845095096	0.00031140296625742933	-9.418780696803914	-604.7847600420064	253.33555302824243	0.0	0.0	0.0	0.0	0.0	4.0	4.0	4.0	4.0	4.0	4.0
1845.5884575699656	0.00030147941941067086	-9.418305831708684	-606.3347776409469	253.4749358467246	0.0	0.0	0.0	0.0	0.0	4.0	4.0	4.0	4.0	4.0	4.0
1847.138070044835	0.0002915558725639138	-9.417846344265444	-607.8849538212471	253.6149144597489	0.0	0.0	0.0	0.0	0.0	4.0	4.0	4.0	4.0	4.0	4.0
1848.6876825197053	0.00026256891351516566	-9.417407544278715	-609.435283272074	253.75503092296728	0.0	0.0	0.0	0.0	0.0	4.0	4.0	4.0	4.0	4.0	4.0
1850.2372949945752	0.0001996160718258319	-9.417049440469224	-610.9857846541437	253.8948364270388	0.0	0.0	0.0	0.0	0.0	4.0	4.0	4.0	4.0	4.0	4.0
1851.7869074694447	0.0001366632301365166	-9.416788889168544	-612.5364240266381	254.0339033637749	0.0	0.0	0.0	0.0	0.0	4.0	4.0	4.0	4.0	4.0	4.0
1853.336519944315	7.37103884471736e-05	-9.416625890376674	-614.0871531952803	254.17179381239083	0.0	0.0	0.0	0.0	0.0	4.0	4.0	4.0	4.0	4.0	4.0
1854.8861324191848	1.0757546757839815e-05	-9.416560444093614	-615.6379241287273	254.30807838118616	0.0	0.0	0.0	0.0	0.0	4.0	4.0	4.0	4.0	4.0	4.0
1856.435744894054	-5.219529493146625e-05	-9.416592550319365	-617.1886895052568	254.44233831915477	0.0	0.0	0.0	0.0	0.0	4.0	4.0	4.0	4.0	4.0	4.0
1857.9853573689245	-0.0001151481366208185	-9.416722209053924	-618.7394032458911	254.57416769280567	0.0	0.0	0.0	0.0	0.0	4.0	4.0	4.0	4.0	4.0	4.0
1859.5349698437935	-0.0001781009783101153	-9.416949420297295	-620.2900210292415	254.70317559843997	0.0	0.0	0.0	0.0	0.0	4.0	4.0	4.0	4.0	4.0	4.0
1861.084582318664	-0.00024105381999946758	-9.417274184049477	-621.840500781736	254.82898817221897	0.0	0.0	0.0	0.0	0.0	4.0	4.0	4.0	4.0	4.0	4.0
1862.634194793534	-0.00030400666168881057	-9.417696500310468	-623.3908031380216	254.951250225822	0.0	0.0	0.0	0.0	0.0	4.0	4.0	4.0	4.0	4.0	4.0
1864.1838072684031	-0.0003669595033781074	-9.41821636908027	-624.9408918682668	255.06962643036792	0.0	0.0	0.0	0.0	0.0	4.0	4.0	4.0	4.0	4.0	4.0
1865.733419743273	-0.00042991234506744116	-9.418833790358882	-626.4907342707686	255.18380202087744	0.0	0.0	0.0	0.0	0.0	4.0	4.0	4.0	4.0	4.0	4.0
1867.2830322181433	-0.0004928651867567842	-9.419548764146304	-628.0403015301713	255.29348308850305	0.0	0.0	0.0	0.0	0.0	4.0	4.0	4.0	4.0	4.0	4.0
1868.8326446930128	-0.0005558180284460994	-9.420361290442536	-629.5895690430242	255.3983966479456	0.0	0.0	0.0	0.0	0.0	4.0	4.0	4.0	4.0	4.0	4.0
1870.382257167883	-0.0006187708701354425	-9.42127136924758	-631.1385167123444	255.49829071912956	0.0	0.0	0.0	0.0	0.0	4.0	4.0	4.0	4.0	4.0	4.0
1871.9318696427529	-0.0006817237118247763	-9.422279000561431	-632.6871292114187	255.5929346123856	0.0	0.0	0.0	0.0	0.0	4.0	4.0	4.0	4.0	4.0	4.0
1873.4814821176224	-0.0007446765535140915	-9.423384184384094	-634.2353962152768	255.68211952189753	0.0	0.0	0.0	0.0	0.0	4.0	4.0	4.0	4.0	4.0	4.0
1875.0310945924923	-0.0008076293952034254	-9.42458692071557	-635.7833125966869	255.76565952987917	0.0	0.0	0.0	0.0	0.0	4.0	4.0	4.0	4.0	4.0	4.0
1876.5807070673616	-0.0008705822368927314	-9.425887209555853	-637.3308785816039	255.8433931607795	0.0	0.0	0.0	0.0	0.0	4.0	4.0	4.0	4.0	4.0	4.0
1878.130319542232	-0.0009335350785820836	-9.427285050904947	-638.8780998564487	255.91518557517625	0.0	0.0	0.0	0.0	0.0	4.0	4.0	4.0	4.0	4.0	4.0
1879.6799320171017	-0.0009964879202714082	-9.428780444762852	-640.424987617642	255.9809313378548	0.0	0.0	0.0	0.0	0.0	4.0	4.0	4.0	4.0	4.0	4.0
1881.2295444919712	-0.0010594407619607235	-9.430373391129566	-641.9715585455298	256.04055901759654	0.0	0.0	0.0	0.0	0.0	4.0	4.0	4.0	4.0	4.0	4.0
1882.7791569668416	-0.0011223936036500756	-9.432063890005091	-643.5178345606633	256.0940533661885	0.0	0.0	0.0	0.0	0.0	4.0	4.0	4.0	4.0	4.0	4.0
1884.3287694417113	-0.0011853464453394002	-9.433851941389428	-645.0638422699061	256.1414799939717	0.0	0.0	0.0	0.0	0.0	4.0	4.0	4.0	4.0	4.0	4.0
1885.878381916581	-0.0012482992870287248	-9.435737545282572	-646.6096125540333	256.1829641825325	0.0	0.0	0.0	0.0	0.0	4.0	4.0	4.0	4.0	4.0	4.0
1887.427994391451	-0.0013112521287180585	-9.437720701684528	-648.155180523833	256.21865158620324	0.0	0.0	0.0	0.0	0.0	4.0	4.0	4.0	4.0	4.0	4.0
1888.977606866321	-0.0013742049704073924	-9.439801410595296	-649.7005855231301	256.2486926808371	0.0	0.0	0.0	0.0	0.0	4.0	4.0	4.0	4.0	4.0	4.0
1890.5272193411904	-0.0014371578120967077	-9.44197967201487	-651.2458711719864	256.2732349873302	0.0	0.0	0.0	0.0	0.0	4.0	4.0	4.0	4.0	4.0	4.0
1892.0768318160603	-0.0015001106537860414	-9.444255485943257	-652.7910854621239	256.2924177334543	0.0	0.0	0.0	0.0	0.0	4.0	4.0	4.0	4.0	4.0	4.0
1893.6264442909296	-0.0015630634954753476	-9.446628852380455	-654.3362808571695	256.3063700030949	0.0	0.0	0.0	0.0	0.0	4.0	4.0	4.0	4.0	4.0	4.0
1895.1760567658	-0.0016260163371646997	-9.449099771326463	-655.8815146081023	256.315201699667	0.0	0.0	0.0	0.0	0.0	4.0	4.0	4.0	4.0	4.0	4.0
1896.7256692406695	-0.001688969178854015	-9.45166824278128	-657.4268495518103	256.3189823152329	0.0	0.0	0.0	0.0	0.0	4.0	4.0	4.0	4.0	4.0	4.0
1898.2752817155392	-0.001722287670297028	-9.454332169687179	-658.9723581548666	256.3177474563066	0.0	0.0	0.0	0.0	0.0	4.0	4.0	4.0	4.0	4.0	4.0
1899.8248941904096	-0.0014607712648980193	-9.456798423604292	-660.518614797152	256.31154017612283	0.0	0.0	0.0	0.0	0.0	4.0	4.0	4.0	4.0	4.0	4.0
1901.3745066652796	-0.0011992548594990872	-9.458859428437215	-662.0659896316749	256.300228852068	0.0	0.0	0.0	0.0	0.0	4.0	4.0	4.0	4.0	4.0	4.0
1902.924119140149	-0.0009377384541002317	-9.460515184185947	-663.6144542202082	256.2837446670331	0.0	0.0	0.0	0.0	0.0	4.0	4.0	4.0	4.0	4.0	4.0
1904.473731615019	-0.0006762220487012996	-9.461765690850491	-665.1639599422426	256.2620154116997	0.0	0.0	0.0	0.0	0.0	4.0	4.0	4.0	4.0	4.0	4.0
1906.023344089889	-0.0004147056433023675	-9.462610948430846	-666.7144393102468	256.23497041956364	0.0	0.0	0.0	0.0	0.0	4.0	4.0	4.0	4.0	4.0	4.0
1907.572956564759	-0.0001531892379034354	-9.463050956927013	-668.2658082022342	256.20252091729185	0.0	0.0	0.0	0.0	0.0	4.0	4.0	4.0	4.0	4.0	4.0
1909.1225690396288	0.00010832716749549672	-9.46308571633899	-669.8179676001636	256.16455385781046	0.0	0.0	0.0	0.0	0.0	4.0	4.0	4.0	4.0	4.0	4.0
1910.672181514498	0.0003698435728943137	-9.462715226666775	-671.3708044528153	256.12094576703487	0.0	0.0	0.0	0.0	0.0	4.0	4.0	4.0	4.0	4.0	4.0
1912.221793989368	0.0006313599782932458	-9.461939487910374	-672.9241928595525	256.0715658995734	0.0	0.0	0.0	0.0	0.0	4.0	4.0	4.0	4.0	4.0	4.0
1913.7714064642385	0.0008928763836922547	-9.460758500069781	-674.4779952914362	256.0162773506741	0.0	0.0	0.0	0.0	0.0	4.0	4.0	4.0	4.0	4.0	4.0
1915.3210189391075	0.0011543927890910334	-9.459172263145001	-676.0320639355107	255.9549336930612	0.0	0.0	0.0	0.0	0.0	4.0	4.0	4.0	4.0	4.0	4.0
1916.8706314139777	0.0014159091944900039	-9.457180777136031	-677.5862421317737	255.8873703759708	0.0	0.0	0.0	0.0	0.0	4.0	4.0	4.0	4.0	4.0	4.0
1918.4202438888472	0.0016774255998888593	-9.454784042042872	-679.1403655930376	255.8133972440523	0.0	0.0	0.0	0.0	0.0	4.0	4.0	4.0	4.0	4.0	4.0
1919.969856363717	0.0019389420052877914	-9.451982057865525	-680.694263283976	255.73279475142272	0.0	0.0	0.0	0.0	0.0	4.0	4.0	4.0	4.0	4.0	4.0
1921.5194688385868	0.002200458410686685	-9.448774824603987	-682.2477578398607	255.6453195561563	0.0	0.0	0.0	0.0	0.0	4.0	4.0	4.0	4.0	4.0	4.0
1923.069081313457	0.0024619748160856557	-9.445162342258259	-683.8006657906964	255.5507164075065	0.0	0.0	0.0	0.0	0.0	4.0	4.0	4.0	4.0	4.0	4.0
1924.6186937883267	0.002723491221484549	-9.441144610828342	-685.3527979570691	255.44872752537137	0.0	0.0	0.0	0.0	0.0	4.0	4.0	4.0	4.0	4.0	4.0
1926.1683062631969	0.00298500762688352	-9.436721630314237	-686.9039601212638	255.339092564854	0.0	0.0	0.0	0.0	0.0	4.0	4.0	4.0	4.0	4.0	4.0
1927.717918738066	0.0032465240322822986	-9.431893400715945	-688.4539537047424	255.2215431131741	0.0	0.0	0.0	0.0	0.0	4.0	4.0	4.0	4.0	4.0	4.0
1929.2675312129363	0.0035080404376813075	-9.426659922033458	-690.0025762357918	255.09579883333464	0.0	0.0	0.0	0.0	0.0	4.0	4.0	4.0	4.0	4.0	4.0
1930.817143687806	0.003769556843080201	-9.421021194266785	-691.5496216330214	254.96156780281424	0.0	0.0	0.0	0.0	0.0	4.0	4.0	4.0	4.0	4.0	4.0
1932.366756162676	0.004031073248479134	-9.414977217415922	-693.0948804106897	254.8185472999933	0.0	0.0	0.0	0.0	0.0	4.0	4.0	4.0	4.0	4.0	4.0
1933.9163686375457	0.004292589653878027	-9.40852799148087	-694.6381397711492	254.66642159844048	0.0	0.0	0.0	0.0	0.0	4.0	4.0	4.0	4.0	4.0	4.0
1935.4659811124156	0.004554106059276959	-9.401673516461628	-696.1791834492916	254.50485692469712	0.0	0.0	0.0	0.0	0.0	4.0	4.0	4.0	4.0	4.0	4.0
1937.0155935872856	0.004815622464675891	-9.394413792358197	-697.7177912061304	254.33349562149849	0.0	0.0	0.0	0.0	0.0	4.0	4.0	4.0	4.0	4.0	4.0
1938.5652060621553	0.005077138870074785	-9.38674881917058	-699.2537379326659	254.1519508023928	0.0	0.0	0.0	0.0	0.0	4.0	4.0	4.0	4.0	4.0	4.0
1940.1148185370253	0.005338655275473717	-9.37867859689877	-700.7867925162783	253.95980533222652	0.0	0.0	0.0	0.0	0.0	4.0	4.0	4.0	4.0	4.0	4.0
1941.6644310118947	0.005600171680872572	-9.370203125542773	-702.3167169875611	253.75662080138605	0.0	0.0	0.0	0.0	0.0	4.0	4.0	4.0	4.0	4.0	4.0
1943.214043486765	0.005861688086271543	-9.361322405102582	-703.8432662670382	253.5419519064508	0.0	0.0	0.0	0.0	0.0	4.0	4.0	4.0	4.0	4.0	4.0
1944.7636559616344	0.006123204491670398	-9.352036435578208	-705.3661876613213	253.31534870357584	0.0	0.0	0.0	0.0	0.0	4.0	4.0	4.0	4.0	4.0	4.0
1946.3132684365044	0.00638472089706933	-9.34234521696964	-706.8852188061114	253.0763395029998	0.0	0.0	0.0	0.0	0.0	4.0	4.0	4.0	4.0	4.0	4.0
1947.8628809113743	0.006646237302468262	-9.332248749276886	-708.4000841110523	252.82440967691625	0.0	0.0	0.0	0.0	0.0	4.0	4.0	4.0	4.0	4.0	4.0
1949.412493386244	0.007515044621561257	-9.32137034737965	-709.9097666967338	252.55934765405107	0.0	0.0	0.0	0.0	0.0	4.0	4.0	4.0	4.0	4.0	4.0
1950.9621058611135	0.008535152941734878	-9.308934554195549	-711.4122066280544	252.2807351730287	0.0	0.0	0.0	0.0	0.0	4.0	4.0	4.0	4.0	4.0	4.0
1952.511718335984	0.009555261261909097	-9.294917988432779	-712.9066838292425	251.98797849880071	0.0	0.0	0.0	0.0	0.0	4.0	4.0	4.0	4.0	4.0	4.0
1954.0613308108536	0.01057536958208287	-9.279320650091355	-714.3925670549943	251.68050903261727	0.0	0.0	0.0	0.0	0.0	4.0	4.0	4.0	4.0	4.0	4.0
1955.6109432857236	0.011595477902256788	-9.26214253917127	-715.8692697158797	251.3576930717969	0.0	0.0	0.0	0.0	0.0	4.0	4.0	4.0	4.0	4.0	4.0
1957.1605557605935	0.012615586222430709	-9.243383655672524	-717.3362508100855	251.01880029962436	0.0	0.0	0.0	0.0	0.0	4.0	4.0	4.0	4.0	4.0	4.0
1958.710168235463	0.013635694542604332	-9.223043999595124	-718.7930163108897	250.66300283053573	0.0	0.0	0.0	0.0	0.0	4.0	4.0	4.0	4.0	4.0	4.0
1960.259780710333	0.01465580286277825	-9.201123570939059	-720.2391510628146	250.28951979785924	0.0	0.0	0.0	0.0	0.0	4.0	4.0	4.0	4.0	4.0	4.0
1961.8093931852025	0.015675911182951873	-9.17762236970434	-721.6743146748137	249.89754296231553	0.0	0.0	0.0	0.0	0.0	4.0	4.0	4.0	4.0	4.0	4.0
1963.3590056600724	0.016696019503125794	-9.152540395890954	-723.0981345111126	249.48582870421535	0.0	0.0	0.0	0.0	0.0	4.0	4.0	4.0	4.0	4.0	4.0
1964.9086181349423	0.017716127823299715	-9.125877649498907	-724.5101065875939	249.05254374752133	0.0	0.0	0.0	0.0	0.0	4.0	4.0	4.0	4.0	4.0	4.0
1966.4582306098123	0.018736236143473636	-9.097634130528203	-725.9095334827294	248.59534171883547	0.0	0.0	0.0	0.0	0.0	4.0	4.0	4.0	4.0	4.0	4.0
1968.007843084682	0.019756344463647404	-9.06780983897884	-727.29545102698	248.11142039552843	0.0	0.0	0.0	0.0	0.0	4.0	4.0	4.0	4.0	4.0	4.0
1969.557455559552	0.020776452783821325	-9.036404774850814	-728.666474111482	247.59739914485377	0.0	0.0	0.0	0.0	0.0	4.0	4.0	4.0	4.0	4.0	4.0
1971.1070680344217	0.021796561103995096	-9.003418938144133	-730.0205812516604	247.0491716491948	0.0	0.0	0.0	0.0	0.0	4.0	4.0	4.0	4.0	4.0	4.0
1972.6566805092916	0.022816669424169017	-8.968852328858787	-731.354915795293	246.46193508776415	0.0	0.0	0.0	0.0	0.0	4.0	4.0	4.0	4.0	4.0	4.0
1974.2062929841616	0.023836777744342938	-8.932704946994782	-732.6654900526951	245.83011588924853	0.0	0.0	0.0	0.0	0.0	4.0	4.0	4.0	4.0	4.0	4.0
1975.755905459031	0.024856886064516557	-8.894976792552127	-733.9472279390243	245.14801986638847	0.0	0.0	0.0	0.0	0.0	4.0	4.0	4.0	4.0	4.0	4.0
1977.305517933901	0.025876994384690478	-8.855667865530801	-735.1947208685509	244.4114098371272	0.0	0.0	0.0	0.0	0.0	4.0	4.0	4.0	4.0	4.0	4.0
1978.8551304087707	0.02689710270486425	-8.814778165930822	-736.4028565861483	243.61820770098836	0.0	0.0	0.0	0.0	0.0	4.0	4.0	4.0	4.0	4.0	4.0
1980.404742883641	0.02791721102503832	-8.772307693752168	-737.5668720989255	242.76803975950267	0.0	0.0	0.0	0.0	0.0	4.0	4.0	4.0	4.0	4.0	4.0
1981.9543553585104	0.028937319345211942	-8.728256448994875	-738.6822880380129	241.861735760109	0.0	0.0	0.0	0.0	0.0	4.0	4.0	4.0	4.0	4.0	4.0
1983.50396783338	0.029957427665385714	-8.682624431658917	-739.7449138920375	240.9010505046255	0.0	0.0	0.0	0.0	0.0	4.0	4.0	4.0	4.0	4.0	4.0
1985.0535803082505	0.030977535985559933	-8.635411641744277	-740.7508364266771	239.88843587675535	0.0	0.0	0.0	0.0	0.0	4.0	4.0	4.0	4.0	4.0	4.0
1986.60319278312	0.031997644305733555	-8.586618079251005	-741.6963930122492	238.82685839460703	0.0	0.0	0.0	0.0	0.0	4.0	4.0	4.0	4.0	4.0	4.0
1988.1528052579897	0.03301775262590732	-8.536243744179066	-742.5781668197753	237.7196867733636	0.0	0.0	0.0	0.0	0.0	4.0	4.0	4.0	4.0	4.0	4.0
1989.70241773286	0.03403786094608154	-8.484288636528445	-743.3930114100024	236.57063003315	0.0	0.0	0.0	0.0	0.0	4.0	4.0	4.0	4.0	4.0	4.0
1991.2520302077296	0.035057969266255165	-8.430752756299194	-744.1381460579296	235.38372969180492	0.0	0.0	0.0	0.0	0.0	4.0	4.0	4.0	4.0	4.0	4.0
1992.801642682599	0.03607807758642879	-8.375636103491285	-744.8114324266246	234.16342885781975	0.0	0.0	0.0	0.0	0.0	4.0	4.0	4.0	4.0	4.0	4.0
1994.3512551574693	0.037098185906602854	-8.31893867810469	-745.4120027172439	232.9147120221332	0.0	0.0	0.0	0.0	0.0	4.0	4.0	4.0	4.0	4.0	4.0
1995.9008676323388	0.03811829422677648	-8.26066048013946	-745.940423015117	231.64279729791892	0.0	0.0	0.0	0.0	0.0	4.0	4.0	4.0	4.0	4.0	4.0
1997.4504801072087	0.03859966196844704	-8.200917746677234	-746.3977859262214	230.3520239676828	0.0	0.0	0.0	0.0	0.0	4.0	4.0	4.0	4.0	4.0	4.0
1999.0000925820789	0.037685096324847046	-8.141811840130362	-746.7870594162301	229.04018706166076	0.0	0.0	0.0	0.0	0.0	4.0	4.0	4.0	4.0	4.0	4.0
2000.5497050569484	0.03677053068124745	-8.084123155913925	-747.1098789039426	227.7082445819491	0.0	0.0	0.0	0.0	0.0	4.0	4.0	4.0	4.0	4.0	4.0
2002.0993175318183	0.03585596503764759	-8.02785169402788	-747.36659880618	226.3590566721143	0.0	0.0	0.0	0.0	0.0	4.0	4.0	4.0	4.0	4.0	4.0
2003.6489300066885	0.0349413993940476	-7.972997454472239	-747.557642575043	224.99542237561613	0.0	0.0	0.0	0.0	0.0	4.0	4.0	4.0	4.0	4.0	4.0
2005.1985424815575	0.03402683375044827	-7.919560437247045	-747.6835417236574	223.62008518580308	0.0	0.0	0.0	0.0	0.0	4.0	4.0	4.0	4.0	4.0	4.0
2006.7481549564277	0.033112268106848274	-7.867540642352222	-747.7449731716989	222.23572613905245	0.0	0.0	0.0	0.0	0.0	4.0	4.0	4.0	4.0	4.0	4.0
2008.297767431298	0.03219770246324814	-7.816938069787802	-747.742789210626	220.8449463855023	0.0	0.0	0.0	0.0	0.0	4.0	4.0	4.0	4.0	4.0	4.0
2009.8473799061676	0.031283136819648553	-7.767752719553821	-747.6780434507461	219.450242035215	0.0	0.0	0.0	0.0	0.0	4.0	4.0	4.0	4.0	4.0	4.0
2011.3969923810373	0.030368571176048825	-7.719984591650242	-747.5520078006075	218.05397333769153	0.0	0.0	0.0	0.0	0.0	4.0	4.0	4.0	4.0	4.0	4.0
2012.946604855907	0.0294540055324491	-7.673633686077073	-747.3661824040971	216.65833062853528	0.0	0.0	0.0	0.0	0.0	4.0	4.0	4.0	4.0	4.0	4.0
2014.4962173307767	0.028539439888849372	-7.628700002834313	-747.1222915729427	215.26530055746164	0.0	0.0	0.0	0.0	0.0	4.0	4.0	4.0	4.0	4.0	4.0
2016.045829805647	0.027624874245249377	-7.585183541921949	-746.8222661146314	213.87663659536284	0.0	0.0	0.0	0.0	0.0	4.0	4.0	4.0	4.0	4.0	4.0
2017.5954422805164	0.026710308601649784	-7.543084303340015	-746.4682208374657	212.49383490664232	0.0	0.0	0.0	0.0	0.0	4.0	4.0	4.0	4.0	4.0	4.0
2019.1450547553864	0.025795742958049924	-7.502402287088477	-746.062438525673	211.11811260076985	0.0	0.0	0.0	0.0	0.0	4.0	4.0	4.0	4.0	4.0	4.0
2020.6946672302563	0.02488117731445006	-7.463137493167349	-745.6073495368287	209.750390596118	0.0	0.0	0.0	0.0	0.0	4.0	4.0	4.0	4.0	4.0	4.0
2022.2442797051256	0.023966611670850603	-7.425289921576647	-745.1054894482212	208.39129055137852	0.0	0.0	0.0	0.0	0.0	4.0	4.0	4.0	4.0	4.0	4.0
2023.793892179996	0.023052046027250472	-7.388859572316328	-744.5594271011844	207.04115677471967	0.0	0.0	0.0	0.0	0.0	4.0	4.0	4.0	4.0	4.0	4.0
2025.3435046548657	0.022137480383650744	-7.353846445386434	-743.9716768876509	205.70010505273527	0.0	0.0	0.0	0.0	0.0	4.0	4.0	4.0	4.0	4.0	4.0
2026.8931171297352	0.02122291474005115	-7.320250540786955	-743.3446258806213	204.3680855072219	0.0	0.0	0.0	0.0	0.0	4.0	4.0	4.0	4.0	4.0	4.0
2028.4427296046051	0.02030834909645129	-7.288071858517875	-742.6804833295945	203.04495036443217	0.0	0.0	0.0	0.0	0.0	4.0	4.0	4.0	4.0	4.0	4.0
2029.9923420794748	0.019393783452851563	-7.25731039857921	-741.9812461301427	201.73052427473516	0.0	0.0	0.0	0.0	0.0	4.0	4.0	4.0	4.0	4.0	4.0
2031.541954554345	0.018479217809251568	-7.227966160970945	-741.248676577453	200.42467498818817	0.0	0.0	0.0	0.0	0.0	4.0	4.0	4.0	4.0	4.0	4.0
2033.091567029215	0.017564652165651708	-7.200039145693095	-740.4842910250276	199.12738147885472	0.0	0.0	0.0	0.0	0.0	4.0	4.0	4.0	4.0	4.0	4.0
2034.6411795040844	0.016650086522052115	-7.173529352745662	-739.6893591263857	197.83879594593253	0.0	0.0	0.0	0.0	0.0	4.0	4.0	4.0	4.0	4.0	4.0
2036.1907919789544	0.015735520878452255	-7.148436782128631	-738.8649137333853	196.55929559750552	0.0	0.0	0.0	0.0	0.0	4.0	4.0	4.0	4.0	4.0	4.0
2037.7404044538243	0.014820955234852393	-7.124761433842011	-738.0117693643011	195.28952177735184	0.0	0.0	0.0	0.0	0.0	4.0	4.0	4.0	4.0	4.0	4.0
2039.290016928694	0.013906389591252665	-7.102503307885803	-737.1305500379824	194.03040183694384	0.0	0.0	0.0	0.0	0.0	4.0	4.0	4.0	4.0	4.0	4.0
2040.839629403564	0.012991823947652805	-7.08166240426	-736.2217487845633	192.7831279049694	0.0	0.0	0.0	0.0	0.0	4.0	4.0	4.0	4.0	4.0	4.0
2042.389241878434	0.012077258304052943	-7.062238722964608	-735.2858593216229	191.54904160256328	0.0	0.0	0.0	0.0	0.0	4.0	4.0	4.0	4.0	4.0	4.0
2043.9388543533032	0.011162692660453484	-7.044232263999634	-734.323512323974	190.32947654405064	0.0	0.0	0.0	0.0	0.0	4.0	4.0	4.0	4.0	4.0	4.0
2045.4884668281736	0.010248127016853355	-7.027643027365056	-733.3355017826415	189.12568460497533	0.0	0.0	0.0	0.0	0.0	4.0	4.0	4.0	4.0	4.0	4.0
2047.038079303043	0.009708621491299387	-7.012259996960886	-732.3230096945422	187.93854237837928	0.0	0.0	0.0	0.0	0.0	4.0	4.0	4.0	4.0	4.0	4.0
2048.587691777913	0.009310566506413213	-6.9975238114693115	-731.287362875449	186.7683890153297	0.0	0.0	0.0	0.0	0.0	4.0	4.0	4.0	4.0	4.0	4.0
2050.137304252783	0.00891251152152692	-6.983404456947997	-730.2298871487814	185.61509867887105	0.0	0.0	0.0	0.0	0.0	4.0	4.0	4.0	4.0	4.0	4.0
2051.6869167276527	0.008514456536640744	-6.969901933396951	-729.1518441600916	184.47851249376225	0.0	0.0	0.0	0.0	0.0	4.0	4.0	4.0	4.0	4.0	4.0
2053.2365292025224	0.008116401551754568	-6.957016240816168	-728.0544057881297	183.35848938682565	0.0	0.0	0.0	0.0	0.0	4.0	4.0	4.0	4.0	4.0	4.0
2054.7861416773926	0.0077183465668682755	-6.944747379205645	-726.9386507502213	182.25492278427555	0.0	0.0	0.0	0.0	0.0	4.0	4.0	4.0	4.0	4.0	4.0
2056.3357541522623	0.0073202915819821	-6.933095348565391	-725.8055441534998	181.1677798529526	0.0	0.0	0.0	0.0	0.0	4.0	4.0	4.0	4.0	4.0	4.0
2057.885366627132	0.006922236597095924	-6.922060148895399	-724.6560049955676	180.0970253446844	0.0	0.0	0.0	0.0	0.0	4.0	4.0	4.0	4.0	4.0	4.0
2059.434979102002	0.0065241816122096315	-6.911641780195668	-723.4909426515082	179.04257485839145	0.0	0.0	0.0	0.0	0.0	4.0	4.0	4.0	4.0	4.0	4.0
2060.984591576872	0.006126126627323456	-6.901840242466204	-722.3112568739516	178.0042925210093	0.0	0.0	0.0	0.0	0.0	4.0	4.0	4.0	4.0	4.0	4.0
2062.5342040517417	0.00572807164243728	-6.8926555357070045	-721.1178315187412	176.98199764415668	0.0	0.0	0.0	0.0	0.0	4.0	4.0	4.0	4.0	4.0	4.0
2064.0838165266114	0.005330016657551105	-6.884087659918068	-719.911531012936	175.97546844940786	0.0	0.0	0.0	0.0	0.0	4.0	4.0	4.0	4.0	4.0	4.0
2065.633429001481	0.004931961672664929	-6.876136615099395	-718.693200835095	174.98444041451543	0.0	0.0	0.0	0.0	0.0	4.0	4.0	4.0	4.0	4.0	4.0
2067.1830414763513	0.004533906687778637	-6.868802401250984	-717.4636697023705	174.00860201777667	0.0	0.0	0.0	0.0	0.0	4.0	4.0	4.0	4.0	4.0	4.0
2068.7326539512205	0.004135851702892578	-6.862085018372841	-716.2237515205269	173.04759066783157	0.0	0.0	0.0	0.0	0.0	4.0	4.0	4.0	4.0	4.0	4.0
2070.2822664260907	0.003737796718006285	-6.855984466464958	-714.9742474773598	172.10098840533016	0.0	0.0	0.0	0.0	0.0	4.0	4.0	4.0	4.0	4.0	4.0
2071.831878900961	0.0033397417331199925	-6.850500745527338	-713.7159481148555	171.16831776206848	0.0	0.0	0.0	0.0	0.0	4.0	4.0	4.0	4.0	4.0	4.0
2073.38149137583	0.002941686748233934	-6.845633855559986	-712.449634766408	170.24903891229843	0.0	0.0	0.0	0.0	0.0	4.0	4.0	4.0	4.0	4.0	4.0
2074.9311038507003	0.0025436317633476414	-6.841383796562894	-711.1760796972271	169.3425494037793	0.0	0.0	0.0	0.0	0.0	4.0	4.0	4.0	4.0	4.0	4.0
2076.48071632557	0.0021455767784614656	-6.837750568536068	-709.8960447869888	168.44818697762767	0.0	0.0	0.0	0.0	0.0	4.0	4.0	4.0	4.0	4.0	4.0
2078.0303288004397	0.0017475217935752898	-6.8347341714795045	-708.6102790529935	167.5652351658736	0.0	0.0	0.0	0.0	0.0	4.0	4.0	4.0	4.0	4.0	4.0
2079.57994127531	0.0013494668086889972	-6.832334605393205	-707.3195156743459	166.69293063290525	0.0	0.0	0.0	0.0	0.0	4.0	4.0	4.0	4.0	4.0	4.0
2081.129553750179	0.0009514118238029384	-6.83055187027717	-706.024468765321	165.83047176788378	0.0	0.0	0.0	0.0	0.0	4.0	4.0	4.0	4.0	4.0	4.0
2082.67916622505	0.0005533568389165291	-6.829385966131398	-704.7258291518691	164.97702959919098	0.0	0.0	0.0	0.0	0.0	4.0	4.0	4.0	4.0	4.0	4.0
2084.228778699919	0.00015530185403047015	-6.8288368929558905	-703.424258646337	164.13176167240778	0.0	0.0	0.0	0.0	0.0	4.0	4.0	4.0	4.0	4.0	4.0
2085.778391174789	-0.00024275313085570554	-6.828904650750646	-702.1203834415758	163.29382759112528	0.0	0.0	0.0	0.0	0.0	4.0	4.0	4.0	4.0	4.0	4.0
2087.3280036496585	-0.0006408081157418812	-6.829589239515665	-700.8147873901179	162.46240458400962	0.0	0.0	0.0	0.0	0.0	4.0	4.0	4.0	4.0	4.0	4.0
2088.8776161245287	-0.0010388631006281737	-6.830890659250949	-699.5080056182126	161.63670194991664	0.0	0.0	0.0	0.0	0.0	4.0	4.0	4.0	4.0	4.0	4.0
2090.4272285993984	-0.0014369180855143494	-6.832808909956497	-698.2005187360132	160.8159735707653	0.0	0.0	0.0	0.0	0.0	4.0	4.0	4.0	4.0	4.0	4.0
2091.976841074268	-0.0018349730704005252	-6.835343991632307	-696.8927479283241	159.99952771108323	0.0	0.0	0.0	0.0	0.0	4.0	4.0	4.0	4.0	4.0	4.0
2093.5264535491383	-0.002233028055286818	-6.838495904278383	-695.5850514351796	159.1867330614337	0.0	0.0	0.0	0.0	0.0	4.0	4.0	4.0	4.0	4.0	4.0
2095.0760660240076	-0.0026310830401728765	-6.84226464789472	-694.2777226633059	158.37702056501988	0.0	0.0	0.0	0.0	0.0	4.0	4.0	4.0	4.0	4.0	4.0
2096.6256784988777	-0.0028120472792065557	-6.846581629540502	-692.9708671934994	157.5696735611242	0.0	0.0	0.0	0.0	0.0	4.0	4.0	4.0	4.0	4.0	4.0
2098.1752909737475	-0.0026777534306057665	-6.850835161372738	-691.6630530235176	156.76321629231242	0.0	0.0	0.0	0.0	0.0	4.0	4.0	4.0	4.0	4.0	4.0
2099.724903448617	-0.0025434595820049773	-6.854880589781885	-690.353976586518	155.95717124560375	0.0	0.0	0.0	0.0	0.0	4.0	4.0	4.0	4.0	4.0	4.0
2101.2745159234873	-0.002409165733404148	-6.858717914767944	-689.0437780402033	155.15123830379076	0.0	0.0	0.0	0.0	0.0	4.0	4.0	4.0	4.0	4.0	4.0
2102.824128398357	-0.002274871884803359	-6.86234713633091	-687.7325786293023	154.34517333432584	0.0	0.0	0.0	0.0	0.0	4.0	4.0	4.0	4.0	4.0	4.0
2104.373740873227	-0.0021405780362025693	-6.865768254470787	-686.4204823766463	153.53878177452486	0.0	0.0	0.0	0.0	0.0	4.0	4.0	4.0	4.0	4.0	4.0
2105.923353348097	-0.0020062841876017407	-6.868981269187574	-685.1075778103784	152.731912708724	0.0	0.0	0.0	0.0	0.0	4.0	4.0	4.0	4.0	4.0	4.0
2107.4729658229667	-0.0018719903390009513	-6.8719861804812705	-683.7939395962694	151.92445356711738	0.0	0.0	0.0	0.0	0.0	4.0	4.0	4.0	4.0	4.0	4.0
2109.0225782978364	-0.001737696490400162	-6.874782988351877	-682.4796300132201	151.11632547050294	0.0	0.0	0.0	0.0	0.0	4.0	4.0	4.0	4.0	4.0	4.0
2110.5721907727066	-0.0016034026417993332	-6.877371692799394	-681.1647002584477	150.3074791778874	0.0	0.0	0.0	0.0	0.0	4.0	4.0	4.0	4.0	4.0	4.0
2112.121803247576	-0.0014691087931985832	-6.87975229382382	-679.8491915953952	149.4978915625683	0.0	0.0	0.0	0.0	0.0	4.0	4.0	4.0	4.0	4.0	4.0
2113.671415722446	-0.0013348149445977543	-6.881924791425157	-678.5331363675339	148.68756253604147	0.0	0.0	0.0	0.0	0.0	4.0	4.0	4.0	4.0	4.0	4.0
2115.2210281973157	-0.001200521095996965	-6.883889185603403	-677.2165589011033	147.87651234717106	0.0	0.0	0.0	0.0	0.0	4.0	4.0	4.0	4.0	4.0	4.0
2116.7706406721854	-0.0010662272473961755	-6.885645476358559	-675.8994763157555	147.06477919651536	0.0	0.0	0.0	0.0	0.0	4.0	4.0	4.0	4.0	4.0	4.0
2118.3202531470556	-0.0009319333987953468	-6.887193663690626	-674.5818992580284	146.25241711691973	0.0	0.0	0.0	0.0	0.0	4.0	4.0	4.0	4.0	4.0	4.0
2119.869865621925	-0.0007976395501945967	-6.888533747599602	-673.2638325688516	145.43949408106943	0.0	0.0	0.0	0.0	0.0	4.0	4.0	4.0	4.0	4.0	4.0
2121.419478096795	-0.000663345701593768	-6.889665728085488	-671.9452758908103	144.62609030799862	0.0	0.0	0.0	0.0	0.0	4.0	4.0	4.0	4.0	4.0	4.0
2122.969090571665	-0.0005290518529929392	-6.890589605148284	-670.6262242156323	143.81229675089077	0.0	0.0	0.0	0.0	0.0	4.0	4.0	4.0	4.0	4.0	4.0
2124.518703046535	-0.00039475800439214983	-6.891305378787989	-669.3066683687147	142.9982137559028	0.0	0.0	0.0	0.0	0.0	4.0	4.0	4.0	4.0	4.0	4.0
2126.0683155214047	-0.0002604641557913604	-6.891813049004605	-667.9865954256323	142.18394988647478	0.0	0.0	0.0	0.0	0.0	4.0	4.0	4.0	4.0	4.0	4.0
2127.6179279962744	-0.00012617030719057104	-6.892112615798131	-666.6659890548971	141.3696209103682	0.0	0.0	0.0	0.0	0.0	4.0	4.0	4.0	4.0	4.0	4.0
2129.167540471144	8.12354141021836e-06	-6.892204079168566	-665.3448297830668	140.55534894586623	0.0	0.0	0.0	0.0	0.0	4.0	4.0	4.0	4.0	4.0	4.0
2130.717152946014	0.00014241739001100774	-6.892087439115912	-664.0230951833468	139.74126175815923	0.0	0.0	0.0	0.0	0.0	4.0	4.0	4.0	4.0	4.0	4.0
2132.2667654208835	0.00027671123861179716	-6.891762695640168	-662.700759994603	138.9274921904114	0.0	0.0	0.0	0.0	0.0	4.0	4.0	4.0	4.0	4.0	4.0
2133.8163778957537	0.00041100508721262594	-6.891229848741333	-661.3777961952186	138.1141776904321	0.0	0.0	0.0	0.0	0.0	4.0	4.0	4.0	4.0	4.0	4.0
2135.3659903706234	0.0005452989358134153	-6.890488898419409	-660.0541730780293	137.30145986356646	0.0	0.0	0.0	0.0	0.0	4.0	4.0	4.0	4.0	4.0	4.0
2136.915602845493	0.0006795927844142047	-6.889539844674394	-658.7298573448295	136.48948402237178	0.0	0.0	0.0	0.0	0.0	4.0	4.0	4.0	4.0	4.0	4.0
2138.4652153203633	0.0008138866330150335	-6.888382687506288	-657.4048132196551	135.67839873117987	0.0	0.0	0.0	0.0	0.0	4.0	4.0	4.0	4.0	4.0	4.0
2140.014827795233	0.0009481804816158229	-6.887017426915094	-656.0790025889106	134.86835533062327	0.0	0.0	0.0	0.0	0.0	4.0	4.0	4.0	4.0	4.0	4.0
2141.5644402701028	0.0010824743302166122	-6.885444062900809	-654.7523851637975	134.0595074449875	0.0	0.0	0.0	0.0	0.0	4.0	4.0	4.0	4.0	4.0	4.0
2143.114052744973	0.0012167681788174411	-6.883662595463433	-653.4249186520376	133.2520104874215	0.0	0.0	0.0	0.0	0.0	4.0	4.0	4.0	4.0	4.0	4.0
2144.663665219842	0.001351062027418191	-6.881673024602969	-652.0965589237078	132.44602118146537	0.0	0.0	0.0	0.0	0.0	4.0	4.0	4.0	4.0	4.0	4.0
2146.2132776947124	0.0014710243443444683	-6.879476893427051	-650.7672566972676	131.64170445377758	0.0	0.0	0.0	0.0	0.0	4.0	4.0	4.0	4.0	4.0	4.0
2147.7628901695825	0.001502188885075334	-6.877173229271672	-649.4370158490906	130.83927178529046	0.0	0.0	0.0	0.0	0.0	4.0	4.0	4.0	4.0	4.0	4.0
2149.312502644452	0.001533353425806181	-6.874821272155205	-648.105816081302	130.03886621495877	0.0	0.0	0.0	0.0	0.0	4.0	4.0	4.0	4.0	4.0	4.0
2150.862115119322	0.0015645179665370464	-6.872421022077646	-646.7735764378714	129.24062694590077	0.0	0.0	0.0	0.0	0.0	4.0	4.0	4.0	4.0	4.0	4.0
2152.4117275941917	0.0015956825072679028	-6.869972479038997	-645.4402164780666	128.44469417260802	0.0	0.0	0.0	0.0	0.0	4.0	4.0	4.0	4.0	4.0	4.0
2153.9613400690614	0.001626847047998759	-6.867475643039258	-644.1056564064967	127.6512089932084	0.0	0.0	0.0	0.0	0.0	4.0	4.0	4.0	4.0	4.0	4.0
2155.510952543931	0.0016580115887296154	-6.864930514078429	-642.7698171892592	126.8603133397411	0.0	0.0	0.0	0.0	0.0	4.0	4.0	4.0	4.0	4.0	4.0
2157.0605650188013	0.0016891761294604809	-6.862337092156509	-641.4326206723189	126.07214990227588	0.0	0.0	0.0	0.0	0.0	4.0	4.0	4.0	4.0	4.0	4.0
2158.610177493671	0.0017203406701913372	-6.8596953772735	-640.0939897115817	125.28686203190595	0.0	0.0	0.0	0.0	0.0	4.0	4.0	4.0	4.0	4.0	4.0
2160.159789968541	0.0017515052109222027	-6.8570053694294	-638.7538483227737	124.50459360901291	0.0	0.0	0.0	0.0	0.0	4.0	4.0	4.0	4.0	4.0	4.0
2161.709402443411	0.001782669751653059	-6.85426706862421	-637.412121856031	123.72548886750876	0.0	0.0	0.0	0.0	0.0	4.0	4.0	4.0	4.0	4.0	4.0
2163.2590149182806	0.0018138342923839153	-6.851480474857931	-636.0687371934106	122.94969217567952	0.0	0.0	0.0	0.0	0.0	4.0	4.0	4.0	4.0	4.0	4.0
2164.8086273931503	0.0018449988331147714	-6.8486455881305615	-634.7236229596497	122.1773477866504	0.0	0.0	0.0	0.0	0.0	4.0	4.0	4.0	4.0	4.0	4.0
2166.35823986802	0.0018761633738456278	-6.845762408442101	-633.3767097332692	121.40859957716768	0.0	0.0	0.0	0.0	0.0	4.0	4.0	4.0	4.0	4.0	4.0
2167.90785234289	0.001907327914576484	-6.842830935792551	-632.0279302472111	120.64359079098077	0.0	0.0	0.0	0.0	0.0	4.0	4.0	4.0	4.0	4.0	4.0
2169.4574648177595	0.0019384924553073404	-6.839851170181912	-630.6772195733923	119.88246379561592	0.0	0.0	0.0	0.0	0.0	4.0	4.0	4.0	4.0	4.0	4.0
2171.007077292629	0.001969656996038197	-6.836823111610181	-629.3245152886577	119.12535985682716	0.0	0.0	0.0	0.0	0.0	4.0	4.0	4.0	4.0	4.0	4.0
2172.5566897674994	0.002000821536769062	-6.83374676007736	-627.9697576181052	118.37241893774716	0.0	0.0	0.0	0.0	0.0	4.0	4.0	4.0	4.0	4.0	4.0
2174.1063022423696	0.002031986077499928	-6.830622115583449	-626.6128895533068	117.62377952767407	0.0	0.0	0.0	0.0	0.0	4.0	4.0	4.0	4.0	4.0	4.0
2175.6559147172393	0.002063150618230784	-6.8274491781284485	-625.2538569461213	116.87957850054292	0.0	0.0	0.0	0.0	0.0	4.0	4.0	4.0	4.0	4.0	4.0
2177.205527192109	0.00209431515896164	-6.824227947712358	-623.892608580904	116.13995099969628	0.0	0.0	0.0	0.0	0.0	4.0	4.0	4.0	4.0	4.0	4.0
2178.7551396669787	0.0021254796996924966	-6.820958424335177	-622.5290962302156	115.40503034161546	0.0	0.0	0.0	0.0	0.0	4.0	4.0	4.0	4.0	4.0	4.0
2180.3047521418484	0.0021566442404233528	-6.817640607996906	-621.1632746985974	114.67494793177296	0.0	0.0	0.0	0.0	0.0	4.0	4.0	4.0	4.0	4.0	4.0
2181.8543646167186	0.0021878087811542184	-6.814274498697544	-619.7951018574307	113.94983318805474	0.0	0.0	0.0	0.0	0.0	4.0	4.0	4.0	4.0	4.0	4.0
2183.403977091588	0.0022189733218850654	-6.810860096437094	-618.4245386734949	113.22981346763666	0.0	0.0	0.0	0.0	0.0	4.0	4.0	4.0	4.0	4.0	4.0
2184.953589566458	0.002250137862615931	-6.807397401215551	-617.051549233456	112.51501399359606	0.0	0.0	0.0	0.0	0.0	4.0	4.0	4.0	4.0	4.0	4.0
2186.503202041328	0.0022813024033467963	-6.803886413032919	-615.6761007625839	111.8055577842262	0.0	0.0	0.0	0.0	0.0	4.0	4.0	4.0	4.0	4.0	4.0
2188.0528145161975	0.0023124669440776438	-6.8003271318891985	-614.2981636378272	111.10156558493134	0.0	0.0	0.0	0.0	0.0	4.0	4.0	4.0	4.0	4.0	4.0
2189.6024269910677	0.002343631484808509	-6.796719557784386	-612.9177114004586	110.40315579361416	0.0	0.0	0.0	0.0	0.0	4.0	4.0	4.0	4.0	4.0	4.0
2191.1520394659374	0.0023747960255393655	-6.793063690718484	-611.5347207701286	109.7104443759016	0.0	0.0	0.0	0.0	0.0	4.0	4.0	4.0	4.0	4.0	4.0
2192.701651940807	0.0024059605662702216	-6.789359530691493	-610.1491716577026	109.02354477426964	0.0	0.0	0.0	0.0	0.0	4.0	4.0	4.0	4.0	4.0	4.0
2194.2512644156773	0.0024371251070010873	-6.785607077703409	-608.7610471729851	108.34256781779712	0.0	0.0	0.0	0.0	0.0	4.0	4.0	4.0	4.0	4.0	4.0
2195.800876890547	0.0024682896477319434	-6.781806331754237	-607.370333624984	107.66762163685344	0.0	0.0	0.0	0.0	0.0	4.0	4.0	4.0	4.0	4.0	4.0
2197.3504893654163	0.002577624151231623	-6.777904326950578	-605.9771076257105	106.99882704729784	0.0	0.0	0.0	0.0	0.0	4.0	4.0	4.0	4.0	4.0	4.0
2198.900101840287	0.0026981761560118203	-6.773816603965063	-604.581491692416	106.33636590853273	0.0	0.0	0.0	0.0	0.0	4.0	4.0	4.0	4.0	4.0	4.0
2200.449714315156	0.002818728160791911	-6.769542072089073	-603.1835096199063	105.68035406841236	0.0	0.0	0.0	0.0	0.0	4.0	4.0	4.0	4.0	4.0	4.0
2201.9993267900263	0.002939280165572073	-6.765080731322604	-601.7831894112252	105.0308974676504	0.0	0.0	0.0	0.0	0.0	4.0	4.0	4.0	4.0	4.0	4.0
2203.548939264896	0.003059832170352199	-6.760432581665657	-600.3805615800711	104.38809806953007	0.0	0.0	0.0	0.0	0.0	4.0	4.0	4.0	4.0	4.0	4.0
2205.0985517397658	0.0031803841751323254	-6.755597623118232	-598.9756588676515	103.75205372599956	0.0	0.0	0.0	0.0	0.0	4.0	4.0	4.0	4.0	4.0	4.0
2206.6481642146355	0.0033009361799124517	-6.750575855680331	-597.5685159415086	103.12285805749111	0.0	0.0	0.0	0.0	0.0	4.0	4.0	4.0	4.0	4.0	4.0
2208.1977766895056	0.0034214881846926135	-6.745367279351949	-596.1591690767256	102.50060034723133	0.0	0.0	0.0	0.0	0.0	4.0	4.0	4.0	4.0	4.0	4.0
2209.7473891643754	0.00354204018947274	-6.739971894133091	-594.7476558213928	101.8853654480207	0.0	0.0	0.0	0.0	0.0	4.0	4.0	4.0	4.0	4.0	4.0
2211.297001639245	0.003662592194252866	-6.734389700023755	-593.3340146484356	101.27723369882128	0.0	0.0	0.0	0.0	0.0	4.0	4.0	4.0	4.0	4.0	4.0
2212.8466141141153	0.003783144199033028	-6.728620697023939	-591.9182845954853	100.67628084914412	0.0	0.0	0.0	0.0	0.0	4.0	4.0	4.0	4.0	4.0	4.0
2214.396226588985	0.003903696203813154	-6.722664885133648	-590.5005048940969	100.08257798972838	0.0	0.0	0.0	0.0	0.0	4.0	4.0	4.0	4.0	4.0	4.0
2215.9458390638547	0.00402424820859328	-6.716522264352879	-589.0807145895683	99.49619148789851	0.0	0.0	0.0	0.0	0.0	4.0	4.0	4.0	4.0	4.0	4.0
2217.4954515387244	0.004144800213373407	-6.7101928346816315	-587.6589521525059	98.91718292593768	0.0	0.0	0.0	0.0	0.0	4.0	4.0	4.0	4.0	4.0	4.0
2219.045064013594	0.0042653522181535335	-6.703676596119906	-586.2352550830857	98.34560904090092	0.0	0.0	0.0	0.0	0.0	4.0	4.0	4.0	4.0	4.0	4.0
2220.5946764884643	0.0043859042229336944	-6.696973548667701	-584.8096595086621	97.78152166460065	0.0	0.0	0.0	0.0	0.0	4.0	4.0	4.0	4.0	4.0	4.0
2222.144288963334	0.004506456227713821	-6.690083692325021	-583.3821997749818	97.22496766306766	0.0	0.0	0.0	0.0	0.0	4.0	4.0	4.0	4.0	4.0	4.0
2223.693901438204	0.0046270082324939826	-6.68300702709186	-581.952908030817	96.67598887549316	0.0	0.0	0.0	0.0	0.0	4.0	4.0	4.0	4.0	4.0	4.0
2225.243513913074	0.004747560237274109	-6.675743552968224	-580.5218138053076	96.13462205376597	0.0	0.0	0.0	0.0	0.0	4.0	4.0	4.0	4.0	4.0	4.0
2226.7931263879436	0.004868112242054235	-6.668293269954109	-579.0889435766701	95.60089880517292	0.0	0.0	0.0	0.0	0.0	4.0	4.0	4.0	4.0	4.0	4.0
2228.3427388628133	0.004988664246834361	-6.660656178049517	-577.6543203305575	95.07484554205962	0.0	0.0	0.0	0.0	0.0	4.0	4.0	4.0	4.0	4.0	4.0
2229.892351337683	0.0051092162516144886	-6.652832277254447	-576.2179631057995	94.5564834441371	0.0	0.0	0.0	0.0	0.0	4.0	4.0	4.0	4.0	4.0	4.0
2231.441963812553	0.005229768256394615	-6.6448215675689	-574.7798865247754	94.04582844130718	0.0	0.0	0.0	0.0	0.0	4.0	4.0	4.0	4.0	4.0	4.0
2232.991576287423	0.005350320261174776	-6.636624048992871	-573.3401003058804	93.54289122578304	0.0	0.0	0.0	0.0	0.0	4.0	4.0	4.0	4.0	4.0	4.0
2234.5411887622927	0.005470872265954902	-6.628239721526367	-571.8986087561755	93.047677302314	0.0	0.0	0.0	0.0	0.0	4.0	4.0	4.0	4.0	4.0	4.0
2236.0908012371624	0.005591424270735029	-6.619668585169387	-570.4554102431391	92.56018708490544	0.0	0.0	0.0	0.0	0.0	4.0	4.0	4.0	4.0	4.0	4.0
2237.640413712033	0.005711976275515226	-6.610910639921922	-569.010496645474	92.08041604746644	0.0	0.0	0.0	0.0	0.0	4.0	4.0	4.0	4.0	4.0	4.0
2239.1900261869023	0.0058325282802953165	-6.601965885783987	-567.5638527840183	91.6083549344369	0.0	0.0	0.0	0.0	0.0	4.0	4.0	4.0	4.0	4.0	4.0
2240.739638661772	0.005953080285075443	-6.592834322755572	-566.1154558348484	91.14399003598388	0.0	0.0	0.0	0.0	0.0	4.0	4.0	4.0	4.0	4.0	4.0
2242.289251136642	0.006073632289855605	-6.583515950836677	-564.6652747275009	90.68730353122308	0.0	0.0	0.0	0.0	0.0	4.0	4.0	4.0	4.0	4.0	4.0
2243.838863611511	0.006194184294635661	-6.574010770027312	-563.2132695317903	90.23827390235378	0.0	0.0	0.0	0.0	0.0	4.0	4.0	4.0	4.0	4.0	4.0
2245.3884760863816	0.006314736299415857	-6.564318780327458	-561.7593908370192	89.79687642271506	0.0	0.0	0.0	0.0	0.0	4.0	4.0	4.0	4.0	4.0	4.0
2246.938088561252	0.006305609125225713	-6.554502117863489	-560.3033796388308	89.363083370162	0.0	0.0	0.0	0.0	0.0	4.0	4.0	4.0	4.0	4.0	4.0
2248.4877010361215	0.006216465472286834	-6.544799936359712	-558.8444707253722	88.93665530560342	0.0	0.0	0.0	0.0	0.0	4.0	4.0	4.0	4.0	4.0	4.0
2250.037313510991	0.006127321819347955	-6.535235892972584	-557.3825585069013	88.51752295949149	0.0	0.0	0.0	0.0	0.0	4.0	4.0	4.0	4.0	4.0	4.0
2251.586925985861	0.006038178166409076	-6.525809987702106	-555.9176024736886	88.10568473014361	0.0	0.0	0.0	0.0	0.0	4.0	4.0	4.0	4.0	4.0	4.0
2253.1365384607307	0.005949034513470197	-6.516522220548278	-554.449568897832	87.70114231113433	0.0	0.0	0.0	0.0	0.0	4.0	4.0	4.0	4.0	4.0	4.0
2254.686150935601	0.005859890860531292	-6.507372591511095	-552.9784307857227	87.30390016454501	0.0	0.0	0.0	0.0	0.0	4.0	4.0	4.0	4.0	4.0	4.0
2256.23576341047	0.005770747207592439	-6.498361100590569	-551.5041678305485	86.91396490845507	0.0	0.0	0.0	0.0	0.0	4.0	4.0	4.0	4.0	4.0	4.0
2257.7853758853403	0.0056816035546535335	-6.489487747786686	-550.0267663182966	86.53134481680276	0.0	0.0	0.0	0.0	0.0	4.0	4.0	4.0	4.0	4.0	4.0
2259.33498836021	0.0055924599017146545	-6.480752533099455	-548.546218990351	86.15604945614399	0.0	0.0	0.0	0.0	0.0	4.0	4.0	4.0	4.0	4.0	4.0
2260.8846008350797	0.0055033162487757754	-6.472155456528874	-547.0625248805466	85.78808941269988	0.0	0.0	0.0	0.0	0.0	4.0	4.0	4.0	4.0	4.0	4.0
2262.43421330995	0.00541417259583687	-6.463696518074941	-545.5756891473264	85.42747602667733	0.0	0.0	0.0	0.0	0.0	4.0	4.0	4.0	4.0	4.0	4.0
2263.9838257848196	0.005325028942897991	-6.455375717737659	-544.0857229174107	85.07422104004687	0.0	0.0	0.0	0.0	0.0	4.0	4.0	4.0	4.0	4.0	4.0
2265.5334382596893	0.005235885289959112	-6.447193055517027	-542.5926431349395	84.72833616160318	0.0	0.0	0.0	0.0	0.0	4.0	4.0	4.0	4.0	4.0	4.0
2267.083050734559	0.005146741637020232	-6.439148531413044	-541.0964724044545	84.3898325932668	0.0	0.0	0.0	0.0	0.0	4.0	4.0	4.0	4.0	4.0	4.0
2268.6326632094288	0.005057597984081353	-6.431242145425711	-539.5972388290875	84.05872049618962	0.0	0.0	0.0	0.0	0.0	4.0	4.0	4.0	4.0	4.0	4.0
2270.1822756842985	0.004968454331142474	-6.423473897555027	-538.0949758404887	83.73500840130522	0.0	0.0	0.0	0.0	0.0	4.0	4.0	4.0	4.0	4.0	4.0
2271.731888159169	0.004879310678203543	-6.415843787800989	-536.5897220063658	83.41870265327293	0.0	0.0	0.0	0.0	0.0	4.0	4.0	4.0	4.0	4.0	4.0
2273.2815006340384	0.00479016702526469	-6.408351816163607	-535.0815208036671	83.10980700469582	0.0	0.0	0.0	0.0	0.0	4.0	4.0	4.0	4.0	4.0	4.0
2274.8311131089085	0.004701023372325785	-6.40099798264287	-533.5704203545554	82.80832245835472	0.0	0.0	0.0	0.0	0.0	4.0	4.0	4.0	4.0	4.0	4.0
2276.3807255837783	0.004611879719386906	-6.393782287238784	-532.0564731443667	82.51424730286173	0.0	0.0	0.0	0.0	0.0	4.0	4.0	4.0	4.0	4.0	4.0
2277.930338058648	0.004522736066448027	-6.386704729951348	-530.539735736207	82.22757729052114	0.0	0.0	0.0	0.0	0.0	4.0	4.0	4.0	4.0	4.0	4.0
2279.4799505335177	0.004433592413509148	-6.379765310780562	-529.0202684534057	81.94830631760381	0.0	0.0	0.0	0.0	0.0	4.0	4.0	4.0	4.0	4.0	4.0
2281.029563008388	0.004344448760570243	-6.372964029726423	-527.498135060296	81.67642752249289	0.0	0.0	0.0	0.0	0.0	4.0	4.0	4.0	4.0	4.0	4.0
2282.579175483257	0.00425530510763139	-6.366300886788938	-525.9734025158997	81.4119341094092	0.0	0.0	0.0	0.0	0.0	4.0	4.0	4.0	4.0	4.0	4.0
2284.1287879581273	0.004166161454692485	-6.3597758819680985	-524.4461408046712	81.1548196278722	0.0	0.0	0.0	0.0	0.0	4.0	4.0	4.0	4.0	4.0	4.0
2285.678400432997	0.004077017801753606	-6.35338901526391	-522.9164228454724	80.905077301277	0.0	0.0	0.0	0.0	0.0	4.0	4.0	4.0	4.0	4.0	4.0
2287.228012907867	0.0039878741488147	-6.347140286676369	-521.3843244539298	80.66269812031882	0.0	0.0	0.0	0.0	0.0	4.0	4.0	4.0	4.0	4.0	4.0
2288.777625382737	0.0038987304958758213	-6.341029696205481	-519.8499242847369	80.42766808293946	0.0	0.0	0.0	0.0	0.0	4.0	4.0	4.0	4.0	4.0	4.0
2290.327237857606	0.0038095868429369683	-6.335057243851243	-518.31330370182	80.19996499766405	0.0	0.0	0.0	0.0	0.0	4.0	4.0	4.0	4.0	4.0	4.0
2291.876850332477	0.0037204431899980368	-6.32922292961365	-516.7745465564532	79.97955506597266	0.0	0.0	0.0	0.0	0.0	4.0	4.0	4.0	4.0	4.0	4.0
2293.4264628073465	0.0036312995370591577	-6.323526753492709	-515.2337388761591	79.76638918026472	0.0	0.0	0.0	0.0	0.0	4.0	4.0	4.0	4.0	4.0	4.0
2294.976075282216	0.0035421558841203047	-6.31796871548842	-513.6909685211035	79.56039726848431	0.0	0.0	0.0	0.0	0.0	4.0	4.0	4.0	4.0	4.0	4.0
2296.5256877570864	0.003387434017433166	-6.31256744555424	-512.1463275373432	79.36150531452333	0.0	0.0	0.0	0.0	0.0	4.0	4.0	4.0	4.0	4.0	4.0
2298.075300231956	0.0031194356039763297	-6.307525882385397	-510.59998430553145	79.16956068162722	0.0	0.0	0.0	0.0	0.0	4.0	4.0	4.0	4.0	4.0	4.0
2299.6249127068254	0.002851437190519572	-6.302899612901292	-509.05216033065653	78.98430002371435	0.0	0.0	0.0	0.0	0.0	4.0	4.0	4.0	4.0	4.0	4.0
2301.1745251816956	0.002583438777062657	-6.2986886371019235	-507.50307424122065	78.80548681225538	0.0	0.0	0.0	0.0	0.0	4.0	4.0	4.0	4.0	4.0	4.0
2302.7241376565653	0.0023154403636058206	-6.2948929549872945	-505.9529442299944	78.63287600724863	0.0	0.0	0.0	0.0	0.0	4.0	4.0	4.0	4.0	4.0	4.0
2304.273750131435	0.0020474419501489843	-6.291512566557403	-504.4019870476009	78.46621966075796	0.0	0.0	0.0	0.0	0.0	4.0	4.0	4.0	4.0	4.0	4.0
2305.823362606305	0.0017794435366920692	-6.288547471812249	-502.850417136472	78.30527148831372	0.0	0.0	0.0	0.0	0.0	4.0	4.0	4.0	4.0	4.0	4.0
2307.372975081175	0.0015114451232352327	-6.285997670751834	-501.29844584557026	78.1497883618201	0.0	0.0	0.0	0.0	0.0	4.0	4.0	4.0	4.0	4.0	4.0
2308.9225875560446	0.0012434467097783965	-6.283863163376156	-499.7462806396169	77.99953252656526	0.0	0.0	0.0	0.0	0.0	4.0	4.0	4.0	4.0	4.0	4.0
2310.472200030915	0.0009754482963214815	-6.282143949685216	-498.1941243121309	77.85428534203506	0.0	0.0	0.0	0.0	0.0	4.0	4.0	4.0	4.0	4.0	4.0
2312.021812505784	0.0007074498828647238	-6.280840029679015	-496.6421742789053	77.71386756650232	0.0	0.0	0.0	0.0	0.0	4.0	4.0	4.0	4.0	4.0	4.0
2313.5714249806542	0.0004394514694078088	-6.279951403357552	-495.090621792685	77.57814063956025	0.0	0.0	0.0	0.0	0.0	4.0	4.0	4.0	4.0	4.0	4.0
2315.121037455524	0.00017145305595097244	-6.279478070720827	-493.5396508606224	77.44699406086363	0.0	0.0	0.0	0.0	0.0	4.0	4.0	4.0	4.0	4.0	4.0
2316.6706499303937	-9.65453575058639e-05	-6.27942003176884	-491.9894369221937	77.32033800303607	0.0	0.0	0.0	0.0	0.0	4.0	4.0	4.0	4.0	4.0	4.0
2318.2202624052634	-0.00036454377096270025	-6.279777286501591	-490.4401453823171	77.19809979083415	0.0	0.0	0.0	0.0	0.0	4.0	4.0	4.0	4.0	4.0	4.0
2319.769874880133	-0.0006325421844195365	-6.280549834919079	-488.89193003774903	77.0802213286295	0.0	0.0	0.0	0.0	0.0	4.0	4.0	4.0	4.0	4.0	4.0
2321.3194873550033	-0.0009005405978764516	-6.281737677021306	-487.3449314288909	76.96666249033314	0.0	0.0	0.0	0.0	0.0	4.0	4.0	4.0	4.0	4.0	4.0
2322.8690998298734	-0.0011685390113333667	-6.283340812808272	-485.7992750739406	76.85741266783359	0.0	0.0	0.0	0.0	0.0	4.0	4.0	4.0	4.0	4.0	4.0
2324.4187123047427	-0.0014365374247901242	-6.2853592422799744	-484.2550694517185	76.7525059704065	0.0	0.0	0.0	0.0	0.0	4.0	4.0	4.0	4.0	4.0	4.0
2325.968324779613	-0.0017045358382470391	-6.287792965436417	-482.7124036713316	76.65201832853289	0.0	0.0	0.0	0.0	0.0	4.0	4.0	4.0	4.0	4.0	4.0
2327.5179372544826	-0.0019725342517038754	-6.290641982277595	-481.171345059858	76.55604615628768	0.0	0.0	0.0	0.0	0.0	4.0	4.0	4.0	4.0	4.0	4.0
2329.0675497293523	-0.002240532665160712	-6.293906292803513	-479.6319368109193	76.46469486242995	0.0	0.0	0.0	0.0	0.0	4.0	4.0	4.0	4.0	4.0	4.0
2330.617162204222	-0.0025085310786175483	-6.297585897014168	-478.0941956559134	76.378075081386	0.0	0.0	0.0	0.0	0.0	4.0	4.0	4.0	4.0	4.0	4.0
2332.166774679092	-0.0027765294920744634	-6.301680794909562	-476.55810957708775	76.29629891719374	0.0	0.0	0.0	0.0	0.0	4.0	4.0	4.0	4.0	4.0	4.0
2333.716387153962	-0.0030445279055312997	-6.3061909864896935	-475.02363558159465	76.21947663493467	0.0	0.0	0.0	0.0	0.0	4.0	4.0	4.0	4.0	4.0	4.0
2335.2659996288317	-0.003312526318988136	-6.311116471754563	-473.49069760466034	76.14771182060599	0.0	0.0	0.0	0.0	0.0	4.0	4.0	4.0	4.0	4.0	4.0
2336.815612103702	-0.003580524732445051	-6.316457250704172	-471.95918452854096	76.0810978271939	0.0	0.0	0.0	0.0	0.0	4.0	4.0	4.0	4.0	4.0	4.0
2338.3652245785715	-0.0038485231459018873	-6.322213323338517	-470.4289481565541	76.01971919708147	0.0	0.0	0.0	0.0	0.0	4.0	4.0	4.0	4.0	4.0	4.0
2339.9148370534417	-0.004116521559358802	-6.328384689657603	-468.8998008579874	75.96366008461257	0.0	0.0	0.0	0.0	0.0	4.0	4.0	4.0	4.0	4.0	4.0
2341.464449528311	-0.00438451997281556	-6.334971349661422	-467.3715127092999	75.9130163706923	0.0	0.0	0.0	0.0	0.0	4.0	4.0	4.0	4.0	4.0	4.0
2343.0140620031807	-0.0046525183862723965	-6.341973303349981	-465.84380809733375	75.86790750342765	0.0	0.0	0.0	0.0	0.0	4.0	4.0	4.0	4.0	4.0	4.0
2344.563674478051	-0.004920516799729311	-6.349390550723281	-464.3163617680189	75.82848669639385	0.0	0.0	0.0	0.0	0.0	4.0	4.0	4.0	4.0	4.0	4.0
2346.1132869529206	-0.0050901103427380395	-6.357215927365605	-462.78877664326336	75.79490101340367	0.0	0.0	0.0	0.0	0.0	4.0	4.0	4.0	4.0	4.0	4.0
2347.6628994277908	-0.0043108704527024914	-6.36449986592392	-461.25791043041994	75.76712853304183	0.0	0.0	0.0	0.0	0.0	4.0	4.0	4.0	4.0	4.0	4.0
2349.2125119026605	-0.003531630562667172	-6.370576284627717	-459.72172316995704	75.74573216256614	0.0	0.0	0.0	0.0	0.0	4.0	4.0	4.0	4.0	4.0	4.0
2350.76212437753	-0.0027523906726318525	-6.375445183477	-458.180334359464	75.73108573601279	0.0	0.0	0.0	0.0	0.0	4.0	4.0	4.0	4.0	4.0	4.0
2352.3117368524	-0.001973150782596533	-6.379106562471768	-456.6339765728619	75.72358209523776	0.0	0.0	0.0	0.0	0.0	4.0	4.0	4.0	4.0	4.0	4.0
2353.8613493272696	-0.0011939108925612136	-6.381560421612021	-455.08298481791786	75.72363089013731	0.0	0.0	0.0	0.0	0.0	4.0	4.0	4.0	4.0	4.0	4.0
2355.41096180214	-0.0004146710025256656	-6.3828067608977594	-453.52778552292943	75.73165948073138	0.0	0.0	0.0	0.0	0.0	4.0	4.0	4.0	4.0	4.0	4.0
2356.9605742770095	0.0003645688875096538	-6.382845580328983	-451.9688857152368	75.74811100469313	0.0	0.0	0.0	0.0	0.0	4.0	4.0	4.0	4.0	4.0	4.0
2358.5101867518792	0.0011438087775449731	-6.381676879905691	-450.40686248579647	75.77343918585487	0.0	0.0	0.0	0.0	0.0	4.0	4.0	4.0	4.0	4.0	4.0
2360.0597992267494	0.0019230486675805214	-6.379300659627884	-448.842352296061	75.8081041725508	0.0	0.0	0.0	0.0	0.0	4.0	4.0	4.0	4.0	4.0	4.0
2361.609411701619	0.002702288557615841	-6.375716919495561	-447.2760398162535	75.852572576345	0.0	0.0	0.0	0.0	0.0	4.0	4.0	4.0	4.0	4.0	4.0
2363.159024176489	0.00348152844765116	-6.370925659508725	-445.70864648023	75.9073211605737	0.0	0.0	0.0	0.0	0.0	4.0	4.0	4.0	4.0	4.0	4.0
2364.7086366513586	0.004260768337686479	-6.364926879667373	-444.1409191201391	75.97284294285096	0.0	0.0	0.0	0.0	0.0	4.0	4.0	4.0	4.0	4.0	4.0
2366.2582491262287	0.005040008227722027	-6.357720579971505	-442.5736191620532	76.04965358905207	0.0	0.0	0.0	0.0	0.0	4.0	4.0	4.0	4.0	4.0	4.0
2367.807861601098	0.005819248117757118	-6.349306760421126	-441.0075130905008	76.13829152331544	0.0	0.0	0.0	0.0	0.0	4.0	4.0	4.0	4.0	4.0	4.0
2369.357474075968	0.006598488007792666	-6.3396854210162275	-439.4433640928788	76.23931026104529	0.0	0.0	0.0	0.0	0.0	4.0	4.0	4.0	4.0	4.0	4.0
2370.907086550838	0.007377727897827985	-6.328856561756816	-437.881923523426	76.35328150271268	0.0	0.0	0.0	0.0	0.0	4.0	4.0	4.0	4.0	4.0	4.0
2372.4566990257076	0.008156967787863305	-6.31682018264289	-436.3239221965444	76.48083167538101	0.0	0.0	0.0	0.0	0.0	4.0	4.0	4.0	4.0	4.0	4.0
2374.006311500578	0.008936207677898853	-6.303576283674445	-434.770065050814	76.6226961406539	0.0	0.0	0.0	0.0	0.0	4.0	4.0	4.0	4.0	4.0	4.0
2375.555923975447	0.009715447567933943	-6.289124864851494	-433.22103216482594	76.77974797160137	0.0	0.0	0.0	0.0	0.0	4.0	4.0	4.0	4.0	4.0	4.0
2377.1055364503172	0.010494687457969491	-6.273465926174018	-431.67748482819263	76.95301361022281	0.0	0.0	0.0	0.0	0.0	4.0	4.0	4.0	4.0	4.0	4.0
2378.655148925187	0.011273927348004812	-6.256599467642032	-430.1400766138968	77.14370412042386	0.0	0.0	0.0	0.0	0.0	4.0	4.0	4.0	4.0	4.0	4.0
2380.2047614000567	0.012053167238040131	-6.238525489255532	-428.6094681321228	77.35317898704398	0.0	0.0	0.0	0.0	0.0	4.0	4.0	4.0	4.0	4.0	4.0
2381.754373874927	0.012832407128075679	-6.219243991014511	-427.08633933787513	77.58287597680904	0.0	0.0	0.0	0.0	0.0	4.0	4.0	4.0	4.0	4.0	4.0
2383.303986349797	0.013611647018111227	-6.198754972918974	-425.5714079935398	77.83437660625519	0.0	0.0	0.0	0.0	0.0	4.0	4.0	4.0	4.0	4.0	4.0
2384.8535988246663	0.014390886908146317	-6.177058434968934	-424.0654649649343	78.10952886867477	0.0	0.0	0.0	0.0	0.0	4.0	4.0	4.0	4.0	4.0	4.0
2386.4032112995365	0.015170126798181865	-6.154154377164367	-422.56942159625527	78.4105037114797	0.0	0.0	0.0	0.0	0.0	4.0	4.0	4.0	4.0	4.0	4.0
2387.9528237744057	0.015949366688216955	-6.130042799505299	-421.0843809059621	78.73991034230153	0.0	0.0	0.0	0.0	0.0	4.0	4.0	4.0	4.0	4.0	4.0
2389.502436249276	0.016728606578252505	-6.104723701991702	-419.6116915005192	79.10066994472261	0.0	0.0	0.0	0.0	0.0	4.0	4.0	4.0	4.0	4.0	4.0
2391.0520487241456	0.017507846468287822	-6.078197084623596	-418.1528682893236	79.49529153763557	0.0	0.0	0.0	0.0	0.0	4.0	4.0	4.0	4.0	4.0	4.0
2392.6016611990153	0.018287086358323143	-6.050462947400977	-416.7094458262404	79.92535165928186	0.0	0.0	0.0	0.0	0.0	4.0	4.0	4.0	4.0	4.0	4.0
2394.151273673885	0.019066326248358464	-6.021521290323841	-415.28291642506423	80.39166963463705	0.0	0.0	0.0	0.0	0.0	4.0	4.0	4.0	4.0	4.0	4.0
2395.700886148755	0.01984556613839401	-5.991372113392183	-413.8747172675913	80.89459724951288	0.0	0.0	0.0	0.0	0.0	4.0	4.0	4.0	4.0	4.0	4.0
2397.2504986236245	0.020146595870872953	-5.960258328401552	-412.48581789443534	81.43455681630803	0.0	0.0	0.0	0.0	0.0	4.0	4.0	4.0	4.0	4.0	4.0
2398.8001110984947	0.020196408319996747	-5.9290003171175965	-411.1158311844378	82.01200097641313	0.0	0.0	0.0	0.0	0.0	4.0	4.0	4.0	4.0	4.0	4.0
2400.3497235733644	0.02024622076912053	-5.897665115841083	-409.7656522246625	82.62675955401603	0.0	0.0	0.0	0.0	0.0	4.0	4.0	4.0	4.0	4.0	4.0
2401.8993360482345	0.020296033218244323	-5.8662527245719955	-408.4363323362511	83.27860364872959	0.0	0.0	0.0	0.0	0.0	4.0	4.0	4.0	4.0	4.0	4.0
2403.4489485231043	0.020345845667368107	-5.834763143310351	-407.1289190183931	83.96720691745742	0.0	0.0	0.0	0.0	0.0	4.0	4.0	4.0	4.0	4.0	4.0
2404.998560997974	0.020395658116491886	-5.80319637205614	-405.8444557479218	84.69216833577462	0.0	0.0	0.0	0.0	0.0	4.0	4.0	4.0	4.0	4.0	4.0
2406.5481734728437	0.020445470565615666	-5.771552410809364	-404.5839828334947	85.45302839501278	0.0	0.0	0.0	0.0	0.0	4.0	4.0	4.0	4.0	4.0	4.0
2408.097785947714	0.020495283014739463	-5.739831259570011	-403.3485396313056	86.24928168521048	0.0	0.0	0.0	0.0	0.0	4.0	4.0	4.0	4.0	4.0	4.0
2409.647398422583	0.02054509546386323	-5.708032918338112	-402.13916768358325	87.08038628891157	0.0	0.0	0.0	0.0	0.0	4.0	4.0	4.0	4.0	4.0	4.0
2411.1970108974533	0.020594907912987022	-5.676157387113628	-400.95691348796015	87.94576903925217	0.0	0.0	0.0	0.0	0.0	4.0	4.0	4.0	4.0	4.0	4.0
2412.7466233723235	0.02064472036211082	-5.644204665896578	-399.8028284543578	88.8448247230653	0.0	0.0	0.0	0.0	0.0	4.0	4.0	4.0	4.0	4.0	4.0
2414.2962358471927	0.020694532811234585	-5.612174754686981	-398.6779613326069	89.77690563018432	0.0	0.0	0.0	0.0	0.0	4.0	4.0	4.0	4.0	4.0	4.0
2415.845848322063	0.020744345260358378	-5.580067653484798	-397.5833361060433	90.7412974155732	0.0	0.0	0.0	0.0	0.0	4.0	4.0	4.0	4.0	4.0	4.0
2417.3954607969326	0.02079415770948216	-5.54788336229006	-396.5199102628881	91.7371823134065	0.0	0.0	0.0	0.0	0.0	4.0	4.0	4.0	4.0	4.0	4.0
2418.9450732718024	0.02084397015860594	-5.515621881102755	-395.4884829633472	92.7635655304729	0.0	0.0	0.0	0.0	0.0	4.0	4.0	4.0	4.0	4.0	4.0
2420.494685746673	0.02089378260772975	-5.483283209922865	-394.4896402212288	93.81926902144384	0.0	0.0	0.0	0.0	0.0	4.0	4.0	4.0	4.0	4.0	4.0
2422.0442982215422	0.020943595056853517	-5.450867348750437	-393.5237727674579	94.90300310244446	0.0	0.0	0.0	0.0	0.0	4.0	4.0	4.0	4.0	4.0	4.0
2423.5939106964124	0.02099340750597731	-5.418374297585425	-392.5910823291007	96.01341307258716	0.0	0.0	0.0	0.0	0.0	4.0	4.0	4.0	4.0	4.0	4.0
2425.143523171282	0.021043219955101094	-5.3858040564278555	-391.6916062938392	97.14913269482663	0.0	0.0	0.0	0.0	0.0	4.0	4.0	4.0	4.0	4.0	4.0
2426.693135646152	0.021093032404224873	-5.3531566252777205	-390.8253010557507	98.30886978356683	0.0	0.0	0.0	0.0	0.0	4.0	4.0	4.0	4.0	4.0	4.0
2428.2427481210216	0.021142844853348653	-5.32043200413502	-389.9921241317884	99.49146410257072	0.0	0.0	0.0	0.0	0.0	4.0	4.0	4.0	4.0	4.0	4.0
2429.792360595892	0.021192657302472464	-5.287630192999734	-389.1920213246668	100.69586152858452	0.0	0.0	0.0	0.0	0.0	4.0	4.0	4.0	4.0	4.0	4.0
2431.341973070761	0.021242469751596216	-5.254751191871919	-388.4248886961657	101.9210800058821	0.0	0.0	0.0	0.0	0.0	4.0	4.0	4.0	4.0	4.0	4.0
2432.891585545631	0.021292282200720013	-5.22179500075151	-387.6905690318609	103.16620725782693	0.0	0.0	0.0	0.0	0.0	4.0	4.0	4.0	4.0	4.0	4.0
2434.441198020501	0.021342094649843792	-5.188761619638545	-386.9888511610867	104.43040201486733	0.0	0.0	0.0	0.0	0.0	4.0	4.0	4.0	4.0	4.0	4.0
2435.9908104953706	0.021391907098967572	-5.155651048533014	-386.3194701879805	105.71289679330616	0.0	0.0	0.0	0.0	0.0	4.0	4.0	4.0	4.0	4.0	4.0
2437.540422970241	0.02144171954809137	-5.122463287434907	-385.6821090077807	107.0130020547398	0.0	0.0	0.0	0.0	0.0	4.0	4.0	4.0	4.0	4.0	4.0
2439.0900354451105	0.02149153199721515	-5.089198336344244	-385.07640096081	108.33011131492144	0.0	0.0	0.0	0.0	0.0	4.0	4.0	4.0	4.0	4.0	4.0
2440.63964791998	0.021541344446338914	-5.055856195261025	-384.501933012056	109.663706706665	0.0	0.0	0.0	0.0	0.0	4.0	4.0	4.0	4.0	4.0	4.0
2442.18926039485	0.02159115689546271	-5.022436864185219	-383.958243286754	111.0133629424215	0.0	0.0	0.0	0.0	0.0	4.0	4.0	4.0	4.0	4.0	4.0
2443.7388728697197	0.02164096934458649	-4.988940343116858	-383.44481173541664	112.37875084641202	0.0	0.0	0.0	0.0	0.0	4.0	4.0	4.0	4.0	4.0	4.0
2445.2884853445894	0.02169078179371027	-4.95536663205593	-382.9610550205399	113.75964494189913	0.0	0.0	0.0	0.0	0.0	4.0	4.0	4.0	4.0	4.0	4.0
2446.83809781946	0.02068394304995093	-4.9223835336023924	-382.50613637214985	115.15760958897204	0.0	0.0	0.0	0.0	0.0	4.0	4.0	4.0	4.0	4.0	4.0
2448.3877102943293	0.01943834235901853	-4.89129653660739	-382.07856076025433	116.57530768585158	0.0	0.0	0.0	0.0	0.0	4.0	4.0	4.0	4.0	4.0	4.0
2449.9373227691995	0.018192741668085405	-4.862139737981746	-381.6779273895985	118.01190948951223	0.0	0.0	0.0	0.0	0.0	4.0	4.0	4.0	4.0	4.0	4.0
2451.4869352440696	0.016947140977152275	-4.834913137725479	-381.3038270035841	119.46635651468776	0.0	0.0	0.0	0.0	0.0	4.0	4.0	4.0	4.0	4.0	4.0
2453.036547718939	0.015701540286219878	-4.8096167358386035	-380.9556740306146	120.9374513691856	0.0	0.0	0.0	0.0	0.0	4.0	4.0	4.0	4.0	4.0	4.0
2454.586160193809	0.014455939595286748	-4.786250532321088	-380.6328224502399	122.42389926393446	0.0	0.0	0.0	0.0	0.0	4.0	4.0	4.0	4.0	4.0	4.0
2456.1357726686783	0.01321033890435435	-4.764814527172963	-380.3345709588938	123.9243244219779	0.0	0.0	0.0	0.0	0.0	4.0	4.0	4.0	4.0	4.0	4.0
2457.685385143548	0.011964738213421588	-4.745308720394207	-380.060177858737	125.43728615454545	0.0	0.0	0.0	0.0	0.0	4.0	4.0	4.0	4.0	4.0	4.0
2459.234997618418	0.010719137522488459	-4.727733111984821	-379.8088841212564	126.96129402644566	0.0	0.0	0.0	0.0	0.0	4.0	4.0	4.0	4.0	4.0	4.0
2460.784610093288	0.009473536831555695	-4.712087701944816	-379.5798963713984	128.49482209497165	0.0	0.0	0.0	0.0	0.0	4.0	4.0	4.0	4.0	4.0	4.0
2462.334222568158	0.008227936140622567	-4.698372490274185	-379.37233077501105	130.0363270992325	0.0	0.0	0.0	0.0	0.0	4.0	4.0	4.0	4.0	4.0	4.0
2463.883835043028	0.006982335449689805	-4.6865874769729325	-379.1851206153272	131.5842730450761	0.0	0.0	0.0	0.0	0.0	4.0	4.0	4.0	4.0	4.0	4.0
2465.4334475178975	0.005736734758757041	-4.676732662041056	-379.0168911674496	133.13716216635885	0.0	0.0	0.0	0.0	0.0	4.0	4.0	4.0	4.0	4.0	4.0
2466.9830599927673	0.004491134067824278	-4.6688080454785545	-378.86583724032727	134.69356856451492	0.0	0.0	0.0	0.0	0.0	4.0	4.0	4.0	4.0	4.0	4.0
2468.5326724676374	0.0032455333768911495	-4.662813627285429	-378.7296186685955	136.252168256438	0.0	0.0	0.0	0.0	0.0	4.0	4.0	4.0	4.0	4.0	4.0
2470.082284942507	0.0019999326859583863	-4.65874940746168	-378.6053081771243	137.81175789625897	0.0	0.0	0.0	0.0	0.0	4.0	4.0	4.0	4.0	4.0	4.0
2471.631897417377	0.0007543319950256234	-4.6566153860073065	-378.48952079453073	139.37124948958865	0.0	0.0	0.0	0.0	0.0	4.0	4.0	4.0	4.0	4.0	4.0
2473.1815098922466	-0.0004912686959071397	-4.65641156292231	-378.3785749547796	140.92964669742378	0.0	0.0	0.0	0.0	0.0	4.0	4.0	4.0	4.0	4.0	4.0
2474.7311223671168	-0.0017368693868402684	-4.658137938206689	-378.26866334331777	142.486009209092	0.0	0.0	0.0	0.0	0.0	4.0	4.0	4.0	4.0	4.0	4.0
2476.2807348419865	-0.0029824700777730316	-4.661794511860444	-378.1561682136652	144.03940487800452	0.0	0.0	0.0	0.0	0.0	4.0	4.0	4.0	4.0	4.0	4.0
2477.830347316856	-0.004228070768705795	-4.667381283883574	-378.03791389490647	145.5888713243301	0.0	0.0	0.0	0.0	0.0	4.0	4.0	4.0	4.0	4.0	4.0
2479.379959791726	-0.0054736714596385575	-4.674898254276081	-377.9112511855253	147.13340020637233	0.0	0.0	0.0	0.0	0.0	4.0	4.0	4.0	4.0	4.0	4.0
2480.929572266596	-0.006719272150571686	-4.684345423037966	-377.77406912648144	148.67194031353796	0.0	0.0	0.0	0.0	0.0	4.0	4.0	4.0	4.0	4.0	4.0
2482.479184741466	-0.007964872841504449	-4.695722790169224	-377.6247646207899	150.2034162948234	0.0	0.0	0.0	0.0	0.0	4.0	4.0	4.0	4.0	4.0	4.0
2484.0287972163355	-0.009210473532437213	-4.709030355669858	-377.4621807320442	151.7267592352607	0.0	0.0	0.0	0.0	0.0	4.0	4.0	4.0	4.0	4.0	4.0
2485.5784096912057	-0.01045607422337034	-4.7242681195398735	-377.28553709980105	153.24094455559512	0.0	0.0	0.0	0.0	0.0	4.0	4.0	4.0	4.0	4.0	4.0
2487.1280221660754	-0.011701674914303104	-4.74143608177926	-377.0943623549178	154.74503397234483	0.0	0.0	0.0	0.0	0.0	4.0	4.0	4.0	4.0	4.0	4.0
2488.677634640945	-0.012947275605235868	-4.7605342423880215	-376.8884307876109	156.2382191529149	0.0	0.0	0.0	0.0	0.0	4.0	4.0	4.0	4.0	4.0	4.0
2490.227247115815	-0.01419287629616863	-4.78156260136616	-376.6677035900969	157.71986528069357	0.0	0.0	0.0	0.0	0.0	4.0	4.0	4.0	4.0	4.0	4.0
2491.776859590685	-0.01543847698710176	-4.80452115871368	-376.4322741723795	159.1895532239043	0.0	0.0	0.0	0.0	0.0	4.0	4.0	4.0	4.0	4.0	4.0
2493.3264720655548	-0.016684077678034523	-4.8294099144305696	-376.18231694697175	160.64711943583202	0.0	0.0	0.0	0.0	0.0	4.0	4.0	4.0	4.0	4.0	4.0
2494.876084540424	-0.01792967836896692	-4.856228868516827	-375.9180392567767	162.09269317227643	0.0	0.0	0.0	0.0	0.0	4.0	4.0	4.0	4.0	4.0	4.0
2496.425697015294	-0.018254291954471494	-4.884620788958085	-375.6389347046997	163.5277473836497	0.0	0.0	0.0	0.0	0.0	4.0	4.0	4.0	4.0	4.0	4.0
2497.975309490164	-0.01766018067041626	-4.9124475463620305	-375.3437933746305	164.95968084919545	0.0	0.0	0.0	0.0	0.0	4.0	4.0	4.0	4.0	4.0	4.0
2499.5249219650336	-0.017066069386361026	-4.939353661508744	-375.03261938140525	166.39061719641074	0.0	0.0	0.0	0.0	0.0	4.0	4.0	4.0	4.0	4.0	4.0
2501.074534439904	-0.016471958102305617	-4.965339134398233	-374.7052268567104	167.82137747730138	0.0	0.0	0.0	0.0	0.0	4.0	4.0	4.0	4.0	4.0	4.0
2502.6241469147735	-0.015877846818250385	-4.99040396503048	-374.3614445197368	169.2526305691352	0.0	0.0	0.0	0.0	0.0	4.0	4.0	4.0	4.0	4.0	4.0
2504.1737593896432	-0.015283735534195151	-5.014548153405495	-374.0011182986837	170.6849031404616	0.0	0.0	0.0	0.0	0.0	4.0	4.0	4.0	4.0	4.0	4.0
2505.7233718645134	-0.014689624250139742	-5.037771699523284	-373.62411484233166	172.1185888589839	0.0	0.0	0.0	0.0	0.0	4.0	4.0	4.0	4.0	4.0	4.0
2507.2729843393827	-0.014095512966084684	-5.060074603383827	-373.2303245911266	173.55395682192085	0.0	0.0	0.0	0.0	0.0	4.0	4.0	4.0	4.0	4.0	4.0
2508.822596814253	-0.013501401682029276	-5.081456864987149	-372.8196640662231	174.99115925837188	0.0	0.0	0.0	0.0	0.0	4.0	4.0	4.0	4.0	4.0	4.0
2510.372209289123	-0.012907290397973867	-5.101918484333238	-372.3920776377735	176.43023871110316	0.0	0.0	0.0	0.0	0.0	4.0	4.0	4.0	4.0	4.0	4.0
2511.9218217639927	-0.012313179113918634	-5.121459461422088	-371.94753909156105	177.87113496445124	0.0	0.0	0.0	0.0	0.0	4.0	4.0	4.0	4.0	4.0	4.0
2513.4714342388625	-0.0117190678298634	-5.140079796253705	-371.4860532127918	179.3136919807281	0.0	0.0	0.0	0.0	0.0	4.0	4.0	4.0	4.0	4.0	4.0
2515.0210467137326	-0.011124956545807993	-5.157779488828094	-371.00765750286473	180.75766507617536	0.0	0.0	0.0	0.0	0.0	4.0	4.0	4.0	4.0	4.0	4.0
2516.570659188602	-0.010530845261752932	-5.174558539145241	-370.51242401994614	182.2027285004127	0.0	0.0	0.0	0.0	0.0	4.0	4.0	4.0	4.0	4.0	4.0
2518.1202716634716	-0.009936733977697699	-5.19041694720516	-370.0004612455005	183.64848350834845	0.0	0.0	0.0	0.0	0.0	4.0	4.0	4.0	4.0	4.0	4.0
2519.6698841383422	-0.009342622693642116	-5.2053547130078535	-369.4719158366783	185.0944669465831	0.0	0.0	0.0	0.0	0.0	4.0	4.0	4.0	4.0	4.0	4.0
2521.2194966132115	-0.008748511409587057	-5.219371836553302	-368.926974117841	186.540160323096	0.0	0.0	0.0	0.0	0.0	4.0	4.0	4.0	4.0	4.0	4.0
2522.7691090880817	-0.00815440012553165	-5.232468317841525	-368.3658631839267	187.98499929209544	0.0	0.0	0.0	0.0	0.0	4.0	4.0	4.0	4.0	4.0	4.0
2524.318721562951	-0.00756028884147659	-5.244644156872509	-367.7888515264456	189.4283834663244	0.0	0.0	0.0	0.0	0.0	4.0	4.0	4.0	4.0	4.0	4.0
2525.868334037821	-0.006966177557421182	-5.2558993536462655	-367.1962490927174	190.86968643566337	0.0	0.0	0.0	0.0	0.0	4.0	4.0	4.0	4.0	4.0	4.0
2527.417946512691	-0.006372066273365949	-5.2662339081627865	-366.58840665016174	192.3082658171044	0.0	0.0	0.0	0.0	0.0	4.0	4.0	4.0	4.0	4.0	4.0
2528.967558987561	-0.005777954989310541	-5.275647820422077	-365.96571433229735	193.74347313547605	0.0	0.0	0.0	0.0	0.0	4.0	4.0	4.0	4.0	4.0	4.0
2530.5171714624303	-0.005183843705255481	-5.2841410904241295	-365.32859930106355	195.1746633510132	0.0	0.0	0.0	0.0	0.0	4.0	4.0	4.0	4.0	4.0	4.0
2532.0667839373004	-0.004589732421200073	-5.291713718168954	-364.67752252536934	196.60120388615343	0.0	0.0	0.0	0.0	0.0	4.0	4.0	4.0	4.0	4.0	4.0
2533.61639641217	-0.003995621137144839	-5.298365703656543	-364.0129747263683	198.0224830438514	0.0	0.0	0.0	0.0	0.0	4.0	4.0	4.0	4.0	4.0	4.0
2535.1660088870403	-0.003401509853089431	-5.304097046886901	-363.33547157400113	199.4379177479856	0.0	0.0	0.0	0.0	0.0	4.0	4.0	4.0	4.0	4.0	4.0
2536.71562136191	-0.002807398569034198	-5.308907747860024	-362.6455482787208	200.8469605976916	0.0	0.0	0.0	0.0	0.0	4.0	4.0	4.0	4.0	4.0	4.0
2538.2652338367793	-0.0022132872849791384	-5.312797806575914	-361.943753808546	202.2491063121305	0.0	0.0	0.0	0.0	0.0	4.0	4.0	4.0	4.0	4.0	4.0
2539.8148463116495	-0.0016191760009237302	-5.315767223034572	-361.2306449936956	203.6438976915992	0.0	0.0	0.0	0.0	0.0	4.0	4.0	4.0	4.0	4.0	4.0
2541.364458786519	-0.0010250647168684966	-5.317815997235997	-360.5067807455152	205.03093121815868	0.0	0.0	0.0	0.0	0.0	4.0	4.0	4.0	4.0	4.0	4.0
2542.914071261389	-0.0004309534328132629	-5.318944129180188	-359.7727165568735	206.4098623904178	0.0	0.0	0.0	0.0	0.0	4.0	4.0	4.0	4.0	4.0	4.0
2544.463683736259	0.00016315785124214514	-5.3191516188671475	-359.02899936979844	207.78041083555473	0.0	0.0	0.0	0.0	0.0	4.0	4.0	4.0	4.0	4.0	4.0
2546.013296211129	0.0005875421095913374	-5.318474292198958	-358.2762218153532	209.1424973687586	0.0	0.0	0.0	0.0	0.0	4.0	4.0	4.0	4.0	4.0	4.0
2547.5629086859985	0.0005586391510017698	-5.317586223809019	-357.5141760172592	210.4973363935747	0.0	0.0	0.0	0.0	0.0	4.0	4.0	4.0	4.0	4.0	4.0
2549.1125211608687	0.0005297361924121935	-5.316742943804272	-356.74275837918367	211.8455223546943	0.0	0.0	0.0	0.0	0.0	4.0	4.0	4.0	4.0	4.0	4.0
2550.6621336357384	0.0005008332338226259	-5.3159444521847155	-355.9622441831217	213.18730454636852	0.0	0.0	0.0	0.0	0.0	4.0	4.0	4.0	4.0	4.0	4.0
2552.211746110608	0.0004719302752330581	-5.31519074895035	-355.1729217430614	214.52293565185104	0.0	0.0	0.0	0.0	0.0	4.0	4.0	4.0	4.0	4.0	4.0
2553.7613585854783	0.0004430273166434819	-5.3144818341011755	-354.3750936002879	215.85267273715044	0.0	0.0	0.0	0.0	0.0	4.0	4.0	4.0	4.0	4.0	4.0
2555.310971060348	0.0004141243580539142	-5.313817707637192	-353.56907724670793	217.1767779236101	0.0	0.0	0.0	0.0	0.0	4.0	4.0	4.0	4.0	4.0	4.0
2556.8605835352178	0.00038522139946434647	-5.3131983695584	-352.75520537400786	218.49551874261	0.0	0.0	0.0	0.0	0.0	4.0	4.0	4.0	4.0	4.0	4.0
2558.410196010087	0.0003563184408747872	-5.312623819864799	-351.9338257394893	219.80916823847403	0.0	0.0	0.0	0.0	0.0	4.0	4.0	4.0	4.0	4.0	4.0
2559.959808484957	0.000327415482285211	-5.312094058556388	-351.10530070126083	221.11800485815175	0.0	0.0	0.0	0.0	0.0	4.0	4.0	4.0	4.0	4.0	4.0
2561.5094209598274	0.00029851252369563484	-5.311609085633169	-350.27000643155736	222.42231213522433	0.0	0.0	0.0	0.0	0.0	4.0	4.0	4.0	4.0	4.0	4.0
2563.059033434697	0.0002696095651060671	-5.311168901095141	-349.4283317089384	223.722378101457	0.0	0.0	0.0	0.0	0.0	4.0	4.0	4.0	4.0	4.0	4.0
2564.608645909567	0.00024070660651649936	-5.310773504942304	-348.5806761100772	225.01849430440623	0.0	0.0	0.0	0.0	0.0	4.0	4.0	4.0	4.0	4.0	4.0
2566.1582583844365	0.00021180364792693166	-5.310422897174658	-347.72744766512903	226.31095447530168	0.0	0.0	0.0	0.0	0.0	4.0	4.0	4.0	4.0	4.0	4.0
2567.7078708593062	0.00018290068933736394	-5.310117077792203	-346.8690600859458	227.60005292093507	0.0	0.0	0.0	0.0	0.0	4.0	4.0	4.0	4.0	4.0	4.0
2569.2574833341764	0.00015399773074778773	-5.3098560467949385	-346.00592964607455	228.88608269133917	0.0	0.0	0.0	0.0	0.0	4.0	4.0	4.0	4.0	4.0	4.0
2570.8070958090466	0.00012509477215821152	-5.309639804182866	-345.13847184537633	230.1693336107243	0.0	0.0	0.0	0.0	0.0	4.0	4.0	4.0	4.0	4.0	4.0
2572.3567082839163	9.61918135686438e-05	-5.309468349955984	-344.2670979652638	231.450090240011	0.0	0.0	0.0	0.0	0.0	4.0	4.0	4.0	4.0	4.0	4.0
2573.906320758786	6.728885497907609e-05	-5.309341684114293	-343.3922116943616	232.72862988890972	0.0	0.0	0.0	0.0	0.0	4.0	4.0	4.0	4.0	4.0	4.0
2575.4559332336557	3.838589638950836e-05	-5.309259806657794	-342.51420595998354	234.0052207649525	0.0	0.0	0.0	0.0	0.0	4.0	4.0	4.0	4.0	4.0	4.0
2577.0055457085255	9.482937799940638e-06	-5.309222717586485	-341.6334600267486	235.28012029662997	0.0	0.0	0.0	0.0	0.0	4.0	4.0	4.0	4.0	4.0	4.0
2578.5551581833956	-1.9420020789635564e-05	-5.309230416900367	-340.7503370357943	236.5535737443568	0.0	0.0	0.0	0.0	0.0	4.0	4.0	4.0	4.0	4.0	4.0
2580.104770658265	-4.8322979379194804e-05	-5.30928290459944	-339.86518209245736	237.8258131690027	0.0	0.0	0.0	0.0	0.0	4.0	4.0	4.0	4.0	4.0	4.0
2581.654383133135	-7.7225937968771e-05	-5.309380180683705	-338.978320852232	239.09705672122203	0.0	0.0	0.0	0.0	0.0	4.0	4.0	4.0	4.0	4.0	4.0
2583.203995608005	-0.00010612889655833873	-5.30952224515316	-338.0900586625369	240.3675082889299	0.0	0.0	0.0	0.0	0.0	4.0	4.0	4.0	4.0	4.0	4.0
2584.7536080828745	-0.00013503185514790645	-5.309709098007807	-337.2006804862757	241.63735765593185	0.0	0.0	0.0	0.0	0.0	4.0	4.0	4.0	4.0	4.0	4.0
2586.303220557744	-0.00016393481373747418	-5.3099407392476445	-336.3104514303369	242.90678105212172	0.0	0.0	0.0	0.0	0.0	4.0	4.0	4.0	4.0	4.0	4.0
2587.852833032615	-0.00019283777232705884	-5.310217168872673	-335.41961753022656	244.1759418594592	0.0	0.0	0.0	0.0	0.0	4.0	4.0	4.0	4.0	4.0	4.0
2589.402445507484	-0.00022174073091661808	-5.310538386882893	-334.5284067392148	245.4449914402018	0.0	0.0	0.0	0.0	0.0	4.0	4.0	4.0	4.0	4.0	4.0
2590.952057982354	-0.0002506436895061858	-5.310904393278303	-333.6370300558064	246.71407004420377	0.0	0.0	0.0	0.0	0.0	4.0	4.0	4.0	4.0	4.0	4.0
2592.5016704572236	-0.00027954664809575353	-5.311315188058905	-332.74568269187597	247.98330773060607	0.0	0.0	0.0	0.0	0.0	4.0	4.0	4.0	4.0	4.0	4.0
2594.0512829320937	-0.0003084496066853297	-5.3117707712246975	-331.85454518723964	249.25282524137205	0.0	0.0	0.0	0.0	0.0	4.0	4.0	4.0	4.0	4.0	4.0
2595.600895406963	-0.0003369643072693462	-5.312271140912831	-330.96378417742807	250.5227346209853	0.0	0.0	0.0	0.0	0.0	4.0	4.0	4.0	4.0	4.0	4.0
2597.150507881833	-0.0003031689369714201	-5.312767120143258	-330.07362379604507	251.7930178255495	0.0	0.0	0.0	0.0	0.0	4.0	4.0	4.0	4.0	4.0	4.0
2598.700120356703	-0.0002693735666735039	-5.313210729646279	-329.18429279308714	253.0636687378903	0.0	0.0	0.0	0.0	0.0	4.0	4.0	4.0	4.0	4.0	4.0
2600.249732831573	-0.00023557819637557784	-5.313601969421893	-328.29591826755905	254.33477969254332	0.0	0.0	0.0	0.0	0.0	4.0	4.0	4.0	4.0	4.0	4.0
2601.7993453064423	-0.00020178282607767159	-5.313940839470101	-327.4086165106025	255.60643523555427	0.0	0.0	0.0	0.0	0.0	4.0	4.0	4.0	4.0	4.0	4.0
2603.3489577813125	-0.00016798745577974552	-5.314227339790902	-326.5224934158378	256.8787123196205	0.0	0.0	0.0	0.0	0.0	4.0	4.0	4.0	4.0	4.0	4.0
2604.898570256183	-0.0001341920854818095	-5.3144614703842965	-325.6376448313972	258.1516804725891	0.0	0.0	0.0	0.0	0.0	4.0	4.0	4.0	4.0	4.0	4.0
2606.448182731052	-0.00010039671518391318	-5.314643231250285	-324.7541568824028	259.4254019584046	0.0	0.0	0.0	0.0	0.0	4.0	4.0	4.0	4.0	4.0	4.0
2607.9977952059226	-6.660134488597718e-05	-5.314772622388866	-323.87210628441375	260.699931944076	0.0	0.0	0.0	0.0	0.0	4.0	4.0	4.0	4.0	4.0	4.0
2609.547407680792	-3.280597458807093e-05	-5.314849643800041	-322.99156065988825	261.97531868043575	0.0	0.0	0.0	0.0	0.0	4.0	4.0	4.0	4.0	4.0	4.0
2611.0970201556615	9.893957098452305e-07	-5.31487429548381	-322.1125788622716	263.251603699449	0.0	0.0	0.0	0.0	0.0	4.0	4.0	4.0	4.0	4.0	4.0
2612.6466326305317	3.478476600777131e-05	-5.314846577440172	-321.23521130734105	264.52882202727983	0.0	0.0	0.0	0.0	0.0	4.0	4.0	4.0	4.0	4.0	4.0
2614.1962451054014	6.858013630568748e-05	-5.314766489669128	-320.35950030653567	265.80700240900427	0.0	0.0	0.0	0.0	0.0	4.0	4.0	4.0	4.0	4.0	4.0
2615.745857580271	0.00010237550660360364	-5.3146340321706775	-319.4854803723705	267.0861675238744	0.0	0.0	0.0	0.0	0.0	4.0	4.0	4.0	4.0	4.0	4.0
2617.295470055142	0.00013617087690153965	-5.31444920494482	-318.6131783959738	268.366334121946	0.0	0.0	0.0	0.0	0.0	4.0	4.0	4.0	4.0	4.0	4.0
2618.8450825300106	0.000169966247199436	-5.314212007991556	-317.74261356442116	269.6475129909874	0.0	0.0	0.0	0.0	0.0	4.0	4.0	4.0	4.0	4.0	4.0
2620.3946950048808	0.00020376161749736206	-5.313922441310886	-316.8737970228151	270.92970875755407	0.0	0.0	0.0	0.0	0.0	4.0	4.0	4.0	4.0	4.0	4.0
2621.944307479751	0.00023755698779528815	-5.313580504902809	-316.006731441506	272.2129196331961	0.0	0.0	0.0	0.0	0.0	4.0	4.0	4.0	4.0	4.0	4.0
2623.4939199546207	0.0002713523580932043	-5.313186198767326	-315.1414106032965	273.49713718543444	0.0	0.0	0.0	0.0	0.0	4.0	4.0	4.0	4.0	4.0	4.0
2625.0435324294904	0.00030514772839112045	-5.312739522904436	-314.2778190069056	274.782346131477	0.0	0.0	0.0	0.0	0.0	4.0	4.0	4.0	4.0	4.0	4.0
2626.59314490436	0.0003389430986890366	-5.312240477314139	-313.41593145060983	276.0685241305188	0.0	0.0	0.0	0.0	0.0	4.0	4.0	4.0	4.0	4.0	4.0
2628.14275737923	0.0003727384689869528	-5.311689061996437	-312.5557125731274	277.355641559631	0.0	0.0	0.0	0.0	0.0	4.0	4.0	4.0	4.0	4.0	4.0
2629.6923698541	0.0004065338392848789	-5.311085276951328	-311.6971163405662	278.6436612664522	0.0	0.0	0.0	0.0	0.0	4.0	4.0	4.0	4.0	4.0	4.0
2631.2419823289692	0.00044032920958278515	-5.310429122178812	-310.8400854789093	279.93253829931047	0.0	0.0	0.0	0.0	0.0	4.0	4.0	4.0	4.0	4.0	4.0
2632.7915948038394	0.00047412457988071124	-5.309720597678889	-309.9845508628678	281.22221962325017	0.0	0.0	0.0	0.0	0.0	4.0	4.0	4.0	4.0	4.0	4.0
2634.3412072787096	0.0005079199501786373	-5.308959703451561	-309.13043088575756	282.5126438397945	0.0	0.0	0.0	0.0	0.0	4.0	4.0	4.0	4.0	4.0	4.0
2635.890819753579	0.0005417153204765435	-5.308146439496825	-308.27763085413557	283.8037409410936	0.0	0.0	0.0	0.0	0.0	4.0	4.0	4.0	4.0	4.0	4.0
2637.440432228449	0.0005755106907744696	-5.307280805814684	-307.42604247605675	285.0954321456545	0.0	0.0	0.0	0.0	0.0	4.0	4.0	4.0	4.0	4.0	4.0
2638.9900447033187	0.0006093060610723858	-5.306362802405135	-306.5755434929685	286.387629849314	0.0	0.0	0.0	0.0	0.0	4.0	4.0	4.0	4.0	4.0	4.0
2640.5396571781885	0.000643101431370302	-5.30539242926818	-305.7259973372405	287.6802376111387	0.0	0.0	0.0	0.0	0.0	4.0	4.0	4.0	4.0	4.0	4.0
2642.089269653058	0.0006768968016682181	-5.3043696864038195	-304.8772527302565	288.97315011711595	0.0	0.0	0.0	0.0	0.0	4.0	4.0	4.0	4.0	4.0	4.0
2643.6388821279284	0.0007106921719661442	-5.303294573812051	-304.0291432604367	290.2662531490084	0.0	0.0	0.0	0.0	0.0	4.0	4.0	4.0	4.0	4.0	4.0
2645.188494602798	0.0007444875422640604	-5.302167091492877	-303.18148691852406	291.55942354381233	0.0	0.0	0.0	0.0	0.0	4.0	4.0	4.0	4.0	4.0	4.0
2646.738107077668	0.0006746593073175881	-5.301046640586715	-302.3340180651749	292.8527052333213	0.0	0.0	0.0	0.0	0.0	4.0	4.0	4.0	4.0	4.0	4.0
2648.2877195525375	0.000568394161777085	-5.3000835150053955	-301.48624826669914	294.14633847095325	0.0	0.0	0.0	0.0	0.0	4.0	4.0	4.0	4.0	4.0	4.0
2649.8373320274077	0.0004621290162365506	-5.299285059219249	-300.6379136847859	295.44018603136647	0.0	0.0	0.0	0.0	0.0	4.0	4.0	4.0	4.0	4.0	4.0
2651.3869445022774	0.0003558638706960474	-5.298651273228276	-299.78876696067573	296.7340934062534	0.0	0.0	0.0	0.0	0.0	4.0	4.0	4.0	4.0	4.0	4.0
2652.936556977147	0.00024959872515554425	-5.2981821570324765	-298.9385563189689	298.0279018653216	0.0	0.0	0.0	0.0	0.0	4.0	4.0	4.0	4.0	4.0	4.0
2654.4861694520173	0.00014333357961500992	-5.297877710631851	-298.08703860402164	299.3214568859898	0.0	0.0	0.0	0.0	0.0	4.0	4.0	4.0	4.0	4.0	4.0
2656.0357819268866	3.7068434074537936e-05	-5.297737934026398	-297.2339850651851	300.61461174373864	0.0	0.0	0.0	0.0	0.0	4.0	4.0	4.0	4.0	4.0	4.0
2657.5853944017567	-6.919671146599642e-05	-5.297762827216119	-296.37918318122547	301.9072285068149	0.0	0.0	0.0	0.0	0.0	4.0	4.0	4.0	4.0	4.0	4.0
2659.135006876627	-0.00017546185700653076	-5.297952390201014	-295.5224384207077	303.1991790401312	0.0	0.0	0.0	0.0	0.0	4.0	4.0	4.0	4.0	4.0	4.0
2660.684619351496	-0.00028172700254700276	-5.298306622981082	-294.66357212244986	304.49034349438966	0.0	0.0	0.0	0.0	0.0	4.0	4.0	4.0	4.0	4.0	4.0
2662.2342318263663	-0.0003879921480875371	-5.298825525556323	-293.802416943667	305.7806072304592	0.0	0.0	0.0	0.0	0.0	4.0	4.0	4.0	4.0	4.0	4.0
2663.783844301236	-0.0004942572936280403	-5.299509097926737	-292.9388103831006	307.06985648911507	0.0	0.0	0.0	0.0	0.0	4.0	4.0	4.0	4.0	4.0	4.0
2665.333456776106	-0.0006005224391685435	-5.300357340092326	-292.0725881143125	308.35797392362065	0.0	0.0	0.0	0.0	0.0	4.0	4.0	4.0	4.0	4.0	4.0
2666.883069250976	-0.0007067875847090778	-5.301370252053087	-291.20357546000196	309.64483284558827	0.0	0.0	0.0	0.0	0.0	4.0	4.0	4.0	4.0	4.0	4.0
2668.4326817258457	-0.0008130527302495809	-5.302547833809022	-290.33157599888847	310.9302894528188	0.0	0.0	0.0	0.0	0.0	4.0	4.0	4.0	4.0	4.0	4.0
2669.9822942007154	-0.0009193178757900841	-5.3038900853601305	-289.4563659743528	312.21417877993196	0.0	0.0	0.0	0.0	0.0	4.0	4.0	4.0	4.0	4.0	4.0
2671.531906675585	-0.0010255830213305873	-5.3053970067064125	-288.57769882568584	313.4963173137971	0.0	0.0	0.0	0.0	0.0	4.0	4.0	4.0	4.0	4.0	4.0
2673.081519150455	-0.0011318481668710905	-5.307068597847867	-287.69531066127934	314.77650620671557	0.0	0.0	0.0	0.0	0.0	4.0	4.0	4.0	4.0	4.0	4.0
2674.631131625325	-0.0012381133124116249	-5.308904858784497	-286.80892278680716	316.054532487038	0.0	0.0	0.0	0.0	0.0	4.0	4.0	4.0	4.0	4.0	4.0
2676.1807441001947	-0.001344378457952128	-5.3109057895162985	-285.9182449955499	317.3301707613778	0.0	0.0	0.0	0.0	0.0	4.0	4.0	4.0	4.0	4.0	4.0
2677.7303565750644	-0.001450643603492631	-5.313071390043274	-285.02298299006884	318.60318774495505	0.0	0.0	0.0	0.0	0.0	4.0	4.0	4.0	4.0	4.0	4.0
2679.279969049934	-0.0015569087490331342	-5.315401660365423	-284.12284889705097	319.8733490196419	0.0	0.0	0.0	0.0	0.0	4.0	4.0	4.0	4.0	4.0	4.0
2680.8295815248043	-0.0016631738945736686	-5.317896600482746	-283.2175672656499	321.14042286918226	0.0	0.0	0.0	0.0	0.0	4.0	4.0	4.0	4.0	4.0	4.0
2682.3791939996736	-0.0017694390401141406	-5.320556210395241	-282.3068707841914	322.4041771083769	0.0	0.0	0.0	0.0	0.0	4.0	4.0	4.0	4.0	4.0	4.0
2683.928806474544	-0.0018757041856547062	-5.323380490102911	-281.3904880046603	323.66437023926807	0.0	0.0	0.0	0.0	0.0	4.0	4.0	4.0	4.0	4.0	4.0
2685.478418949414	-0.0019819693311952094	-5.326369439605754	-280.46813012495335	324.92074162989996	0.0	0.0	0.0	0.0	0.0	4.0	4.0	4.0	4.0	4.0	4.0
2687.0280314242837	-0.0020882344767357125	-5.329523058903771	-279.53948139491496	326.17300385517757	0.0	0.0	0.0	0.0	0.0	4.0	4.0	4.0	4.0	4.0	4.0
2688.577643899154	-0.002194499622276247	-5.332841347996961	-278.6041915606502	327.42083611660297	0.0	0.0	0.0	0.0	0.0	4.0	4.0	4.0	4.0	4.0	4.0
2690.127256374023	-0.002300764767816719	-5.336324306885323	-277.6618682983632	328.66387728206314	0.0	0.0	0.0	0.0	0.0	4.0	4.0	4.0	4.0	4.0	4.0
2691.676868848893	-0.002407029913357222	-5.339971935568859	-276.71207430380974	329.90172188010564	0.0	0.0	0.0	0.0	0.0	4.0	4.0	4.0	4.0	4.0	4.0
2693.2264813237625	-0.0025132950588977253	-5.343784234047568	-275.7543362954183	331.1339244936854	0.0	0.0	0.0	0.0	0.0	4.0	4.0	4.0	4.0	4.0	4.0
2694.7760937986327	-0.0026195602044382597	-5.347761202321453	-274.7881620559182	332.3600101789283	0.0	0.0	0.0	0.0	0.0	4.0	4.0	4.0	4.0	4.0	4.0
2696.3257062735024	-0.0028140735733670143	-5.351934973447703	-273.813031979117	333.5795687743448	0.0	0.0	0.0	0.0	0.0	4.0	4.0	4.0	4.0	4.0	4.0
2697.8753187483726	-0.003108120305048777	-5.356523526204	-272.82810009157714	334.7924970743178	0.0	0.0	0.0	0.0	0.0	4.0	4.0	4.0	4.0	4.0	4.0
2699.4249312232423	-0.003402167036730453	-5.361567737443903	-271.8327499393289	335.998232164752	0.0	0.0	0.0	0.0	0.0	4.0	4.0	4.0	4.0	4.0	4.0
2700.974543698112	-0.0036962137684121293	-5.3670676071674155	-270.82644510736753	337.19610437472176	0.0	0.0	0.0	0.0	0.0	4.0	4.0	4.0	4.0	4.0	4.0
2702.5241561729817	-0.003990260500093806	-5.373023135374536	-269.80861824609417	338.38538445755796	0.0	0.0	0.0	0.0	0.0	4.0	4.0	4.0	4.0	4.0	4.0
2704.0737686478515	-0.004284307231775482	-5.379434322065266	-268.7786827680979	339.5652883561936	0.0	0.0	0.0	0.0	0.0	4.0	4.0	4.0	4.0	4.0	4.0
2705.6233811227216	-0.004578353963457245	-5.386301167239606	-267.73606015099523	340.7349945020242	0.0	0.0	0.0	0.0	0.0	4.0	4.0	4.0	4.0	4.0	4.0
2707.172993597591	-0.004872400695138834	-5.393623670897551	-266.6802202059367	341.8936729640997	0.0	0.0	0.0	0.0	0.0	4.0	4.0	4.0	4.0	4.0	4.0
2708.722606072461	-0.005166447426820597	-5.401401833039109	-265.610720646241	343.04051681282846	0.0	0.0	0.0	0.0	0.0	4.0	4.0	4.0	4.0	4.0	4.0
2710.2722185473312	-0.0054604941585023594	-5.409635653664275	-264.5272352348377	344.1747673865214	0.0	0.0	0.0	0.0	0.0	4.0	4.0	4.0	4.0	4.0	4.0
2711.8218310222005	-0.00575454089018395	-5.418325132773045	-263.4295562289266	345.295720891722	0.0	0.0	0.0	0.0	0.0	4.0	4.0	4.0	4.0	4.0	4.0
2713.3714434970707	-0.006048587621865712	-5.427470270365429	-262.3175723616027	346.4027151934076	0.0	0.0	0.0	0.0	0.0	4.0	4.0	4.0	4.0	4.0	4.0
2714.9210559719404	-0.006342634353547388	-5.437071066441419	-261.19124858719937	347.4951172589269	0.0	0.0	0.0	0.0	0.0	4.0	4.0	4.0	4.0	4.0	4.0
2716.47066844681	-0.0066366810852290644	-5.4471275210010175	-260.05061829649327	348.5723207597025	0.0	0.0	0.0	0.0	0.0	4.0	4.0	4.0	4.0	4.0	4.0
2718.02028092168	-0.0069307278169107416	-5.457639634044225	-258.89578082890813	349.633748505526	0.0	0.0	0.0	0.0	0.0	4.0	4.0	4.0	4.0	4.0	4.0
2719.56989339655	-0.007224774548592504	-5.468607405571044	-257.7268967195349	350.67885322917044	0.0	0.0	0.0	0.0	0.0	4.0	4.0	4.0	4.0	4.0	4.0
2721.1195058714197	-0.00751882128027418	-5.480030835581468	-256.54417848949225	351.7071142878211	0.0	0.0	0.0	0.0	0.0	4.0	4.0	4.0	4.0	4.0	4.0
2722.66911834629	-0.007812868011955942	-5.491909924075505	-255.34788086861403	352.71803337451246	0.0	0.0	0.0	0.0	0.0	4.0	4.0	4.0	4.0	4.0	4.0
2724.2187308211596	-0.008106914743637618	-5.504244671053146	-254.13829369873997	353.71113227140404	0.0	0.0	0.0	0.0	0.0	4.0	4.0	4.0	4.0	4.0	4.0
2725.7683432960293	-0.008400961475319295	-5.517035076514397	-252.9157371831623	354.68595259041035	0.0	0.0	0.0	0.0	0.0	4.0	4.0	4.0	4.0	4.0	4.0
2727.317955770899	-0.00869500820700097	-5.530281140459256	-251.6805582372531	355.64205649651996	0.0	0.0	0.0	0.0	0.0	4.0	4.0	4.0	4.0	4.0	4.0
2728.867568245769	-0.008989054938682647	-5.543982862887724	-250.4331272176471	356.57902778422584	0.0	0.0	0.0	0.0	0.0	4.0	4.0	4.0	4.0	4.0	4.0
2730.4171807206385	-0.009283101670364323	-5.5581402437998	-249.1738347269892	357.49647301961943	0.0	0.0	0.0	0.0	0.0	4.0	4.0	4.0	4.0	4.0	4.0
2731.9667931955087	-0.009577148402046086	-5.572753283195489	-247.9030883915061	358.3940226325046	0.0	0.0	0.0	0.0	0.0	4.0	4.0	4.0	4.0	4.0	4.0
2733.516405670378	-0.009871195133727676	-5.587821981074778	-246.62130959116175	359.2713319186173	0.0	0.0	0.0	0.0	0.0	4.0	4.0	4.0	4.0	4.0	4.0
2735.066018145249	-0.010165241865409612	-5.603346337437694	-245.32893015684337	360.1280819495163	0.0	0.0	0.0	0.0	0.0	4.0	4.0	4.0	4.0	4.0	4.0
2736.615630620118	-0.010459288597091115	-5.619326352284196	-244.0263890555487	360.9639804000207	0.0	0.0	0.0	0.0	0.0	4.0	4.0	4.0	4.0	4.0	4.0
2738.165243094988	-0.010753335328772878	-5.635762025614319	-242.7141290712082	361.7787622929011	0.0	0.0	0.0	0.0	0.0	4.0	4.0	4.0	4.0	4.0	4.0
2739.7148555698577	-0.011047382060454554	-5.652653357428047	-241.392593481542	362.5721906550557	0.0	0.0	0.0	0.0	0.0	4.0	4.0	4.0	4.0	4.0	4.0
2741.264468044727	-0.011341428792136144	-5.670000347725379	-240.06222270484125	363.34405704467304	0.0	0.0	0.0	0.0	0.0	4.0	4.0	4.0	4.0	4.0	4.0
2742.814080519597	-0.011635475523817907	-5.6878029965063295	-238.7234508918843	364.09418190260175	0.0	0.0	0.0	0.0	0.0	4.0	4.0	4.0	4.0	4.0	4.0
2744.3636929944673	-0.01192952225549967	-5.7060613037708885	-237.3767024444512	364.8224146800171	0.0	0.0	0.0	0.0	0.0	4.0	4.0	4.0	4.0	4.0	4.0
2745.913305469337	-0.012114521487702892	-5.7247463797385745	-236.0223122169074	365.5285968454764	0.0	0.0	0.0	0.0	0.0	4.0	4.0	4.0	4.0	4.0	4.0
2747.462917944207	-0.01208964929603424	-5.743499922233759	-234.6601164448833	366.2128913725712	0.0	0.0	0.0	0.0	0.0	4.0	4.0	4.0	4.0	4.0	4.0
2749.012530419077	-0.012064777104365597	-5.7622149224704495	-233.29023085325912	366.87541266617296	0.0	0.0	0.0	0.0	0.0	4.0	4.0	4.0	4.0	4.0	4.0
2750.5621428939467	-0.012039904912696952	-5.7808913804486535	-231.91286597453836	367.51613638078544	0.0	0.0	0.0	0.0	0.0	4.0	4.0	4.0	4.0	4.0	4.0
2752.1117553688164	-0.012015032721028308	-5.79952929616837	-230.52823610833528	368.13504054529614	0.0	0.0	0.0	0.0	0.0	4.0	4.0	4.0	4.0	4.0	4.0
2753.661367843686	-0.011990160529359665	-5.8181286696295995	-229.1365587716759	368.7321054510795	0.0	0.0	0.0	0.0	0.0	4.0	4.0	4.0	4.0	4.0	4.0
2755.210980318556	-0.01196528833769102	-5.8366895008323425	-227.73805415987505	369.30731342769127	0.0	0.0	0.0	0.0	0.0	4.0	4.0	4.0	4.0	4.0	4.0
2756.760592793426	-0.01194041614602237	-5.855211789776604	-226.33294465478193	369.8606485636872	0.0	0.0	0.0	0.0	0.0	4.0	4.0	4.0	4.0	4.0	4.0
2758.3102052682957	-0.011915543954353725	-5.873695536462372	-224.9214544209925	370.3920964631217	0.0	0.0	0.0	0.0	0.0	4.0	4.0	4.0	4.0	4.0	4.0
2759.859817743165	-0.011890671762685089	-5.892140740889648	-223.5038091077045	370.90164410993685	0.0	0.0	0.0	0.0	0.0	4.0	4.0	4.0	4.0	4.0	4.0
2761.4094302180356	-0.01186579957101643	-5.9105474030584535	-222.08023558956728	371.3892797249132	0.0	0.0	0.0	0.0	0.0	4.0	4.0	4.0	4.0	4.0	4.0
2762.9590426929053	-0.011840927379347787	-5.928915522968761	-220.65096159895143	371.8549922236772	0.0	0.0	0.0	0.0	0.0	4.0	4.0	4.0	4.0	4.0	4.0
2764.508655167775	-0.011816055187679142	-5.947245100620581	-219.21621522184032	372.2987700403626	0.0	0.0	0.0	0.0	0.0	4.0	4.0	4.0	4.0	4.0	4.0
2766.0582676426448	-0.011791182996010499	-5.965536136013914	-217.77622447172428	372.7205997101377	0.0	0.0	0.0	0.0	0.0	4.0	4.0	4.0	4.0	4.0	4.0
2767.6078801175145	-0.011766310804341854	-5.98378862914876	-216.3312171684636	373.12046486331747	0.0	0.0	0.0	0.0	0.0	4.0	4.0	4.0	4.0	4.0	4.0
2769.1574925923846	-0.011741438612673204	-6.002002580025124	-214.88142117150383	373.4983460288692	0.0	0.0	0.0	0.0	0.0	4.0	4.0	4.0	4.0	4.0	4.0
2770.707105067255	-0.011716566421004552	-6.020177988643002	-213.427064949373	373.85422160987895	0.0	0.0	0.0	0.0	0.0	4.0	4.0	4.0	4.0	4.0	4.0
2772.256717542124	-0.011691694229335916	-6.038314855002381	-211.9683786024399	374.1880711338714	0.0	0.0	0.0	0.0	0.0	4.0	4.0	4.0	4.0	4.0	4.0
2773.8063300169943	-0.011666822037667264	-6.056413179103284	-210.5055957014346	374.4998836458017	0.0	0.0	0.0	0.0	0.0	4.0	4.0	4.0	4.0	4.0	4.0
2775.355942491864	-0.01164194984599862	-6.074472960945695	-209.03895555229505	374.78967255765343	0.0	0.0	0.0	0.0	0.0	4.0	4.0	4.0	4.0	4.0	4.0
2776.9055549667337	-0.011617077654329977	-6.092494200529618	-207.56870352380236	375.05748894046974	0.0	0.0	0.0	0.0	0.0	4.0	4.0	4.0	4.0	4.0	4.0
2778.4551674416034	-0.011592205462661332	-6.1104768978550545	-206.09508859108593	375.30342696845	0.0	0.0	0.0	0.0	0.0	4.0	4.0	4.0	4.0	4.0	4.0
2780.004779916473	-0.01156733327099269	-6.128421052922004	-204.6183592329562	375.52762211684006	0.0	0.0	0.0	0.0	0.0	4.0	4.0	4.0	4.0	4.0	4.0
2781.5543923913433	-0.011542461079324037	-6.146326665730471	-203.13875843977985	375.7302408802888	0.0	0.0	0.0	0.0	0.0	4.0	4.0	4.0	4.0	4.0	4.0
2783.104004866213	-0.011517588887655394	-6.164193736280446	-201.6565195850825	375.9114678570144	0.0	0.0	0.0	0.0	0.0	4.0	4.0	4.0	4.0	4.0	4.0
2784.653617341083	-0.011492716695986742	-6.18202226457194	-200.17186407165036	376.0714963078416	0.0	0.0	0.0	0.0	0.0	4.0	4.0	4.0	4.0	4.0	4.0
2786.2032298159525	-0.011467844504318106	-6.199812250604936	-198.68499951871095	376.2105131304272	0.0	0.0	0.0	0.0	0.0	4.0	4.0	4.0	4.0	4.0	4.0
2787.752842290822	-0.011442972312649461	-6.217563694379449	-197.1961196277136	376.32868530513906	0.0	0.0	0.0	0.0	0.0	4.0	4.0	4.0	4.0	4.0	4.0
2789.3024547656923	-0.011418100120980811	-6.235276595895481	-195.70540643097343	376.42616688561463	0.0	0.0	0.0	0.0	0.0	4.0	4.0	4.0	4.0	4.0	4.0
2790.852067240562	-0.011393227929312166	-6.252950955153022	-194.2130318613605	376.5031099838096	0.0	0.0	0.0	0.0	0.0	4.0	4.0	4.0	4.0	4.0	4.0
2792.401679715432	-0.011368355737643523	-6.270586772152074	-192.71915798926543	376.5596656313901	0.0	0.0	0.0	0.0	0.0	4.0	4.0	4.0	4.0	4.0	4.0
2793.9512921903015	-0.01134348354597488	-6.288184046892639	-191.22393714809783	376.59598297897946	0.0	0.0	0.0	0.0	0.0	4.0	4.0	4.0	4.0	4.0	4.0
2795.5009046651717	-0.011318611354306228	-6.305742779374723	-189.7275121135027	376.6122086508771	0.0	0.0	0.0	0.0	0.0	4.0	4.0	4.0	4.0	4.0	4.0
2797.0505171400414	-0.011154085950655037	-6.323156325066637	-188.22969901708285	376.6084538248775	0.0	0.0	0.0	0.0	0.0	4.0	4.0	4.0	4.0	4.0	4.0
2798.6001296149116	-0.010987518155746194	-6.340311778035095	-186.7303093054479	376.5848669239189	0.0	0.0	0.0	0.0	0.0	4.0	4.0	4.0	4.0	4.0	4.0
2800.1497420897813	-0.0108209503608374	-6.357209115470646	-185.22950624714332	376.54156243381783	0.0	0.0	0.0	0.0	0.0	4.0	4.0	4.0	4.0	4.0	4.0
2801.699354564651	-0.010654382565928605	-6.373848337373294	-183.7274588129804	376.4786532062196	0.0	0.0	0.0	0.0	0.0	4.0	4.0	4.0	4.0	4.0	4.0
2803.2489670395207	-0.010487814771019812	-6.39022944374304	-182.22434131513037	376.3962529609366	0.0	0.0	0.0	0.0	0.0	4.0	4.0	4.0	4.0	4.0	4.0
2804.798579514391	-0.010321246976110969	-6.4063524345798895	-180.7203330068453	376.2944778621745	0.0	0.0	0.0	0.0	0.0	4.0	4.0	4.0	4.0	4.0	4.0
2806.3481919892606	-0.010154679181202175	-6.422217309883831	-179.2156174956937	376.1734485188592	0.0	0.0	0.0	0.0	0.0	4.0	4.0	4.0	4.0	4.0	4.0
2807.897804464131	-0.009988111386293332	-6.437824069654875	-177.7103819509889	376.03329224261336	0.0	0.0	0.0	0.0	0.0	4.0	4.0	4.0	4.0	4.0	4.0
2809.447416939	-0.009821543591384586	-6.453172713893008	-176.2048161295087	375.87414527879474	0.0	0.0	0.0	0.0	0.0	4.0	4.0	4.0	4.0	4.0	4.0
2810.9970294138698	-0.009654975796475793	-6.468263242598243	-174.69911126836502	375.6961547894499	0.0	0.0	0.0	0.0	0.0	4.0	4.0	4.0	4.0	4.0	4.0
2812.54664188874	-0.00948840800156695	-6.483095655770581	-173.1934589004978	375.4994804679871	0.0	0.0	0.0	0.0	0.0	4.0	4.0	4.0	4.0	4.0	4.0
2814.0962543636097	-0.009321840206658156	-6.4976699534100115	-171.6880496499388	375.28429571928217	0.0	0.0	0.0	0.0	0.0	4.0	4.0	4.0	4.0	4.0	4.0
2815.6458668384794	-0.009155272411749361	-6.51198613551654	-170.18307206728403	375.05078835218126	0.0	0.0	0.0	0.0	0.0	4.0	4.0	4.0	4.0	4.0	4.0
2817.195479313349	-0.008988704616840568	-6.526044202090166	-168.67871157351058	374.7991607185275	0.0	0.0	0.0	0.0	0.0	4.0	4.0	4.0	4.0	4.0	4.0
2818.7450917882193	-0.008822136821931725	-6.539844153130894	-167.17514958852428	374.5296292234811	0.0	0.0	0.0	0.0	0.0	4.0	4.0	4.0	4.0	4.0	4.0
2820.294704263089	-0.008655569027022931	-6.553385988638715	-165.67256292626266	374.24242313600104	0.0	0.0	0.0	0.0	0.0	4.0	4.0	4.0	4.0	4.0	4.0
2821.844316737959	-0.008489001232114088	-6.566669708613639	-164.1711235329171	373.93778266577294	0.0	0.0	0.0	0.0	0.0	4.0	4.0	4.0	4.0	4.0	4.0
2823.393929212829	-0.008322433437205293	-6.579695313055656	-162.67099862925173	373.6159563270503	0.0	0.0	0.0	0.0	0.0	4.0	4.0	4.0	4.0	4.0	4.0
2824.9435416876986	-0.0081558656422965	-6.592462801964771	-161.17235129753234	373.2771976568995	0.0	0.0	0.0	0.0	0.0	4.0	4.0	4.0	4.0	4.0	4.0
2826.4931541625683	-0.007989297847387706	-6.6049721753409845	-159.67534152772808	372.9217614010613	0.0	0.0	0.0	0.0	0.0	4.0	4.0	4.0	4.0	4.0	4.0
2828.042766637438	-0.007822730052478912	-6.617223433184295	-158.18012770165566	372.54989933991016	0.0	0.0	0.0	0.0	0.0	4.0	4.0	4.0	4.0	4.0	4.0
2829.592379112308	-0.00765616225757007	-6.629216575494707	-156.68686843136308	372.16185604088025	0.0	0.0	0.0	0.0	0.0	4.0	4.0	4.0	4.0	4.0	4.0
2831.1419915871775	-0.007489594462661324	-6.64095160227221	-155.1957245631685	371.7578650170251	0.0	0.0	0.0	0.0	0.0	4.0	4.0	4.0	4.0	4.0	4.0
2832.6916040620476	-0.007323026667752482	-6.652428513516817	-153.70686104444567	371.3381459341519	0.0	0.0	0.0	0.0	0.0	4.0	4.0	4.0	4.0	4.0	4.0
2834.241216536918	-0.007156458872843639	-6.663647309228522	-152.22044829231234	370.9029034906867	0.0	0.0	0.0	0.0	0.0	4.0	4.0	4.0	4.0	4.0	4.0
2835.790829011787	-0.006989891077934894	-6.674607989407319	-150.73666278577295	370.4523282514243	0.0	0.0	0.0	0.0	0.0	4.0	4.0	4.0	4.0	4.0	4.0
2837.340441486657	-0.006823323283026099	-6.685310554053216	-149.25568683321825	369.9865991271348	0.0	0.0	0.0	0.0	0.0	4.0	4.0	4.0	4.0	4.0	4.0
2838.890053961527	-0.006656755488117256	-6.695755003166214	-147.77770769906317	369.50588675491025	0.0	0.0	0.0	0.0	0.0	4.0	4.0	4.0	4.0	4.0	4.0
2840.4396664363967	-0.0064901876932084625	-6.7059413367463065	-146.30291637441834	369.01035699086896	0.0	0.0	0.0	0.0	0.0	4.0	4.0	4.0	4.0	4.0	4.0
2841.9892789112664	-0.006323619898299669	-6.715869554793498	-144.83150624283195	368.5001739757718	0.0	0.0	0.0	0.0	0.0	4.0	4.0	4.0	4.0	4.0	4.0
2843.538891386136	-0.0061570521033908745	-6.725539657307786	-143.3636717910214	367.97550255794073	0.0	0.0	0.0	0.0	0.0	4.0	4.0	4.0	4.0	4.0	4.0
2845.088503861006	-0.005990484308482081	-6.734951644289172	-141.8996074094517	367.4365101122568	0.0	0.0	0.0	0.0	0.0	4.0	4.0	4.0	4.0	4.0	4.0
2846.6381163358765	-0.005766995314590163	-6.744068302044454	-140.4395354338689	366.8833595683692	0.0	0.0	0.0	0.0	0.0	4.0	4.0	4.0	4.0	4.0	4.0
2848.1877288107457	-0.005532968750313097	-6.752823584684728	-138.98370325401413	366.3162635700667	0.0	0.0	0.0	0.0	0.0	4.0	4.0	4.0	4.0	4.0	4.0
2849.7373412856155	-0.005298942186035962	-6.76121621684155	-137.53233935117194	365.7354301011679	0.0	0.0	0.0	0.0	0.0	4.0	4.0	4.0	4.0	4.0	4.0
2851.286953760486	-0.005064915621758689	-6.769246198514923	-136.08566922608202	365.14107016588	0.0	0.0	0.0	0.0	0.0	4.0	4.0	4.0	4.0	4.0	4.0
2852.836566235355	-0.004830889057481692	-6.776913529704831	-134.64391152966877	364.5334039902252	0.0	0.0	0.0	0.0	0.0	4.0	4.0	4.0	4.0	4.0	4.0
2854.386178710225	-0.004596862493204488	-6.78421821041129	-133.20727612922286	363.9126617890671	0.0	0.0	0.0	0.0	0.0	4.0	4.0	4.0	4.0	4.0	4.0
2855.9357911850952	-0.004362835928927284	-6.791160240634295	-131.77596202947498	363.2790847136744	0.0	0.0	0.0	0.0	0.0	4.0	4.0	4.0	4.0	4.0	4.0
2857.4854036599645	-0.004128809364650218	-6.797739620373841	-130.35015516270158	362.63292595938776	0.0	0.0	0.0	0.0	0.0	4.0	4.0	4.0	4.0	4.0	4.0
2859.035016134835	-0.0038947828003729453	-6.803956349629939	-128.93002612690026	361.9744519079688	0.0	0.0	0.0	0.0	0.0	4.0	4.0	4.0	4.0	4.0	4.0
2860.5846286097044	-0.003660756236095879	-6.809810428402575	-127.51572797589522	361.3039431552472	0.0	0.0	0.0	0.0	0.0	4.0	4.0	4.0	4.0	4.0	4.0
2862.134241084574	-0.003426729671818744	-6.815301856691759	-126.1073941477112	360.621695321946	0.0	0.0	0.0	0.0	0.0	4.0	4.0	4.0	4.0	4.0	4.0
2863.6838535594443	-0.00319270310754154	-6.82043063449749	-124.70513659310512	359.9280195954831	0.0	0.0	0.0	0.0	0.0	4.0	4.0	4.0	4.0	4.0	4.0
2865.233466034314	-0.002958676543264405	-6.825196761819765	-123.30904415729422	359.2232429663324	0.0	0.0	0.0	0.0	0.0	4.0	4.0	4.0	4.0	4.0	4.0
2866.7830785091837	-0.00272464997898727	-6.829600238658584	-121.9191812492127	358.5077081512881	0.0	0.0	0.0	0.0	0.0	4.0	4.0	4.0	4.0	4.0	4.0
2868.332690984054	-0.0024906234147100666	-6.83364106501395	-120.53558678654986	357.7817732653482	0.0	0.0	0.0	0.0	0.0	4.0	4.0	4.0	4.0	4.0	4.0
2869.882303458923	-0.002256596850433	-6.837319240885859	-119.1582733763459	357.0458113388962	0.0	0.0	0.0	0.0	0.0	4.0	4.0	4.0	4.0	4.0	4.0
2871.4319159337933	-0.002022570286155796	-6.840634766274315	-117.78722667254732	356.3002097944339	0.0	0.0	0.0	0.0	0.0	4.0	4.0	4.0	4.0	4.0	4.0
2872.9815284086635	-0.0017885437218785926	-6.843587641179316	-116.4224048417174	355.54537000292413	0.0	0.0	0.0	0.0	0.0	4.0	4.0	4.0	4.0	4.0	4.0
2874.531140883533	-0.0015545171576014575	-6.846177865600862	-115.06373809420346	354.7817069905105	0.0	0.0	0.0	0.0	0.0	4.0	4.0	4.0	4.0	4.0	4.0
2876.080753358403	-0.0013204905933243225	-6.848405439538952	-113.7111282717364	354.0096493106343	0.0	0.0	0.0	0.0	0.0	4.0	4.0	4.0	4.0	4.0	4.0
2877.630365833272	-0.001086464029047256	-6.850270362993588	-112.36444855340676	353.22963898612016	0.0	0.0	0.0	0.0	0.0	4.0	4.0	4.0	4.0	4.0	4.0
2879.1799783081424	-0.0008524374647700524	-6.85177263596477	-111.02354337534108	352.4421313778235	0.0	0.0	0.0	0.0	0.0	4.0	4.0	4.0	4.0	4.0	4.0
2880.729590783012	-0.0006184109004929173	-6.852912258452497	-109.68822861322812	351.64759491098465	0.0	0.0	0.0	0.0	0.0	4.0	4.0	4.0	4.0	4.0	4.0
2882.279203257882	-0.00038438433621578225	-6.8536892304567685	-108.35829217845402	350.846510429221	0.0	0.0	0.0	0.0	0.0	4.0	4.0	4.0	4.0	4.0	4.0
2883.828815732752	-0.0001503577719385785	-6.854103551977586	-107.03349531605257	350.03936972842945	0.0	0.0	0.0	0.0	0.0	4.0	4.0	4.0	4.0	4.0	4.0
2885.3784282076217	8.366879233855655e-05	-6.854155223014948	-105.71357496411036	349.22667270142057	0.0	0.0	0.0	0.0	0.0	4.0	4.0	4.0	4.0	4.0	4.0
2886.928040682491	0.00031769535661562294	-6.853844243568855	-104.3982472304485	348.408922973685	0.0	0.0	0.0	0.0	0.0	4.0	4.0	4.0	4.0	4.0	4.0
2888.477653157361	0.0005517219208928266	-6.853170613639309	-103.08721174178154	347.5866223451088	0.0	0.0	0.0	0.0	0.0	4.0	4.0	4.0	4.0	4.0	4.0
2890.0272656322313	0.0007857484851700304	-6.852134333226306	-101.78015658710667	346.76026437500104	0.0	0.0	0.0	0.0	0.0	4.0	4.0	4.0	4.0	4.0	4.0
2891.576878107101	0.0010197750494471654	-6.850735402329849	-100.47676350949688	345.93032753447693	0.0	0.0	0.0	0.0	0.0	4.0	4.0	4.0	4.0	4.0	4.0
2893.1264905819708	0.0012538016137243005	-6.848973820949937	-99.1767129428504	345.09726843502125	0.0	0.0	0.0	0.0	0.0	4.0	4.0	4.0	4.0	4.0	4.0
2894.676103056841	0.0014878281780015042	-6.84684958908657	-97.87968841447112	344.2615157724326	0.0	0.0	0.0	0.0	0.0	4.0	4.0	4.0	4.0	4.0	4.0
2896.22571553171	0.0015562609258647174	-6.844434351074922	-96.58515166206132	343.4234081121653	0.0	0.0	0.0	0.0	0.0	4.0	4.0	4.0	4.0	4.0	4.0
2897.7753280065804	0.001493736429234162	-6.84207119410003	-95.29191997603502	342.58272211076775	0.0	0.0	0.0	0.0	0.0	4.0	4.0	4.0	4.0	4.0	4.0
2899.32494048145	0.0014312119326036247	-6.839804925865104	-93.99966393684	341.73966329255506	0.0	0.0	0.0	0.0	0.0	4.0	4.0	4.0	4.0	4.0	4.0
2900.87455295632	0.0013686874359730874	-6.83763554637014	-92.70816041956876	340.8945464912938	0.0	0.0	0.0	0.0	0.0	4.0	4.0	4.0	4.0	4.0	4.0
2902.42416543119	0.0013061629393425317	-6.8355630556151405	-91.41721087229922	340.04765996606756	0.0	0.0	0.0	0.0	0.0	4.0	4.0	4.0	4.0	4.0	4.0
2903.9737779060597	0.0012436384427119945	-6.833587453600105	-90.12663992841937	339.19926608686876	0.0	0.0	0.0	0.0	0.0	4.0	4.0	4.0	4.0	4.0	4.0
2905.5233903809294	0.0011811139460814572	-6.831708740325032	-88.83629364636731	338.34960275791246	0.0	0.0	0.0	0.0	0.0	4.0	4.0	4.0	4.0	4.0	4.0
2907.073002855799	0.00111858944945092	-6.829926915789923	-87.54603757266125	337.49888527120413	0.0	0.0	0.0	0.0	0.0	4.0	4.0	4.0	4.0	4.0	4.0
2908.6226153306693	0.0010560649528203645	-6.828241979994778	-86.25575482489297	336.6473082678166	0.0	0.0	0.0	0.0	0.0	4.0	4.0	4.0	4.0	4.0	4.0
2910.172227805539	0.0009935404561898272	-6.826653932939597	-84.96534425828949	335.79504769297057	0.0	0.0	0.0	0.0	0.0	4.0	4.0	4.0	4.0	4.0	4.0
2911.7218402804087	0.0009310159595592899	-6.825162774624379	-83.6747187540767	334.94226266972674	0.0	0.0	0.0	0.0	0.0	4.0	4.0	4.0	4.0	4.0	4.0
2913.271452755279	0.0008684914629287343	-6.823768505049125	-82.38380365805286	334.0890972309664	0.0	0.0	0.0	0.0	0.0	4.0	4.0	4.0	4.0	4.0	4.0
2914.8210652301486	0.000805966966298197	-6.822471124213834	-81.09253538197075	333.2356818751236	0.0	0.0	0.0	0.0	0.0	4.0	4.0	4.0	4.0	4.0	4.0
2916.3706777050184	0.0007434424696676598	-6.821270632118507	-79.80086016622143	332.38213493517156	0.0	0.0	0.0	0.0	0.0	4.0	4.0	4.0	4.0	4.0	4.0
2917.920290179888	0.0006809179730371225	-6.820167028763144	-78.50873299238069	331.52856376819625	0.0	0.0	0.0	0.0	0.0	4.0	4.0	4.0	4.0	4.0	4.0
2919.469902654758	0.0006183934764065853	-6.819160314147744	-77.21611662855354	330.67506578383876	0.0	0.0	0.0	0.0	0.0	4.0	4.0	4.0	4.0	4.0	4.0
2921.0195151296275	0.000555868979776048	-6.818250488272309	-75.92298078847561	329.8217293348309	0.0	0.0	0.0	0.0	0.0	4.0	4.0	4.0	4.0	4.0	4.0
2922.5691276044977	0.0004933444831454924	-6.817437551136837	-74.6293013858836	328.9686344934014	0.0	0.0	0.0	0.0	0.0	4.0	4.0	4.0	4.0	4.0	4.0
2924.118740079368	0.0004308199865149368	-6.816721502741328	-73.335059867727	328.11585373513645	0.0	0.0	0.0	0.0	0.0	4.0	4.0	4.0	4.0	4.0	4.0
2925.668352554237	0.0003682954898844179	-6.816102343085783	-72.04024261251448	327.2634525483118	0.0	0.0	0.0	0.0	0.0	4.0	4.0	4.0	4.0	4.0	4.0
2927.2179650291073	0.00030577099325386226	-6.815580072170201	-70.74484038295668	326.41148998268113	0.0	0.0	0.0	0.0	0.0	4.0	4.0	4.0	4.0	4.0	4.0
2928.767577503977	0.000243246496623325	-6.815154689994584	-69.44884782482004	325.5600191476983	0.0	0.0	0.0	0.0	0.0	4.0	4.0	4.0	4.0	4.0	4.0
2930.3171899788467	0.00018072199999278775	-6.814826196558929	-68.15226300577343	324.709087667407	0.0	0.0	0.0	0.0	0.0	4.0	4.0	4.0	4.0	4.0	4.0
2931.866802453717	0.00011819750336223215	-6.814594591863239	-66.85508698925086	323.8587380976113	0.0	0.0	0.0	0.0	0.0	4.0	4.0	4.0	4.0	4.0	4.0
2933.416414928586	5.5673006731713244e-05	-6.814459875907512	-65.55732343963972	323.0090083089827	0.0	0.0	0.0	0.0	0.0	4.0	4.0	4.0	4.0	4.0	4.0
2934.966027403456	-6.851489898824014e-06	-6.814422048691749	-64.25897825605975	322.15993183847	0.0	0.0	0.0	0.0	0.0	4.0	4.0	4.0	4.0	4.0	4.0
2936.515639878326	-6.937598652937962e-05	-6.81448111021595	-62.96005923237725	321.31153821096393	0.0	0.0	0.0	0.0	0.0	4.0	4.0	4.0	4.0	4.0	4.0
2938.065252353196	-0.00013190048315991687	-6.814637060480114	-61.660575741362955	320.46385323290593	0.0	0.0	0.0	0.0	0.0	4.0	4.0	4.0	4.0	4.0	4.0
2939.6148648280655	-0.00019442497979045413	-6.814889899484242	-60.36053844111293	319.6168992593949	0.0	0.0	0.0	0.0	0.0	4.0	4.0	4.0	4.0	4.0	4.0
2941.1644773029357	-0.00025694947642100976	-6.815239627228333	-59.05995900199381	318.7706954362888	0.0	0.0	0.0	0.0	0.0	4.0	4.0	4.0	4.0	4.0	4.0
2942.7140897778054	-0.000319473973051547	-6.815686243712388	-57.75884985247548	317.9252579187762	0.0	0.0	0.0	0.0	0.0	4.0	4.0	4.0	4.0	4.0	4.0
2944.263702252675	-0.0003819984696820843	-6.816229748936407	-56.45722394232072	317.0806000678583	0.0	0.0	0.0	0.0	0.0	4.0	4.0	4.0	4.0	4.0	4.0
2945.813314727545	-0.0004214618523694872	-6.816864945144823	-55.155105539078285	316.23672487158325	0.0	0.0	0.0	0.0	0.0	4.0	4.0	4.0	4.0	4.0	4.0
2947.362927202415	-0.000404711062659292	-6.8175050690725865	-53.85258571578395	315.39367834371006	0.0	0.0	0.0	0.0	0.0	4.0	4.0	4.0	4.0	4.0	4.0
2948.9125396772847	-0.00038796027294910176	-6.818119235767652	-52.5496766219487	314.5514929474533	0.0	0.0	0.0	0.0	0.0	4.0	4.0	4.0	4.0	4.0	4.0
2950.4621521521544	-0.0003712094832389115	-6.818707445230018	-51.24637390489999	313.7101610546661	0.0	0.0	0.0	0.0	0.0	4.0	4.0	4.0	4.0	4.0	4.0
2952.011764627024	-0.0003544586935287212	-6.819269697459686	-49.94267423016594	312.86967396075187	0.0	0.0	0.0	0.0	0.0	4.0	4.0	4.0	4.0	4.0	4.0
2953.5613771018943	-0.00033770790381852607	-6.819805992456655	-48.63857519352814	312.0300220234948	0.0	0.0	0.0	0.0	0.0	4.0	4.0	4.0	4.0	4.0	4.0
2955.110989576764	-0.00032095711410833576	-6.820316330220924	-47.3340752398567	311.1911947884384	0.0	0.0	0.0	0.0	0.0	4.0	4.0	4.0	4.0	4.0	4.0
2956.6606020516338	-0.0003042063243981455	-6.820800710752496	-46.02917358809543	310.3531811021315	0.0	0.0	0.0	0.0	0.0	4.0	4.0	4.0	4.0	4.0	4.0
2958.2102145265035	-0.00028745553468795525	-6.821259134051368	-44.723870161838114	309.5159692144384	0.0	0.0	0.0	0.0	0.0	4.0	4.0	4.0	4.0	4.0	4.0
2959.759827001373	-0.000270704744977765	-6.821691600117541	-43.41816552498935	308.6795468709635	0.0	0.0	0.0	0.0	0.0	4.0	4.0	4.0	4.0	4.0	4.0
2961.3094394762434	-0.0002539539552675698	-6.822098108951016	-42.11206082204255	307.8439013965673	0.0	0.0	0.0	0.0	0.0	4.0	4.0	4.0	4.0	4.0	4.0
2962.859051951113	-0.00023720316555737953	-6.822478660551792	-40.80555772255118	307.0090197708567	0.0	0.0	0.0	0.0	0.0	4.0	4.0	4.0	4.0	4.0	4.0
2964.4086644259833	-0.00022045237584718434	-6.8228332549198685	-39.4986583694666	306.17488869633297	0.0	0.0	0.0	0.0	0.0	4.0	4.0	4.0	4.0	4.0	4.0
2965.958276900853	-0.00020370158613699406	-6.823161892055246	-38.191365331195435	305.3414946595993	0.0	0.0	0.0	0.0	0.0	4.0	4.0	4.0	4.0	4.0	4.0
2967.5078893757227	-0.0001869507964268038	-6.823464571957926	-36.88368155723002	304.5088239859681	0.0	0.0	0.0	0.0	0.0	4.0	4.0	4.0	4.0	4.0	4.0
2969.0575018505924	-0.00017020000671661353	-6.823741294627906	-35.575610337207834	303.67686288784023	0.0	0.0	0.0	0.0	0.0	4.0	4.0	4.0	4.0	4.0	4.0
2970.6071143254626	-0.00015344921700641834	-6.823992060065188	-34.26715526322244	302.8455975072337	0.0	0.0	0.0	0.0	0.0	4.0	4.0	4.0	4.0	4.0	4.0
2972.156726800332	-0.000136698427296233	-6.824216868269771	-32.95832019520205	302.0150139528647	0.0	0.0	0.0	0.0	0.0	4.0	4.0	4.0	4.0	4.0	4.0
2973.706339275202	-0.00011994763758603782	-6.824415719241655	-31.64910922913844	301.18509833219895	0.0	0.0	0.0	0.0	0.0	4.0	4.0	4.0	4.0	4.0	4.0
2975.255951750072	-0.00010319684787584263	-6.82458861298084	-30.339526667988377	300.35583677886837	0.0	0.0	0.0	0.0	0.0	4.0	4.0	4.0	4.0	4.0	4.0
2976.805564224942	-8.644605816565237e-05	-6.824735549487326	-29.02957699504089	299.5272154758152	0.0	0.0	0.0	0.0	0.0	4.0	4.0	4.0	4.0	4.0	4.0
2978.3551766998116	-6.96952684554621e-05	-6.824856528761114	-27.719264849559313	298.69922067455235	0.0	0.0	0.0	0.0	0.0	4.0	4.0	4.0	4.0	4.0	4.0
2979.904789174681	-5.2944478745276746e-05	-6.824951550802202	-26.40859500449614	297.8718387109152	0.0	0.0	0.0	0.0	0.0	4.0	4.0	4.0	4.0	4.0	4.0
2981.454401649551	-3.6193689035081566e-05	-6.825020615610591	-25.097572346092775	297.0450560176375	0.0	0.0	0.0	0.0	0.0	4.0	4.0	4.0	4.0	4.0	4.0
2983.0040141244212	-1.944289932488638e-05	-6.8250637231862825	-23.786201855171175	296.2188591341241	0.0	0.0	0.0	0.0	0.0	4.0	4.0	4.0	4.0	4.0	4.0
2984.5536265992905	-2.692109614701027e-06	-6.8250808735292745	-22.47448858978253	295.3932347139718	0.0	0.0	0.0	0.0	0.0	4.0	4.0	4.0	4.0	4.0	4.0
2986.10323907416	1.4058680095484325e-05	-6.825072066639568	-21.16243766884547	294.5681695308812	0.0	0.0	0.0	0.0	0.0	4.0	4.0	4.0	4.0	4.0	4.0
2987.652851549031	3.080946980568934e-05	-6.8250373025171625	-19.850054256500112	293.74365048343924	0.0	0.0	0.0	0.0	0.0	4.0	4.0	4.0	4.0	4.0	4.0
2989.2024640239	4.756025951587469e-05	-6.8249765811620575	-18.537343547005992	292.91966459905785	0.0	0.0	0.0	0.0	0.0	4.0	4.0	4.0	4.0	4.0	4.0
2990.7520764987703	6.431104922606988e-05	-6.824889902574254	-17.224310750087845	292.09619903722523	0.0	0.0	0.0	0.0	0.0	4.0	4.0	4.0	4.0	4.0	4.0
2992.3016889736405	8.106183893626506e-05	-6.8247772667537525	-15.910961076707784	291.27324109216244	0.0	0.0	0.0	0.0	0.0	4.0	4.0	4.0	4.0	4.0	4.0
2993.8513014485097	9.781262864645041e-05	-6.8246386737005515	-14.597299725225866	290.4507781949066	0.0	0.0	0.0	0.0	0.0	4.0	4.0	4.0	4.0	4.0	4.0
2995.40091392338	0.00011403977321411572	-6.824474133423578	-13.283331707238624	289.6287981868985	0.0	0.0	0.0	0.0	0.0	4.0	4.0	4.0	4.0	4.0	4.0
2996.950526398249	0.00010956399660987615	-6.8243008838280055	-11.969063928190131	288.80729487032846	0.0	0.0	0.0	0.0	0.0	4.0	4.0	4.0	4.0	4.0	4.0
2998.5001388731193	0.00010508822000563396	-6.824134569951692	-10.654508935950869	287.98625539242744	0.0	0.0	0.0	0.0	0.0	4.0	4.0	4.0	4.0	4.0	4.0
3000.049751347989	0.00010061244340139308	-6.82397519179464	-9.33967398093005	287.1656691226852	0.0	0.0	0.0	0.0	0.0	4.0	4.0	4.0	4.0	4.0	4.0
3001.599363822859	9.61366667971522e-05	-6.823822749356848	-8.024566217567019	286.34552555493536	0.0	0.0	0.0	0.0	0.0	4.0	4.0	4.0	4.0	4.0	4.0
3003.148976297729	9.166089019291001e-05	-6.823677242638317	-6.709192701483206	285.52581431304384	0.0	0.0	0.0	0.0	0.0	4.0	4.0	4.0	4.0	4.0	4.0
3004.698588772599	8.718511358866782e-05	-6.823538671639047	-5.393560386763623	284.7065251563575	0.0	0.0	0.0	0.0	0.0	4.0	4.0	4.0	4.0	4.0	4.0
3006.248201247469	8.270933698442695e-05	-6.823407036359037	-4.077676123489455	283.8876479847072	0.0	0.0	0.0	0.0	0.0	4.0	4.0	4.0	4.0	4.0	4.0
3007.7978137223386	7.823356038018607e-05	-6.823282336798289	-2.761546655659547	283.0691728427366	0.0	0.0	0.0	0.0	0.0	4.0	4.0	4.0	4.0	4.0	4.0
3009.3474261972083	7.375778377594518e-05	-6.8231645729568005	-1.4451786195844587	282.25108992341734	0.0	0.0	0.0	0.0	0.0	4.0	4.0	4.0	4.0	4.0	4.0
3010.897038672078	6.92820071717043e-05	-6.8230537448345725	-0.1285785428074115	281.4333895706514	0.0	0.0	0.0	0.0	0.0	4.0	4.0	4.0	4.0	4.0	4.0
3012.446651146948	6.480623056746211e-05	-6.822949852431606	1.1882471563926988	280.616062280867	0.0	0.0	0.0	0.0	0.0	4.0	4.0	4.0	4.0	4.0	4.0
3013.9962636218174	6.033045396322255e-05	-6.822852895747899	2.5052921688855205	279.79909870356204	0.0	0.0	0.0	0.0	0.0	4.0	4.0	4.0	4.0	4.0	4.0
3015.5458760966876	5.585467735898036e-05	-6.822762874783454	3.822550293947919	278.98248964075054	0.0	0.0	0.0	0.0	0.0	4.0	4.0	4.0	4.0	4.0	4.0
3017.0954885715573	5.1378900754739475e-05	-6.8226797895382685	5.140015437886401	278.16622604533075	0.0	0.0	0.0	0.0	0.0	4.0	4.0	4.0	4.0	4.0	4.0
3018.645101046427	4.69031241504986e-05	-6.822603640012344	6.457681612090391	277.35029901843933	0.0	0.0	0.0	0.0	0.0	4.0	4.0	4.0	4.0	4.0	4.0
3020.1947135212968	4.242734754625772e-05	-6.822534426205681	7.775542930575459	276.534699805929	0.0	0.0	0.0	0.0	0.0	4.0	4.0	4.0	4.0	4.0	4.0
3021.744325996167	3.795157094201553e-05	-6.822472148118278	9.0935936071569	275.7194197941812	0.0	0.0	0.0	0.0	0.0	4.0	4.0	4.0	4.0	4.0	4.0
3023.293938471036	3.347579433777596e-05	-6.8224168057501355	10.41182795240102	274.9044505055151	0.0	0.0	0.0	0.0	0.0	4.0	4.0	4.0	4.0	4.0	4.0
3024.8435509459064	2.900001773353377e-05	-6.822368399101254	11.730240370551906	274.0897835935037	0.0	0.0	0.0	0.0	0.0	4.0	4.0	4.0	4.0	4.0	4.0
3026.3931634207765	2.452424112929158e-05	-6.822326928171633	13.048825356635016	273.2754108385691	0.0	0.0	0.0	0.0	0.0	4.0	4.0	4.0	4.0	4.0	4.0
3027.9427758956463	2.00484645250507e-05	-6.822292392961272	14.367577493977423	272.4613241442232	0.0	0.0	0.0	0.0	0.0	4.0	4.0	4.0	4.0	4.0	4.0
3029.492388370516	1.5572687920809824e-05	-6.822264793470173	15.686491452269092	271.64751553418495	0.0	0.0	0.0	0.0	0.0	4.0	4.0	4.0	4.0	4.0	4.0
3031.0420008453857	1.1096911316568944e-05	-6.822244129698333	17.00556198618781	270.83397715041104	0.0	0.0	0.0	0.0	0.0	4.0	4.0	4.0	4.0	4.0	4.0
3032.5916133202554	6.621134712328065e-06	-6.822230401645755	18.324783934549963	270.0207012519734	0.0	0.0	0.0	0.0	0.0	4.0	4.0	4.0	4.0	4.0	4.0
3034.1412257951256	2.145358108085873e-06	-6.822223609312438	19.64415221988682	269.207680214617	0.0	0.0	0.0	0.0	0.0	4.0	4.0	4.0	4.0	4.0	4.0
3035.690838269995	-2.330418496153692e-06	-6.822223752698381	20.963661848319727	268.3949065307954	0.0	0.0	0.0	0.0	0.0	4.0	4.0	4.0	4.0	4.0	4.0
3037.240450744865	-6.806195100395884e-06	-6.8222308318035845	22.283307909624472	267.5823728099779	0.0	0.0	0.0	0.0	0.0	4.0	4.0	4.0	4.0	4.0	4.0
3038.7900632197347	-1.1281971704636763e-05	-6.822244846628049	23.603085577352974	266.770071779046	0.0	0.0	0.0	0.0	0.0	4.0	4.0	4.0	4.0	4.0	4.0
3040.339675694605	-1.5757748308878954e-05	-6.822265797171774	24.922990108936204	265.957996282607	0.0	0.0	0.0	0.0	0.0	4.0	4.0	4.0	4.0	4.0	4.0
3041.889288169474	-2.023352491311852e-05	-6.82229368343476	26.243016845684167	265.146139283125	0.0	0.0	0.0	0.0	0.0	4.0	4.0	4.0	4.0	4.0	4.0
3043.438900644345	-2.4709301517362025e-05	-6.822328505417006	27.56316121265216	264.3344938607793	0.0	0.0	0.0	0.0	0.0	4.0	4.0	4.0	4.0	4.0	4.0
3044.988513119214	-2.918507812160159e-05	-6.822370263118512	28.883418718322453	263.5230532130128	0.0	0.0	0.0	0.0	0.0	4.0	4.0	4.0	4.0	4.0	4.0
3046.538125594084	-2.9391815423033532e-05	-6.822416447563841	30.203786255958736	262.71180798928964	0.0	0.0	0.0	0.0	0.0	4.0	4.0	4.0	4.0	4.0	4.0
3048.0877380689535	-2.8239554240737755e-05	-6.822461100708528	31.524265152489217	261.90074910360846	0.0	0.0	0.0	0.0	0.0	4.0	4.0	4.0	4.0	4.0	4.0
3049.6373505438232	-2.7087293058441978e-05	-6.822503968294914	32.8448521635096	261.08987039829583	0.0	0.0	0.0	0.0	0.0	4.0	4.0	4.0	4.0	4.0	4.0
3051.186963018694	-2.5935031876145524e-05	-6.822545050322996	34.16554350301422	260.27916530061475	0.0	0.0	0.0	0.0	0.0	4.0	4.0	4.0	4.0	4.0	4.0
3052.736575493563	-2.4782770693850082e-05	-6.822584346792777	35.486335450890515	259.4686273561976	0.0	0.0	0.0	0.0	0.0	4.0	4.0	4.0	4.0	4.0	4.0
3054.286187968433	-2.3630509511554305e-05	-6.822621857704254	36.80722435175896	258.6582502267136	0.0	0.0	0.0	0.0	0.0	4.0	4.0	4.0	4.0	4.0	4.0
3055.835800443303	-2.247824832925819e-05	-6.822657583057429	38.128206613699106	257.8480276873802	0.0	0.0	0.0	0.0	0.0	4.0	4.0	4.0	4.0	4.0	4.0
3057.3854129181727	-2.1325987146962412e-05	-6.822691522852303	39.449278706905446	257.03795362435164	0.0	0.0	0.0	0.0	0.0	4.0	4.0	4.0	4.0	4.0	4.0
3058.9350253930425	-2.017372596466663e-05	-6.822723677088873	40.77043716229249	256.2280220320286	0.0	0.0	0.0	0.0	0.0	4.0	4.0	4.0	4.0	4.0	4.0
3060.484637867913	-1.902146478237018e-05	-6.822754045767142	42.09167857006498	255.41822701032265	0.0	0.0	0.0	0.0	0.0	4.0	4.0	4.0	4.0	4.0	4.0
3062.0342503427823	-1.7869203600074738e-05	-6.822782628887107	43.412999578271496	254.60856276190648	0.0	0.0	0.0	0.0	0.0	4.0	4.0	4.0	4.0	4.0	4.0
3063.5838628176525	-1.6716942417778622e-05	-6.822809426448771	44.73439689136781	253.79902358946515	0.0	0.0	0.0	0.0	0.0	4.0	4.0	4.0	4.0	4.0	4.0
3065.133475292522	-1.5564681235483184e-05	-6.822834438452132	46.05586726877965	252.98960389298557	0.0	0.0	0.0	0.0	0.0	4.0	4.0	4.0	4.0	4.0	4.0
3066.683087767392	-1.4412420053187066e-05	-6.822857664897191	47.377407523504075	252.18029816708503	0.0	0.0	0.0	0.0	0.0	4.0	4.0	4.0	4.0	4.0	4.0
3068.2327002422617	-1.3260158870891288e-05	-6.822879105783947	48.6990145207335	251.37110099841289	0.0	0.0	0.0	0.0	0.0	4.0	4.0	4.0	4.0	4.0	4.0
3069.7823127171314	-1.210789768859551e-05	-6.822898761112401	50.02068517653425	250.5620070631261	0.0	0.0	0.0	0.0	0.0	4.0	4.0	4.0	4.0	4.0	4.0
3071.331925192001	-1.0955636506299732e-05	-6.822916630882553	51.34241645657169	249.7530111244631	0.0	0.0	0.0	0.0	0.0	4.0	4.0	4.0	4.0	4.0	4.0
3072.8815376668713	-9.803375324003616e-06	-6.822932715094401	52.66420537489832	248.9441080304227	0.0	0.0	0.0	0.0	0.0	4.0	4.0	4.0	4.0	4.0	4.0
3074.431150141741	-8.651114141707839e-06	-6.822947013747948	53.98604899280552	248.13529271155952	0.0	0.0	0.0	0.0	0.0	4.0	4.0	4.0	4.0	4.0	4.0
3075.980762616611	-7.498852959411722e-06	-6.822959526843192	55.30794441775272	247.32656017890483	0.0	0.0	0.0	0.0	0.0	4.0	4.0	4.0	4.0	4.0	4.0
3077.530375091481	-6.346591777115944e-06	-6.8229702543801345	56.629888802372896	246.5179055220333	0.0	0.0	0.0	0.0	0.0	4.0	4.0	4.0	4.0	4.0	4.0
3079.0799875663506	-5.194330594820166e-06	-6.822979196358774	57.95187934357298	245.70932390727992	0.0	0.0	0.0	0.0	0.0	4.0	4.0	4.0	4.0	4.0	4.0
3080.6296000412203	-4.042069412524388e-06	-6.822986352779111	59.2739132817179	244.9008105761108	0.0	0.0	0.0	0.0	0.0	4.0	4.0	4.0	4.0	4.0	4.0
3082.17921251609	-2.8898082302286102e-06	-6.822991723641146	60.59598789990287	244.09236084364215	0.0	0.0	0.0	0.0	0.0	4.0	4.0	4.0	4.0	4.0	4.0
3083.72882499096	-1.737547047932494e-06	-6.822995308944878	61.9181005233014	243.2839700972906	0.0	0.0	0.0	0.0	0.0	4.0	4.0	4.0	4.0	4.0	4.0
3085.27843746583	-5.852858656367162e-07	-6.822997108690308	63.2402485186019	242.4756337955752	0.0	0.0	0.0	0.0	0.0	4.0	4.0	4.0	4.0	4.0	4.0
3086.828049940699	5.669753166587237e-07	-6.822997122877435	64.56242929351592	241.6673474670486	0.0	0.0	0.0	0.0	0.0	4.0	4.0	4.0	4.0	4.0	4.0
3088.3776624155694	1.7192364989548397e-06	-6.822995351506261	65.88464029635391	240.8591067093311	0.0	0.0	0.0	0.0	0.0	4.0	4.0	4.0	4.0	4.0	4.0
3089.9272748904395	2.871497681250956e-06	-6.822991794576784	67.20687901568851	240.05090718831585	0.0	0.0	0.0	0.0	0.0	4.0	4.0	4.0	4.0	4.0	4.0
3091.4768873653093	4.023758863546734e-06	-6.822986452089004	68.52914298007441	239.24274463745556	0.0	0.0	0.0	0.0	0.0	4.0	4.0	4.0	4.0	4.0	4.0
3093.026499840179	5.176020045842512e-06	-6.8229793240429215	69.85142975784467	238.43461485718575	0.0	0.0	0.0	0.0	0.0	4.0	4.0	4.0	4.0	4.0	4.0
3094.576112315049	6.328281228138628e-06	-6.822970410438537	71.17373695696315	237.62651371444804	0.0	0.0	0.0	0.0	0.0	4.0	4.0	4.0	4.0	4.0	4.0
3096.125724789919	6.847550164677755e-06	-6.82295995277092	72.4960620868562	236.81843760382108	0.0	0.0	0.0	0.0	0.0	4.0	4.0	4.0	4.0	4.0	4.0
3097.6753372647886	6.714283110301157e-06	-6.822949444977907	73.81840093123576	236.01038368671513	0.0	0.0	0.0	0.0	0.0	4.0	4.0	4.0	4.0	4.0	4.0
3099.224949739658	6.581016055924598e-06	-6.822939143697185	75.1407506627992	235.20234798974172	0.0	0.0	0.0	0.0	0.0	4.0	4.0	4.0	4.0	4.0	4.0
3100.7745622145285	6.447749001547922e-06	-6.822929048928752	76.46310897850209	234.39432668559328	0.0	0.0	0.0	0.0	0.0	4.0	4.0	4.0	4.0	4.0	4.0
3102.324174689398	6.314481947171324e-06	-6.822919160672609	77.7854736149717	233.58631601284205	0.0	0.0	0.0	0.0	0.0	4.0	4.0	4.0	4.0	4.0	4.0
3103.8737871642675	6.181214892794766e-06	-6.822909478928756	79.10784234862616	232.7783122761501	0.0	0.0	0.0	0.0	0.0	4.0	4.0	4.0	4.0	4.0	4.0
3105.4233996391376	6.04794783841813e-06	-6.822900003697194	80.4302129958488	231.97031184658775	0.0	0.0	0.0	0.0	0.0	4.0	4.0	4.0	4.0	4.0	4.0
3106.9730121140074	5.914680784041532e-06	-6.822890734977921	81.75258341322592	231.16231116206075	0.0	0.0	0.0	0.0	0.0	4.0	4.0	4.0	4.0	4.0	4.0
3108.522624588877	5.781413729664934e-06	-6.822881672770938	83.07495149785832	230.3543067278449	0.0	0.0	0.0	0.0	0.0	4.0	4.0	4.0	4.0	4.0	4.0
3110.072237063747	5.648146675288337e-06	-6.822872817076245	84.39731518773534	229.5462951172371	0.0	0.0	0.0	0.0	0.0	4.0	4.0	4.0	4.0	4.0	4.0
3111.6218495386165	5.514879620911739e-06	-6.822864167893843	85.7196724621805	228.73827297232071	0.0	0.0	0.0	0.0	0.0	4.0	4.0	4.0	4.0	4.0	4.0
3113.171462013487	5.3816125665350634e-06	-6.82285572522373	87.04202134236722	227.93023700484704	0.0	0.0	0.0	0.0	0.0	4.0	4.0	4.0	4.0	4.0	4.0
3114.7210744883564	5.2483455121585046e-06	-6.822847489065906	88.36435989190048	227.1221839972348	0.0	0.0	0.0	0.0	0.0	4.0	4.0	4.0	4.0	4.0	4.0
3116.2706869632257	5.115078457781946e-06	-6.822839459420373	89.68668621747837	226.31411080368332	0.0	0.0	0.0	0.0	0.0	4.0	4.0	4.0	4.0	4.0	4.0
3117.8202994380963	4.98181140340527e-06	-6.82283163628713	91.00899846961586	225.50601435140777	0.0	0.0	0.0	0.0	0.0	4.0	4.0	4.0	4.0	4.0	4.0
3119.369911912966	4.848544349028673e-06	-6.822824019666177	92.33129484344006	224.69789164199472	0.0	0.0	0.0	0.0	0.0	4.0	4.0	4.0	4.0	4.0	4.0
3120.9195243878357	4.715277294652075e-06	-6.822816609557514	93.65357357956684	223.88973975287212	0.0	0.0	0.0	0.0	0.0	4.0	4.0	4.0	4.0	4.0	4.0
3122.4691368627055	4.582010240275477e-06	-6.822809405961141	94.97583296504123	223.0815558389067	0.0	0.0	0.0	0.0	0.0	4.0	4.0	4.0	4.0	4.0	4.0
3124.018749337575	4.4487431858988795e-06	-6.822802408877057	96.29807133435604	222.2733371341219	0.0	0.0	0.0	0.0	0.0	4.0	4.0	4.0	4.0	4.0	4.0
3125.568361812445	4.315476131522282e-06	-6.822795618305264	97.62028707054426	221.4650809535409	0.0	0.0	0.0	0.0	0.0	4.0	4.0	4.0	4.0	4.0	4.0
3127.117974287315	4.182209077145646e-06	-6.82278903424576	98.9424786063476	220.6567846951543	0.0	0.0	0.0	0.0	0.0	4.0	4.0	4.0	4.0	4.0	4.0
3128.667586762185	4.048942022769048e-06	-6.822782656698547	100.264644425459	219.84844584201673	0.0	0.0	0.0	0.0	0.0	4.0	4.0	4.0	4.0	4.0	4.0
3130.2171992370545	3.91567496839245e-06	-6.822776485663623	101.58678306384591	219.040061964468	0.0	0.0	0.0	0.0	0.0	4.0	4.0	4.0	4.0	4.0	4.0
3131.7668117119247	3.7824079140158134e-06	-6.82277052114099	102.90889311114698	218.2316307224849	0.0	0.0	0.0	0.0	0.0	4.0	4.0	4.0	4.0	4.0	4.0
3133.3164241867944	3.6491408596392155e-06	-6.822764763130646	104.23097321214614	217.423149868162	0.0	0.0	0.0	0.0	0.0	4.0	4.0	4.0	4.0	4.0	4.0
3134.866036661664	3.515873805262618e-06	-6.822759211632593	105.55302206832758	216.61461724831824	0.0	0.0	0.0	0.0	0.0	4.0	4.0	4.0	4.0	4.0	4.0
3136.4156491365343	3.3826067508859814e-06	-6.822753866646829	106.8750384395043	215.806030807235	0.0	0.0	0.0	0.0	0.0	4.0	4.0	4.0	4.0	4.0	4.0
3137.965261611404	3.2493396965093836e-06	-6.822748728173355	108.1970211455248	214.9973885895234	0.0	0.0	0.0	0.0	0.0	4.0	4.0	4.0	4.0	4.0	4.0
3139.5148740862737	3.116072642132786e-06	-6.822743796212171	109.51896906806232	214.18868874312133	0.0	0.0	0.0	0.0	0.0	4.0	4.0	4.0	4.0	4.0	4.0
3141.064486561144	2.9828055877561494e-06	-6.822739070763277	110.8408811524816	213.3799295224272	0.0	0.0	0.0	0.0	0.0	4.0	4.0	4.0	4.0	4.0	4.0
3142.614099036013	2.849538533379591e-06	-6.822734551826674	112.16275640978792	212.5711092915716	0.0	0.0	0.0	0.0	0.0	4.0	4.0	4.0	4.0	4.0	4.0
3144.163711510883	2.716271479002993e-06	-6.822730239402359	113.4845939186666	211.7622265278271	0.0	0.0	0.0	0.0	0.0	4.0	4.0	4.0	4.0	4.0	4.0
3145.713323985753	2.4730554057054374e-06	-6.82272615276584	114.80639282938463	210.9532799002566	0.0	0.0	0.0	0.0	0.0	4.0	4.0	4.0	4.0	4.0	4.0
3147.2629364606228	1.8538624277464682e-06	-6.822722800242913	116.1281515575242	210.1442686973499	0.0	0.0	0.0	0.0	0.0	4.0	4.0	4.0	4.0	4.0	4.0
3148.8125489354925	1.2346694497874993e-06	-6.82272040722915	117.44986893320178	209.33519188481617	0.0	0.0	0.0	0.0	0.0	4.0	4.0	4.0	4.0	4.0	4.0
3150.362161410362	6.154764718285301e-07	-6.82271897372455	118.77154429863404	208.52604844779177	0.0	0.0	0.0	0.0	0.0	4.0	4.0	4.0	4.0	4.0	4.0
3151.9117738852324	-3.7165061306206265e-09	-6.822718499729113	120.09317707492356	207.7168375040561	0.0	0.0	0.0	0.0	0.0	4.0	4.0	4.0	4.0	4.0	4.0
3153.4613863601026	-6.229094840897714e-07	-6.8227189852428385	121.41476676463324	206.90755830833663	0.0	0.0	0.0	0.0	0.0	4.0	4.0	4.0	4.0	4.0	4.0
3155.0109988349723	-1.2421024620487406e-06	-6.822720430265727	122.73631295444484	206.0982102567444	0.0	0.0	0.0	0.0	0.0	4.0	4.0	4.0	4.0	4.0	4.0
3156.5606113098415	-1.8612954400075278e-06	-6.822722834797779	124.05781531788712	205.28879289132263	0.0	0.0	0.0	0.0	0.0	4.0	4.0	4.0	4.0	4.0	4.0
3158.1102237847113	-2.480488417966497e-06	-6.8227261988389944	125.37927361811758	204.4793059046802	0.0	0.0	0.0	0.0	0.0	4.0	4.0	4.0	4.0	4.0	4.0
3159.6598362595814	-3.099681395925648e-06	-6.822730522389372	126.70068771073274	203.6697491446716	0.0	0.0	0.0	0.0	0.0	4.0	4.0	4.0	4.0	4.0	4.0
3161.2094487344516	-3.7188743738847985e-06	-6.822735805448913	128.022057546583	202.8601226190756	0.0	0.0	0.0	0.0	0.0	4.0	4.0	4.0	4.0	4.0	4.0
3162.7590612093213	-4.3380673518437675e-06	-6.822742048017616	129.34338317455752	202.05042650021775	0.0	0.0	0.0	0.0	0.0	4.0	4.0	4.0	4.0	4.0	4.0
3164.3086736841906	-4.957260329802555e-06	-6.822749250095483	130.664664744305	201.2406611294805	0.0	0.0	0.0	0.0	0.0	4.0	4.0	4.0	4.0	4.0	4.0
3165.8582861590603	-5.576453307761524e-06	-6.822757411682513	131.9859025088599	200.43082702164915	0.0	0.0	0.0	0.0	0.0	4.0	4.0	4.0	4.0	4.0	4.0
3167.40789863393	-6.1956462857204935e-06	-6.822766532778705	133.30709682715025	199.62092486906027	0.0	0.0	0.0	0.0	0.0	4.0	4.0	4.0	4.0	4.0	4.0
3168.9575111088006	-6.8148392636798254e-06	-6.822776613384061	134.62824816639238	198.8109555455443	0.0	0.0	0.0	0.0	0.0	4.0	4.0	4.0	4.0	4.0	4.0
3170.5071235836704	-7.434032241638795e-06	-6.82278765349858	135.9493571043903	198.0009201102162	0.0	0.0	0.0	0.0	0.0	4.0	4.0	4.0	4.0	4.0	4.0
3172.0567360585396	-8.053225219597582e-06	-6.822799653122262	137.27042433182848	197.1908198112311	0.0	0.0	0.0	0.0	0.0	4.0	4.0	4.0	4.0	4.0	4.0
3173.60634853341	-8.672418197556733e-06	-6.822812612255106	138.59145065468783	196.38065608975108	0.0	0.0	0.0	0.0	0.0	4.0	4.0	4.0	4.0	4.0	4.0
3175.1559610082795	-9.291611175515702e-06	-6.822826530897114	139.91243699702656	195.5704305845184	0.0	0.0	0.0	0.0	0.0	4.0	4.0	4.0	4.0	4.0	4.0
3176.7055734831492	-9.910804153474672e-06	-6.8228414090482845	141.2333844044741	194.76014513759696	0.0	0.0	0.0	0.0	0.0	4.0	4.0	4.0	4.0	4.0	4.0
3178.255185958019	-1.0529997131433641e-05	-6.822857246708619	142.5542940487741	193.94980180186943	0.0	0.0	0.0	0.0	0.0	4.0	4.0	4.0	4.0	4.0	4.0
3179.8047984328887	-1.1149190109392609e-05	-6.822874043878115	143.87516723350546	193.13940285048895	0.0	0.0	0.0	0.0	0.0	4.0	4.0	4.0	4.0	4.0	4.0
3181.354410907759	-1.176838308735176e-05	-6.822891800556775	145.19600540069064	192.328950787801	0.0	0.0	0.0	0.0	0.0	4.0	4.0	4.0	4.0	4.0	4.0
3182.904023382628	-1.2387576065310547e-05	-6.822910516744598	146.51681013772156	191.51844836079292	0.0	0.0	0.0	0.0	0.0	4.0	4.0	4.0	4.0	4.0	4.0
3184.4536358574987	-1.300676904326988e-05	-6.822930192441583	147.83758318413695	190.70789857026745	0.0	0.0	0.0	0.0	0.0	4.0	4.0	4.0	4.0	4.0	4.0
3186.0032483323685	-1.3625962021228849e-05	-6.822950827647732	149.15832643804177	189.89730468143665	0.0	0.0	0.0	0.0	0.0	4.0	4.0	4.0	4.0	4.0	4.0
3187.5528608072377	-1.4245154999187637e-05	-6.822972422363044	150.47904196222126	189.0866702339624	0.0	0.0	0.0	0.0	0.0	4.0	4.0	4.0	4.0	4.0	4.0
3189.102473282108	-1.4864347977146787e-05	-6.822994976587519	151.79973199002228	188.27599905161665	0.0	0.0	0.0	0.0	0.0	4.0	4.0	4.0	4.0	4.0	4.0
3190.6520857569776	-1.5483540955105757e-05	-6.823018490321156	153.12039893109582	187.4652952516994	0.0	0.0	0.0	0.0	0.0	4.0	4.0	4.0	4.0	4.0	4.0
3192.2016982318473	-1.6102733933064726e-05	-6.823042963563957	154.44104537706892	186.6545632543123	0.0	0.0	0.0	0.0	0.0	4.0	4.0	4.0	4.0	4.0	4.0
3193.7513107067175	-1.6721926911023875e-05	-6.823068396315921	155.76167410717454	185.8438077915603	0.0	0.0	0.0	0.0	0.0	4.0	4.0	4.0	4.0	4.0	4.0
3195.300923181587	-1.7341119888982845e-05	-6.823094788577047	157.0822880938694	185.03303391672011	0.0	0.0	0.0	0.0	0.0	4.0	4.0	4.0	4.0	4.0	4.0
3196.850535656457	-1.4859813920298187e-05	-6.8231198338281365	158.40289495972584	184.2222434358069	0.0	0.0	0.0	0.0	0.0	4.0	4.0	4.0	4.0	4.0	4.0
3198.4001481313276	-1.224977517443512e-05	-6.823140838506862	159.7235041779921	183.41143908534008	0.0	0.0	0.0	0.0	0.0	4.0	4.0	4.0	4.0	4.0	4.0
3199.949760606197	-9.639736428574352e-06	-6.823157798636986	161.0441195921766	182.6006268669375	0.0	0.0	0.0	0.0	0.0	4.0	4.0	4.0	4.0	4.0	4.0
3201.4993730810666	-7.029697682712817e-06	-6.823170714218509	162.3647452142077	181.78981308242572	0.0	0.0	0.0	0.0	0.0	4.0	4.0	4.0	4.0	4.0	4.0
3203.048985555937	-4.41965893684975e-06	-6.823179585251433	163.68538527685052	180.9790044026414	0.0	0.0	0.0	0.0	0.0	4.0	4.0	4.0	4.0	4.0	4.0
3204.598598030806	-1.8096201909897468e-06	-6.823184411735756	165.0060442396623	180.1682078775916	0.0	0.0	0.0	0.0	0.0	4.0	4.0	4.0	4.0	4.0	4.0
3206.1482105056757	8.004185548717882e-07	-6.8231851936714785	166.32672679524043	179.35743094713385	0.0	0.0	0.0	0.0	0.0	4.0	4.0	4.0	4.0	4.0	4.0
3207.6978229805454	3.410457300733323e-06	-6.823181931058601	167.64743787584158	178.54668145236107	0.0	0.0	0.0	0.0	0.0	4.0	4.0	4.0	4.0	4.0	4.0
3209.247435455416	6.02049604659639e-06	-6.823174623897122	168.96818266049303	177.73596764783483	0.0	0.0	0.0	0.0	0.0	4.0	4.0	4.0	4.0	4.0	4.0
3210.7970479302853	8.630534792457159e-06	-6.823163272187043	170.2889665826392	176.9252982147886	0.0	0.0	0.0	0.0	0.0	4.0	4.0	4.0	4.0	4.0	4.0
3212.3466604051555	1.124057353831946e-05	-6.823147875928364	171.60979533833623	176.1146822752803	0.0	0.0	0.0	0.0	0.0	4.0	4.0	4.0	4.0	4.0	4.0
3213.896272880025	1.3850612284180994e-05	-6.823128435121084	172.93067489484724	175.30412940710636	0.0	0.0	0.0	0.0	0.0	4.0	4.0	4.0	4.0	4.0	4.0
3215.445885354895	1.646065103004253e-05	-6.823104949765203	174.2516114993637	174.49364965896532	0.0	0.0	0.0	0.0	0.0	4.0	4.0	4.0	4.0	4.0	4.0
3216.9954978297646	1.9070689775904064e-05	-6.823077419860723	175.57261168729556	173.6832535649847	0.0	0.0	0.0	0.0	0.0	4.0	4.0	4.0	4.0	4.0	4.0
3218.5451103046344	2.1680728521765598e-05	-6.823045845407641	176.8936822892999	172.87295215720854	0.0	0.0	0.0	0.0	0.0	4.0	4.0	4.0	4.0	4.0	4.0
3220.0947227795045	2.42907672676279e-05	-6.82301022640596	178.21483043586068	172.06275697407034	0.0	0.0	0.0	0.0	0.0	4.0	4.0	4.0	4.0	4.0	4.0
3221.6443352543743	2.6900806013489435e-05	-6.822970562855677	179.53606355787954	171.25268006228524	0.0	0.0	0.0	0.0	0.0	4.0	4.0	4.0	4.0	4.0	4.0
3223.1939477292444	2.9510844759351735e-05	-6.822926854756794	180.8573893814411	170.44273396907928	0.0	0.0	0.0	0.0	0.0	4.0	4.0	4.0	4.0	4.0	4.0
3224.743560204114	3.212088350521327e-05	-6.822879102109311	182.17881591473645	169.63293172140493	0.0	0.0	0.0	0.0	0.0	4.0	4.0	4.0	4.0	4.0	4.0
3226.293172678984	3.4730922251074806e-05	-6.822827304913227	183.50035142518368	168.8232867888295	0.0	0.0	0.0	0.0	0.0	4.0	4.0	4.0	4.0	4.0	4.0
3227.8427851538536	3.734096099693634e-05	-6.822771463168543	184.8220044039225	168.01381302538863	0.0	0.0	0.0	0.0	0.0	4.0	4.0	4.0	4.0	4.0	4.0
3229.3923976287233	3.9950999742797874e-05	-6.822711576875259	186.1437834922793	167.20452454793585	0.0	0.0	0.0	0.0	0.0	4.0	4.0	4.0	4.0	4.0	4.0
3230.942010103593	4.256103848865941e-05	-6.822647646033373	187.46569717467585	166.3954352243345	0.0	0.0	0.0	0.0	0.0	4.0	4.0	4.0	4.0	4.0	4.0
3232.4916225784636	4.517107723452248e-05	-6.822579670642887	188.78775323898608	165.5865577727195	0.0	0.0	0.0	0.0	0.0	4.0	4.0	4.0	4.0	4.0	4.0
3234.041235053333	4.7781115980383245e-05	-6.822507650703801	190.10995866837436	164.7779035807785	0.0	0.0	0.0	0.0	0.0	4.0	4.0	4.0	4.0	4.0	4.0
3235.590847528202	5.0391154726244017e-05	-6.822431586216115	191.4323200027301	163.96948330941166	0.0	0.0	0.0	0.0	0.0	4.0	4.0	4.0	4.0	4.0	4.0
3237.140460003073	5.3001193472107085e-05	-6.8223514771798275	192.75484344354155	163.1613070680718	0.0	0.0	0.0	0.0	0.0	4.0	4.0	4.0	4.0	4.0	4.0
3238.6900724779425	5.5611232217968616e-05	-6.82226732359494	194.0775347884167	162.35338430540946	0.0	0.0	0.0	0.0	0.0	4.0	4.0	4.0	4.0	4.0	4.0
3240.239684952812	5.822127096382939e-05	-6.822179125461452	195.4003994024284	161.54572376127763	0.0	0.0	0.0	0.0	0.0	4.0	4.0	4.0	4.0	4.0	4.0
3241.789297427682	6.0831309709691684e-05	-6.822086882779363	196.72344215791952	160.738333365847	0.0	0.0	0.0	0.0	0.0	4.0	4.0	4.0	4.0	4.0	4.0
3243.3389099025526	6.344134845555475e-05	-6.821990595548674	198.0466674071433	159.93122019340854	0.0	0.0	0.0	0.0	0.0	4.0	4.0	4.0	4.0	4.0	4.0
3244.888522377422	6.605138720141552e-05	-6.821890263769385	199.3700789855585	159.1243904673037	0.0	0.0	0.0	0.0	0.0	4.0	4.0	4.0	4.0	4.0	4.0
3246.4381348522916	6.003430525687516e-05	-6.821790526385759	200.69367041360948	158.31785981488332	0.0	0.0	0.0	0.0	0.0	4.0	4.0	4.0	4.0	4.0	4.0
3247.9877473271617	5.021335446293693e-05	-6.821705105811345	202.01740905060112	157.51165299618182	0.0	0.0	0.0	0.0	0.0	4.0	4.0	4.0	4.0	4.0	4.0
3249.537359802031	4.0392403669004455e-05	-6.821634903904797	203.3412935844323	156.7057742759171	0.0	0.0	0.0	0.0	0.0	4.0	4.0	4.0	4.0	4.0	4.0
3251.086972276901	3.057145287506622e-05	-6.821579920666114	204.66532582420888	155.90022794812722	0.0	0.0	0.0	0.0	0.0	4.0	4.0	4.0	4.0	4.0	4.0
3252.6365847517714	2.075050208112799e-05	-6.821540156095296	205.989507456718	155.0950180601343	0.0	0.0	0.0	0.0	0.0	4.0	4.0	4.0	4.0	4.0	4.0
3254.1861972266406	1.0929551287195517e-05	-6.821515610192344	207.3138406380712	154.29014939695858	0.0	0.0	0.0	0.0	0.0	4.0	4.0	4.0	4.0	4.0	4.0
3255.7358097015103	1.1086004932601647e-06	-6.821506282957258	208.63832956596696	153.4856301081503	0.0	0.0	0.0	0.0	0.0	4.0	4.0	4.0	4.0	4.0	4.0
3257.285422176381	-8.712350300680951e-06	-6.821512174390037	209.9629814398237	152.6814733089588	0.0	0.0	0.0	0.0	0.0	4.0	4.0	4.0	4.0	4.0	4.0
3258.8350346512507	-1.8533301094616305e-05	-6.82153328449068	211.28780570086127	151.87769579902695	0.0	0.0	0.0	0.0	0.0	4.0	4.0	4.0	4.0	4.0	4.0
3260.3846471261195	-2.8354251888545893e-05	-6.82156961325919	212.61281331099377	151.07431684410918	0.0	0.0	0.0	0.0	0.0	4.0	4.0	4.0	4.0	4.0	4.0
3261.93425960099	-3.817520268248701e-05	-6.821621160695565	213.9380166955031	150.27135806802352	0.0	0.0	0.0	0.0	0.0	4.0	4.0	4.0	4.0	4.0	4.0
3263.4838720758594	-4.799615347641948e-05	-6.821687926799805	215.26342972747275	149.46884341333154	0.0	0.0	0.0	0.0	0.0	4.0	4.0	4.0	4.0	4.0	4.0
3265.0334845507296	-5.7817104270357714e-05	-6.821769911571911	216.58906775560936	148.66679917340045	0.0	0.0	0.0	0.0	0.0	4.0	4.0	4.0	4.0	4.0	4.0
3266.5830970255997	-6.763805506429594e-05	-6.821867115011882	217.9149476871619	147.86525411543306	0.0	0.0	0.0	0.0	0.0	4.0	4.0	4.0	4.0	4.0	4.0
3268.1327095004694	-7.74590058582313e-05	-6.821979537119717	219.24108812800824	147.0642396976755	0.0	0.0	0.0	0.0	0.0	4.0	4.0	4.0	4.0	4.0	4.0
3269.6823219753387	-8.727995665216377e-05	-6.822107177895419	220.56750957673228	146.2637903752386	0.0	0.0	0.0	0.0	0.0	4.0	4.0	4.0	4.0	4.0	4.0
3271.2319344502093	-9.710090744610489e-05	-6.8222500373389865	221.8942346802696	145.46394400682706	0.0	0.0	0.0	0.0	0.0	4.0	4.0	4.0	4.0	4.0	4.0
3272.781546925079	-0.00010692185824004024	-6.822408115450418	223.2212885691709	144.6647423920782	0.0	0.0	0.0	0.0	0.0	4.0	4.0	4.0	4.0	4.0	4.0
3274.331159399949	-0.0001167428090339756	-6.822581412229717	224.5486992849308	143.86623195960428	0.0	0.0	0.0	0.0	0.0	4.0	4.0	4.0	4.0	4.0	4.0
3275.880771874818	-0.00012656375982790806	-6.822769927676879	225.8764982401396	143.06846450601466	0.0	0.0	0.0	0.0	0.0	4.0	4.0	4.0	4.0	4.0	4.0
3277.430384349688	-0.0001363847106218463	-6.822973661791908	227.20472051126055	142.27149765106847	0.0	0.0	0.0	0.0	0.0	4.0	4.0	4.0	4.0	4.0	4.0
3278.979996824558	-0.00014620566141578166	-6.823192614574801	228.5334047173077	141.4753945978354	0.0	0.0	0.0	0.0	0.0	4.0	4.0	4.0	4.0	4.0	4.0
3280.5296092994276	-0.000156026612209717	-6.823426786025561	229.86259271845967	140.68022359029115	0.0	0.0	0.0	0.0	0.0	4.0	4.0	4.0	4.0	4.0	4.0
3282.079221774298	-0.00016584756300365522	-6.823676176144185	231.19233020593185	139.88605885498689	0.0	0.0	0.0	0.0	0.0	4.0	4.0	4.0	4.0	4.0	4.0
3283.628834249167	-0.0001756685137975877	-6.8239407849306755	232.52266765351868	139.0929821389611	0.0	0.0	0.0	0.0	0.0	4.0	4.0	4.0	4.0	4.0	4.0
3285.178446724037	-0.00018548946459152305	-6.82422061238503	233.8536596053207	138.30108146943758	0.0	0.0	0.0	0.0	0.0	4.0	4.0	4.0	4.0	4.0	4.0
3286.728059198907	-0.0001953104153854613	-6.824515658507251	235.1853631634769	137.51044858392993	0.0	0.0	0.0	0.0	0.0	4.0	4.0	4.0	4.0	4.0	4.0
3288.2776716737767	-0.00020513136617939664	-6.824825923297337	236.5178373787131	136.72117786832987	0.0	0.0	0.0	0.0	0.0	4.0	4.0	4.0	4.0	4.0	4.0
3289.8272841486464	-0.000214952316973332	-6.825151406755289	237.85114318382304	135.9333661993572	0.0	0.0	0.0	0.0	0.0	4.0	4.0	4.0	4.0	4.0	4.0
3291.3768966235166	-0.00022477326776727024	-6.825492108881106	239.18534355735093	135.1471131682737	0.0	0.0	0.0	0.0	0.0	4.0	4.0	4.0	4.0	4.0	4.0
3292.9265090983863	-0.0002345942185612056	-6.825848029674788	240.520503928596	134.36252170224617	0.0	0.0	0.0	0.0	0.0	4.0	4.0	4.0	4.0	4.0	4.0
3294.4761215732556	-0.00024441516935513804	-6.826219169136334	241.85669266533984	133.57969881807193	0.0	0.0	0.0	0.0	0.0	4.0	4.0	4.0	4.0	4.0	4.0
3296.0257340481267	-0.00023434426924505598	-6.826598933320359	243.1939934032086	132.79873773600215	0.0	0.0	0.0	0.0	0.0	4.0	4.0	4.0	4.0	4.0	4.0
3297.575346522996	-0.0001976710870949065	-6.826933661513119	244.53261777488473	132.019673405326	0.0	0.0	0.0	0.0	0.0	4.0	4.0	4.0	4.0	4.0	4.0
3299.1249589978656	-0.00016099790494474627	-6.827211560485326	245.87267795696204	131.24262570278017	0.0	0.0	0.0	0.0	0.0	4.0	4.0	4.0	4.0	4.0	4.0
3300.674571472736	-0.0001243247227945753	-6.82743263023698	247.2142518564918	130.46772830093045	0.0	0.0	0.0	0.0	0.0	4.0	4.0	4.0	4.0	4.0	4.0
3302.2241839476055	-8.765154064441505e-05	-6.8275968707680805	248.55742056226913	129.69512185330626	0.0	0.0	0.0	0.0	0.0	4.0	4.0	4.0	4.0	4.0	4.0
3303.773796422475	-5.097835849426558e-05	-6.827704282078628	249.90226833167029	128.92495406697788	0.0	0.0	0.0	0.0	0.0	4.0	4.0	4.0	4.0	4.0	4.0
3305.323408897345	-1.430517634409459e-05	-6.8277548641686225	251.2488825831864	128.15737979701214	0.0	0.0	0.0	0.0	0.0	4.0	4.0	4.0	4.0	4.0	4.0
3306.8730213722147	2.236800580606564e-05	-6.827748617038064	252.59735390529056	127.392561180505	0.0	0.0	0.0	0.0	0.0	4.0	4.0	4.0	4.0	4.0	4.0
3308.4226338470844	5.904118795622587e-05	-6.827685540686953	253.94777598387307	126.63066764893522	0.0	0.0	0.0	0.0	0.0	4.0	4.0	4.0	4.0	4.0	4.0
3309.972246321954	9.57143701063861e-05	-6.827565635115288	255.3002453375067	125.87187563599164	0.0	0.0	0.0	0.0	0.0	4.0	4.0	4.0	4.0	4.0	4.0
3311.5218587968247	0.00013238755225656785	-6.82738890032307	256.65486081840197	125.11636791030068	0.0	0.0	0.0	0.0	0.0	4.0	4.0	4.0	4.0	4.0	4.0
3313.071471271694	0.00016906073440671734	-6.827155336310299	258.01172269571845	124.36433222767354	0.0	0.0	0.0	0.0	0.0	4.0	4.0	4.0	4.0	4.0	4.0
3314.6210837465633	0.0002057339165568668	-6.826864943076976	259.37093082914834	123.61595848368565	0.0	0.0	0.0	0.0	0.0	4.0	4.0	4.0	4.0	4.0	4.0
3316.170696221434	0.00024240709870704854	-6.826517720623099	260.73258177411884	122.87143409194718	0.0	0.0	0.0	0.0	0.0	4.0	4.0	4.0	4.0	4.0	4.0
3317.7203086963036	0.00027908028085720876	-6.826113668948668	262.09676612463494	122.13093973328036	0.0	0.0	0.0	0.0	0.0	4.0	4.0	4.0	4.0	4.0	4.0
3319.2699211711733	0.000315753463007369	-6.825652788053685	263.46356837337595	121.39464924771644	0.0	0.0	0.0	0.0	0.0	4.0	4.0	4.0	4.0	4.0	4.0
3320.8195336460435	0.00035242664515754	-6.82513507793815	264.83307017970174	120.6627351711184	0.0	0.0	0.0	0.0	0.0	4.0	4.0	4.0	4.0	4.0	4.0
3322.3691461209132	0.0003890998273077002	-6.824560538602061	266.20535553752467	119.93537745952308	0.0	0.0	0.0	0.0	0.0	4.0	4.0	4.0	4.0	4.0	4.0
3323.9187585957825	0.0004257730094578497	-6.823929170045418	267.5805160100937	119.212772395305	0.0	0.0	0.0	0.0	0.0	4.0	4.0	4.0	4.0	4.0	4.0
3325.468371070653	0.00046244619160803145	-6.823240972268223	268.95865534607077	118.49514055685944	0.0	0.0	0.0	0.0	0.0	4.0	4.0	4.0	4.0	4.0	4.0
3327.017983545523	0.0004991193737581917	-6.822495945270474	270.33989230664065	117.78273190911372	0.0	0.0	0.0	0.0	0.0	4.0	4.0	4.0	4.0	4.0	4.0
3328.567596020393	0.0005357925559083626	-6.821694089052173	271.7243595708636	117.07582442908696	0.0	0.0	0.0	0.0	0.0	4.0	4.0	4.0	4.0	4.0	4.0
3330.1172084952627	0.0005724657380585229	-6.8208354036133185	273.1121986582113	116.37471608897934	0.0	0.0	0.0	0.0	0.0	4.0	4.0	4.0	4.0	4.0	4.0
3331.6668209701324	0.0006091389202086832	-6.819919888953911	274.5035546864698	115.67971651278138	0.0	0.0	0.0	0.0	0.0	4.0	4.0	4.0	4.0	4.0	4.0
3333.2164334450017	0.0006458121023588326	-6.81894754507395	275.89857483495905	114.99114479793371	0.0	0.0	0.0	0.0	0.0	4.0	4.0	4.0	4.0	4.0	4.0
3334.766045919872	0.0006824852845090036	-6.817918371973437	277.2974099570646	114.30933264196736	0.0	0.0	0.0	0.0	0.0	4.0	4.0	4.0	4.0	4.0	4.0
3336.3156583947416	0.0007191584666591638	-6.81683236965237	278.70021592400354	113.63462707488878	0.0	0.0	0.0	0.0	0.0	4.0	4.0	4.0	4.0	4.0	4.0
3337.8652708696113	0.0007558316488093241	-6.8156895381107505	280.1071530456391	112.96738999097984	0.0	0.0	0.0	0.0	0.0	4.0	4.0	4.0	4.0	4.0	4.0
3339.4148833444815	0.0007925048309594951	-6.814489877348577	281.51838503168904	112.3079969154418	0.0	0.0	0.0	0.0	0.0	4.0	4.0	4.0	4.0	4.0	4.0
3340.964495819351	0.0008291780131096553	-6.813233387365851	282.9340794174355	111.65683827231564	0.0	0.0	0.0	0.0	0.0	4.0	4.0	4.0	4.0	4.0	4.0
3342.514108294221	0.0008658511952598155	-6.811920068162572	284.3544095802468	111.0143234190062	0.0	0.0	0.0	0.0	0.0	4.0	4.0	4.0	4.0	4.0	4.0
3344.0637207690907	0.0009025243774099757	-6.81054991973874	285.77955743359684	110.38088594318717	0.0	0.0	0.0	0.0	0.0	4.0	4.0	4.0	4.0	4.0	4.0
3345.613333243961	0.0011022062959036313	-6.80910257828212	287.2096718613429	109.75690655794016	0.0	0.0	0.0	0.0	0.0	4.0	4.0	4.0	4.0	4.0	4.0
3347.16294571883	0.0021498902568503294	-6.8065828335883065	288.64482809391365	109.14274239392736	0.0	0.0	0.0	0.0	0.0	4.0	4.0	4.0	4.0	4.0	4.0
3348.7125581937	0.0031975742177973348	-6.802439584758888	290.08470915309414	108.53943032206794	0.0	0.0	0.0	0.0	0.0	4.0	4.0	4.0	4.0	4.0	4.0
3350.26217066857	0.004245258178744648	-6.796672831793863	291.52862568388025	107.94785614061765	0.0	0.0	0.0	0.0	0.0	4.0	4.0	4.0	4.0	4.0	4.0
3351.8117831434397	0.0052929421396916525	-6.789282574693236	292.97583982940426	107.36890139553046	0.0	0.0	0.0	0.0	0.0	4.0	4.0	4.0	4.0	4.0	4.0
3353.36139561831	0.006340626100638965	-6.780268813457001	294.42559173320075	106.80344608650324	0.0	0.0	0.0	0.0	0.0	4.0	4.0	4.0	4.0	4.0	4.0
3354.91100809318	0.007388310061586278	-6.769631548085161	295.87712906130673	106.25237926234465	0.0	0.0	0.0	0.0	0.0	4.0	4.0	4.0	4.0	4.0	4.0
3356.4606205680493	0.008435994022532976	-6.757370778577723	297.32973280595775	105.7166074377669	0.0	0.0	0.0	0.0	0.0	4.0	4.0	4.0	4.0	4.0	4.0
3358.010233042919	0.00948367798347998	-6.743486504934677	298.782738722651	105.1970607887305	0.0	0.0	0.0	0.0	0.0	4.0	4.0	4.0	4.0	4.0	4.0
3359.559845517789	0.010531361944427295	-6.727978727156022	300.2355529593155	104.69469481017572	0.0	0.0	0.0	0.0	0.0	4.0	4.0	4.0	4.0	4.0	4.0
3361.1094579926585	0.011579045905373992	-6.710847445241773	301.6876651984112	104.21049409156076	0.0	0.0	0.0	0.0	0.0	4.0	4.0	4.0	4.0	4.0	4.0
3362.659070467528	0.012626729866320997	-6.692092659191913	303.1386662961106	103.7454952101158	0.0	0.0	0.0	0.0	0.0	4.0	4.0	4.0	4.0	4.0	4.0
3364.208682942399	0.013674413827268618	-6.6717143690064376	304.5882691867832	103.30083351639506	0.0	0.0	0.0	0.0	0.0	4.0	4.0	4.0	4.0	4.0	4.0
3365.7582954172685	0.014722097788215623	-6.64971257468537	306.0363054601281	102.87775414865436	0.0	0.0	0.0	0.0	0.0	4.0	4.0	4.0	4.0	4.0	4.0
3367.307907892138	0.01576978174916232	-6.626087276228703	307.48265310260734	102.47744644971554	0.0	0.0	0.0	0.0	0.0	4.0	4.0	4.0	4.0	4.0	4.0
3368.857520367008	0.016817465710109634	-6.6008384736364185	308.92725784672587	102.10108897453546	0.0	0.0	0.0	0.0	0.0	4.0	4.0	4.0	4.0	4.0	4.0
3370.4071328418777	0.017865149671056638	-6.573966166908537	310.3702834815749	101.7503515064458	0.0	0.0	0.0	0.0	0.0	4.0	4.0	4.0	4.0	4.0	4.0
3371.9567453167474	0.018912833632003644	-6.545470356045051	311.8121034757994	101.42765272007146	0.0	0.0	0.0	0.0	0.0	4.0	4.0	4.0	4.0	4.0	4.0
3373.5063577916176	0.019960517592950956	-6.515351041045951	313.2531328037404	101.13599062589654	0.0	0.0	0.0	0.0	0.0	4.0	4.0	4.0	4.0	4.0	4.0
3375.0559702664873	0.021008201553897963	-6.483608221911256	314.693702191625	100.87888096013543	0.0	0.0	0.0	0.0	0.0	4.0	4.0	4.0	4.0	4.0	4.0
3376.605582741357	0.022055885514844966	-6.4502418986409555	316.13397134387736	100.6605107195917	0.0	0.0	0.0	0.0	0.0	4.0	4.0	4.0	4.0	4.0	4.0
3378.1551952162267	0.023103569475791973	-6.415252071235051	317.5738100204897	100.4859693578599	0.0	0.0	0.0	0.0	0.0	4.0	4.0	4.0	4.0	4.0	4.0
3379.704807691097	0.024151253436739285	-6.378638739693532	319.01252911945454	100.3605955210691	0.0	0.0	0.0	0.0	0.0	4.0	4.0	4.0	4.0	4.0	4.0
3381.254420165966	0.025198937397685982	-6.34040190401643	320.4486969483162	100.2885489059341	0.0	0.0	0.0	0.0	0.0	4.0	4.0	4.0	4.0	4.0	4.0
3382.804032640836	0.02624662135863299	-6.300541564203712	321.8803036416582	100.27239930728776	0.0	0.0	0.0	0.0	0.0	4.0	4.0	4.0	4.0	4.0	4.0
3384.353645115706	0.0272943053195803	-6.259057720255378	323.3050243204593	100.3136001174556	0.0	0.0	0.0	0.0	0.0	4.0	4.0	4.0	4.0	4.0	4.0
3385.903257590576	0.028341989280527308	-6.215950372171451	324.72039419179265	100.41289160685152	0.0	0.0	0.0	0.0	0.0	4.0	4.0	4.0	4.0	4.0	4.0
3387.4528700654455	0.02938967324147431	-6.17121951995192	326.1239188703256	100.57050994307993	0.0	0.0	0.0	0.0	0.0	4.0	4.0	4.0	4.0	4.0	4.0
3389.0024825403157	0.030437357202421626	-6.124865163596771	327.51315101616655	100.78633344617886	0.0	0.0	0.0	0.0	0.0	4.0	4.0	4.0	4.0	4.0	4.0
3390.5520950151854	0.03148504116336863	-6.07688730310603	328.8857407821263	101.06000776574425	0.0	0.0	0.0	0.0	0.0	4.0	4.0	4.0	4.0	4.0	4.0
3392.101707490055	0.03253272512431563	-6.027285938479685	330.23946815381044	101.39103483379652	0.0	0.0	0.0	0.0	0.0	4.0	4.0	4.0	4.0	4.0	4.0
3393.6513199649253	0.03358040908526295	-5.976061069717721	331.57226023438494	101.7788494699322	0.0	0.0	0.0	0.0	0.0	4.0	4.0	4.0	4.0	4.0	4.0
3395.200932439795	0.03394790302905188	-5.923422725453979	332.882697112551	102.22342698628805	0.0	0.0	0.0	0.0	0.0	4.0	4.0	4.0	4.0	4.0	4.0
3396.7505449146647	0.03328881656695166	-5.871327295726338	334.1745051272892	102.72667549046912	0.0	0.0	0.0	0.0	0.0	4.0	4.0	4.0	4.0	4.0	4.0
3398.300157389535	0.03262973010485124	-5.820253194602369	335.44690355336644	103.28878152652182	0.0	0.0	0.0	0.0	0.0	4.0	4.0	4.0	4.0	4.0	4.0
3399.849769864404	0.031970643642751206	-5.770200422082118	336.69747916233956	103.90942523910314	0.0	0.0	0.0	0.0	0.0	4.0	4.0	4.0	4.0	4.0	4.0
3401.3993823392743	0.03131155718065079	-5.721168978165526	337.923982166183	104.58763888943372	0.0	0.0	0.0	0.0	0.0	4.0	4.0	4.0	4.0	4.0	4.0
3402.9489948141445	0.030652470718550377	-5.673158862852623	339.1243439411219	105.322042232623	0.0	0.0	0.0	0.0	0.0	4.0	4.0	4.0	4.0	4.0	4.0
3404.4986072890138	0.02999338425645035	-5.626170076143437	340.29661979386935	106.1110675601466	0.0	0.0	0.0	0.0	0.0	4.0	4.0	4.0	4.0	4.0	4.0
3406.0482197638835	0.029334297794350123	-5.580202618037925	341.43897393170545	106.95303181316788	0.0	0.0	0.0	0.0	0.0	4.0	4.0	4.0	4.0	4.0	4.0
3407.5978322387537	0.028675211332249706	-5.5352564885360875	342.54961176905084	107.84623582099172	0.0	0.0	0.0	0.0	0.0	4.0	4.0	4.0	4.0	4.0	4.0
3409.1474447136234	0.028016124870149484	-5.491331687637952	343.6267541143957	108.78897677927884	0.0	0.0	0.0	0.0	0.0	4.0	4.0	4.0	4.0	4.0	4.0
3410.6970571884926	0.027357038408049456	-5.448428215343517	344.66867861945514	109.7794918664163	0.0	0.0	0.0	0.0	0.0	4.0	4.0	4.0	4.0	4.0	4.0
3412.246669663363	0.02669795194594904	-5.406546071652746	345.6737614577576	110.81592587918084	0.0	0.0	0.0	0.0	0.0	4.0	4.0	4.0	4.0	4.0	4.0
3413.7962821382325	0.026038865483848816	-5.3656852565656745	346.6405010653867	111.8963290764258	0.0	0.0	0.0	0.0	0.0	4.0	4.0	4.0	4.0	4.0	4.0
3415.3458946131022	0.02537977902174859	-5.325845770082292	347.5675387707514	113.01866240887632	0.0	0.0	0.0	0.0	0.0	4.0	4.0	4.0	4.0	4.0	4.0
3416.895507087972	0.02472069255964837	-5.287027612202598	348.4536733235255	114.18080974624657	0.0	0.0	0.0	0.0	0.0	4.0	4.0	4.0	4.0	4.0	4.0
3418.4451195628426	0.02406160609754776	-5.24923078292657	349.2978717262121	115.38059299237035	0.0	0.0	0.0	0.0	0.0	4.0	4.0	4.0	4.0	4.0	4.0
3419.994732037712	0.02340251963544773	-5.212455282254263	350.09927436386204	116.61579007540726	0.0	0.0	0.0	0.0	0.0	4.0	4.0	4.0	4.0	4.0	4.0
3421.5443445125816	0.022743433173347507	-5.176701110185634	350.85719609207626	117.88415349079986	0.0	0.0	0.0	0.0	0.0	4.0	4.0	4.0	4.0	4.0	4.0
3423.0939569874517	0.02208434671124709	-5.141968266720683	351.57112226376245	119.18342919474809	0.0	0.0	0.0	0.0	0.0	4.0	4.0	4.0	4.0	4.0	4.0
3424.6435694623215	0.021425260249146868	-5.108256751859431	352.2407009963365	120.51137445052986	0.0	0.0	0.0	0.0	0.0	4.0	4.0	4.0	4.0	4.0	4.0
3426.1931819371907	0.020766173787046836	-5.075566565601876	352.8657318172494	121.86577420670392	0.0	0.0	0.0	0.0	0.0	4.0	4.0	4.0	4.0	4.0	4.0
3427.742794412062	0.020107087324946035	-5.0438977079479725	353.44615208764236	123.24445522152132	0.0	0.0	0.0	0.0	0.0	4.0	4.0	4.0	4.0	4.0	4.0
3429.2924068869306	0.019448000862846197	-5.013250178897803	353.9820224554435	124.64529759701	0.0	0.0	0.0	0.0	0.0	4.0	4.0	4.0	4.0	4.0	4.0
3430.842019361801	0.01878891440074578	-4.983623978451295	354.4735146102423	126.06624310559434	0.0	0.0	0.0	0.0	0.0	4.0	4.0	4.0	4.0	4.0	4.0
3432.391631836671	0.018129827938645364	-4.955019106608476	354.92090351351584	127.50530068784091	0.0	0.0	0.0	0.0	0.0	4.0	4.0	4.0	4.0	4.0	4.0
3433.94124431154	0.01747074147654553	-4.92743556336937	355.3245632038928	128.96055049019412	0.0	0.0	0.0	0.0	0.0	4.0	4.0	4.0	4.0	4.0	4.0
3435.4908567864104	0.01681165501444492	-4.90087334873392	355.68496321367354	130.43014777879802	0.0	0.0	0.0	0.0	0.0	4.0	4.0	4.0	4.0	4.0	4.0
3437.04046926128	0.016152568552344697	-4.875332462702174	356.00266394591074	131.91232707651187	0.0	0.0	0.0	0.0	0.0	4.0	4.0	4.0	4.0	4.0	4.0
3438.59008173615	0.015493482090244473	-4.8508129052741165	356.2783101081612	133.40540641542265	0.0	0.0	0.0	0.0	0.0	4.0	4.0	4.0	4.0	4.0	4.0
3440.1396942110196	0.01483439562814425	-4.827314676449747	356.51262157739245	134.9077914297371	0.0	0.0	0.0	0.0	0.0	4.0	4.0	4.0	4.0	4.0	4.0
3441.6893066858897	0.014175309166043834	-4.80483777622906	356.70638091934615	136.41797897518632	0.0	0.0	0.0	0.0	0.0	4.0	4.0	4.0	4.0	4.0	4.0
3443.238919160759	0.013516222703943804	-4.7833822046120735	356.8604176216198	137.93455984153596	0.0	0.0	0.0	0.0	0.0	4.0	4.0	4.0	4.0	4.0	4.0
3444.788531635629	0.012857136241843387	-4.762947961598763	356.97558902169	139.45622023140663	0.0	0.0	0.0	0.0	0.0	4.0	4.0	4.0	4.0	4.0	4.0
3446.3381441104984	0.012651617921823621	-4.743233228024686	357.0528832065619	140.98139559900983	0.0	0.0	0.0	0.0	0.0	4.0	4.0	4.0	4.0	4.0	4.0
3447.887756585369	0.01252064996002011	-4.723729597859442	357.0930719145623	142.5084130320418	0.0	0.0	0.0	0.0	0.0	4.0	4.0	4.0	4.0	4.0	4.0
3449.437369060239	0.012389681998216676	-4.704428917281627	357.0969903122488	144.03625440116502	0.0	0.0	0.0	0.0	0.0	4.0	4.0	4.0	4.0	4.0	4.0
3450.986981535108	0.01225871403641328	-4.685331186291236	357.0654871508556	145.56397983196877	0.0	0.0	0.0	0.0	0.0	4.0	4.0	4.0	4.0	4.0	4.0
3452.5365940099787	0.01212774607460977	-4.666436404888248	356.9994071259751	147.09071572134587	0.0	0.0	0.0	0.0	0.0	4.0	4.0	4.0	4.0	4.0	4.0
3454.086206484848	0.011996778112806373	-4.647744573072695	356.8996023191771	148.61565232606264	0.0	0.0	0.0	0.0	0.0	4.0	4.0	4.0	4.0	4.0	4.0
3455.6358189597177	0.011865810151002939	-4.629255690844556	356.7669054548288	150.13803974424613	0.0	0.0	0.0	0.0	0.0	4.0	4.0	4.0	4.0	4.0	4.0
3457.185431434588	0.011734842189199466	-4.61096975820383	356.60212536238646	151.6571834406219	0.0	0.0	0.0	0.0	0.0	4.0	4.0	4.0	4.0	4.0	4.0
3458.735043909457	0.01160387422739607	-4.592886775150534	356.4062075882571	153.17245937974462	0.0	0.0	0.0	0.0	0.0	4.0	4.0	4.0	4.0	4.0	4.0
3460.2846563843273	0.011472906265592598	-4.575006741684646	356.1802075743325	154.68332102017024	0.0	0.0	0.0	0.0	0.0	4.0	4.0	4.0	4.0	4.0	4.0
3461.8342688591974	0.011341938303789125	-4.557329657806178	355.9250737127344	156.1892736277473	0.0	0.0	0.0	0.0	0.0	4.0	4.0	4.0	4.0	4.0	4.0
3463.383881334067	0.01121097034198569	-4.539855523515133	355.6416565159617	157.689864639246	0.0	0.0	0.0	0.0	0.0	4.0	4.0	4.0	4.0	4.0	4.0
3464.9334938089364	0.011080002380182296	-4.5225843388115115	355.3307440392136	159.18468040719313	0.0	0.0	0.0	0.0	0.0	4.0	4.0	4.0	4.0	4.0	4.0
3466.483106283807	0.010949034418378785	-4.505516103695294	354.99306295808464	160.67333980650713	0.0	0.0	0.0	0.0	0.0	4.0	4.0	4.0	4.0	4.0	4.0
3468.0327187586763	0.010818066456575388	-4.488650818166511	354.62929054196735	162.1554906453263	0.0	0.0	0.0	0.0	0.0	4.0	4.0	4.0	4.0	4.0	4.0
3469.582331233546	0.010687098494771953	-4.471988482225141	354.24006948272233	163.63080822245743	0.0	0.0	0.0	0.0	0.0	4.0	4.0	4.0	4.0	4.0	4.0
3471.1319437084167	0.010556130532968442	-4.4555290958711815	353.82601790681724	165.09899432480267	0.0	0.0	0.0	0.0	0.0	4.0	4.0	4.0	4.0	4.0	4.0
3472.6815561832864	0.010425162571165008	-4.43927265910465	353.3877290112587	166.55977447983548	0.0	0.0	0.0	0.0	0.0	4.0	4.0	4.0	4.0	4.0	4.0
3474.231168658156	0.010294194609361575	-4.423219171925537	352.92577063306976	168.01289524076415	0.0	0.0	0.0	0.0	0.0	4.0	4.0	4.0	4.0	4.0	4.0
3475.780781133026	0.01016322664755814	-4.407368634333843	352.4406819645483	169.4581206088316	0.0	0.0	0.0	0.0	0.0	4.0	4.0	4.0	4.0	4.0	4.0
3477.3303936078955	0.010032258685754705	-4.391721046329568	351.93297382767435	170.89522936877964	0.0	0.0	0.0	0.0	0.0	4.0	4.0	4.0	4.0	4.0	4.0
3478.8800060827652	0.00990129072395127	-4.376276407912712	351.40312740465515	172.32401197910258	0.0	0.0	0.0	0.0	0.0	4.0	4.0	4.0	4.0	4.0	4.0
3480.429618557635	0.009770322762147836	-4.361034719083275	350.85159611523596	173.744268542639	0.0	0.0	0.0	0.0	0.0	4.0	4.0	4.0	4.0	4.0	4.0
3481.979231032505	0.009639354800344365	-4.345995979841252	350.27880558751116	175.1558062905916	0.0	0.0	0.0	0.0	0.0	4.0	4.0	4.0	4.0	4.0	4.0
3483.5288435073744	0.009508386838540968	-4.331160190186656	349.68515580022034	176.55843797859993	0.0	0.0	0.0	0.0	0.0	4.0	4.0	4.0	4.0	4.0	4.0
3485.0784559822446	0.009377418876737495	-4.316527350119472	349.0710217441308	177.95197992313533	0.0	0.0	0.0	0.0	0.0	4.0	4.0	4.0	4.0	4.0	4.0
3486.6280684571148	0.009246450914934022	-4.302097459639706	348.43675578150203	179.33625087853332	0.0	0.0	0.0	0.0	0.0	4.0	4.0	4.0	4.0	4.0	4.0
3488.177680931984	0.009115482953130626	-4.287870518747367	347.7826890422623	180.7110707503408	0.0	0.0	0.0	0.0	0.0	4.0	4.0	4.0	4.0	4.0	4.0
3489.727293406854	0.008984514991327155	-4.273846527442439	347.1091339975811	182.07626003033397	0.0	0.0	0.0	0.0	0.0	4.0	4.0	4.0	4.0	4.0	4.0
3491.276905881724	0.00885354702952372	-4.260025485724934	346.41638637122526	183.43163919642151	0.0	0.0	0.0	0.0	0.0	4.0	4.0	4.0	4.0	4.0	4.0
3492.8265183565936	0.008722579067720285	-4.246407393594848	345.7047277724738	184.7770286922077	0.0	0.0	0.0	0.0	0.0	4.0	4.0	4.0	4.0	4.0	4.0
3494.3761308314633	0.00859161110591685	-4.23299225105218	344.9744279657304	186.11224900606132	0.0	0.0	0.0	0.0	0.0	4.0	4.0	4.0	4.0	4.0	4.0
3495.925743306334	0.008559975896040366	-4.219726253891052	344.2258424826435	187.437039490019	0.0	0.0	0.0	0.0	0.0	4.0	4.0	4.0	4.0	4.0	4.0
3497.4753557812037	0.00857109737903231	-4.206452991463572	343.4593916805543	188.7509137256822	0.0	0.0	0.0	0.0	0.0	4.0	4.0	4.0	4.0	4.0	4.0
3499.024968256073	0.008582218862024253	-4.1931624950473125	342.6753446058061	190.0536564503539	0.0	0.0	0.0	0.0	0.0	4.0	4.0	4.0	4.0	4.0	4.0
3500.574580730943	0.008593340345016201	-4.179854764642262	341.873975941743	191.34508778748315	0.0	0.0	0.0	0.0	0.0	4.0	4.0	4.0	4.0	4.0	4.0
3502.124193205813	0.008604461828008145	-4.166529800248433	341.05555716872607	192.6250345330685	0.0	0.0	0.0	0.0	0.0	4.0	4.0	4.0	4.0	4.0	4.0
3503.6738056806826	0.00861558331100009	-4.1531876018658185	340.2203571880794	193.8933303701906	0.0	0.0	0.0	0.0	0.0	4.0	4.0	4.0	4.0	4.0	4.0
3505.2234181555527	0.008626704793992038	-4.139828169494418	339.36864282194745	195.1498160793067	0.0	0.0	0.0	0.0	0.0	4.0	4.0	4.0	4.0	4.0	4.0
3506.7730306304225	0.008637826276983984	-4.126451503134238	338.50067915721473	196.3943397110705	0.0	0.0	0.0	0.0	0.0	4.0	4.0	4.0	4.0	4.0	4.0
3508.3226431052917	0.008648947759975925	-4.113057602785278	337.61672978882336	197.62675674237343	0.0	0.0	0.0	0.0	0.0	4.0	4.0	4.0	4.0	4.0	4.0
3509.8722555801623	0.008660069242967876	-4.099646468447523	336.71705694200836	198.84693019065676	0.0	0.0	0.0	0.0	0.0	4.0	4.0	4.0	4.0	4.0	4.0
3511.421868055032	0.008671190725959822	-4.086218100120994	335.80192152633754	200.05473071061624	0.0	0.0	0.0	0.0	0.0	4.0	4.0	4.0	4.0	4.0	4.0
3512.971480529902	0.008682312208951767	-4.07277249780568	334.87158312494006	201.25003666835056	0.0	0.0	0.0	0.0	0.0	4.0	4.0	4.0	4.0	4.0	4.0
3514.5210930047706	0.008693433691943704	-4.059309661501591	333.9262999414355	202.43273420262793	0.0	0.0	0.0	0.0	0.0	4.0	4.0	4.0	4.0	4.0	4.0
3516.070705479641	0.008704555174935655	-4.045829591208703	332.96632870289466	203.6027172673052	0.0	0.0	0.0	0.0	0.0	4.0	4.0	4.0	4.0	4.0	4.0
3517.620317954511	0.008715676657927602	-4.032332286927039	331.991924530554	204.75988765906325	0.0	0.0	0.0	0.0	0.0	4.0	4.0	4.0	4.0	4.0	4.0
3519.1699304293807	0.008726798140919546	-4.018817748656591	331.00334078168316	205.90415502946328	0.0	0.0	0.0	0.0	0.0	4.0	4.0	4.0	4.0	4.0	4.0
3520.719542904251	0.008737919623911494	-4.005285976397357	330.00082886931006	207.03543688338863	0.0	0.0	0.0	0.0	0.0	4.0	4.0	4.0	4.0	4.0	4.0
3522.2691553791205	0.008749041106903438	-3.9917369701493435	328.98463805890964	208.1536585602735	0.0	0.0	0.0	0.0	0.0	4.0	4.0	4.0	4.0	4.0	4.0
3523.81876785399	0.008760162589895381	-3.97817072991255	327.9550152483183	209.2587532005305	0.0	0.0	0.0	0.0	0.0	4.0	4.0	4.0	4.0	4.0	4.0
3525.3683803288604	0.008771284072887332	-3.9645872556869612	326.9122047382809	210.3506617015829	0.0	0.0	0.0	0.0	0.0	4.0	4.0	4.0	4.0	4.0	4.0
3526.91799280373	0.008782405555879277	-3.9509865474725974	325.85644800122077	211.4293326693496	0.0	0.0	0.0	0.0	0.0	4.0	4.0	4.0	4.0	4.0	4.0
3528.4676052786	0.008793527038871223	-3.9373686052694503	324.78798345359206	212.4947223703333	0.0	0.0	0.0	0.0	0.0	4.0	4.0	4.0	4.0	4.0	4.0
3530.01721775347	0.00880464852186317	-3.9237334290775157	323.7070462353934	213.54679468877072	0.0	0.0	0.0	0.0	0.0	4.0	4.0	4.0	4.0	4.0	4.0
3531.56683022834	0.008815770004855119	-3.9100810188967974	322.6138679975162	214.58552109124716	0.0	0.0	0.0	0.0	0.0	4.0	4.0	4.0	4.0	4.0	4.0
3533.116442703209	0.008826891487847056	-3.896411374727308	321.50867669628957	215.6108806001415	0.0	0.0	0.0	0.0	0.0	4.0	4.0	4.0	4.0	4.0	4.0
3534.6660551780797	0.008838012970839007	-3.882724496569019	320.3916963942162	216.62285977696203	0.0	0.0	0.0	0.0	0.0	4.0	4.0	4.0	4.0	4.0	4.0
3536.215667652949	0.00884913445383095	-3.869020384421959	319.2631470664352	217.6214527173145	0.0	0.0	0.0	0.0	0.0	4.0	4.0	4.0	4.0	4.0	4.0
3537.765280127818	0.008860255936822891	-3.855299038286115	318.1232444110693	218.60666105786595	0.0	0.0	0.0	0.0	0.0	4.0	4.0	4.0	4.0	4.0	4.0
3539.314892602689	0.008871377419814842	-3.8415604581614766	316.97219965969197	219.57849399323396	0.0	0.0	0.0	0.0	0.0	4.0	4.0	4.0	4.0	4.0	4.0
3540.8645050775585	0.008882498902806788	-3.827804644048062	315.8102193832078	220.53696829900628	0.0	0.0	0.0	0.0	0.0	4.0	4.0	4.0	4.0	4.0	4.0
3542.4141175524283	0.008893620385798733	-3.8140315959458646	314.637505287617	221.4821083550357	0.0	0.0	0.0	0.0	0.0	4.0	4.0	4.0	4.0	4.0	4.0
3543.963730027299	0.008904741868790684	-3.800241313854875	313.4542539931887	222.41394616057653	0.0	0.0	0.0	0.0	0.0	4.0	4.0	4.0	4.0	4.0	4.0
3545.513342502168	0.008864679553694646	-3.7864500462711135	312.2605999605654	223.33253079179983	0.0	0.0	0.0	0.0	0.0	4.0	4.0	4.0	4.0	4.0	4.0
3547.0629549770374	0.008750877301933765	-3.772801402943488	311.0563640538597	224.2381695024268	0.0	0.0	0.0	0.0	0.0	4.0	4.0	4.0	4.0	4.0	4.0
3548.6125674519076	0.008637075050172817	-3.759329109004852	309.8416609352552	225.13098640536072	0.0	0.0	0.0	0.0	0.0	4.0	4.0	4.0	4.0	4.0	4.0
3550.1621799267778	0.008523272798411866	-3.7460331644552127	308.61666999564756	226.01101605093223	0.0	0.0	0.0	0.0	0.0	4.0	4.0	4.0	4.0	4.0	4.0
3551.711792401647	0.008409470546650985	-3.7329135692945785	307.3815722871683	226.87829598812607	0.0	0.0	0.0	0.0	0.0	4.0	4.0	4.0	4.0	4.0	4.0
3553.261404876517	0.008295668294890037	-3.7199703235229333	306.13655033281634	227.73286691567736	0.0	0.0	0.0	0.0	0.0	4.0	4.0	4.0	4.0	4.0	4.0
3554.811017351388	0.008181866043129054	-3.7072034271402816	304.88178787624054	228.5747727176094	0.0	0.0	0.0	0.0	0.0	4.0	4.0	4.0	4.0	4.0	4.0
3556.360629826257	0.008068063791368171	-3.694612880146638	303.6174695659365	229.4040603544585	0.0	0.0	0.0	0.0	0.0	4.0	4.0	4.0	4.0	4.0	4.0
3557.910242301127	0.007954261539607257	-3.6821986825419875	302.34378058281385	230.2207796015692	0.0	0.0	0.0	0.0	0.0	4.0	4.0	4.0	4.0	4.0	4.0
3559.459854775997	0.007840459287846307	-3.669960834326331	301.0609062723963	231.02498271612927	0.0	0.0	0.0	0.0	0.0	4.0	4.0	4.0	4.0	4.0	4.0
3561.0094672508667	0.007726657036085392	-3.6578993354996743	299.769031934749	231.81672429753544	0.0	0.0	0.0	0.0	0.0	4.0	4.0	4.0	4.0	4.0	4.0
3562.559079725736	0.00761285478432451	-3.6460141860620188	298.4683429358158	232.59606168518107	0.0	0.0	0.0	0.0	0.0	4.0	4.0	4.0	4.0	4.0	4.0
3564.108692200606	0.007499052532563561	-3.6343053860133527	297.1590251016052	233.36305593344576	0.0	0.0	0.0	0.0	0.0	4.0	4.0	4.0	4.0	4.0	4.0
3565.658304675476	0.007385250280802645	-3.6227729353536873	295.8412651339824	234.11777297360675	0.0	0.0	0.0	0.0	0.0	4.0	4.0	4.0	4.0	4.0	4.0
3567.2079171503456	0.007271448029041731	-3.611416834083019	294.51525085144334	234.86028459902505	0.0	0.0	0.0	0.0	0.0	4.0	4.0	4.0	4.0	4.0	4.0
3568.7575296252157	0.007157645777280781	-3.6002370822013443	293.18117130204	235.5906693184573	0.0	0.0	0.0	0.0	0.0	4.0	4.0	4.0	4.0	4.0	4.0
3570.3071421000855	0.007043843525519866	-3.58923367970867	291.8392169255065	236.3090134082816	0.0	0.0	0.0	0.0	0.0	4.0	4.0	4.0	4.0	4.0	4.0
3571.856754574955	0.006930041273758951	-3.5784066266049925	290.48957992841497	237.01541254501817	0.0	0.0	0.0	0.0	0.0	4.0	4.0	4.0	4.0	4.0	4.0
3573.4063670498253	0.0068162390219980015	-3.567755922890309	289.1324549877839	237.70997437601216	0.0	0.0	0.0	0.0	0.0	4.0	4.0	4.0	4.0	4.0	4.0
3574.955979524695	0.006702436770237086	-3.5572815685646257	287.76804026270173	238.3928221484481	0.0	0.0	0.0	0.0	0.0	4.0	4.0	4.0	4.0	4.0	4.0
3576.505591999565	0.006588634518476171	-3.5469835636279394	286.39653833193665	239.06409868338775	0.0	0.0	0.0	0.0	0.0	4.0	4.0	4.0	4.0	4.0	4.0
3578.055204474435	0.006474832266715222	-3.536861908080247	285.0181567128813	239.7239698880187	0.0	0.0	0.0	0.0	0.0	4.0	4.0	4.0	4.0	4.0	4.0
3579.604816949304	0.00636103001495434	-3.5269166019215574	283.63310840715695	240.37262875822543	0.0	0.0	0.0	0.0	0.0	4.0	4.0	4.0	4.0	4.0	4.0
3581.154429424174	0.006247227763193424	-3.5171476451518617	282.2416130092702	241.010301286772	0.0	0.0	0.0	0.0	0.0	4.0	4.0	4.0	4.0	4.0	4.0
3582.7040418990437	0.006133425511432509	-3.5075550377711635	280.843897936918	241.637253459255	0.0	0.0	0.0	0.0	0.0	4.0	4.0	4.0	4.0	4.0	4.0
3584.253654373914	0.00601962325967156	-3.498138779779459	279.44019911197563	242.2537976771437	0.0	0.0	0.0	0.0	0.0	4.0	4.0	4.0	4.0	4.0	4.0
3585.8032668487836	0.005905821007910645	-3.4888988711767546	278.03076124214516	242.860298811559	0.0	0.0	0.0	0.0	0.0	4.0	4.0	4.0	4.0	4.0	4.0
3587.352879323653	0.005792018756149763	-3.47983531196305	276.61583809381574	243.45718084003136	0.0	0.0	0.0	0.0	0.0	4.0	4.0	4.0	4.0	4.0	4.0
3588.902491798523	0.0056782165043888135	-3.470948102138337	275.1956928513361	244.0449343879535	0.0	0.0	0.0	0.0	0.0	4.0	4.0	4.0	4.0	4.0	4.0
3590.452104273393	0.005564414252627865	-3.4622372417026206	273.7705985734993	244.6241253078443	0.0	0.0	0.0	0.0	0.0	4.0	4.0	4.0	4.0	4.0	4.0
3592.0017167482624	0.005450612000866983	-3.4537027306559067	272.3408392926023	245.19540610093912	0.0	0.0	0.0	0.0	0.0	4.0	4.0	4.0	4.0	4.0	4.0
3593.551329223133	0.005336809749106001	-3.4453445689981823	270.90671124288167	245.75952901293	0.0	0.0	0.0	0.0	0.0	4.0	4.0	4.0	4.0	4.0	4.0
3595.100941698003	0.005141184529643609	-3.437174318424886	269.4684963165638	246.31731979628617	0.0	0.0	0.0	0.0	0.0	4.0	4.0	4.0	4.0	4.0	4.0
3596.6505541728725	0.004578717436654312	-3.4296432777541455	268.0260049532376	246.86985769250103	0.0	0.0	0.0	0.0	0.0	4.0	4.0	4.0	4.0	4.0	4.0
3598.2001666477427	0.004016250343664684	-3.4229838431074007	266.57953195832073	247.4183629044641	0.0	0.0	0.0	0.0	0.0	4.0	4.0	4.0	4.0	4.0	4.0
3599.7497791226124	0.0034537832506752217	-3.417196014484658	265.1296608392119	247.96388299595375	0.0	0.0	0.0	0.0	0.0	4.0	4.0	4.0	4.0	4.0	4.0
3601.299391597482	0.002891316157685759	-3.412279791885916	263.67699347791375	248.5074975338088	0.0	0.0	0.0	0.0	0.0	4.0	4.0	4.0	4.0	4.0	4.0
3602.8490040723523	0.0023288490646961313	-3.4082351753111726	262.22214836541986	249.05030575267364	0.0	0.0	0.0	0.0	0.0	4.0	4.0	4.0	4.0	4.0	4.0
3604.3986165472215	0.0017663819717068337	-3.4050621647604316	260.7657486669826	249.59337418191905	0.0	0.0	0.0	0.0	0.0	4.0	4.0	4.0	4.0	4.0	4.0
3605.948229022092	0.0012039148787170411	-3.4027607602336887	259.30840252576786	250.1376515057176	0.0	0.0	0.0	0.0	0.0	4.0	4.0	4.0	4.0	4.0	4.0
3607.497841496962	0.0006414477857275784	-3.4013309617309475	257.8506959455647	250.68392966790097	0.0	0.0	0.0	0.0	0.0	4.0	4.0	4.0	4.0	4.0	4.0
3609.047453971831	7.898069273828096e-05	-3.4007727692522067	256.39319698777484	251.23285336639975	0.0	0.0	0.0	0.0	0.0	4.0	4.0	4.0	4.0	4.0	4.0
3610.597066446702	-0.00048348640025151177	-3.4010861827974663	254.9364636750948	251.7849516065419	0.0	0.0	0.0	0.0	0.0	4.0	4.0	4.0	4.0	4.0	4.0
3612.146678921572	-0.0010459534932411394	-3.4022712023667263	253.48105121677904	252.34067335832793	0.0	0.0	0.0	0.0	0.0	4.0	4.0	4.0	4.0	4.0	4.0
3613.696291396441	-0.001608420586230437	-3.404327827959986	252.0275169263521	252.9004186787149	0.0	0.0	0.0	0.0	0.0	4.0	4.0	4.0	4.0	4.0	4.0
3615.24590387131	-0.0021708876792195693	-3.407256059577244	250.576424581729	253.46456950128064	0.0	0.0	0.0	0.0	0.0	4.0	4.0	4.0	4.0	4.0	4.0
3616.79551634618	-0.002733354772209197	-3.4110558972185046	249.12834656246997	254.0335118668608	0.0	0.0	0.0	0.0	0.0	4.0	4.0	4.0	4.0	4.0	4.0
3618.3451288210504	-0.0032958218651988245	-3.4157273408837665	247.68386029977196	254.60763616920525	0.0	0.0	0.0	0.0	0.0	4.0	4.0	4.0	4.0	4.0	4.0
3619.89474129592	-0.003858288958188287	-3.421270390573027	246.2435436961866	255.18733327903576	0.0	0.0	0.0	0.0	0.0	4.0	4.0	4.0	4.0	4.0	4.0
3621.44435377079	-0.00442075605117775	-3.4276850462862876	244.80797194500065	255.7729954524848	0.0	0.0	0.0	0.0	0.0	4.0	4.0	4.0	4.0	4.0	4.0
3622.99396624566	-0.004983223144167378	-3.4349713080235507	243.377713926326	256.36501535910276	0.0	0.0	0.0	0.0	0.0	4.0	4.0	4.0	4.0	4.0	4.0
3624.5435787205297	-0.00554569023715684	-3.4431291757848124	241.95332927156255	256.96378705611863	0.0	0.0	0.0	0.0	0.0	4.0	4.0	4.0	4.0	4.0	4.0
3626.0931911953994	-0.006108157330146303	-3.4521586495700736	240.53536611563484	257.56970862198557	0.0	0.0	0.0	0.0	0.0	4.0	4.0	4.0	4.0	4.0	4.0
3627.6428036702696	-0.00667062442313593	-3.4620597293793383	239.12435510949103	258.18317268833465	0.0	0.0	0.0	0.0	0.0	4.0	4.0	4.0	4.0	4.0	4.0
3629.1924161451393	-0.007233091516125393	-3.4728324152126007	237.7208049800559	258.80456307094795	0.0	0.0	0.0	0.0	0.0	4.0	4.0	4.0	4.0	4.0	4.0
3630.742028620009	-0.007795558609114855	-3.484476707069863	236.32521928074007	259.4343116067938	0.0	0.0	0.0	0.0	0.0	4.0	4.0	4.0	4.0	4.0	4.0
3632.2916410948783	-0.008358025702104152	-3.4969926049511217	234.938115168819	260.07294777073065	0.0	0.0	0.0	0.0	0.0	4.0	4.0	4.0	4.0	4.0	4.0
3633.841253569749	-0.008920492795093946	-3.510380108856392	233.56001974416387	260.72107639268347	0.0	0.0	0.0	0.0	0.0	4.0	4.0	4.0	4.0	4.0	4.0
3635.390866044618	-0.009482959888083243	-3.524639218785651	232.19145872815628	261.3793376726667	0.0	0.0	0.0	0.0	0.0	4.0	4.0	4.0	4.0	4.0	4.0
3636.940478519488	-0.010045426981072705	-3.539769934738914	230.8329391856309	262.04835988025343	0.0	0.0	0.0	0.0	0.0	4.0	4.0	4.0	4.0	4.0	4.0
3638.490090994358	-0.010607894074062334	-3.555772256716182	229.48493923755407	262.7287386214059	0.0	0.0	0.0	0.0	0.0	4.0	4.0	4.0	4.0	4.0	4.0
3640.039703469228	-0.011170361167051796	-3.5726461847174455	228.14791861667652	263.42106737635214	0.0	0.0	0.0	0.0	0.0	4.0	4.0	4.0	4.0	4.0	4.0
3641.5893159440984	-0.011732828260041588	-3.5903917187427203	226.8223408597599	264.1259854266769	0.0	0.0	0.0	0.0	0.0	4.0	4.0	4.0	4.0	4.0	4.0
3643.138928418968	-0.012295295353031052	-3.609008858791985	225.50870086435677	264.8442235699261	0.0	0.0	0.0	0.0	0.0	4.0	4.0	4.0	4.0	4.0	4.0
3644.6885408938374	-0.01285776244602035	-3.6284976048652435	224.2075589672363	265.57664772696035	0.0	0.0	0.0	0.0	0.0	4.0	4.0	4.0	4.0	4.0	4.0
3646.238153368707	-0.013079276911186898	-3.6486312585275926	222.9190524208209	266.3247524723708	0.0	0.0	0.0	0.0	0.0	4.0	4.0	4.0	4.0	4.0	4.0
3647.7877658435777	-0.013244431100081206	-3.669027031687149	221.64296654001575	267.090341433222	0.0	0.0	0.0	0.0	0.0	4.0	4.0	4.0	4.0	4.0	4.0
3649.3373783184466	-0.013409585288975321	-3.689678729838069	220.38022058461587	267.8747749004445	0.0	0.0	0.0	0.0	0.0	4.0	4.0	4.0	4.0	4.0	4.0
3650.886990793316	-0.013574739477869484	-3.710586352980382	219.1318557315322	268.6793490406575	0.0	0.0	0.0	0.0	0.0	4.0	4.0	4.0	4.0	4.0	4.0
3652.436603268187	-0.01373989366676384	-3.7317499011141075	217.89893609759545	269.5051732139104	0.0	0.0	0.0	0.0	0.0	4.0	4.0	4.0	4.0	4.0	4.0
3653.986215743056	-0.013905047855658003	-3.7531693742391954	216.68247671034527	270.3530877369202	0.0	0.0	0.0	0.0	0.0	4.0	4.0	4.0	4.0	4.0	4.0
3655.535828217926	-0.014070202044552215	-3.7748447723556775	215.48342942919996	271.2236845278948	0.0	0.0	0.0	0.0	0.0	4.0	4.0	4.0	4.0	4.0	4.0
3657.085440692796	-0.014235356233446475	-3.796776095463553	214.30271070466696	272.1173811482847	0.0	0.0	0.0	0.0	0.0	4.0	4.0	4.0	4.0	4.0	4.0
3658.635053167666	-0.014400510422340687	-3.81896334356281	213.1412149448819	273.034461643981	0.0	0.0	0.0	0.0	0.0	4.0	4.0	4.0	4.0	4.0	4.0
3660.184665642535	-0.01456566461123485	-3.8414065166534477	211.9998146987593	273.97509369868726	0.0	0.0	0.0	0.0	0.0	4.0	4.0	4.0	4.0	4.0	4.0
3661.7342781174057	-0.014730818800129159	-3.8641056147354926	210.87936047833992	274.9393428347149	0.0	0.0	0.0	0.0	0.0	4.0	4.0	4.0	4.0	4.0	4.0
3663.2838905922754	-0.01489597298902337	-3.887060637808912	209.78068121088216	275.9271852933741	0.0	0.0	0.0	0.0	0.0	4.0	4.0	4.0	4.0	4.0	4.0
3664.833503067145	-0.01506112717791758	-3.9102715858737187	208.70458548283065	276.9385198808479	0.0	0.0	0.0	0.0	0.0	4.0	4.0	4.0	4.0	4.0	4.0
3666.383115542016	-0.015226281366811938	-3.9337384589299336	207.65186309853937	277.97317834448444	0.0	0.0	0.0	0.0	0.0	4.0	4.0	4.0	4.0	4.0	4.0
3667.932728016885	-0.015391435555706053	-3.9574612569775014	206.623286631519	279.0309341484292	0.0	0.0	0.0	0.0	0.0	4.0	4.0	4.0	4.0	4.0	4.0
3669.4823404917543	-0.015556589744600216	-3.9814399800164635	205.61961268281377	280.1115096295832	0.0	0.0	0.0	0.0	0.0	4.0	4.0	4.0	4.0	4.0	4.0
3671.031952966625	-0.015721743933494525	-4.005674628046834	204.6415827454074	281.2145817282419	0.0	0.0	0.0	0.0	0.0	4.0	4.0	4.0	4.0	4.0	4.0
3672.5815654414946	-0.015886898122388735	-4.030165201068579	203.68992373618136	282.3397866090555	0.0	0.0	0.0	0.0	0.0	4.0	4.0	4.0	4.0	4.0	4.0
3674.131177916364	-0.0160520523112829	-4.0549116990817025	202.76534837770896	283.48672352205256	0.0	0.0	0.0	0.0	0.0	4.0	4.0	4.0	4.0	4.0	4.0
3675.6807903912345	-0.016217206500177207	-4.079914122086237	201.8685556492318	284.6549581937594	0.0	0.0	0.0	0.0	0.0	4.0	4.0	4.0	4.0	4.0	4.0
3677.230402866104	-0.01638236068907142	-4.1051724700821435	201.00023130980753	285.84402580254306	0.0	0.0	0.0	0.0	0.0	4.0	4.0	4.0	4.0	4.0	4.0
3678.7800153409735	-0.01654751487796558	-4.13068674306943	200.16104822770413	287.05343340519477	0.0	0.0	0.0	0.0	0.0	4.0	4.0	4.0	4.0	4.0	4.0
3680.329627815844	-0.016712669066859892	-4.156456941048126	199.35166636277603	288.2826618210631	0.0	0.0	0.0	0.0	0.0	4.0	4.0	4.0	4.0	4.0	4.0
3681.879240290714	-0.016877823255754102	-4.182483064018196	198.5727326041842	289.5311672192593	0.0	0.0	0.0	0.0	0.0	4.0	4.0	4.0	4.0	4.0	4.0
3683.428852765583	-0.017042977444648263	-4.208765111979644	197.824880770199	290.79838264222263	0.0	0.0	0.0	0.0	0.0	4.0	4.0	4.0	4.0	4.0	4.0
3684.978465240453	-0.017208131633542477	-4.235303084932488	197.1087318550667	292.0837194938104	0.0	0.0	0.0	0.0	0.0	4.0	4.0	4.0	4.0	4.0	4.0
3686.528077715323	-0.017373285822436735	-4.262096982876727	196.42489440657087	293.38656889987357	0.0	0.0	0.0	0.0	0.0	4.0	4.0	4.0	4.0	4.0	4.0
3688.0776901901927	-0.01753844001133095	-4.289146805812346	195.7739649395747	294.7063028905461	0.0	0.0	0.0	0.0	0.0	4.0	4.0	4.0	4.0	4.0	4.0
3689.627302665062	-0.01770359420022511	-4.316452553739345	195.1565283636392	296.0422754071254	0.0	0.0	0.0	0.0	0.0	4.0	4.0	4.0	4.0	4.0	4.0
3691.176915139932	-0.017868748389119372	-4.344014226657746	194.57315843513496	297.39382315180274	0.0	0.0	0.0	0.0	0.0	4.0	4.0	4.0	4.0	4.0	4.0
3692.726527614802	-0.018033902578013582	-4.371831824567528	194.02441826077444	298.76026629906096	0.0	0.0	0.0	0.0	0.0	4.0	4.0	4.0	4.0	4.0	4.0
3694.276140089672	-0.01819905676690784	-4.399905347468705	193.51086086681903	300.140909074463	0.0	0.0	0.0	0.0	0.0	4.0	4.0	4.0	4.0	4.0	4.0
3695.8257525645417	-0.018188895697809602	-4.428132954168436	193.03300499121104	301.53531698979106	0.0	0.0	0.0	0.0	0.0	4.0	4.0	4.0	4.0	4.0	4.0
3697.375365039411	-0.0181202151316632	-4.456265479714817	192.5911995528051	302.9433660115244	0.0	0.0	0.0	0.0	0.0	4.0	4.0	4.0	4.0	4.0	4.0
3698.924977514281	-0.018051534565516756	-4.484291576999133	192.1860173145436	304.364276092002	0.0	0.0	0.0	0.0	0.0	4.0	4.0	4.0	4.0	4.0	4.0
3700.474589989152	-0.017982853999370295	-4.512211246021375	191.81806719169063	305.7972062389491	0.0	0.0	0.0	0.0	0.0	4.0	4.0	4.0	4.0	4.0	4.0
3702.024202464021	-0.017914173433223893	-4.540024486781511	191.4879457632104	307.24127225554605	0.0	0.0	0.0	0.0	0.0	4.0	4.0	4.0	4.0	4.0	4.0
3703.573814938891	-0.01784549286707747	-4.567731299279574	191.19623372361883	308.6955467774385	0.0	0.0	0.0	0.0	0.0	4.0	4.0	4.0	4.0	4.0	4.0
3705.123427413761	-0.017776812300931026	-4.595331683515563	190.94349223348925	310.1590595751842	0.0	0.0	0.0	0.0	0.0	4.0	4.0	4.0	4.0	4.0	4.0
3706.6730398886302	-0.017708131734784624	-4.622825639489454	190.7302592637217	311.6307981472671	0.0	0.0	0.0	0.0	0.0	4.0	4.0	4.0	4.0	4.0	4.0
3708.2226523635	-0.0176394511686382	-4.650213167201272	190.5570459953576	313.1097086080906	0.0	0.0	0.0	0.0	0.0	4.0	4.0	4.0	4.0	4.0	4.0
3709.7722648383706	-0.017570770602491737	-4.677494266651024	190.4243333210012	314.5946968643653	0.0	0.0	0.0	0.0	0.0	4.0	4.0	4.0	4.0	4.0	4.0
3711.32187731324	-0.017502090036345334	-4.704668937838671	190.33256851986312	316.0846300667669	0.0	0.0	0.0	0.0	0.0	4.0	4.0	4.0	4.0	4.0	4.0
3712.87148978811	-0.01743340947019889	-4.731737180764251	190.2821621979708	317.5783383109564	0.0	0.0	0.0	0.0	0.0	4.0	4.0	4.0	4.0	4.0	4.0
3714.42110226298	-0.017364728904052447	-4.758698995427751	190.27348557134837	319.07461654597927	0.0	0.0	0.0	0.0	0.0	4.0	4.0	4.0	4.0	4.0	4.0
3715.9707147378494	-0.017296048337906045	-4.785554381829153	190.30686813840612	320.5722266363598	0.0	0.0	0.0	0.0	0.0	4.0	4.0	4.0	4.0	4.0	4.0
3717.520327212719	-0.017227367771759622	-4.81230333996848	190.38259573233736	322.0698995218773	0.0	0.0	0.0	0.0	0.0	4.0	4.0	4.0	4.0	4.0	4.0
3719.069939687589	-0.0171586872056132	-4.838945869845727	190.50090886732195	323.5663374320279	0.0	0.0	0.0	0.0	0.0	4.0	4.0	4.0	4.0	4.0	4.0
3720.619552162459	-0.017090006639466755	-4.865481971460899	190.6620011940641	325.06021614635216	0.0	0.0	0.0	0.0	0.0	4.0	4.0	4.0	4.0	4.0	4.0
3722.169164637329	-0.017021326073320332	-4.891911644813983	190.8660177713601	326.55018735141095	0.0	0.0	0.0	0.0	0.0	4.0	4.0	4.0	4.0	4.0	4.0
3723.718777112198	-0.01695264550717393	-4.918234889904976	191.11305275371805	328.0348812315935	0.0	0.0	0.0	0.0	0.0	4.0	4.0	4.0	4.0	4.0	4.0
3725.2683895870687	-0.016883964941027466	-4.944451706733912	191.40314602539055	329.51290953695474	0.0	0.0	0.0	0.0	0.0	4.0	4.0	4.0	4.0	4.0	4.0
3726.8180020619384	-0.016815284374881043	-4.9705620953007505	191.73627835381455	330.98286946941613	0.0	0.0	0.0	0.0	0.0	4.0	4.0	4.0	4.0	4.0	4.0
3728.367614536808	-0.01674660380873462	-4.996566055605507	192.11236484363985	332.44334877462074	0.0	0.0	0.0	0.0	0.0	4.0	4.0	4.0	4.0	4.0	4.0
3729.9172270116783	-0.016677923242588176	-5.02246358764819	192.53124683198587	333.89293238016387	0.0	0.0	0.0	0.0	0.0	4.0	4.0	4.0	4.0	4.0	4.0
3731.466839486547	-0.016609242676441795	-5.0482546914287685	192.99268170924128	335.3302111452237	0.0	0.0	0.0	0.0	0.0	4.0	4.0	4.0	4.0	4.0	4.0
3733.0164519614177	-0.01654056211029533	-5.073939366947295	193.4963265375631	336.75379480621615	0.0	0.0	0.0	0.0	0.0	4.0	4.0	4.0	4.0	4.0	4.0
3734.566064436288	-0.01647188154414889	-5.099517614203733	194.04173224095865	338.1623237047902	0.0	0.0	0.0	0.0	0.0	4.0	4.0	4.0	4.0	4.0	4.0
3736.115676911157	-0.016403200978002484	-5.124989433198074	194.62836879531645	339.5544683730737	0.0	0.0	0.0	0.0	0.0	4.0	4.0	4.0	4.0	4.0	4.0
3737.665289386027	-0.01633452041185606	-5.150354823930341	195.25565253277745	340.9289240400402	0.0	0.0	0.0	0.0	0.0	4.0	4.0	4.0	4.0	4.0	4.0
3739.2149018608975	-0.0162658398457096	-5.175613786400541	195.92295493073323	342.2844097093574	0.0	0.0	0.0	0.0	0.0	4.0	4.0	4.0	4.0	4.0	4.0
3740.7645143357663	-0.016197159279563215	-5.20076632060863	196.6296049547165	343.6196692341198	0.0	0.0	0.0	0.0	0.0	4.0	4.0	4.0	4.0	4.0	4.0
3742.314126810636	-0.016128478713416793	-5.225812426554652	197.3748893123912	344.9334733110185	0.0	0.0	0.0	0.0	0.0	4.0	4.0	4.0	4.0	4.0	4.0
3743.863739285506	-0.016059798147270352	-5.2507521042386	198.15805160516976	346.2246222837581	0.0	0.0	0.0	0.0	0.0	4.0	4.0	4.0	4.0	4.0	4.0
3745.413351760376	-0.01606944174455175	-5.275613391412358	198.9782300470247	347.49193364066065	0.0	0.0	0.0	0.0	0.0	4.0	4.0	4.0	4.0	4.0	4.0
3746.9629642352456	-0.016170289182780937	-5.300592936028077	199.8343814033992	348.7340124407025	0.0	0.0	0.0	0.0	0.0	4.0	4.0	4.0	4.0	4.0	4.0
3748.512576710116	-0.01627113662101015	-5.325728755092142	200.72556592977352	349.94969924943706	0.0	0.0	0.0	0.0	0.0	4.0	4.0	4.0	4.0	4.0	4.0
3750.062189184986	-0.016371984059239366	-5.351020848604546	201.6507857960127	351.13796337251	0.0	0.0	0.0	0.0	0.0	4.0	4.0	4.0	4.0	4.0	4.0
3751.611801659856	-0.01647283149746858	-5.376469216565288	202.6089863373871	352.29783852540123	0.0	0.0	0.0	0.0	0.0	4.0	4.0	4.0	4.0	4.0	4.0
3753.161414134725	-0.016573678935697705	-5.402073858974346	203.5990542150476	353.4284330726557	0.0	0.0	0.0	0.0	0.0	4.0	4.0	4.0	4.0	4.0	4.0
3754.711026609595	-0.016674526373926923	-5.427834775831766	204.6198159482516	354.52894180675366	0.0	0.0	0.0	0.0	0.0	4.0	4.0	4.0	4.0	4.0	4.0
3756.260639084465	-0.016775373812156106	-5.453751967137516	205.6700358726534	355.59866042926745	0.0	0.0	0.0	0.0	0.0	4.0	4.0	4.0	4.0	4.0	4.0
3757.8102515593346	-0.016876221250385293	-5.479825432891606	206.7484202972972	356.63699691377997	0.0	0.0	0.0	0.0	0.0	4.0	4.0	4.0	4.0	4.0	4.0
3759.3598640342047	-0.016977068688614507	-5.506055173094041	207.85363405212055	357.643471901263	0.0	0.0	0.0	0.0	0.0	4.0	4.0	4.0	4.0	4.0	4.0
3760.909476509075	-0.01707791612684372	-5.532441187744816	208.9843231657892	358.6177105530691	0.0	0.0	0.0	0.0	0.0	4.0	4.0	4.0	4.0	4.0	4.0
3762.459088983944	-0.017178763565072877	-5.558983476843912	210.1391348313247	359.5594330644535	0.0	0.0	0.0	0.0	0.0	4.0	4.0	4.0	4.0	4.0	4.0
3764.0087014588144	-0.01727961100330209	-5.585682040391364	211.31674175292295	360.4684356779712	0.0	0.0	0.0	0.0	0.0	4.0	4.0	4.0	4.0	4.0	4.0
3765.558313933684	-0.017380458441531278	-5.6125368783871465	212.51587094417616	361.3445591044552	0.0	0.0	0.0	0.0	0.0	4.0	4.0	4.0	4.0	4.0	4.0
3767.107926408554	-0.017481305879760465	-5.639547990831267	213.73530787430815	362.1876791312408	0.0	0.0	0.0	0.0	0.0	4.0	4.0	4.0	4.0	4.0	4.0
3768.657538883424	-0.01758215331798968	-5.666715377723735	214.97388241143256	362.99772085439935	0.0	0.0	0.0	0.0	0.0	4.0	4.0	4.0	4.0	4.0	4.0
3770.207151358293	-0.017683000756218804	-5.694039039064517	216.2304646465659	363.7746646958068	0.0	0.0	0.0	0.0	0.0	4.0	4.0	4.0	4.0	4.0	4.0
3771.7567638331634	-0.01778384819444805	-5.7215189748536694	217.50396583424103	364.51854741389616	0.0	0.0	0.0	0.0	0.0	4.0	4.0	4.0	4.0	4.0	4.0
3773.3063763080336	-0.017884695632677264	-5.749155185091153	218.7933413074889	365.2294608508694	0.0	0.0	0.0	0.0	0.0	4.0	4.0	4.0	4.0	4.0	4.0
3774.8559887829033	-0.01798554307090645	-5.776947669776967	220.09759571292648	365.9075466730276	0.0	0.0	0.0	0.0	0.0	4.0	4.0	4.0	4.0	4.0	4.0
3776.405601257773	-0.018086390509135634	-5.804896428911119	221.4157878839558	366.5529903725466	0.0	0.0	0.0	0.0	0.0	4.0	4.0	4.0	4.0	4.0	4.0
3777.9552137326423	-0.01818723794736479	-5.833001462493603	222.74703554050697	367.1660139585202	0.0	0.0	0.0	0.0	0.0	4.0	4.0	4.0	4.0	4.0	4.0
3779.504826207513	-0.018288085385594035	-5.861262770524449	224.09051931886276	367.7468679385883	0.0	0.0	0.0	0.0	0.0	4.0	4.0	4.0	4.0	4.0	4.0
3781.054438682382	-0.01838893282382319	-5.889680353003609	225.4454829728996	368.2958300164137	0.0	0.0	0.0	0.0	0.0	4.0	4.0	4.0	4.0	4.0	4.0
3782.604051157253	-0.018489780262052436	-5.918254209931132	226.81122689953756	368.813222246619	0.0	0.0	0.0	0.0	0.0	4.0	4.0	4.0	4.0	4.0	4.0
3784.1536636321225	-0.01859062770028162	-5.946984341306979	228.18710638796657	369.2994260340781	0.0	0.0	0.0	0.0	0.0	4.0	4.0	4.0	4.0	4.0	4.0
3785.703276106992	-0.018691475138510775	-5.975870747131154	229.5725441988276	369.75486258779495	0.0	0.0	0.0	0.0	0.0	4.0	4.0	4.0	4.0	4.0	4.0
3787.2528885818615	-0.01879232257673996	-6.004913427403677	230.9670425242508	370.1799639906993	0.0	0.0	0.0	0.0	0.0	4.0	4.0	4.0	4.0	4.0	4.0
3788.802501056732	-0.018893170014969207	-6.0341123821245555	232.3701847221952	370.5751654170595	0.0	0.0	0.0	0.0	0.0	4.0	4.0	4.0	4.0	4.0	4.0
3790.3521135316014	-0.018994017453198363	-6.0634676112937465	233.78163426228343	370.94090675486495	0.0	0.0	0.0	0.0	0.0	4.0	4.0	4.0	4.0	4.0	4.0
3791.901726006471	-0.019094864891427546	-6.0929791149112855	235.201134936048	371.27763329115373	0.0	0.0	0.0	0.0	0.0	4.0	4.0	4.0	4.0	4.0	4.0
3793.4513384813417	-0.01919571232965679	-6.12264689297718	236.6285123851786	371.5857938200161	0.0	0.0	0.0	0.0	0.0	4.0	4.0	4.0	4.0	4.0	4.0
3795.0009509562105	-0.01921926544149385	-6.152464509016363	238.06369967355673	371.865804789308	0.0	0.0	0.0	0.0	0.0	4.0	4.0	4.0	4.0	4.0	4.0
3796.55056343108	-0.018600928487633794	-6.181767831173638	239.50857998996105	372.1182780839543	0.0	0.0	0.0	0.0	0.0	4.0	4.0	4.0	4.0	4.0	4.0
3798.100175905951	-0.017982591533773008	-6.210112970673572	240.96421680423745	372.34389303912303	0.0	0.0	0.0	0.0	0.0	4.0	4.0	4.0	4.0	4.0	4.0
3799.64978838082	-0.01736425457991295	-6.237499927516098	242.4303245753298	372.5428933413733	0.0	0.0	0.0	0.0	0.0	4.0	4.0	4.0	4.0	4.0	4.0
3801.1994008556903	-0.01674591762605253	-6.263928701701265	243.9065567405331	372.7155556337361	0.0	0.0	0.0	0.0	0.0	4.0	4.0	4.0	4.0	4.0	4.0
3802.749013330561	-0.016127580672191923	-6.2893992932290645	245.39251323610313	372.86219942803825	0.0	0.0	0.0	0.0	0.0	4.0	4.0	4.0	4.0	4.0	4.0
3804.2986258054298	-0.015509243718332046	-6.3139117020994595	246.88774822359647	372.9831917094946	0.0	0.0	0.0	0.0	0.0	4.0	4.0	4.0	4.0	4.0	4.0
3805.848238280299	-0.014890906764471988	-6.337465928312487	248.39177714037424	373.0789451107286	0.0	0.0	0.0	0.0	0.0	4.0	4.0	4.0	4.0	4.0	4.0
3807.3978507551697	-0.014272569810611384	-6.36006197186816	249.9040820689702	373.1499082591648	0.0	0.0	0.0	0.0	0.0	4.0	4.0	4.0	4.0	4.0	4.0
3808.94746323004	-0.013654232856750962	-6.381699832766452	251.42411438846025	373.1965477865372	0.0	0.0	0.0	0.0	0.0	4.0	4.0	4.0	4.0	4.0	4.0
3810.497075704909	-0.013035895902890903	-6.402379511007355	252.95129436193284	373.2193266538504	0.0	0.0	0.0	0.0	0.0	4.0	4.0	4.0	4.0	4.0	4.0
3812.0466881797793	-0.012417558949030481	-6.422101006590896	254.48500874055372	373.21868706404734	0.0	0.0	0.0	0.0	0.0	4.0	4.0	4.0	4.0	4.0	4.0
3813.596300654649	-0.01179922199517024	-6.440864319517057	256.02460780424366	373.1950399564603	0.0	0.0	0.0	0.0	0.0	4.0	4.0	4.0	4.0	4.0	4.0
3815.1459131295182	-0.011180885041310182	-6.4586694497858375	257.56940279711444	373.1487595184283	0.0	0.0	0.0	0.0	0.0	4.0	4.0	4.0	4.0	4.0	4.0
3816.695525604389	-0.010562548087449579	-6.475516397397258	259.11866469651056	373.08018301796267	0.0	0.0	0.0	0.0	0.0	4.0	4.0	4.0	4.0	4.0	4.0
3818.245138079259	-0.009944211133589157	-6.491405162351299	260.6716250671669	372.9896157787997	0.0	0.0	0.0	0.0	0.0	4.0	4.0	4.0	4.0	4.0	4.0
3819.794750554128	-0.00932587417972928	-6.50633574464795	262.2274793541925	372.8773400665173	0.0	0.0	0.0	0.0	0.0	4.0	4.0	4.0	4.0	4.0	4.0
3821.3443630289976	-0.008707537225869038	-6.520308144287237	263.7853926385315	372.74362646293446	0.0	0.0	0.0	0.0	0.0	4.0	4.0	4.0	4.0	4.0	4.0
3822.893975503868	-0.008089200272008434	-6.533322361269156	265.34450765759277	372.5887465086963	0.0	0.0	0.0	0.0	0.0	4.0	4.0	4.0	4.0	4.0	4.0
3824.443587978738	-0.007470863318148195	-6.545378395593692	266.90395478992656	372.4129857968092	0.0	0.0	0.0	0.0	0.0	4.0	4.0	4.0	4.0	4.0	4.0
3825.993200453608	-0.006852526364287773	-6.556476247260858	268.46286362828334	372.21665692633064	0.0	0.0	0.0	0.0	0.0	4.0	4.0	4.0	4.0	4.0	4.0
3827.542812928478	-0.0062341894104275325	-6.566615916270644	270.02037571175714	372.0001118618828	0.0	0.0	0.0	0.0	0.0	4.0	4.0	4.0	4.0	4.0	4.0
3829.092425403347	-0.005615852456567473	-6.575797402623054	271.57565778823255	371.7637527909638	0.0	0.0	0.0	0.0	0.0	4.0	4.0	4.0	4.0	4.0	4.0
3830.642037878217	-0.004997515502707233	-6.584020706318091	273.12791466473715	371.5080398118742	0.0	0.0	0.0	0.0	0.0	4.0	4.0	4.0	4.0	4.0	4.0
3832.191650353087	-0.004379178548846811	-6.5912858273557555	274.67640076016113	371.2334942476126	0.0	0.0	0.0	0.0	0.0	4.0	4.0	4.0	4.0	4.0	4.0
3833.7412628279567	-0.0037608415949865704	-6.597592765736043	276.2204299849376	370.9406979424964	0.0	0.0	0.0	0.0	0.0	4.0	4.0	4.0	4.0	4.0	4.0
3835.2908753028264	-0.00314250464112633	-6.6029415214589555	277.7593839206441	370.6302895592564	0.0	0.0	0.0	0.0	0.0	4.0	4.0	4.0	4.0	4.0	4.0
3836.8404877776966	-0.002524167687265908	-6.607332094524494	279.29271837278793	370.3029587428363	0.0	0.0	0.0	0.0	0.0	4.0	4.0	4.0	4.0	4.0	4.0
3838.3901002525663	-0.0019058307334056676	-6.610764484932657	280.81996848317635	369.9594390081578	0.0	0.0	0.0	0.0	0.0	4.0	4.0	4.0	4.0	4.0	4.0
3839.939712727436	-0.0012874937795454274	-6.613238692683446	282.3407527346859	369.6005003763136	0.0	0.0	0.0	0.0	0.0	4.0	4.0	4.0	4.0	4.0	4.0
3841.489325202306	-0.0006691568256850054	-6.61475471777686	283.85477618228066	369.22694260388073	0.0	0.0	0.0	0.0	0.0	4.0	4.0	4.0	4.0	4.0	4.0
3843.038937677175	-5.0819871825127854e-05	-6.615312560212898	285.36183315141454	368.839589507264	0.0	0.0	0.0	0.0	0.0	4.0	4.0	4.0	4.0	4.0	4.0
3844.588550152045	0.000567517082035294	-6.614912219991561	286.8618095539436	368.4392846317757	0.0	0.0	0.0	0.0	0.0	4.0	4.0	4.0	4.0	4.0	4.0
3846.138162626916	0.000582562502762134	-6.613996400190674	288.3559334382123	368.0266928143809	0.0	0.0	0.0	0.0	0.0	4.0	4.0	4.0	4.0	4.0	4.0
3847.687775101785	0.0005639059174216674	-6.613108109307693	289.8458369305514	367.6020671704629	0.0	0.0	0.0	0.0	0.0	4.0	4.0	4.0	4.0	4.0	4.0
3849.2373875766543	0.0005452493320812006	-6.612248728902095	291.3318296603175	367.1661681927655	0.0	0.0	0.0	0.0	0.0	4.0	4.0	4.0	4.0	4.0	4.0
3850.7870000515254	0.000526592746740712	-6.611418258973878	292.81423032910755	366.7198108096657	0.0	0.0	0.0	0.0	0.0	4.0	4.0	4.0	4.0	4.0	4.0
3852.336612526394	0.0005079361614002507	-6.610616699523044	294.29336497710426	366.2638475287468	0.0	0.0	0.0	0.0	0.0	4.0	4.0	4.0	4.0	4.0	4.0
3853.886225001264	0.0004892795760597785	-6.609844050549592	295.7695654512085	365.7991635556923	0.0	0.0	0.0	0.0	0.0	4.0	4.0	4.0	4.0	4.0	4.0
3855.435837476134	0.00047062299071930084	-6.609100312053521	297.2431663273059	365.3266672167611	0.0	0.0	0.0	0.0	0.0	4.0	4.0	4.0	4.0	4.0	4.0
3856.9854499510047	0.0004519664053788177	-6.608385484034833	298.7145007429998	364.84727697040734	0.0	0.0	0.0	0.0	0.0	4.0	4.0	4.0	4.0	4.0	4.0
3858.535062425874	0.00043330982003835097	-6.607699566493527	300.1838957115696	364.3619066699564	0.0	0.0	0.0	0.0	0.0	4.0	4.0	4.0	4.0	4.0	4.0
3860.084674900744	0.0004146532346978733	-6.607042559429603	301.6516672798943	363.8714501575384	0.0	0.0	0.0	0.0	0.0	4.0	4.0	4.0	4.0	4.0	4.0
3861.634287375614	0.0003959966493574011	-6.606414462843062	303.118115725497	363.37676579201514	0.0	0.0	0.0	0.0	0.0	4.0	4.0	4.0	4.0	4.0	4.0
3863.183899850483	0.0003773400640169344	-6.605815276733901	304.58352121996984	362.8786622190957	0.0	0.0	0.0	0.0	0.0	4.0	4.0	4.0	4.0	4.0	4.0
3864.733512325354	0.0003586834786764512	-6.605245001102124	306.04814058306164	362.3778873023401	0.0	0.0	0.0	0.0	0.0	4.0	4.0	4.0	4.0	4.0	4.0
3866.283124800223	0.0003400268933359845	-6.604703635947728	307.51220573115864	361.8751220963107	0.0	0.0	0.0	0.0	0.0	4.0	4.0	4.0	4.0	4.0	4.0
3867.832737275093	0.00032137030799550683	-6.604191181270714	308.9759239381264	361.3709802992613	0.0	0.0	0.0	0.0	0.0	4.0	4.0	4.0	4.0	4.0	4.0
3869.3823497499625	0.00030271372265504006	-6.603707637071083	310.4394790936205	360.86601080462367	0.0	0.0	0.0	0.0	0.0	4.0	4.0	4.0	4.0	4.0	4.0
3870.931962224833	0.0002840571373145569	-6.603253003348833	311.9030333479202	360.3607015418307	0.0	0.0	0.0	0.0	0.0	4.0	4.0	4.0	4.0	4.0	4.0
3872.481574699703	0.0002654005519740847	-6.602827280103966	313.3667290037599	359.85548419232055	0.0	0.0	0.0	0.0	0.0	4.0	4.0	4.0	4.0	4.0	4.0
3874.031187174572	0.000246743966633618	-6.602430467336481	314.8306903477415	359.3507388505929	0.0	0.0	0.0	0.0	0.0	4.0	4.0	4.0	4.0	4.0	4.0
3875.5807996494423	0.00022808738129314034	-6.602062565046377	316.2950253130034	358.84679829187047	0.0	0.0	0.0	0.0	0.0	4.0	4.0	4.0	4.0	4.0	4.0
3877.130412124312	0.00020943079595266815	-6.601723573233656	317.7598270073651	358.3439519371843	0.0	0.0	0.0	0.0	0.0	4.0	4.0	4.0	4.0	4.0	4.0
3878.6800245991817	0.00019077421061219592	-6.601413491898317	319.22517504176295	357.84244930680734	0.0	0.0	0.0	0.0	0.0	4.0	4.0	4.0	4.0	4.0	4.0
3880.229637074052	0.00017211762527171825	-6.601132321040359	320.69113664668663	357.3425029130451	0.0	0.0	0.0	0.0	0.0	4.0	4.0	4.0	4.0	4.0	4.0
3881.7792495489216	0.00015346103993124605	-6.600880060659785	322.1577676163152	356.84429070252537	0.0	0.0	0.0	0.0	0.0	4.0	4.0	4.0	4.0	4.0	4.0
3883.3288620237913	0.00013480445459077386	-6.600656710756592	323.62511312275683	356.34795816856104	0.0	0.0	0.0	0.0	0.0	4.0	4.0	4.0	4.0	4.0	4.0
3884.8784744986615	0.00011614786925029618	-6.600462271330781	325.09320843041917	355.8536202184705	0.0	0.0	0.0	0.0	0.0	4.0	4.0	4.0	4.0	4.0	4.0
3886.428086973531	9.749128390982399e-05	-6.600296742382352	326.56207952914315	355.3613628471869	0.0	0.0	0.0	0.0	0.0	4.0	4.0	4.0	4.0	4.0	4.0
3887.977699448401	7.883469856935179e-05	-6.600160123911306	328.0317436993992	354.8712446531807	0.0	0.0	0.0	0.0	0.0	4.0	4.0	4.0	4.0	4.0	4.0
3889.52731192327	6.017811322888507e-05	-6.600052415917641	329.5022100213516	354.3832982288112	0.0	0.0	0.0	0.0	0.0	4.0	4.0	4.0	4.0	4.0	4.0
3891.076924398141	4.1521527888401914e-05	-6.599973618401358	330.97347983636985	353.89753144789256	0.0	0.0	0.0	0.0	0.0	4.0	4.0	4.0	4.0	4.0	4.0
3892.62653687301	2.2864942547935192e-05	-6.599923731362458	332.44554715839195	353.41392863951233	0.0	0.0	0.0	0.0	0.0	4.0	4.0	4.0	4.0	4.0	4.0
3894.17614934788	4.208357207462992e-06	-6.599902754800939	333.9183989722977	352.932451453664	0.0	0.0	0.0	0.0	0.0	4.0	4.0	4.0	4.0	4.0	4.0
3895.72576182275	-1.4226762409573442e-05	-6.599910571923827	335.39201491364975	352.453038956816	0.0	0.0	0.0	0.0	0.0	4.0	4.0	4.0	4.0	4.0	4.0
3897.27537429762	-3.2557968824532616e-05	-6.599946821025403	336.8663667044957	351.97560713405767	0.0	0.0	0.0	0.0	0.0	4.0	4.0	4.0	4.0	4.0	4.0
3898.8249867724894	-5.0889175239481034e-05	-6.600011476393121	338.3414193585056	351.500047248465	0.0	0.0	0.0	0.0	0.0	4.0	4.0	4.0	4.0	4.0	4.0
3900.37459924736	-6.922038165444559e-05	-6.600104538026978	339.81713006515054	351.02622540073423	0.0	0.0	0.0	0.0	0.0	4.0	4.0	4.0	4.0	4.0	4.0
3901.9242117222298	-8.755158806939939e-05	-6.600226005926975	341.2934480179915	350.55398237112956	0.0	0.0	0.0	0.0	0.0	4.0	4.0	4.0	4.0	4.0	4.0
3903.473824197099	-0.0001058827944843478	-6.600375880093112	342.77031441136614	350.0831337731138	0.0	0.0	0.0	0.0	0.0	4.0	4.0	4.0	4.0	4.0	4.0
3905.0234366719687	-0.0001242140008993016	-6.600554160525388	344.2476625197879	349.61347049455657	0.0	0.0	0.0	0.0	0.0	4.0	4.0	4.0	4.0	4.0	4.0
3906.5730491468385	-0.0001425452073142554	-6.600760847223806	345.7254177180934	349.1447589929327	0.0	0.0	0.0	0.0	0.0	4.0	4.0	4.0	4.0	4.0	4.0
3908.1226616217086	-0.00016087641372921458	-6.600995940188363	347.20349735411867	348.67674117632873	0.0	0.0	0.0	0.0	0.0	4.0	4.0	4.0	4.0	4.0	4.0
3909.672274096579	-0.00017920762014417375	-6.60125943941906	348.68181041396844	348.2091336902677	0.0	0.0	0.0	0.0	0.0	4.0	4.0	4.0	4.0	4.0	4.0
3911.221886571449	-0.0001975388265591329	-6.601551344915897	350.1602568451224	347.7416262058669	0.0	0.0	0.0	0.0	0.0	4.0	4.0	4.0	4.0	4.0	4.0
3912.771499046318	-0.00021587003297407595	-6.601871656678874	351.63872660546	347.2738789247255	0.0	0.0	0.0	0.0	0.0	4.0	4.0	4.0	4.0	4.0	4.0
3914.321111521189	-0.0002342012393890459	-6.602220374707992	353.11709897173597	346.80552092569826	0.0	0.0	0.0	0.0	0.0	4.0	4.0	4.0	4.0	4.0	4.0
3915.8707239960577	-0.0002525324458039889	-6.602597499003249	354.59524238324093	346.33615018493873	0.0	0.0	0.0	0.0	0.0	4.0	4.0	4.0	4.0	4.0	4.0
3917.4203364709274	-0.00027086365221894274	-6.603003029564646	356.0730148585962	345.8653353712566	0.0	0.0	0.0	0.0	0.0	4.0	4.0	4.0	4.0	4.0	4.0
3918.9699489457976	-0.00028919485863390193	-6.6034369663921835	357.55026524908493	345.39262019311485	0.0	0.0	0.0	0.0	0.0	4.0	4.0	4.0	4.0	4.0	4.0
3920.519561420668	-0.00030752606504886644	-6.603899309485861	359.0268354542941	344.9175306447895	0.0	0.0	0.0	0.0	0.0	4.0	4.0	4.0	4.0	4.0	4.0
3922.0691738955375	-0.0003258572714638149	-6.604390058845678	360.5025637221887	344.4395854769731	0.0	0.0	0.0	0.0	0.0	4.0	4.0	4.0	4.0	4.0	4.0
3923.618786370407	-0.00034418847787876867	-6.604909214471635	361.9772911170336	343.95831608923373	0.0	0.0	0.0	0.0	0.0	4.0	4.0	4.0	4.0	4.0	4.0
3925.168398845277	-0.0003625196842937225	-6.605456776363733	363.4508764500629	343.4733115605407	0.0	0.0	0.0	0.0	0.0	4.0	4.0	4.0	4.0	4.0	4.0
3926.7180113201466	-0.00038085089070867626	-6.60603274452197	364.9232041153795	342.984241938985	0.0	0.0	0.0	0.0	0.0	4.0	4.0	4.0	4.0	4.0	4.0
3928.267623795016	-0.00039918209712362467	-6.606637118946347	366.3941753520877	342.49083172952027	0.0	0.0	0.0	0.0	0.0	4.0	4.0	4.0	4.0	4.0	4.0
3929.8172362698865	-0.00041751330353858923	-6.607269899636865	367.863703519589	341.9928455474046	0.0	0.0	0.0	0.0	0.0	4.0	4.0	4.0	4.0	4.0	4.0
3931.366848744756	-0.00043584450995354305	-6.607931086593522	369.331708703271	341.4900718944219	0.0	0.0	0.0	0.0	0.0	4.0	4.0	4.0	4.0	4.0	4.0
3932.9164612196255	-0.00045417571636849146	-6.60862067981632	370.798109356892	340.98229831863995	0.0	0.0	0.0	0.0	0.0	4.0	4.0	4.0	4.0	4.0	4.0
3934.466073694496	-0.000472506922783456	-6.6093386793052575	372.2628142680477	340.46928784883767	0.0	0.0	0.0	0.0	0.0	4.0	4.0	4.0	4.0	4.0	4.0
3936.0156861693654	-0.0004908381291984044	-6.610085085060335	373.72570869787614	339.9507385962556	0.0	0.0	0.0	0.0	0.0	4.0	4.0	4.0	4.0	4.0	4.0
3937.565298644235	-0.0005091693356133582	-6.610859897081553	375.1866449776965	339.4262571194895	0.0	0.0	0.0	0.0	0.0	4.0	4.0	4.0	4.0	4.0	4.0
3939.1149111191057	-0.0005275005420283228	-6.611663115368911	376.6454439866571	338.89536422809977	0.0	0.0	0.0	0.0	0.0	4.0	4.0	4.0	4.0	4.0	4.0
3940.664523593975	-0.0005458317484432712	-6.6124947399224085	378.1018983041429	338.35750572282114	0.0	0.0	0.0	0.0	0.0	4.0	4.0	4.0	4.0	4.0	4.0
3942.214136068845	-0.0005641629548582303	-6.613354770742046	379.5557743893312	337.8120602391801	0.0	0.0	0.0	0.0	0.0	4.0	4.0	4.0	4.0	4.0	4.0
3943.7637485437153	-0.0005824941612731896	-6.614243207827824	381.00681818621	337.2583570292282	0.0	0.0	0.0	0.0	0.0	4.0	4.0	4.0	4.0	4.0	4.0
3945.3133610185846	-0.0007633214968839824	-6.615212199024069	382.4549220495869	336.69570845482906	0.0	0.0	0.0	0.0	0.0	4.0	4.0	4.0	4.0	4.0	4.0
3946.8629734934543	-0.0011739748168513794	-6.616713228291711	383.9009582051212	336.1229407932522	0.0	0.0	0.0	0.0	0.0	4.0	4.0	4.0	4.0	4.0	4.0
3948.412585968325	-0.0015846281368190175	-6.618850611066822	385.3447180841476	335.53905782562043	0.0	0.0	0.0	0.0	0.0	4.0	4.0	4.0	4.0	4.0	4.0
3949.962198443194	-0.001995281456786294	-6.6216243473494	386.7856902776704	334.9432250183444	0.0	0.0	0.0	0.0	0.0	4.0	4.0	4.0	4.0	4.0	4.0
3951.511810918064	-0.002405934776753691	-6.625034437139446	388.22330188097845	334.3345510940247	0.0	0.0	0.0	0.0	0.0	4.0	4.0	4.0	4.0	4.0	4.0
3953.061423392934	-0.0028165880967212084	-6.629080880436962	389.6569202495294	333.7121021434288	0.0	0.0	0.0	0.0	0.0	4.0	4.0	4.0	4.0	4.0	4.0
3954.611035867804	-0.0032272414166886055	-6.633763677241944	391.0858627110086	333.07493844589226	0.0	0.0	0.0	0.0	0.0	4.0	4.0	4.0	4.0	4.0	4.0
3956.160648342673	-0.0036378947366558817	-6.639082827554394	392.5094126587511	332.4221666987672	0.0	0.0	0.0	0.0	0.0	4.0	4.0	4.0	4.0	4.0	4.0
3957.7102608175433	-0.0040485480566233994	-6.645038331374315	393.92683935540265	331.7529972527523	0.0	0.0	0.0	0.0	0.0	4.0	4.0	4.0	4.0	4.0	4.0
3959.2598732924134	-0.004459201376590917	-6.651630188701704	395.33741713168064	331.06679243803427	0.0	0.0	0.0	0.0	0.0	4.0	4.0	4.0	4.0	4.0	4.0
3960.809485767283	-0.0048698546965583135	-6.65885839953656	396.7404297685024	330.36306897836624	0.0	0.0	0.0	0.0	0.0	4.0	4.0	4.0	4.0	4.0	4.0
3962.359098242152	-0.00528050801652547	-6.666722963878878	398.1351620400255	329.6414646808554	0.0	0.0	0.0	0.0	0.0	4.0	4.0	4.0	4.0	4.0	4.0
3963.908710717023	-0.005691161336493228	-6.6752238817286775	399.5208948245494	328.9017149165249	0.0	0.0	0.0	0.0	0.0	4.0	4.0	4.0	4.0	4.0	4.0
3965.458323191892	-0.006101814656460384	-6.684361153085932	400.8969076880072	328.14364761144196	0.0	0.0	0.0	0.0	0.0	4.0	4.0	4.0	4.0	4.0	4.0
3967.007935666762	-0.006512467976427902	-6.694134777950663	402.2624849667544	327.3671850541382	0.0	0.0	0.0	0.0	0.0	4.0	4.0	4.0	4.0	4.0	4.0
3968.5575481416327	-0.00692312129639554	-6.704544756322866	403.6169199368537	326.57233924777654	0.0	0.0	0.0	0.0	0.0	4.0	4.0	4.0	4.0	4.0	4.0
3970.107160616502	-0.007333774616362816	-6.715591088202527	404.9595151597636	325.75919781309574	0.0	0.0	0.0	0.0	0.0	4.0	4.0	4.0	4.0	4.0	4.0
3971.656773091372	-0.0077444279363303335	-6.727273773589664	406.2895824263903	324.9279096857546	0.0	0.0	0.0	0.0	0.0	4.0	4.0	4.0	4.0	4.0	4.0
3973.206385566242	-0.008155081256297731	-6.739592812484265	407.6064447487467	324.0786760750005	0.0	0.0	0.0	0.0	0.0	4.0	4.0	4.0	4.0	4.0	4.0
3974.755998041111	-0.008565734576265006	-6.75254820488633	408.9094398244476	323.2117448209859	0.0	0.0	0.0	0.0	0.0	4.0	4.0	4.0	4.0	4.0	4.0
3976.305610515981	-0.008976387896232405	-6.766139950795868	410.1979240409954	322.3274058304908	0.0	0.0	0.0	0.0	0.0	4.0	4.0	4.0	4.0	4.0	4.0
3977.8552229908514	-0.009387041216200043	-6.780368050212881	411.4712765662579	321.4259865995125	0.0	0.0	0.0	0.0	0.0	4.0	4.0	4.0	4.0	4.0	4.0
3979.404835465721	-0.00979769453616744	-6.795232503137355	412.7289033416801	320.50784751952284	0.0	0.0	0.0	0.0	0.0	4.0	4.0	4.0	4.0	4.0	4.0
3980.9544479405904	-0.010208347856134715	-6.810733309569293	413.97024091092	319.5733769328238	0.0	0.0	0.0	0.0	0.0	4.0	4.0	4.0	4.0	4.0	4.0
3982.504060415461	-0.010619001176102354	-6.826870469508712	415.194760052642	318.6229859716027	0.0	0.0	0.0	0.0	0.0	4.0	4.0	4.0	4.0	4.0	4.0
3984.0536728903303	-0.01102965449606963	-6.8436439829555855	416.4019691802695	317.65710319751463	0.0	0.0	0.0	0.0	0.0	4.0	4.0	4.0	4.0	4.0	4.0
3985.6032853652	-0.011440307816037026	-6.861053849909932	417.5914174730305	316.67616905645156	0.0	0.0	0.0	0.0	0.0	4.0	4.0	4.0	4.0	4.0	4.0
3987.15289784007	-0.011850961136004545	-6.879100070371752	418.76269769900335	315.6806301535859	0.0	0.0	0.0	0.0	0.0	4.0	4.0	4.0	4.0	4.0	4.0
3988.70251031494	-0.012261614455971941	-6.897782644341035	419.9154486910538	314.67093335251104	0.0	0.0	0.0	0.0	0.0	4.0	4.0	4.0	4.0	4.0	4.0
3990.2521227898096	-0.012672267775939338	-6.917101571817786	421.049357440119	313.6475197063661	0.0	0.0	0.0	0.0	0.0	4.0	4.0	4.0	4.0	4.0	4.0
3991.8017352646793	-0.013082921095906735	-6.937056852802005	422.1641607737057	312.6108182319422	0.0	0.0	0.0	0.0	0.0	4.0	4.0	4.0	4.0	4.0	4.0
3993.3513477395495	-0.013493574415874253	-6.957648487293699	423.25964659170154	311.5612395409403	0.0	0.0	0.0	0.0	0.0	4.0	4.0	4.0	4.0	4.0	4.0
3994.9009602144192	-0.013787152188908162	-6.978853382959801	424.3356384016823	310.4990720787508	0.0	0.0	0.0	0.0	0.0	4.0	4.0	4.0	4.0	4.0	4.0
3996.450572689289	-0.013737911569496455	-7.000179974045605	425.39279038413616	309.42382852610933	0.0	0.0	0.0	0.0	0.0	4.0	4.0	4.0	4.0	4.0	4.0
3998.000185164159	-0.013688670950084733	-7.021430261253305	426.4315224424107	308.33540984043844	0.0	0.0	0.0	0.0	0.0	4.0	4.0	4.0	4.0	4.0	4.0
3999.549797639029	-0.013639430330673026	-7.042604244582887	427.45188465329414	307.2339063080004	0.0	0.0	0.0	0.0	0.0	4.0	4.0	4.0	4.0	4.0	4.0
4001.0994101138986	-0.013590189711261318	-7.063701924034359	428.4539176267404	306.11940844337136	0.0	0.0	0.0	0.0	0.0	4.0	4.0	4.0	4.0	4.0	4.0
4002.649022588768	-0.013540949091849625	-7.084723299607715	429.4376526218067	304.9920068524678	0.0	0.0	0.0	0.0	0.0	4.0	4.0	4.0	4.0	4.0	4.0
4004.198635063638	-0.013491708472437905	-7.105668371302971	430.4031116179611	303.8517921390941	0.0	0.0	0.0	0.0	0.0	4.0	4.0	4.0	4.0	4.0	4.0
4005.748247538508	-0.013442467853026182	-7.126537139120117	431.3503074105235	302.69885491139314	0.0	0.0	0.0	0.0	0.0	4.0	4.0	4.0	4.0	4.0	4.0
4007.2978600133783	-0.01339322723361446	-7.147329603059153	432.2792438396029	301.53328596072026	0.0	0.0	0.0	0.0	0.0	4.0	4.0	4.0	4.0	4.0	4.0
4008.847472488247	-0.013343986614202783	-7.168045763120059	433.1899162235214	300.35517662728796	0.0	0.0	0.0	0.0	0.0	4.0	4.0	4.0	4.0	4.0	4.0
4010.397084963118	-0.013294745994791047	-7.188685619302879	434.0823117937673	299.16461913977236	0.0	0.0	0.0	0.0	0.0	4.0	4.0	4.0	4.0	4.0	4.0
4011.946697437987	-0.013245505375379354	-7.20924917160757	434.95640964217887	297.9617065618243	0.0	0.0	0.0	0.0	0.0	4.0	4.0	4.0	4.0	4.0	4.0
4013.496309912857	-0.013196264755967631	-7.229736420034162	435.8121800817578	296.7465323832714	0.0	0.0	0.0	0.0	0.0	4.0	4.0	4.0	4.0	4.0	4.0
4015.045922387727	-0.013147024136555925	-7.250147364582638	436.649584105263	295.51919034363453	0.0	0.0	0.0	0.0	0.0	4.0	4.0	4.0	4.0	4.0	4.0
4016.595534862597	-0.013097783517144202	-7.270482005253009	437.46857391822226	294.2797750927678	0.0	0.0	0.0	0.0	0.0	4.0	4.0	4.0	4.0	4.0	4.0
4018.145147337467	-0.013048542897732496	-7.290740342045264	438.2690958586004	293.02838428721174	0.0	0.0	0.0	0.0	0.0	4.0	4.0	4.0	4.0	4.0	4.0
4019.694759812336	-0.012999302278320803	-7.310922374959401	439.0510981445389	291.76512313735833	0.0	0.0	0.0	0.0	0.0	4.0	4.0	4.0	4.0	4.0	4.0
4021.2443722872063	-0.01295006165890908	-7.33102810399544	439.8145434045006	290.4901105077817	0.0	0.0	0.0	0.0	0.0	4.0	4.0	4.0	4.0	4.0	4.0
4022.793984762077	-0.012900821039497344	-7.3510575291533735	440.55941909057486	289.2034820019724	0.0	0.0	0.0	0.0	0.0	4.0	4.0	4.0	4.0	4.0	4.0
4024.343597236946	-0.012851580420085652	-7.371010650433179	441.2857421026119	287.9053886444526	0.0	0.0	0.0	0.0	0.0	4.0	4.0	4.0	4.0	4.0	4.0
4025.893209711816	-0.012802339800673943	-7.39088746783488	441.9935584976134	286.5959927150056	0.0	0.0	0.0	0.0	0.0	4.0	4.0	4.0	4.0	4.0	4.0
4027.4428221866856	-0.012753099181262237	-7.41068798135847	442.6829367407958	285.27546085640216	0.0	0.0	0.0	0.0	0.0	4.0	4.0	4.0	4.0	4.0	4.0
4028.9924346615553	-0.01270385856185053	-7.43041219100395	443.3539584910251	283.9439572900481	0.0	0.0	0.0	0.0	0.0	4.0	4.0	4.0	4.0	4.0	4.0
4030.542047136425	-0.012654617942438821	-7.450060096771319	444.0067124795938	282.60163980902223	0.0	0.0	0.0	0.0	0.0	4.0	4.0	4.0	4.0	4.0	4.0
4032.091659611295	-0.0126053773230271	-7.469631698660582	444.6412881020416	281.2486565660589	0.0	0.0	0.0	0.0	0.0	4.0	4.0	4.0	4.0	4.0	4.0
4033.641272086165	-0.012556136703615392	-7.48912699667173	445.2577632339548	279.8851415354697	0.0	0.0	0.0	0.0	0.0	4.0	4.0	4.0	4.0	4.0	4.0
4035.190884561034	-0.0125068960842037	-7.508545990804761	445.85619858085914	278.5112139114401	0.0	0.0	0.0	0.0	0.0	4.0	4.0	4.0	4.0	4.0	4.0
4036.740497035905	-0.012457655464791963	-7.527888681059697	446.4366459669644	277.1269828562724	0.0	0.0	0.0	0.0	0.0	4.0	4.0	4.0	4.0	4.0	4.0
4038.2901095107745	-0.012408414845380257	-7.547155067436512	446.999154311718	275.73255033758346	0.0	0.0	0.0	0.0	0.0	4.0	4.0	4.0	4.0	4.0	4.0
4039.839721985644	-0.012359174225968564	-7.566345149935212	447.54376999225974	274.3280114928626	0.0	0.0	0.0	0.0	0.0	4.0	4.0	4.0	4.0	4.0	4.0
4041.3893344605144	-0.012309933606556828	-7.585458928555816	448.0705372281774	272.9134549322818	0.0	0.0	0.0	0.0	0.0	4.0	4.0	4.0	4.0	4.0	4.0
4042.938946935384	-0.012260692987145121	-7.6044964032983	448.5794982527801	271.48896292086556	0.0	0.0	0.0	0.0	0.0	4.0	4.0	4.0	4.0	4.0	4.0
4044.488559410254	-0.012211452367733413	-7.623457574162672	449.0706936874152	270.0546115715903	0.0	0.0	0.0	0.0	0.0	4.0	4.0	4.0	4.0	4.0	4.0
4046.038171885124	-0.011830505365957098	-7.6421113229165885	449.54421083927673	268.6100385663913	0.0	0.0	0.0	0.0	0.0	4.0	4.0	4.0	4.0	4.0	4.0
4047.5877843599937	-0.011412400504266175	-7.660120071360949	450.0002681474277	267.15487010709484	0.0	0.0	0.0	0.0	0.0	4.0	4.0	4.0	4.0	4.0	4.0
4049.137396834863	-0.010994295642575376	-7.677480919295824	450.4388140175932	265.6894499557738	0.0	0.0	0.0	0.0	0.0	4.0	4.0	4.0	4.0	4.0	4.0
4050.687009309733	-0.010576190780884332	-7.694193866721229	450.8597746959974	264.214162252436	0.0	0.0	0.0	0.0	0.0	4.0	4.0	4.0	4.0	4.0	4.0
4052.236621784603	-0.01015808591919341	-7.71025891363715	451.2630875182114	262.72942910217193	0.0	0.0	0.0	0.0	0.0	4.0	4.0	4.0	4.0	4.0	4.0
4053.7862342594726	-0.009739981057502489	-7.7256760600435905	451.6487057690731	261.23570722847336	0.0	0.0	0.0	0.0	0.0	4.0	4.0	4.0	4.0	4.0	4.0
4055.3358467343432	-0.009321876195811322	-7.740445305940559	452.01660306199585	259.73348429610076	0.0	0.0	0.0	0.0	0.0	4.0	4.0	4.0	4.0	4.0	4.0
4056.885459209213	-0.0089037713341204	-7.75456665132804	452.3667770531496	258.2232749518183	0.0	0.0	0.0	0.0	0.0	4.0	4.0	4.0	4.0	4.0	4.0
4058.435071684082	-0.008485666472429723	-7.7680400962060325	452.6992523815831	256.7056166546313	0.0	0.0	0.0	0.0	0.0	4.0	4.0	4.0	4.0	4.0	4.0
4059.984684158952	-0.00806756161073868	-7.780865640574557	453.0140827772152	255.18106537572316	0.0	0.0	0.0	0.0	0.0	4.0	4.0	4.0	4.0	4.0	4.0
4061.534296633822	-0.007649456749047635	-7.793043284433602	453.3113522802962	253.6501912458916	0.0	0.0	0.0	0.0	0.0	4.0	4.0	4.0	4.0	4.0	4.0
4063.083909108692	-0.007231351887356714	-7.804573027783162	453.59117555679336	252.1135742263841	0.0	0.0	0.0	0.0	0.0	4.0	4.0	4.0	4.0	4.0	4.0
4064.6335215835607	-0.006813247025666038	-7.8154548706232365	453.8536972900624	250.57179987009116	0.0	0.0	0.0	0.0	0.0	4.0	4.0	4.0	4.0	4.0	4.0
4066.183134058432	-0.006395142163974625	-7.8256888129538495	454.099090611049	249.02545523047692	0.0	0.0	0.0	0.0	0.0	4.0	4.0	4.0	4.0	4.0	4.0
4067.732746533301	-0.005977037302283949	-7.835274854774965	454.32755447298126	247.4751249661639	0.0	0.0	0.0	0.0	0.0	4.0	4.0	4.0	4.0	4.0	4.0
4069.2823590081703	-0.00555893244059315	-7.844212996086603	454.5393098967206	245.92138768346635	0.0	0.0	0.0	0.0	0.0	4.0	4.0	4.0	4.0	4.0	4.0
4070.831971483042	-0.005140827578901737	-7.852503236888773	454.73459514519334	244.36481254965372	0.0	0.0	0.0	0.0	0.0	4.0	4.0	4.0	4.0	4.0	4.0
4072.381583957911	-0.004722722717210939	-7.860145577181451	454.913660200526	242.80595618746284	0.0	0.0	0.0	0.0	0.0	4.0	4.0	4.0	4.0	4.0	4.0
4073.931196432781	-0.004304617855520017	-7.867140016964652	455.07676164668305	241.24535981473517	0.0	0.0	0.0	0.0	0.0	4.0	4.0	4.0	4.0	4.0	4.0
4075.4808089076505	-0.0038865129938290954	-7.873486556238373	455.2241604461943	239.68354649994657	0.0	0.0	0.0	0.0	0.0	4.0	4.0	4.0	4.0	4.0	4.0
4077.03042138252	-0.0034684081321381737	-7.879185195002614	455.3561261210121	238.12101827439503	0.0	0.0	0.0	0.0	0.0	4.0	4.0	4.0	4.0	4.0	4.0
4078.58003385739	-0.0030503032704472517	-7.884235933257375	455.4729471906907	236.55825286436604	0.0	0.0	0.0	0.0	0.0	4.0	4.0	4.0	4.0	4.0	4.0
4080.12964633226	-0.002632198408756208	-7.888638771002657	455.57494193824766	234.9957001292684	0.0	0.0	0.0	0.0	0.0	4.0	4.0	4.0	4.0	4.0	4.0
4081.67925880713	-0.0022140935470652857	-7.892393708238458	455.6624652076021	233.4337785215091	0.0	0.0	0.0	0.0	0.0	4.0	4.0	4.0	4.0	4.0	4.0
4083.228871281999	-0.001795988685374487	-7.895500744964778	455.7359121977891	231.87287177875453	0.0	0.0	0.0	0.0	0.0	4.0	4.0	4.0	4.0	4.0	4.0
4084.7784837568697	-0.00137788382368332	-7.89795988118162	455.7957210692666	230.3133259309221	0.0	0.0	0.0	0.0	0.0	4.0	4.0	4.0	4.0	4.0	4.0
4086.328096231739	-0.000959778961992521	-7.899771116888981	455.842374861772	228.75544668319193	0.0	0.0	0.0	0.0	0.0	4.0	4.0	4.0	4.0	4.0	4.0
4087.877708706609	-0.0005416741003014768	-7.9009344520868625	455.8764028221371	227.19949722784705	0.0	0.0	0.0	0.0	0.0	4.0	4.0	4.0	4.0	4.0	4.0
4089.4273211814793	-0.0001235692386104324	-7.901449886775263	455.8983813091696	225.64569652002524	0.0	0.0	0.0	0.0	0.0	4.0	4.0	4.0	4.0	4.0	4.0
4090.976933656349	0.00029453562308048923	-7.901317420954184	455.9089343258653	224.0942180453535	0.0	0.0	0.0	0.0	0.0	4.0	4.0	4.0	4.0	4.0	4.0
4092.5265461312183	0.0007126404847712882	-7.9005370546236255	455.90873354777074	222.5451891060763	0.0	0.0	0.0	0.0	0.0	4.0	4.0	4.0	4.0	4.0	4.0
4094.076158606088	0.0011307453464622099	-7.899108787783587	455.8984978897379	220.9986906334358	0.0	0.0	0.0	0.0	0.0	4.0	4.0	4.0	4.0	4.0	4.0
4095.625771080958	0.0012431848560900685	-7.897185528383691	455.87912467390765	219.45428222836696	0.0	0.0	0.0	0.0	0.0	4.0	4.0	4.0	4.0	4.0	4.0
4097.175383555828	0.00118786005003879	-7.895301939626938	455.85132309065955	217.91028093300488	0.0	0.0	0.0	0.0	0.0	4.0	4.0	4.0	4.0	4.0	4.0
4098.724996030698	0.0011325352439875275	-7.8935040828798115	455.8158178145627	216.36645056802783	0.0	0.0	0.0	0.0	0.0	4.0	4.0	4.0	4.0	4.0	4.0
4100.274608505568	0.0010772104379362653	-7.891791958142313	455.7734493692617	214.82270083411592	0.0	0.0	0.0	0.0	0.0	4.0	4.0	4.0	4.0	4.0	4.0
4101.8242209804375	0.001021885631885003	-7.89016556541444	455.72507620279566	213.27895186360576	0.0	0.0	0.0	0.0	0.0	4.0	4.0	4.0	4.0	4.0	4.0
4103.373833455307	0.0009665608258337407	-7.8886249046961945	455.67155824342814	211.73513412212563	0.0	0.0	0.0	0.0	0.0	4.0	4.0	4.0	4.0	4.0	4.0
4104.923445930178	0.0009112360197824459	-7.887169975987574	455.6137383135796	210.19118821581125	0.0	0.0	0.0	0.0	0.0	4.0	4.0	4.0	4.0	4.0	4.0
4106.473058405047	0.0008559112137312161	-7.885800779288583	455.5524235678712	208.64706454411552	0.0	0.0	0.0	0.0	0.0	4.0	4.0	4.0	4.0	4.0	4.0
4108.022670879916	0.0008005864076799539	-7.884517314599218	455.48836994331583	207.10272274049615	0.0	0.0	0.0	0.0	0.0	4.0	4.0	4.0	4.0	4.0	4.0
4109.572283354787	0.000745261601628659	-7.883319581919478	455.4222724748927	205.5581308758659	0.0	0.0	0.0	0.0	0.0	4.0	4.0	4.0	4.0	4.0	4.0
4111.121895829657	0.0006899367955773968	-7.882207581249366	455.3547619139907	204.01326448599863	0.0	0.0	0.0	0.0	0.0	4.0	4.0	4.0	4.0	4.0	4.0
4112.671508304526	0.0006346119895261669	-7.8811813125888825	455.2864051300286	202.46810555407188	0.0	0.0	0.0	0.0	0.0	4.0	4.0	4.0	4.0	4.0	4.0
4114.221120779397	0.0005792871834748396	-7.880240775938023	455.21770771504777	200.92264152074063	0.0	0.0	0.0	0.0	0.0	4.0	4.0	4.0	4.0	4.0	4.0
4115.770733254266	0.0005239623774236098	-7.879385971296792	455.1491180311703	199.37686435342337	0.0	0.0	0.0	0.0	0.0	4.0	4.0	4.0	4.0	4.0	4.0
4117.320345729136	0.00046863757137234754	-7.878616898665188	455.0810316770552	197.83076970296753	0.0	0.0	0.0	0.0	0.0	4.0	4.0	4.0	4.0	4.0	4.0
4118.869958204006	0.0004133127653210528	-7.8779335580432095	455.0137960618687	196.2843561498584	0.0	0.0	0.0	0.0	0.0	4.0	4.0	4.0	4.0	4.0	4.0
4120.419570678876	0.0003579879592697905	-7.877335949430858	454.94771482659746	194.7376245383456	0.0	0.0	0.0	0.0	0.0	4.0	4.0	4.0	4.0	4.0	4.0
4121.969183153746	0.0003026631532185282	-7.876824072828134	454.88305167436994	193.19057739968255	0.0	0.0	0.0	0.0	0.0	4.0	4.0	4.0	4.0	4.0	4.0
4123.518795628615	0.0002473383471672659	-7.876397928235036	454.82003354587465	191.64321845616115	0.0	0.0	0.0	0.0	0.0	4.0	4.0	4.0	4.0	4.0	4.0
4125.068408103485	0.0001920135411160036	-7.876057515651566	454.7588532717944	190.09555219452844	0.0	0.0	0.0	0.0	0.0	4.0	4.0	4.0	4.0	4.0	4.0
4126.618020578355	0.0001366887350647413	-7.875802835077722	454.6996718704944	188.54758349845144	0.0	0.0	0.0	0.0	0.0	4.0	4.0	4.0	4.0	4.0	4.0
4128.167633053225	8.136392901347899e-05	-7.875633886513505	454.64262062633054	186.99931733188487	0.0	0.0	0.0	0.0	0.0	4.0	4.0	4.0	4.0	4.0	4.0
4129.717245528094	2.6039122962216695e-05	-7.875550669958915	454.5878030344069	185.45075846721727	0.0	0.0	0.0	0.0	0.0	4.0	4.0	4.0	4.0	4.0	4.0
4131.266858002964	-2.9285683089045602e-05	-7.875553185413951	454.5352966554041	183.90191125350515	0.0	0.0	0.0	0.0	0.0	4.0	4.0	4.0	4.0	4.0	4.0
4132.816470477834	-8.46104891403079e-05	-7.875641432878615	454.4851548960808	182.3527794210075	0.0	0.0	0.0	0.0	0.0	4.0	4.0	4.0	4.0	4.0	4.0
4134.366082952704	-0.00013993529519160268	-7.875815412352904	454.4374087152301	180.80336591876957	0.0	0.0	0.0	0.0	0.0	4.0	4.0	4.0	4.0	4.0	4.0
4135.915695427574	-0.00019526010124286497	-7.876075123836821	454.39206824533767	179.2536727824037	0.0	0.0	0.0	0.0	0.0	4.0	4.0	4.0	4.0	4.0	4.0
4137.465307902444	-0.0002505849072941273	-7.876420567330365	454.3491243137891	177.70370102954502	0.0	0.0	0.0	0.0	0.0	4.0	4.0	4.0	4.0	4.0	4.0
4139.014920377314	-0.00030590971334542205	-7.876851742833535	454.3085498459049	176.15345058078384	0.0	0.0	0.0	0.0	0.0	4.0	4.0	4.0	4.0	4.0	4.0
4140.564532852183	-0.00036123451939665187	-7.877368650346333	454.2703011324838	174.60292020415744	0.0	0.0	0.0	0.0	0.0	4.0	4.0	4.0	4.0	4.0	4.0
4142.114145327053	-0.00041655932544791416	-7.877971289868757	454.2343189241034	173.0521074821347	0.0	0.0	0.0	0.0	0.0	4.0	4.0	4.0	4.0	4.0	4.0
4143.663757801923	-0.00047188413149917645	-7.878659661400808	454.2005292254988	171.50100880279786	0.0	0.0	0.0	0.0	0.0	4.0	4.0	4.0	4.0	4.0	4.0
4145.213370276792	-0.0004915468551938558	-7.879423297449182	454.1688245319308	169.94964808909666	0.0	0.0	0.0	0.0	0.0	4.0	4.0	4.0	4.0	4.0	4.0
4146.762982751662	-0.00045273391128182293	-7.8801549320769375	454.1391007335256	168.39831020547123	0.0	0.0	0.0	0.0	0.0	4.0	4.0	4.0	4.0	4.0	4.0
4148.312595226533	-0.00041392096736976727	-7.88082642168262	454.1112658733389	166.8470691587323	0.0	0.0	0.0	0.0	0.0	4.0	4.0	4.0	4.0	4.0	4.0
4149.862207701402	-0.00037510802345773437	-7.88143776626623	454.0851853854989	165.29592584116037	0.0	0.0	0.0	0.0	0.0	4.0	4.0	4.0	4.0	4.0	4.0
4151.411820176272	-0.0003362950795457015	-7.881988965827768	454.0607095262924	163.74488296714424	0.0	0.0	0.0	0.0	0.0	4.0	4.0	4.0	4.0	4.0	4.0
4152.961432651142	-0.0002974821356336686	-7.8824800203672325	454.0376735316104	162.1939449857062	0.0	0.0	0.0	0.0	0.0	4.0	4.0	4.0	4.0	4.0	4.0
4154.511045126012	-0.0002586691917216357	-7.882910929884625	454.0158979902883	160.6431179726453	0.0	0.0	0.0	0.0	0.0	4.0	4.0	4.0	4.0	4.0	4.0
4156.060657600881	-0.00021985624780960282	-7.883281694379946	453.995189221638	159.09240950814518	0.0	0.0	0.0	0.0	0.0	4.0	4.0	4.0	4.0	4.0	4.0
4157.610270075752	-0.00018104330389754716	-7.883592313853193	453.9753395289296	157.5418285441055	0.0	0.0	0.0	0.0	0.0	4.0	4.0	4.0	4.0	4.0	4.0
4159.159882550622	-0.00014223035998551427	-7.883842788304368	453.9561273277831	155.9913852619303	0.0	0.0	0.0	0.0	0.0	4.0	4.0	4.0	4.0	4.0	4.0
4160.709495025491	-0.00010341741607348139	-7.884033117733471	453.9373170232168	154.44109092504516	0.0	0.0	0.0	0.0	0.0	4.0	4.0	4.0	4.0	4.0	4.0
4162.25910750036	-6.460447216147128e-05	-7.884163302140501	453.91865848762535	152.8909577310179	0.0	0.0	0.0	0.0	0.0	4.0	4.0	4.0	4.0	4.0	4.0
4163.808719975231	-2.5791528249415616e-05	-7.884233341525459	453.8998860995663	151.3409986645233	0.0	0.0	0.0	0.0	0.0	4.0	4.0	4.0	4.0	4.0	4.0
4165.3583324501005	1.3021415662617269e-05	-7.884243235888343	453.88071793799946	149.79122733255352	0.0	0.0	0.0	0.0	0.0	4.0	4.0	4.0	4.0	4.0	4.0
4166.90794492497	5.183435957465016e-05	-7.884192985229156	453.8608556213576	148.24165776589945	0.0	0.0	0.0	0.0	0.0	4.0	4.0	4.0	4.0	4.0	4.0
4168.45755739984	9.064730348668304e-05	-7.884082589547896	453.8399847117039	146.69230418882475	0.0	0.0	0.0	0.0	0.0	4.0	4.0	4.0	4.0	4.0	4.0
4170.00716987471	0.00012946024739871593	-7.8839120488445635	453.81777592640407	145.1431807501369	0.0	0.0	0.0	0.0	0.0	4.0	4.0	4.0	4.0	4.0	4.0
4171.55678234958	0.0001682731913107716	-7.883681363119158	453.7938875844866	143.594301204796	0.0	0.0	0.0	0.0	0.0	4.0	4.0	4.0	4.0	4.0	4.0
4173.10639482445	0.0002070861352228045	-7.88339053237168	453.7679694310453	142.04567854590655	0.0	0.0	0.0	0.0	0.0	4.0	4.0	4.0	4.0	4.0	4.0
4174.65600729932	0.00024589907913483735	-7.883039556602131	453.7396678440559	140.4973245934428	0.0	0.0	0.0	0.0	0.0	4.0	4.0	4.0	4.0	4.0	4.0
4176.2056197741895	0.00028471202304687025	-7.882628435810508	453.7086329653635	138.9492495330271	0.0	0.0	0.0	0.0	0.0	4.0	4.0	4.0	4.0	4.0	4.0
4177.755232249059	0.00032352496695890314	-7.8821571699968125	453.6745401864512	137.4014610673579	0.0	0.0	0.0	0.0	0.0	4.0	4.0	4.0	4.0	4.0	4.0
4179.304844723929	0.00036233791087093603	-7.881625759161045	453.6371192423153	135.85396342930414	0.0	0.0	0.0	0.0	0.0	4.0	4.0	4.0	4.0	4.0	4.0
4180.854457198799	0.00040115085478296893	-7.881034203303205	453.5961517091199	134.3067573761846	0.0	0.0	0.0	0.0	0.0	4.0	4.0	4.0	4.0	4.0	4.0
4182.404069673669	0.0004399637986950246	-7.880382502423292	453.55145098112513	132.75984068605575	0.0	0.0	0.0	0.0	0.0	4.0	4.0	4.0	4.0	4.0	4.0
4183.953682148538	0.00047877674260703466	-7.8796706565213075	453.5028531895291	131.21320833414148	0.0	0.0	0.0	0.0	0.0	4.0	4.0	4.0	4.0	4.0	4.0
4185.503294623408	0.0005175896865190676	-7.87889866559725	453.45020560479946	129.66685271865796	0.0	0.0	0.0	0.0	0.0	4.0	4.0	4.0	4.0	4.0	4.0
4187.052907098278	0.0005564026304311232	-7.878066529651119	453.3933531064828	128.12076389584675	0.0	0.0	0.0	0.0	0.0	4.0	4.0	4.0	4.0	4.0	4.0
4188.602519573148	0.0005952155743431561	-7.877174248682916	453.3321271572516	126.5749296945348	0.0	0.0	0.0	0.0	0.0	4.0	4.0	4.0	4.0	4.0	4.0
4190.152132048017	0.0006340285182551662	-7.876221822692642	453.2663340607619	125.02933578146724	0.0	0.0	0.0	0.0	0.0	4.0	4.0	4.0	4.0	4.0	4.0
4191.701744522888	0.0006728414621672219	-7.875209251680293	453.1957379463651	123.48396575515466	0.0	0.0	0.0	0.0	0.0	4.0	4.0	4.0	4.0	4.0	4.0
4193.251356997757	0.0007116544060792548	-7.8741365356458735	453.12005246582567	121.93880093188342	0.0	0.0	0.0	0.0	0.0	4.0	4.0	4.0	4.0	4.0	4.0
4194.800969472627	0.0007043118414761019	-7.873007699946068	453.0389793887573	120.39380738071026	0.0	0.0	0.0	0.0	0.0	4.0	4.0	4.0	4.0	4.0	4.0
4196.350581947497	0.00033307572665660176	-7.872203925587641	452.9521992577661	118.8478682765256	0.0	0.0	0.0	0.0	0.0	4.0	4.0	4.0	4.0	4.0	4.0
4197.900194422366	-3.816038816289837e-05	-7.871975423343861	452.85920906861463	117.30033286729812	0.0	0.0	0.0	0.0	0.0	4.0	4.0	4.0	4.0	4.0	4.0
4199.449806897236	-0.0004093965029823985	-7.872322193214727	452.75964908138394	115.75131521370088	0.0	0.0	0.0	0.0	0.0	4.0	4.0	4.0	4.0	4.0	4.0
4200.999419372107	-0.0007806326178021165	-7.873244235200241	452.6531534313846	114.2009517932042	0.0	0.0	0.0	0.0	0.0	4.0	4.0	4.0	4.0	4.0	4.0
4202.5490318469765	-0.0011518687326216167	-7.874741549300401	452.5393391338155	112.64940025965412	0.0	0.0	0.0	0.0	0.0	4.0	4.0	4.0	4.0	4.0	4.0
4204.098644321846	-0.0015231048474411168	-7.876814135515207	452.4177940478264	111.09683840717057	0.0	0.0	0.0	0.0	0.0	4.0	4.0	4.0	4.0	4.0	4.0
4205.648256796716	-0.0018943409622606169	-7.879461993844659	452.2880654843534	109.54346345150894	0.0	0.0	0.0	0.0	0.0	4.0	4.0	4.0	4.0	4.0	4.0
4207.197869271586	-0.002265577077080117	-7.882685124288758	452.1496480231525	107.9894918057227	0.0	0.0	0.0	0.0	0.0	4.0	4.0	4.0	4.0	4.0	4.0
4208.747481746455	-0.0026368131918996173	-7.8864835268475035	452.0019733295879	106.43515942372228	0.0	0.0	0.0	0.0	0.0	4.0	4.0	4.0	4.0	4.0	4.0
4210.297094221325	-0.003008049306719117	-7.8908572015208955	451.8444098551736	104.88072251339128	0.0	0.0	0.0	0.0	0.0	4.0	4.0	4.0	4.0	4.0	4.0
4211.846706696195	-0.0033792854215386175	-7.895806148308934	451.67627500315695	103.32645829909112	0.0	0.0	0.0	0.0	0.0	4.0	4.0	4.0	4.0	4.0	4.0
4213.3963191710645	-0.003750521536358118	-7.901330367211619	451.4968493704523	101.7726658550776	0.0	0.0	0.0	0.0	0.0	4.0	4.0	4.0	4.0	4.0	4.0
4214.945931645934	-0.004121757651177618	-7.90742985822895	451.3053828376009	100.21966733007852	0.0	0.0	0.0	0.0	0.0	4.0	4.0	4.0	4.0	4.0	4.0
4216.495544120805	-0.004492993765997336	-7.914104621360932	451.1010964334405	98.66780954611107	0.0	0.0	0.0	0.0	0.0	4.0	4.0	4.0	4.0	4.0	4.0
4218.045156595675	-0.0048642298808168356	-7.921354656607557	450.8831829357828	97.11746592460092	0.0	0.0	0.0	0.0	0.0	4.0	4.0	4.0	4.0	4.0	4.0
4219.594769070543	-0.005235465995636118	-7.9291799639688225	450.65081343472355	95.5690382555412	0.0	0.0	0.0	0.0	0.0	4.0	4.0	4.0	4.0	4.0	4.0
4221.144381545415	-0.005606702110456054	-7.93758054344475	450.4031646191475	94.02295672802369	0.0	0.0	0.0	0.0	0.0	4.0	4.0	4.0	4.0	4.0	4.0
4222.693994020285	-0.005977938225275554	-7.946556395035315	450.1394597372502	92.47967750055813	0.0	0.0	0.0	0.0	0.0	4.0	4.0	4.0	4.0	4.0	4.0
4224.243606495154	-0.0063491743400950545	-7.9561075187405255	449.85900713004406	90.93967821623012	0.0	0.0	0.0	0.0	0.0	4.0	4.0	4.0	4.0	4.0	4.0
4225.793218970024	-0.006720410454914554	-7.966233914560383	449.56122698601104	89.40345219154482	0.0	0.0	0.0	0.0	0.0	4.0	4.0	4.0	4.0	4.0	4.0
4227.342831444894	-0.007091646569734054	-7.976935582494886	449.245649424704	87.87150378078412	0.0	0.0	0.0	0.0	0.0	4.0	4.0	4.0	4.0	4.0	4.0
4228.8924439197635	-0.007462882684553555	-7.988212522544036	448.9118905237884	86.34434597944278	0.0	0.0	0.0	0.0	0.0	4.0	4.0	4.0	4.0	4.0	4.0
4230.442056394633	-0.007834118799373055	-8.000064734707832	448.5596341500614	84.82249804796366	0.0	0.0	0.0	0.0	0.0	4.0	4.0	4.0	4.0	4.0	4.0
4231.991668869503	-0.008205354914192555	-8.012492218986276	448.18862614638454	83.30648189167188	0.0	0.0	0.0	0.0	0.0	4.0	4.0	4.0	4.0	4.0	4.0
4233.541281344373	-0.008576591029012055	-8.025494975379365	447.7986748075469	81.79681731905123	0.0	0.0	0.0	0.0	0.0	4.0	4.0	4.0	4.0	4.0	4.0
4235.090893819242	-0.008947827143831555	-8.039073003887102	447.38965031245186	80.29401699539848	0.0	0.0	0.0	0.0	0.0	4.0	4.0	4.0	4.0	4.0	4.0
4236.640506294112	-0.009319063258651056	-8.053226304509485	446.96147766677865	78.79858226846744	0.0	0.0	0.0	0.0	0.0	4.0	4.0	4.0	4.0	4.0	4.0
4238.190118768982	-0.009690299373470556	-8.067954877246514	446.51412534705736	77.31100006428213	0.0	0.0	0.0	0.0	0.0	4.0	4.0	4.0	4.0	4.0	4.0
4239.739731243852	-0.010061535488290056	-8.083258722098188	446.04759534086935	75.83174007037077	0.0	0.0	0.0	0.0	0.0	4.0	4.0	4.0	4.0	4.0	4.0
4241.289343718722	-0.010432771603109774	-8.09913783906452	445.56191630781433	74.36125173517587	0.0	0.0	0.0	0.0	0.0	4.0	4.0	4.0	4.0	4.0	4.0
4242.838956193592	-0.010804007717929274	-8.11559222814549	445.0571385931888	72.89996114467064	0.0	0.0	0.0	0.0	0.0	4.0	4.0	4.0	4.0	4.0	4.0
4244.388568668461	-0.011175243832748556	-8.132621889341094	444.5333299310196	71.44826792781784	0.0	0.0	0.0	0.0	0.0	4.0	4.0	4.0	4.0	4.0	4.0
4245.938181143331	-0.011170933106340073	-8.14997316544732	443.99038974357575	70.00638524782768	0.0	0.0	0.0	0.0	0.0	4.0	4.0	4.0	4.0	4.0	4.0
4247.487793618201	-0.011111370769203793	-8.167237633474512	443.4283151718222	68.57422172894512	0.0	0.0	0.0	0.0	0.0	4.0	4.0	4.0	4.0	4.0	4.0
4249.037406093071	-0.011051808432067513	-8.184409802961044	442.84713903495305	67.15192263167691	0.0	0.0	0.0	0.0	0.0	4.0	4.0	4.0	4.0	4.0	4.0
4250.587018567941	-0.010992246094931197	-8.201489673906925	442.24687567132133	65.73965497773877	0.0	0.0	0.0	0.0	0.0	4.0	4.0	4.0	4.0	4.0	4.0
4252.13663104281	-0.010932683757794952	-8.21847724631213	441.6275488890828	64.33759478018125	0.0	0.0	0.0	0.0	0.0	4.0	4.0	4.0	4.0	4.0	4.0
4253.68624351768	-0.010873121420658672	-8.235372520176686	440.98919167773727	62.94592635974487	0.0	0.0	0.0	0.0	0.0	4.0	4.0	4.0	4.0	4.0	4.0
4255.235855992551	-0.010813559083522358	-8.252175495500591	440.33184604319706	61.564841669546645	0.0	0.0	0.0	0.0	0.0	4.0	4.0	4.0	4.0	4.0	4.0
4256.78546846742	-0.010753996746386078	-8.26888617228383	439.65556296387786	60.19453960963785	0.0	0.0	0.0	0.0	0.0	4.0	4.0	4.0	4.0	4.0	4.0
4258.33508094229	-0.010694434409249798	-8.285504550526408	438.96040244370903	58.83522532307113	0.0	0.0	0.0	0.0	0.0	4.0	4.0	4.0	4.0	4.0	4.0
4259.88469341716	-0.010634872072113518	-8.302030630228328	438.2464336328216	57.48710947106622	0.0	0.0	0.0	0.0	0.0	4.0	4.0	4.0	4.0	4.0	4.0
4261.43430589203	-0.010575309734977202	-8.318464411389598	437.5137349833176	56.150407490857965	0.0	0.0	0.0	0.0	0.0	4.0	4.0	4.0	4.0	4.0	4.0
4262.983918366899	-0.010515747397840957	-8.334805894010191	436.7623944075392	54.825338844828515	0.0	0.0	0.0	0.0	0.0	4.0	4.0	4.0	4.0	4.0	4.0
4264.533530841769	-0.010456185060704677	-8.351055078090136	435.99250941090867	53.512126272127695	0.0	0.0	0.0	0.0	0.0	4.0	4.0	4.0	4.0	4.0	4.0
4266.0831433166395	-0.010396622723568363	-8.36721196362943	435.2041871740325	52.21099505717319	0.0	0.0	0.0	0.0	0.0	4.0	4.0	4.0	4.0	4.0	4.0
4267.632755791508	-0.010337060386432118	-8.383276550628047	434.39754455941454	50.92217233335918	0.0	0.0	0.0	0.0	0.0	4.0	4.0	4.0	4.0	4.0	4.0
4269.182368266378	-0.010277498049295838	-8.399248839086015	433.5727080240645	49.64588644125184	0.0	0.0	0.0	0.0	0.0	4.0	4.0	4.0	4.0	4.0	4.0
4270.731980741249	-0.010217935712159523	-8.415128829003333	432.7298134299169	48.38236635767904	0.0	0.0	0.0	0.0	0.0	4.0	4.0	4.0	4.0	4.0	4.0
4272.281593216118	-0.010158373375023243	-8.430916520379983	431.8690057580178	47.13184120508796	0.0	0.0	0.0	0.0	0.0	4.0	4.0	4.0	4.0	4.0	4.0
4273.831205690988	-0.010098811037886962	-8.446611913215973	430.99043874649334	45.89453984094887	0.0	0.0	0.0	0.0	0.0	4.0	4.0	4.0	4.0	4.0	4.0
4275.380818165859	-0.010039248700750647	-8.462215007511315	430.0942744873828	44.67069051379841	0.0	0.0	0.0	0.0	0.0	4.0	4.0	4.0	4.0	4.0	4.0
4276.9304306407275	-0.009979686363614402	-8.47772580326598	429.18068303509386	43.46052055415231	0.0	0.0	0.0	0.0	0.0	4.0	4.0	4.0	4.0	4.0	4.0
4278.480043115597	-0.009920124026478122	-8.493144300479994	428.24984208385865	42.264256055723735	0.0	0.0	0.0	0.0	0.0	4.0	4.0	4.0	4.0	4.0	4.0
4280.029655590468	-0.009860561689341808	-8.508470499153358	427.30193670841805	41.08212153997095	0.0	0.0	0.0	0.0	0.0	4.0	4.0	4.0	4.0	4.0	4.0
4281.579268065338	-0.009800999352205528	-8.523704399286055	426.33715899059746	39.91433973333388	0.0	0.0	0.0	0.0	0.0	4.0	4.0	4.0	4.0	4.0	4.0
4283.128880540207	-0.009741437015069248	-8.538846000878094	425.3557072608287	38.76113169778269	0.0	0.0	0.0	0.0	0.0	4.0	4.0	4.0	4.0	4.0	4.0
4284.678493015077	-0.009681874677932967	-8.553895303929473	424.3577849631347	37.622717376616365	0.0	0.0	0.0	0.0	0.0	4.0	4.0	4.0	4.0	4.0	4.0
4286.228105489947	-0.009622312340796687	-8.568852308440194	423.3435995385216	36.499316285763776	0.0	0.0	0.0	0.0	0.0	4.0	4.0	4.0	4.0	4.0	4.0
4287.7777179648165	-0.009562750003660407	-8.583717014410256	422.3133617090545	35.39114801499482	0.0	0.0	0.0	0.0	0.0	4.0	4.0	4.0	4.0	4.0	4.0
4289.327330439687	-0.009503187666524093	-8.598489421839668	421.2672853017759	34.29843234618347	0.0	0.0	0.0	0.0	0.0	4.0	4.0	4.0	4.0	4.0	4.0
4290.876942914556	-0.009443625329387847	-8.613169530728404	420.20558769915385	33.221388810122015	0.0	0.0	0.0	0.0	0.0	4.0	4.0	4.0	4.0	4.0	4.0
4292.426555389426	-0.009384062992251568	-8.627757341076489	419.12849128877394	32.1602351964671	0.0	0.0	0.0	0.0	0.0	4.0	4.0	4.0	4.0	4.0	4.0
4293.976167864296	-0.009324500655115251	-8.642252852883924	418.0362270434545	31.11518367223821	0.0	0.0	0.0	0.0	0.0	4.0	4.0	4.0	4.0	4.0	4.0
4295.525780339166	-0.009335726680345824	-8.656688107154737	416.92913012626343	30.08646606398263	0.0	0.0	0.0	0.0	0.0	4.0	4.0	4.0	4.0	4.0	4.0
4297.075392814036	-0.009397338699760649	-8.671202603057518	415.8077569945256	29.07451468366572	0.0	0.0	0.0	0.0	0.0	4.0	4.0	4.0	4.0	4.0	4.0
4298.625005288905	-0.009458950719175475	-8.685812573714188	414.6724520421755	28.079509917857475	0.0	0.0	0.0	0.0	0.0	4.0	4.0	4.0	4.0	4.0	4.0
4300.174617763775	-0.0095205627385903	-8.700518019124743	413.5235714919153	27.10154284222083	0.0	0.0	0.0	0.0	0.0	4.0	4.0	4.0	4.0	4.0	4.0
4301.724230238646	-0.009582174758005163	-8.715318939289194	412.36149057365344	26.14066527999886	0.0	0.0	0.0	0.0	0.0	4.0	4.0	4.0	4.0	4.0	4.0
4303.273842713515	-0.009643786777419951	-8.730215334207516	411.1865932516049	25.196897331791856	0.0	0.0	0.0	0.0	0.0	4.0	4.0	4.0	4.0	4.0	4.0
4304.823455188385	-0.009705398796834814	-8.745207203879742	409.9992630237687	24.27023522081848	0.0	0.0	0.0	0.0	0.0	4.0	4.0	4.0	4.0	4.0	4.0
4306.373067663255	-0.009767010816249639	-8.760294548305847	408.7998737613372	23.360660720927186	0.0	0.0	0.0	0.0	0.0	4.0	4.0	4.0	4.0	4.0	4.0
4307.922680138125	-0.009828622835664465	-8.775477367485838	407.5887777663743	22.468156124334634	0.0	0.0	0.0	0.0	0.0	4.0	4.0	4.0	4.0	4.0	4.0
4309.472292612994	-0.00989023485507929	-8.790755661419716	406.36630384314344	21.59270848146779	0.0	0.0	0.0	0.0	0.0	4.0	4.0	4.0	4.0	4.0	4.0
4311.021905087864	-0.009951846874494116	-8.806129430107482	405.13276624969865	20.734299251492317	0.0	0.0	0.0	0.0	0.0	4.0	4.0	4.0	4.0	4.0	4.0
4312.571517562734	-0.010013458893908941	-8.821598673549135	403.8884678414509	19.892900136433404	0.0	0.0	0.0	0.0	0.0	4.0	4.0	4.0	4.0	4.0	4.0
4314.121130037604	-0.010075070913323802	-8.837163391744683	402.63369892327626	19.068474425705283	0.0	0.0	0.0	0.0	0.0	4.0	4.0	4.0	4.0	4.0	4.0
4315.670742512473	-0.010136682932738592	-8.852823584694102	401.3687367593842	18.26097755216384	0.0	0.0	0.0	0.0	0.0	4.0	4.0	4.0	4.0	4.0	4.0
4317.220354987343	-0.010198294952153419	-8.868579252397415	400.0938448378995	17.470358101361075	0.0	0.0	0.0	0.0	0.0	4.0	4.0	4.0	4.0	4.0	4.0
4318.7699674622145	-0.010259906971568316	-8.884430394854636	398.8092724832593	16.696558394900002	0.0	0.0	0.0	0.0	0.0	4.0	4.0	4.0	4.0	4.0	4.0
4320.319579937083	-0.010321518990983105	-8.900377012065716	397.5152545329344	15.939515017248189	0.0	0.0	0.0	0.0	0.0	4.0	4.0	4.0	4.0	4.0	4.0
4321.869192411952	-0.010383131010397895	-8.916419104030682	396.21201117136906	15.19915909923624	0.0	0.0	0.0	0.0	0.0	4.0	4.0	4.0	4.0	4.0	4.0
4323.418804886824	-0.010444743029812792	-8.932556670749564	394.8997478137492	14.475416487790577	0.0	0.0	0.0	0.0	0.0	4.0	4.0	4.0	4.0	4.0	4.0
4324.968417361692	-0.010506355049227582	-8.948789712222304	393.5786550680855	13.76820771285687	0.0	0.0	0.0	0.0	0.0	4.0	4.0	4.0	4.0	4.0	4.0
4326.518029836562	-0.010567967068642407	-8.96511822844894	392.2489087883944	13.077447665986462	0.0	0.0	0.0	0.0	0.0	4.0	4.0	4.0	4.0	4.0	4.0
4328.067642311432	-0.010629579088057233	-8.981542219429466	390.91067022891775	12.403044884192555	0.0	0.0	0.0	0.0	0.0	4.0	4.0	4.0	4.0	4.0	4.0
4329.6172547863025	-0.010691191107472095	-8.998061685163886	389.5640861872684	11.744900566116652	0.0	0.0	0.0	0.0	0.0	4.0	4.0	4.0	4.0	4.0	4.0
4331.166867261172	-0.010752803126886921	-9.014676625652184	388.2092889970227	11.102907560758627	0.0	0.0	0.0	0.0	0.0	4.0	4.0	4.0	4.0	4.0	4.0
4332.716479736041	-0.01081441514630171	-9.03138704089436	386.8463962982558	10.476949497707652	0.0	0.0	0.0	0.0	0.0	4.0	4.0	4.0	4.0	4.0	4.0
4334.266092210912	-0.010876027165716572	-9.048192930890444	385.4755105974154	9.866900083065069	0.0	0.0	0.0	0.0	0.0	4.0	4.0	4.0	4.0	4.0	4.0
4335.815704685781	-0.010937639185131397	-9.065094295640403	384.09671864352225	9.272622549645718	0.0	0.0	0.0	0.0	0.0	4.0	4.0	4.0	4.0	4.0	4.0
4337.365317160651	-0.010999251204546224	-9.08209113514425	382.71009063849607	8.693969266616278	0.0	0.0	0.0	0.0	0.0	4.0	4.0	4.0	4.0	4.0	4.0
4338.914929635521	-0.011060863223961048	-9.099183449401984	381.31567928185456	8.130781564398674	0.0	0.0	0.0	0.0	0.0	4.0	4.0	4.0	4.0	4.0	4.0
4340.4645421103905	-0.011122475243375875	-9.116371238413606	379.9135186519453	7.582889847524063	0.0	0.0	0.0	0.0	0.0	4.0	4.0	4.0	4.0	4.0	4.0
4342.01415458526	-0.0111840872627907	-9.133654502179114	378.5036229313375	7.050114082647074	0.0	0.0	0.0	0.0	0.0	4.0	4.0	4.0	4.0	4.0	4.0
4343.563767060131	-0.01124569928220556	-9.15103324069852	377.08598499455235	6.532264753774004	0.0	0.0	0.0	0.0	0.0	4.0	4.0	4.0	4.0	4.0	4.0
4345.113379535001	-0.011181374951551864	-9.168478741886364	375.6604959029306	6.029178836677359	0.0	0.0	0.0	0.0	0.0	4.0	4.0	4.0	4.0	4.0	4.0
4346.66299200987	-0.01081499997340987	-9.185521670379181	374.2260996664592	5.540398190580367	0.0	0.0	0.0	0.0	0.0	4.0	4.0	4.0	4.0	4.0	4.0
4348.21260448474	-0.010448624995267877	-9.201996859635388	372.7826109702522	5.065579317663157	0.0	0.0	0.0	0.0	0.0	4.0	4.0	4.0	4.0	4.0	4.0
4349.762216959611	-0.010082250017125668	-9.217904309654996	371.3302255477501	4.604651018732535	0.0	0.0	0.0	0.0	0.0	4.0	4.0	4.0	4.0	4.0	4.0
4351.3118294344795	-0.009715875038983891	-9.233244020437976	369.8691695021987	4.157549259179495	0.0	0.0	0.0	0.0	0.0	4.0	4.0	4.0	4.0	4.0	4.0
4352.861441909349	-0.009349500060841898	-9.248015991984355	368.3996973208256	3.724219079695699	0.0	0.0	0.0	0.0	0.0	4.0	4.0	4.0	4.0	4.0	4.0
4354.41105438422	-0.008983125082699689	-9.262220224294134	366.9220900406402	3.3046169386412076	0.0	0.0	0.0	0.0	0.0	4.0	4.0	4.0	4.0	4.0	4.0
4355.960666859089	-0.00861675010455791	-9.275856717367288	365.43665362063985	2.898712982375781	0.0	0.0	0.0	0.0	0.0	4.0	4.0	4.0	4.0	4.0	4.0
4357.510279333959	-0.008250375126415702	-9.28892547120385	363.943717548182	2.5064925344815094	0.0	0.0	0.0	0.0	0.0	4.0	4.0	4.0	4.0	4.0	4.0
4359.059891808829	-0.00788400014827371	-9.301426485803795	362.4436336393436	2.127956116384964	0.0	0.0	0.0	0.0	0.0	4.0	4.0	4.0	4.0	4.0	4.0
4360.609504283699	-0.007517625170131715	-9.31335976116713	360.93677489968394	1.7631177126335422	0.0	0.0	0.0	0.0	0.0	4.0	4.0	4.0	4.0	4.0	4.0
4362.159116758568	-0.007151250191989722	-9.324725297293856	359.42353425093523	1.4120016225657397	0.0	0.0	0.0	0.0	0.0	4.0	4.0	4.0	4.0	4.0	4.0
4363.708729233438	-0.006784875213847729	-9.335523094183973	357.9043229580401	1.0746386067883682	0.0	0.0	0.0	0.0	0.0	4.0	4.0	4.0	4.0	4.0	4.0
4365.258341708308	-0.006418500235705736	-9.345753151837481	356.37956868416745	0.7510619169731636	0.0	0.0	0.0	0.0	0.0	4.0	4.0	4.0	4.0	4.0	4.0
4366.807954183178	-0.006052125257563742	-9.35541547025438	354.8497131834891	0.4413034629759709	0.0	0.0	0.0	0.0	0.0	4.0	4.0	4.0	4.0	4.0	4.0
4368.357566658047	-0.005685750279421749	-9.36451004943467	353.3152096782455	0.1453901290699477	0.0	0.0	0.0	0.0	0.0	4.0	4.0	4.0	4.0	4.0	4.0
4369.907179132917	-0.005319375301279756	-9.373036889378351	351.77651997042653	-0.1366598129908706	0.0	0.0	0.0	0.0	0.0	4.0	4.0	4.0	4.0	4.0	4.0
4371.456791607787	-0.004953000323137762	-9.380995990085424	350.23411133298833	-0.4048402061789241	0.0	0.0	0.0	0.0	0.0	4.0	4.0	4.0	4.0	4.0	4.0
4373.006404082657	-0.004586625344995554	-9.388387351555892	348.68845322349466	-0.6591603838497415	0.0	0.0	0.0	0.0	0.0	4.0	4.0	4.0	4.0	4.0	4.0
4374.556016557527	-0.004220250366853561	-9.395210973789746	347.14001386539235	-0.899648348993488	0.0	0.0	0.0	0.0	0.0	4.0	4.0	4.0	4.0	4.0	4.0
4376.105629032397	-0.0038538753887115674	-9.401466856786993	345.58925674607497	-1.1263537016174172	0.0	0.0	0.0	0.0	0.0	4.0	4.0	4.0	4.0	4.0	4.0
4377.655241507267	-0.003487500410569359	-9.40715500054763	344.03663708318953	-1.3393503071576585	0.0	0.0	0.0	0.0	0.0	4.0	4.0	4.0	4.0	4.0	4.0
4379.204853982137	-0.0031211254324273654	-9.412275405071659	342.4825983089176	-1.5387387134498316	0.0	0.0	0.0	0.0	0.0	4.0	4.0	4.0	4.0	4.0	4.0
4380.754466457006	-0.0027547504542855873	-9.416828070359074	340.92756861879786	-1.7246482770197378	0.0	0.0	0.0	0.0	0.0	4.0	4.0	4.0	4.0	4.0	4.0
4382.304078931877	-0.002388375476143379	-9.420812996409886	339.3719576300522	-1.8972389099658349	0.0	0.0	0.0	0.0	0.0	4.0	4.0	4.0	4.0	4.0	4.0
4383.853691406746	-0.0020220004980013857	-9.424230183224086	337.81615319317365	-2.056702353131539	0.0	0.0	0.0	0.0	0.0	4.0	4.0	4.0	4.0	4.0	4.0
4385.403303881616	-0.0016556255198593923	-9.427079630801677	336.26051839718116	-2.203262928076815	0.0	0.0	0.0	0.0	0.0	4.0	4.0	4.0	4.0	4.0	4.0
4386.952916356486	-0.001289250541717399	-9.429361339142659	334.70538880231715	-2.3371777932275486	0.0	0.0	0.0	0.0	0.0	4.0	4.0	4.0	4.0	4.0	4.0
4388.502528831355	-0.0009228755635754056	-9.431075308247033	333.1510699247829	-2.4587368035965604	0.0	0.0	0.0	0.0	0.0	4.0	4.0	4.0	4.0	4.0	4.0
4390.052141306225	-0.0005565005854334124	-9.432221538114797	331.59783498872804	-2.568262104511314	0.0	0.0	0.0	0.0	0.0	4.0	4.0	4.0	4.0	4.0	4.0
4391.601753781095	-0.00019012560729141903	-9.432800028745953	330.04592295361607	-2.666107525842784	0.0	0.0	0.0	0.0	0.0	4.0	4.0	4.0	4.0	4.0	4.0
4393.1513662559655	0.00017624937085078933	-9.4328107801405	328.49553681994905	-2.7526578325348225	0.0	0.0	0.0	0.0	0.0	4.0	4.0	4.0	4.0	4.0	4.0
4394.700978730835	0.0005200332901711093	-9.432254814449337	326.9468391999984	-2.828344021016848	0.0	0.0	0.0	0.0	0.0	4.0	4.0	4.0	4.0	4.0	4.0
4396.250591205705	0.0004995505505397223	-9.431464834529967	325.39898984113984	-2.8937184466412713	0.0	0.0	0.0	0.0	0.0	4.0	4.0	4.0	4.0	4.0	4.0
4397.800203680574	0.00047906781090834727	-9.430706594919448	323.85122432305906	-2.949176304912743	0.0	0.0	0.0	0.0	0.0	4.0	4.0	4.0	4.0	4.0	4.0
4399.349816155444	0.0004585850712769482	-9.429980095617783	322.30350965543346	-2.9951869058583145	0.0	0.0	0.0	0.0	0.0	4.0	4.0	4.0	4.0	4.0	4.0
4400.899428630314	0.00043810233164556117	-9.429285336624968	320.7558161812442	-3.0322451283805623	0.0	0.0	0.0	0.0	0.0	4.0	4.0	4.0	4.0	4.0	4.0
4402.449041105184	0.00041761959201417416	-9.428622317941008	319.2081175049544	-3.060870509874645	0.0	0.0	0.0	0.0	0.0	4.0	4.0	4.0	4.0	4.0	4.0
4403.9986535800535	0.00039713685238278716	-9.427991039565898	317.6603904095868	-3.081604948338296	0.0	0.0	0.0	0.0	0.0	4.0	4.0	4.0	4.0	4.0	4.0
4405.548266054923	0.0003766541127514001	-9.427391501499642	316.11261475916984	-3.0950083624087856	0.0	0.0	0.0	0.0	0.0	4.0	4.0	4.0	4.0	4.0	4.0
4407.097878529794	0.00035617137312000106	-9.426823703742237	314.56477338011297	-3.10165223675752	0.0	0.0	0.0	0.0	0.0	4.0	4.0	4.0	4.0	4.0	4.0
4408.647491004664	0.00033568863348861405	-9.426287646293686	313.0168519156058	-3.1021116243144995	0.0	0.0	0.0	0.0	0.0	4.0	4.0	4.0	4.0	4.0	4.0
4410.197103479533	0.000315205893857227	-9.425783329153985	311.4688386511797	-3.0969562970516296	0.0	0.0	0.0	0.0	0.0	4.0	4.0	4.0	4.0	4.0	4.0
4411.746715954403	0.00029472315422584	-9.425310752323137	309.92072431350135	-3.086741904983997	0.0	0.0	0.0	0.0	0.0	4.0	4.0	4.0	4.0	4.0	4.0
4413.296328429273	0.00027424041459445293	-9.424869915801143	308.37250184823	-3.072001949679731	0.0	0.0	0.0	0.0	0.0	4.0	4.0	4.0	4.0	4.0	4.0
4414.8459409041425	0.0002537576749630659	-9.424460819587999	306.82416618537127	-3.053241226270019	0.0	0.0	0.0	0.0	0.0	4.0	4.0	4.0	4.0	4.0	4.0
4416.395553379013	0.00023327493533166688	-9.424083463683708	305.2757140015723	-3.030931050873	0.0	0.0	0.0	0.0	0.0	4.0	4.0	4.0	4.0	4.0	4.0
4417.945165853882	0.00021279219570029186	-9.42373784808827	303.72714348810666	-3.0055063250867127	0.0	0.0	0.0	0.0	0.0	4.0	4.0	4.0	4.0	4.0	4.0
4419.494778328752	0.00019230945606890486	-9.423423972801684	302.17845413170477	-2.977364409461267	0.0	0.0	0.0	0.0	0.0	4.0	4.0	4.0	4.0	4.0	4.0
4421.044390803623	0.00017182671643749378	-9.42314183782395	300.629646513381	-2.9468655560647883	0.0	0.0	0.0	0.0	0.0	4.0	4.0	4.0	4.0	4.0	4.0
4422.594003278492	0.00015134397680611876	-9.42289144315507	299.08072212788795	-2.9143344598355636	0.0	0.0	0.0	0.0	0.0	4.0	4.0	4.0	4.0	4.0	4.0
4424.143615753362	0.00013086123717473175	-9.42267278879504	297.5316832243266	-2.88006251035129	0.0	0.0	0.0	0.0	0.0	4.0	4.0	4.0	4.0	4.0	4.0
4425.693228228232	0.0001103784975433327	-9.422485874743863	295.9825326670573	-2.8443104033153985	0.0	0.0	0.0	0.0	0.0	4.0	4.0	4.0	4.0	4.0	4.0
4427.242840703102	8.989575791194567e-05	-9.42233070100154	294.43327381523574	-2.8073108976508987	0.0	0.0	0.0	0.0	0.0	4.0	4.0	4.0	4.0	4.0	4.0
4428.792453177972	6.941301828055863e-05	-9.422207267568067	292.88391041904123	-2.769271588974662	0.0	0.0	0.0	0.0	0.0	4.0	4.0	4.0	4.0	4.0	4.0
4430.3420656528415	4.8930278649171615e-05	-9.422115574443447	291.33444653036275	-2.7303775436541815	0.0	0.0	0.0	0.0	0.0	4.0	4.0	4.0	4.0	4.0	4.0
4431.891678127711	2.8447539017784587e-05	-9.42205562162768	289.78488642577105	-2.690793700079975	0.0	0.0	0.0	0.0	0.0	4.0	4.0	4.0	4.0	4.0	4.0
4433.441290602581	7.96479938639756e-06	-9.422027409120766	288.23523453999206	-2.6506670413174205	0.0	0.0	0.0	0.0	0.0	4.0	4.0	4.0	4.0	4.0	4.0
4434.990903077451	-1.2517940244989467e-05	-9.422030936922702	286.6854954083045	-2.6101285462713295	0.0	0.0	0.0	0.0	0.0	4.0	4.0	4.0	4.0	4.0	4.0
4436.540515552321	-3.3000679876388514e-05	-9.422066205033492	285.1356736164916	-2.569294927352173	0.0	0.0	0.0	0.0	0.0	4.0	4.0	4.0	4.0	4.0	4.0
4438.09012802719	-5.3483419507763525e-05	-9.422133213453133	283.58577375718403	-2.528270167295008	0.0	0.0	0.0	0.0	0.0	4.0	4.0	4.0	4.0	4.0	4.0
4439.63974050206	-7.396615913915055e-05	-9.422231962181627	282.0358003916014	-2.487146872283225	0.0	0.0	0.0	0.0	0.0	4.0	4.0	4.0	4.0	4.0	4.0
4441.1893529769295	-9.444889877053758e-05	-9.422362451218975	280.48575801591664	-2.446007461343413	0.0	0.0	0.0	0.0	0.0	4.0	4.0	4.0	4.0	4.0	4.0
4442.738965451799	-0.0001149316384019246	-9.422524680565173	278.9356510315398	-2.4049252128032803	0.0	0.0	0.0	0.0	0.0	4.0	4.0	4.0	4.0	4.0	4.0
4444.28857792667	-0.00013541437803332365	-9.422718650220224	277.3854837187859	-2.3639651877844243	0.0	0.0	0.0	0.0	0.0	4.0	4.0	4.0	4.0	4.0	4.0
4445.83819040154	-0.00013532482548491594	-9.422931734188472	275.8352895018407	-2.3231788493599645	0.0	0.0	0.0	0.0	0.0	4.0	4.0	4.0	4.0	4.0	4.0
4447.387802876409	-0.00012983631586313532	-9.423137182694713	274.2851316502841	-2.282622319164144	0.0	0.0	0.0	0.0	0.0	4.0	4.0	4.0	4.0	4.0	4.0
4448.937415351279	-0.0001243478062413547	-9.423334126137977	272.735010913439	-2.242343811387073	0.0	0.0	0.0	0.0	0.0	4.0	4.0	4.0	4.0	4.0	4.0
4450.487027826149	-0.00011885929661957406	-9.423522564518262	271.18492596740055	-2.202382681282576	0.0	0.0	0.0	0.0	0.0	4.0	4.0	4.0	4.0	4.0	4.0
4452.036640301019	-0.00011337078699779021	-9.423702497835569	269.6348754866458	-2.162773382529712	0.0	0.0	0.0	0.0	0.0	4.0	4.0	4.0	4.0	4.0	4.0
4453.586252775888	-0.00010788227737601279	-9.423873926089897	268.08485815123527	-2.1235459482332546	0.0	0.0	0.0	0.0	0.0	4.0	4.0	4.0	4.0	4.0	4.0
4455.135865250759	-0.00010239376775422895	-9.424036849281247	266.5348726528702	-2.0847264259881717	0.0	0.0	0.0	0.0	0.0	4.0	4.0	4.0	4.0	4.0	4.0
4456.6854777256285	-9.690525813244831e-05	-9.424191267409618	264.9849176999819	-2.046337271768303	0.0	0.0	0.0	0.0	0.0	4.0	4.0	4.0	4.0	4.0	4.0
4458.235090200498	-9.141674851066768e-05	-9.424337180475012	263.4349920219282	-2.008397706661728	0.0	0.0	0.0	0.0	0.0	4.0	4.0	4.0	4.0	4.0	4.0
4459.784702675368	-8.592823888888705e-05	-9.424474588477427	261.885094372443	-1.9709240399645755	0.0	0.0	0.0	0.0	0.0	4.0	4.0	4.0	4.0	4.0	4.0
4461.334315150238	-8.043972926710641e-05	-9.424603491416864	260.3352235324114	-1.9339299617051644	0.0	0.0	0.0	0.0	0.0	4.0	4.0	4.0	4.0	4.0	4.0
4462.883927625107	-7.495121964532578e-05	-9.424723889293322	258.7853783120628	-1.897426807341125	0.0	0.0	0.0	0.0	0.0	4.0	4.0	4.0	4.0	4.0	4.0
4464.433540099977	-6.946271002354516e-05	-9.424835782106802	257.23555755265266	-1.8614237971487395	0.0	0.0	0.0	0.0	0.0	4.0	4.0	4.0	4.0	4.0	4.0
4465.983152574848	-6.39742004017613e-05	-9.424939169857304	255.6857601276992	-1.825928252681705	0.0	0.0	0.0	0.0	0.0	4.0	4.0	4.0	4.0	4.0	4.0
4467.532765049717	-5.848569077998067e-05	-9.425034052544827	254.13598494383604	-1.7909457925888042	0.0	0.0	0.0	0.0	0.0	4.0	4.0	4.0	4.0	4.0	4.0
4469.082377524586	-5.299718115820326e-05	-9.425120430169372	252.5862309413202	-1.7564805098351055	0.0	0.0	0.0	0.0	0.0	4.0	4.0	4.0	4.0	4.0	4.0
4470.631989999457	-4.750867153641941e-05	-9.425198302730937	251.0364970942504	-1.722535132172201	0.0	0.0	0.0	0.0	0.0	4.0	4.0	4.0	4.0	4.0	4.0
4472.181602474327	-4.2020161914638775e-05	-9.425267670229527	249.48678241054057	-1.689111167467297	0.0	0.0	0.0	0.0	0.0	4.0	4.0	4.0	4.0	4.0	4.0
4473.731214949196	-3.653165229285814e-05	-9.425328532665135	247.93708593165644	-1.6562090353630083	0.0	0.0	0.0	0.0	0.0	4.0	4.0	4.0	4.0	4.0	4.0
4475.280827424066	-3.104314267107751e-05	-9.425380890037767	246.38740673217657	-1.6238281865667503	0.0	0.0	0.0	0.0	0.0	4.0	4.0	4.0	4.0	4.0	4.0
4476.830439898936	-2.5554633049296878e-05	-9.42542474234742	244.83774391918436	-1.591967210936002	0.0	0.0	0.0	0.0	0.0	4.0	4.0	4.0	4.0	4.0	4.0
4478.380052373806	-2.0066123427513023e-05	-9.425460089594095	243.28809663152143	-1.5606239354201354	0.0	0.0	0.0	0.0	0.0	4.0	4.0	4.0	4.0	4.0	4.0
4479.929664848676	-1.4577613805732393e-05	-9.425486931777792	241.73846403892557	-1.5297955128142355	0.0	0.0	0.0	0.0	0.0	4.0	4.0	4.0	4.0	4.0	4.0
4481.479277323546	-9.089104183951761e-06	-9.42550526889851	240.18884534105928	-1.4994785022328945	0.0	0.0	0.0	0.0	0.0	4.0	4.0	4.0	4.0	4.0	4.0
4483.028889798416	-3.600594562171129e-06	-9.425515100956249	238.63923976646183	-1.4696689420598077	0.0	0.0	0.0	0.0	0.0	4.0	4.0	4.0	4.0	4.0	4.0
4484.578502273285	1.887915059609503e-06	-9.42551642795101	237.08964657142585	-1.4403624159362314	0.0	0.0	0.0	0.0	0.0	4.0	4.0	4.0	4.0	4.0	4.0
4486.128114748155	7.376424681390135e-06	-9.425509249882793	235.54006503881575	-1.4115541122488402	0.0	0.0	0.0	0.0	0.0	4.0	4.0	4.0	4.0	4.0	4.0
4487.677727223025	1.2864934303170767e-05	-9.425493566751598	233.9904944768386	-1.3832388775897493	0.0	0.0	0.0	0.0	0.0	4.0	4.0	4.0	4.0	4.0	4.0
4489.227339697894	1.83534439249514e-05	-9.425469378557425	232.44093421777535	-1.3554112646700047	0.0	0.0	0.0	0.0	0.0	4.0	4.0	4.0	4.0	4.0	4.0
4490.776952172765	2.3841953546735252e-05	-9.425436685300273	230.89138361668137	-1.3280655751599246	0.0	0.0	0.0	0.0	0.0	4.0	4.0	4.0	4.0	4.0	4.0
4492.326564647635	2.9330463168515882e-05	-9.425395486980142	229.3418420500663	-1.3011958978782732	0.0	0.0	0.0	0.0	0.0	4.0	4.0	4.0	4.0	4.0	4.0
4493.8761771225045	3.4818972790296515e-05	-9.425345783597033	227.79230891454785	-1.274796142777307	0.0	0.0	0.0	0.0	0.0	4.0	4.0	4.0	4.0	4.0	4.0
4495.425789597375	3.664718915289834e-05	-9.42528906682787	226.24278176137383	-1.2488618052864	0.0	0.0	0.0	0.0	0.0	4.0	4.0	4.0	4.0	4.0	4.0
4496.975402072243	3.5176646466668815e-05	-9.425233417272036	224.69325024107525	-1.2233863133577314	0.0	0.0	0.0	0.0	0.0	4.0	4.0	4.0	4.0	4.0	4.0
4498.525014547114	3.3706103780436704e-05	-9.425180046487492	223.1437130492184	-1.19836149421244	0.0	0.0	0.0	0.0	0.0	4.0	4.0	4.0	4.0	4.0	4.0
4500.074627021983	3.223556109420545e-05	-9.425128954474241	221.59417041795595	-1.1737808336427729	0.0	0.0	0.0	0.0	0.0	4.0	4.0	4.0	4.0	4.0	4.0
4501.624239496854	3.076501840797334e-05	-9.42508014123228	220.04462257331056	-1.1496377567107554	0.0	0.0	0.0	0.0	0.0	4.0	4.0	4.0	4.0	4.0	4.0
4503.173851971723	2.929447572174295e-05	-9.42503360676161	218.4950697352587	-1.125925644015353	0.0	0.0	0.0	0.0	0.0	4.0	4.0	4.0	4.0	4.0	4.0
4504.723464446593	2.782393303551084e-05	-9.424989351062234	216.9455121178004	-1.1026378462976298	0.0	0.0	0.0	0.0	0.0	4.0	4.0	4.0	4.0	4.0	4.0
4506.273076921462	2.6353390349280453e-05	-9.424947374134149	215.395949929059	-1.0797676977466004	0.0	0.0	0.0	0.0	0.0	4.0	4.0	4.0	4.0	4.0	4.0
4507.822689396333	2.4882847663048338e-05	-9.424907675977353	213.84638337135655	-1.0573085282174906	0.0	0.0	0.0	0.0	0.0	4.0	4.0	4.0	4.0	4.0	4.0
4509.372301871203	2.341230497681709e-05	-9.42487025659185	212.29681264132185	-1.0352536744728469	0.0	0.0	0.0	0.0	0.0	4.0	4.0	4.0	4.0	4.0	4.0
4510.921914346072	2.194176229058584e-05	-9.424835115977638	210.7472379299759	-1.0135964904878136	0.0	0.0	0.0	0.0	0.0	4.0	4.0	4.0	4.0	4.0	4.0
4512.471526820942	2.047121960435459e-05	-9.424802254134718	209.19765942283553	-0.9923303568269412	0.0	0.0	0.0	0.0	0.0	4.0	4.0	4.0	4.0	4.0	4.0
4514.021139295813	1.9000676918122478e-05	-9.42477167106309	207.64807730000985	-0.9714486890898976	0.0	0.0	0.0	0.0	0.0	4.0	4.0	4.0	4.0	4.0	4.0
4515.570751770682	1.7530134231891227e-05	-9.424743366762751	206.0984917363045	-0.9509449454336496	0.0	0.0	0.0	0.0	0.0	4.0	4.0	4.0	4.0	4.0	4.0
4517.120364245551	1.605959154566084e-05	-9.424717341233706	204.54890290131615	-0.9308126331994504	0.0	0.0	0.0	0.0	0.0	4.0	4.0	4.0	4.0	4.0	4.0
4518.669976720422	1.4589048859428726e-05	-9.42469359447595	202.99931095953104	-0.9110453146987793	0.0	0.0	0.0	0.0	0.0	4.0	4.0	4.0	4.0	4.0	4.0
4520.219589195291	1.3118506173198339e-05	-9.424672126489487	201.44971607043183	-0.8916366122562763	0.0	0.0	0.0	0.0	0.0	4.0	4.0	4.0	4.0	4.0	4.0
4521.76920167016	1.164796348696709e-05	-9.424652937274315	199.900118388582	-0.8725802126635008	0.0	0.0	0.0	0.0	0.0	4.0	4.0	4.0	4.0	4.0	4.0
4523.318814145031	1.0177420800734977e-05	-9.424636026830434	198.3505180637294	-0.8538698711409267	0.0	0.0	0.0	0.0	0.0	4.0	4.0	4.0	4.0	4.0	4.0
4524.868426619901	8.706878114503726e-06	-9.424621395157846	196.80091524089892	-0.8354994147380401	0.0	0.0	0.0	0.0	0.0	4.0	4.0	4.0	4.0	4.0	4.0
4526.41803909477	7.236335428272477e-06	-9.424609042256547	195.25131006047852	-0.8174627451081385	0.0	0.0	0.0	0.0	0.0	4.0	4.0	4.0	4.0	4.0	4.0
4527.967651569641	5.765792742040364e-06	-9.424598968126542	193.70170265831055	-0.7997538405892546	0.0	0.0	0.0	0.0	0.0	4.0	4.0	4.0	4.0	4.0	4.0
4529.517264044511	4.295250055809114e-06	-9.424591172767826	192.15209316578043	-0.7823667576282077	0.0	0.0	0.0	0.0	0.0	4.0	4.0	4.0	4.0	4.0	4.0
4531.0668765193805	2.8247073695778634e-06	-9.424585656180403	190.6024817098942	-0.7652956315655948	0.0	0.0	0.0	0.0	0.0	4.0	4.0	4.0	4.0	4.0	4.0
4532.61648899425	1.3541646833466135e-06	-9.42458241836427	189.05286841336272	-0.7485346767748752	0.0	0.0	0.0	0.0	0.0	4.0	4.0	4.0	4.0	4.0	4.0
4534.16610146912	-1.1637800288463658e-07	-9.42458145931943	187.50325339467847	-0.7320781862235872	0.0	0.0	0.0	0.0	0.0	4.0	4.0	4.0	4.0	4.0	4.0
4535.71571394399	-1.5869206891158866e-06	-9.424582779045881	185.95363676819	-0.7159205304825773	0.0	0.0	0.0	0.0	0.0	4.0	4.0	4.0	4.0	4.0	4.0
4537.265326418859	-3.0574633753471367e-06	-9.424586377543623	184.40401864417444	-0.7000561562560498	0.0	0.0	0.0	0.0	0.0	4.0	4.0	4.0	4.0	4.0	4.0
4538.814938893729	-4.528006061578387e-06	-9.424592254812657	182.85439912890644	-0.684479584550488	0.0	0.0	0.0	0.0	0.0	4.0	4.0	4.0	4.0	4.0	4.0
4540.364551368599	-5.998548747809637e-06	-9.424600410852982	181.30477832472525	-0.6691854086642386	0.0	0.0	0.0	0.0	0.0	4.0	4.0	4.0	4.0	4.0	4.0
4541.9141638434685	-7.4690914340408865e-06	-9.4246108456646	179.7551563300991	-0.6541682921327558	0.0	0.0	0.0	0.0	0.0	4.0	4.0	4.0	4.0	4.0	4.0
4543.463776318338	-8.939634120272137e-06	-9.424623559247506	178.20553323968733	-0.6394229669237352	0.0	0.0	0.0	0.0	0.0	4.0	4.0	4.0	4.0	4.0	4.0
4545.013388793208	-9.925605915635535e-06	-9.424638454043837	176.65590920531093	-0.624943956485573	0.0	0.0	0.0	0.0	0.0	4.0	4.0	4.0	4.0	4.0	4.0
4546.563001268079	-9.531291986374926e-06	-9.424653529369692	175.10628553103217	-0.6107258858961887	0.0	0.0	0.0	0.0	0.0	4.0	4.0	4.0	4.0	4.0	4.0
4548.112613742948	-9.136978057114546e-06	-9.424667993661764	173.5566626835807	-0.5967642180929975	0.0	0.0	0.0	0.0	0.0	4.0	4.0	4.0	4.0	4.0	4.0
4549.662226217818	-8.742664127854169e-06	-9.424681846920052	172.00704062477416	-0.5830539519457008	0.0	0.0	0.0	0.0	0.0	4.0	4.0	4.0	4.0	4.0	4.0
4551.211838692688	-8.348350198593789e-06	-9.424695089144556	170.45741931773568	-0.5695901569621672	0.0	0.0	0.0	0.0	0.0	4.0	4.0	4.0	4.0	4.0	4.0
4552.761451167558	-7.95403626933318e-06	-9.424707720335276	168.9077987268532	-0.5563679762475375	0.0	0.0	0.0	0.0	0.0	4.0	4.0	4.0	4.0	4.0	4.0
4554.311063642428	-7.559722340072801e-06	-9.424719740492213	167.35817881774483	-0.5433826299640271	0.0	0.0	0.0	0.0	0.0	4.0	4.0	4.0	4.0	4.0	4.0
4555.860676117297	-7.165408410812654e-06	-9.424731149615367	165.80855955721626	-0.5306294190555222	0.0	0.0	0.0	0.0	0.0	4.0	4.0	4.0	4.0	4.0	4.0
4557.4102885921675	-6.771094481552044e-06	-9.424741947704735	164.25894091322235	-0.5181037290092975	0.0	0.0	0.0	0.0	0.0	4.0	4.0	4.0	4.0	4.0	4.0
4558.959901067037	-6.376780552291665e-06	-9.42475213476032	162.7093228548384	-0.5058010334518384	0.0	0.0	0.0	0.0	0.0	4.0	4.0	4.0	4.0	4.0	4.0
4560.509513541907	-5.9824666230312865e-06	-9.424761710782121	161.1597053522147	-0.49371689741003	0.0	0.0	0.0	0.0	0.0	4.0	4.0	4.0	4.0	4.0	4.0
4562.059126016777	-5.588152693770908e-06	-9.424770675770139	159.61008837654504	-0.4818469801082219	0.0	0.0	0.0	0.0	0.0	4.0	4.0	4.0	4.0	4.0	4.0
4563.608738491647	-5.193838764510298e-06	-9.424779029724373	158.0604719000301	-0.4701870372104449	0.0	0.0	0.0	0.0	0.0	4.0	4.0	4.0	4.0	4.0	4.0
4565.158350966516	-4.799524835250152e-06	-9.424786772644824	156.51085589584758	-0.458732922454488	0.0	0.0	0.0	0.0	0.0	4.0	4.0	4.0	4.0	4.0	4.0
4566.707963441386	-4.405210905989773e-06	-9.424793904531489	154.9612403381095	-0.4474805886521473	0.0	0.0	0.0	0.0	0.0	4.0	4.0	4.0	4.0	4.0	4.0
4568.2575759162555	-4.0108969767293945e-06	-9.424800425384372	153.41162520183877	-0.4364260880410566	0.0	0.0	0.0	0.0	0.0	4.0	4.0	4.0	4.0	4.0	4.0
4569.807188391125	-3.6165830474690155e-06	-9.42480633520347	151.86201046293294	-0.4255655719870989	0.0	0.0	0.0	0.0	0.0	4.0	4.0	4.0	4.0	4.0	4.0
4571.356800865995	-3.222269118208637e-06	-9.424811633988785	150.3123960981343	-0.4148952900705245	0.0	0.0	0.0	0.0	0.0	4.0	4.0	4.0	4.0	4.0	4.0
4572.906413340866	-2.827955188948027e-06	-9.424816321740316	148.76278208499917	-0.4044115886167103	0.0	0.0	0.0	0.0	0.0	4.0	4.0	4.0	4.0	4.0	4.0
4574.456025815735	-2.4336412596876486e-06	-9.424820398458063	147.21316840187274	-0.3941109087425544	0.0	0.0	0.0	0.0	0.0	4.0	4.0	4.0	4.0	4.0	4.0
4576.005638290604	-2.0393273304275017e-06	-9.424823864142027	145.66355502785646	-0.3839897839926828	0.0	0.0	0.0	0.0	0.0	4.0	4.0	4.0	4.0	4.0	4.0
4577.555250765476	-1.6450134011666602e-06	-9.424826718792207	144.11394194277946	-0.3740448376402353	0.0	0.0	0.0	0.0	0.0	4.0	4.0	4.0	4.0	4.0	4.0
4579.1048632403445	-1.2506994719065131e-06	-9.424828962408602	142.564329127185	-0.3642727797250805	0.0	0.0	0.0	0.0	0.0	4.0	4.0	4.0	4.0	4.0	4.0
4580.654475715214	-8.563855426461346e-07	-9.424830594991215	141.0147165622871	-0.354670403898537	0.0	0.0	0.0	0.0	0.0	4.0	4.0	4.0	4.0	4.0	4.0
4582.204088190085	-4.6207161338552454e-07	-9.424831616540043	139.465104229959	-0.3452345841397721	0.0	0.0	0.0	0.0	0.0	4.0	4.0	4.0	4.0	4.0	4.0
4583.7537006649545	-6.775768412514603e-08	-9.424832027055087	137.91549211270754	-0.3359622714028517	0.0	0.0	0.0	0.0	0.0	4.0	4.0	4.0	4.0	4.0	4.0
4585.303313139824	3.265562451352325e-07	-9.424831826536348	136.3658801936458	-0.3268504902475584	0.0	0.0	0.0	0.0	0.0	4.0	4.0	4.0	4.0	4.0	4.0
4586.852925614694	7.20870174395611e-07	-9.424831014983825	134.8162684564746	-0.3178963355003253	0.0	0.0	0.0	0.0	0.0	4.0	4.0	4.0	4.0	4.0	4.0
4588.402538089564	1.1151841036559895e-06	-9.424829592397518	133.26665688545984	-0.3090969689843764	0.0	0.0	0.0	0.0	0.0	4.0	4.0	4.0	4.0	4.0	4.0
4589.952150564433	1.509498032916368e-06	-9.424827558777428	131.7170454654117	-0.3004496163509231	0.0	0.0	0.0	0.0	0.0	4.0	4.0	4.0	4.0	4.0	4.0
4591.501763039304	1.903811962176978e-06	-9.424824914123553	130.16743418166337	-0.2919515640357053	0.0	0.0	0.0	0.0	0.0	4.0	4.0	4.0	4.0	4.0	4.0
4593.051375514173	2.298125891437125e-06	-9.424821658435896	128.61782302005548	-0.2836001563577195	0.0	0.0	0.0	0.0	0.0	4.0	4.0	4.0	4.0	4.0	4.0
4594.600987989043	2.6924398206975035e-06	-9.424817791714453	127.06821196690782	-0.275392792775438	0.0	0.0	0.0	0.0	0.0	4.0	4.0	4.0	4.0	4.0	4.0
4596.150600463913	2.5895279590293135e-06	-9.424813696790368	125.5186009066723	-0.2673270267868587	0.0	0.0	0.0	0.0	0.0	4.0	4.0	4.0	4.0	4.0	4.0
4597.700212938783	2.483469720438606e-06	-9.424809766200124	123.96898973380289	-0.2594002601045512	0.0	0.0	0.0	0.0	0.0	4.0	4.0	4.0	4.0	4.0	4.0
4599.249825413652	2.3774114818479604e-06	-9.424805999959048	122.4193784538374	-0.2516100412952731	0.0	0.0	0.0	0.0	0.0	4.0	4.0	4.0	4.0	4.0	4.0
4600.799437888522	2.2713532432571904e-06	-9.424802398067143	120.86976707214885	-0.2439539669146166	0.0	0.0	0.0	0.0	0.0	4.0	4.0	4.0	4.0	4.0	4.0
4602.349050363392	2.1652950046664827e-06	-9.424798960524408	119.32015559395352	-0.2364296778398609	0.0	0.0	0.0	0.0	0.0	4.0	4.0	4.0	4.0	4.0	4.0
4603.898662838262	2.059236766075775e-06	-9.42479568733084	117.77054402430645	-0.2290348576646564	0.0	0.0	0.0	0.0	0.0	4.0	4.0	4.0	4.0	4.0	4.0
4605.4482753131315	1.9531785274850677e-06	-9.424792578486445	116.2209323681102	-0.2217672312498155	0.0	0.0	0.0	0.0	0.0	4.0	4.0	4.0	4.0	4.0	4.0
4606.997887788002	1.8471202888942978e-06	-9.424789633991217	114.67132063011722	-0.2146245634160766	0.0	0.0	0.0	0.0	0.0	4.0	4.0	4.0	4.0	4.0	4.0
4608.547500262872	1.74106205030359e-06	-9.42478685384516	113.12170881493738	-0.2076046577645284	0.0	0.0	0.0	0.0	0.0	4.0	4.0	4.0	4.0	4.0	4.0
4610.097112737741	1.6350038117129446e-06	-9.424784238048272	111.57209692703744	-0.2007053556101848	0.0	0.0	0.0	0.0	0.0	4.0	4.0	4.0	4.0	4.0	4.0
4611.646725212611	1.5289455731221749e-06	-9.424781786600553	110.0224849707439	-0.1939245350145075	0.0	0.0	0.0	0.0	0.0	4.0	4.0	4.0	4.0	4.0	4.0
4613.196337687481	1.4228873345314672e-06	-9.424779499502005	108.4728729502548	-0.1872601099031209	0.0	0.0	0.0	0.0	0.0	4.0	4.0	4.0	4.0	4.0	4.0
4614.745950162351	1.3168290959407595e-06	-9.424777376752626	106.92326086963423	-0.1807100292556112	0.0	0.0	0.0	0.0	0.0	4.0	4.0	4.0	4.0	4.0	4.0
4616.295562637221	1.2107708573499897e-06	-9.424775418352416	105.37364873281952	-0.1742722763556324	0.0	0.0	0.0	0.0	0.0	4.0	4.0	4.0	4.0	4.0	4.0
4617.84517511209	1.1047126187593443e-06	-9.424773624301377	103.82403654362813	-0.167944868090725	0.0	0.0	0.0	0.0	0.0	4.0	4.0	4.0	4.0	4.0	4.0
4619.39478758696	9.986543801686366e-07	-9.424771994599507	102.27442430575192	-0.1617258542929184	0.0	0.0	0.0	0.0	0.0	4.0	4.0	4.0	4.0	4.0	4.0
4620.9444000618305	8.925961415778668e-07	-9.424770529246805	100.72481202276856	-0.1556133171132762	0.0	0.0	0.0	0.0	0.0	4.0	4.0	4.0	4.0	4.0	4.0
4622.4940125367	7.865379029871592e-07	-9.424769228243274	99.17519969814366	-0.1496053704243814	0.0	0.0	0.0	0.0	0.0	4.0	4.0	4.0	4.0	4.0	4.0
4624.04362501157	6.804796643964516e-07	-9.424768091588913	97.62558733522935	-0.1437001592431322	0.0	0.0	0.0	0.0	0.0	4.0	4.0	4.0	4.0	4.0	4.0
4625.593237486441	5.744214258056816e-07	-9.42476711928372	96.07597493726996	-0.1378958591655296	0.0	0.0	0.0	0.0	0.0	4.0	4.0	4.0	4.0	4.0	4.0
4627.14284996131	4.68363187214974e-07	-9.424766311327698	94.5263625074074	-0.1321906758095845	0.0	0.0	0.0	0.0	0.0	4.0	4.0	4.0	4.0	4.0	4.0
4628.692462436179	3.623049486243286e-07	-9.424765667720845	92.97675004867978	-0.1265828442664603	0.0	0.0	0.0	0.0	0.0	4.0	4.0	4.0	4.0	4.0	4.0
4630.24207491105	2.5624671003355877e-07	-9.424765188463162	91.42713756402289	-0.1210706285601845	0.0	0.0	0.0	0.0	0.0	4.0	4.0	4.0	4.0	4.0	4.0
4631.791687385919	1.5018847144285112e-07	-9.424764873554647	89.87752505628123	-0.1156523211157409	0.0	0.0	0.0	0.0	0.0	4.0	4.0	4.0	4.0	4.0	4.0
4633.341299860789	4.4130232852143494e-08	-9.424764722995304	88.32791252820141	-0.1103262422351729	0.0	0.0	0.0	0.0	0.0	4.0	4.0	4.0	4.0	4.0	4.0
4634.890912335658	-6.192800573850189e-08	-9.424764736785129	86.7782999824401	-0.1050907395815771	0.0	0.0	0.0	0.0	0.0	4.0	4.0	4.0	4.0	4.0	4.0
4636.440524810529	-1.6798624432927177e-07	-9.424764914924124	85.22868742156108	-0.0999441876708168	0.0	0.0	0.0	0.0	0.0	4.0	4.0	4.0	4.0	4.0	4.0
4637.990137285398	-2.740444829199794e-07	-9.42476525741229	83.67907484804662	-0.0948849873711397	0.0	0.0	0.0	0.0	0.0	4.0	4.0	4.0	4.0	4.0	4.0
4639.539749760268	-3.80102721510687e-07	-9.424765764249623	82.12946226429077	-0.0899115654108722	0.0	0.0	0.0	0.0	0.0	4.0	4.0	4.0	4.0	4.0	4.0
4641.089362235138	-4.861609601013947e-07	-9.424766435436126	80.57984967260607	-0.0850223738947211	0.0	0.0	0.0	0.0	0.0	4.0	4.0	4.0	4.0	4.0	4.0
4642.6389747100075	-5.922191986921023e-07	-9.4247672709718	79.0302370752249	-0.0802158898291484	0.0	0.0	0.0	0.0	0.0	4.0	4.0	4.0	4.0	4.0	4.0
4644.188587184877	-6.9827743728281e-07	-9.424768270856642	77.48062447430158	-0.0754906146574101	0.0	0.0	0.0	0.0	0.0	4.0	4.0	4.0	4.0	4.0	4.0
4645.738199659748	-7.049248938582857e-07	-9.424769379049433	75.93101187588088	-0.0708450352038463	0.0	0.0	0.0	0.0	0.0	4.0	4.0	4.0	4.0	4.0	4.0
4647.2878121346175	-6.743511117266855e-07	-9.424770447721086	74.38139929098911	-0.0662777178262106	0.0	0.0	0.0	0.0	0.0	4.0	4.0	4.0	4.0	4.0	4.0
4648.837424609487	-6.437773295950853e-07	-9.424771469015225	72.83178671930361	-0.0617872558286443	0.0	0.0	0.0	0.0	0.0	4.0	4.0	4.0	4.0	4.0	4.0
4650.387037084358	-6.132035474634673e-07	-9.424772442931848	71.28217415993723	-0.057372243953663	0.0	0.0	0.0	0.0	0.0	4.0	4.0	4.0	4.0	4.0	4.0
4651.936649559228	-5.826297653318672e-07	-9.424773369470957	69.73256161203324	-0.0530312992177097	0.0	0.0	0.0	0.0	0.0	4.0	4.0	4.0	4.0	4.0	4.0
4653.486262034096	-5.52055983200285e-07	-9.424774248632552	68.1829490747599	-0.0487630605124594	0.0	0.0	0.0	0.0	0.0	4.0	4.0	4.0	4.0	4.0	4.0
4655.035874508967	-5.214822010686669e-07	-9.424775080416634	66.63333654730894	-0.0445661882184336	0.0	0.0	0.0	0.0	0.0	4.0	4.0	4.0	4.0	4.0	4.0
4656.585486983837	-4.909084189370668e-07	-9.424775864823202	65.08372402890284	-0.0404393638311956	0.0	0.0	0.0	0.0	0.0	4.0	4.0	4.0	4.0	4.0	4.0
4658.1350994587065	-4.6033463680546663e-07	-9.424776601852255	63.53411151878507	-0.036381289599852	0.0	0.0	0.0	0.0	0.0	4.0	4.0	4.0	4.0	4.0	4.0
4659.684711933576	-4.297608546738665e-07	-9.424777291503792	61.984499016223914	-0.0323906881777699	0.0	0.0	0.0	0.0	0.0	4.0	4.0	4.0	4.0	4.0	4.0
4661.234324408446	-3.991870725422664e-07	-9.424777933777817	60.43488652051085	-0.0284663022854374	0.0	0.0	0.0	0.0	0.0	4.0	4.0	4.0	4.0	4.0	4.0
4662.783936883316	-3.686132904106663e-07	-9.424778528674327	58.88527403095985	-0.0246068943855262	0.0	0.0	0.0	0.0	0.0	4.0	4.0	4.0	4.0	4.0	4.0
4664.333549358185	-3.3803950827906616e-07	-9.424779076193325	57.33566154690672	-0.0208112463702128	0.0	0.0	0.0	0.0	0.0	4.0	4.0	4.0	4.0	4.0	4.0
4665.883161833056	-3.0746572614744805e-07	-9.424779576334807	55.786049067707545	-0.017078159260825	0.0	0.0	0.0	0.0	0.0	4.0	4.0	4.0	4.0	4.0	4.0
4667.432774307925	-2.768919440158659e-07	-9.424780029098773	54.236436592742535	-0.0134064529199169	0.0	0.0	0.0	0.0	0.0	4.0	4.0	4.0	4.0	4.0	4.0
4668.9823867827945	-2.4631816188426576e-07	-9.424780434485227	52.686824121406374	-0.0097949657758712	0.0	0.0	0.0	0.0	0.0	4.0	4.0	4.0	4.0	4.0	4.0
4670.531999257665	-2.1574437975264767e-07	-9.424780792494166	51.13721165311575	-0.0062425545603483	0.0	0.0	0.0	0.0	0.0	4.0	4.0	4.0	4.0	4.0	4.0
4672.081611732535	-1.8517059762104755e-07	-9.424781103125591	49.58759918730781	-0.0027480940589368	0.0	0.0	0.0	0.0	0.0	4.0	4.0	4.0	4.0	4.0	4.0
4673.631224207405	-1.5459681548944744e-07	-9.424781366379502	48.037986723435125	0.000689523124335	0.0	0.0	0.0	0.0	0.0	4.0	4.0	4.0	4.0	4.0	4.0
4675.180836682275	-1.2402303335782935e-07	-9.4247815822559	46.48837426096773	0.0040713867876626	0.0	0.0	0.0	0.0	0.0	4.0	4.0	4.0	4.0	4.0	4.0
4676.730449157145	-9.344925122622923e-08	-9.424781750754782	44.93876179939536	0.0073985693360535	0.0	0.0	0.0	0.0	0.0	4.0	4.0	4.0	4.0	4.0	4.0
4678.280061632015	-6.28754690946291e-08	-9.42478187187615	43.38914933822142	0.0106721259682723	0.0	0.0	0.0	0.0	0.0	4.0	4.0	4.0	4.0	4.0	4.0
4679.829674106884	-3.230168696302897e-08	-9.424781945620005	41.83953687696608	0.0138930948442639	0.0	0.0	0.0	0.0	0.0	4.0	4.0	4.0	4.0	4.0	4.0
4681.379286581754	-1.727904831428836e-09	-9.424781971986345	40.28992441516484	0.0170624972311605	0.0	0.0	0.0	0.0	0.0	4.0	4.0	4.0	4.0	4.0	4.0
4682.928899056624	2.8845877300171294e-08	-9.42478195097517	38.74031195236805	0.0201813376261386	0.0	0.0	0.0	0.0	0.0	4.0	4.0	4.0	4.0	4.0	4.0
4684.478511531494	5.9419659431789364e-08	-9.424781882586482	37.19069948813944	0.0232506038550908	0.0	0.0	0.0	0.0	0.0	4.0	4.0	4.0	4.0	4.0	4.0
4686.028124006363	8.999344156337155e-08	-9.42478176682028	35.64108702206022	0.0262712671473439	0.0	0.0	0.0	0.0	0.0	4.0	4.0	4.0	4.0	4.0	4.0
4687.577736481233	1.2056722369497167e-07	-9.424781603676562	34.091474553719486	0.0292442821886035	0.0	0.0	0.0	0.0	0.0	4.0	4.0	4.0	4.0	4.0	4.0
4689.127348956104	1.5114100582658976e-07	-9.424781393155332	32.54186208272196	0.032170587156888	0.0	0.0	0.0	0.0	0.0	4.0	4.0	4.0	4.0	4.0	4.0
4690.676961430973	1.8171478795818988e-07	-9.424781135256586	30.992249608686603	0.035051103749935	0.0	0.0	0.0	0.0	0.0	4.0	4.0	4.0	4.0	4.0	4.0
4692.226573905843	2.1228857008979e-07	-9.424780829980326	29.44263713124163	0.0378867372168655	0.0	0.0	0.0	0.0	0.0	4.0	4.0	4.0	4.0	4.0	4.0
4693.776186380714	2.4286235222140806e-07	-9.424780477326554	27.89302465002681	0.0406783764116556	0.0	0.0	0.0	0.0	0.0	4.0	4.0	4.0	4.0	4.0	4.0
4695.325798855582	2.5133872489247606e-07	-9.42478008519583	26.34341216504015	0.0434268825068628	0.0	0.0	0.0	0.0	0.0	4.0	4.0	4.0	4.0	4.0	4.0
4696.875411330452	2.3402548909131773e-07	-9.424779709132608	24.793799678567265	0.0461331108190516	0.0	0.0	0.0	0.0	0.0	4.0	4.0	4.0	4.0	4.0	4.0
4698.425023805323	2.167122532901492e-07	-9.424779359898194	23.244187191312353	0.0487979143939249	0.0	0.0	0.0	0.0	0.0	4.0	4.0	4.0	4.0	4.0	4.0
4699.974636280192	1.9939901748900102e-07	-9.424779037492586	21.694574703536343	0.0514221183084158	0.0	0.0	0.0	0.0	0.0	4.0	4.0	4.0	4.0	4.0	4.0
4701.524248755062	1.820857816878325e-07	-9.424778741915784	20.14496221548623	0.0540065326789915	0.0	0.0	0.0	0.0	0.0	4.0	4.0	4.0	4.0	4.0	4.0
4703.073861229932	1.6477254588667415e-07	-9.424778473167787	18.59534972740806	0.0565519533176602	0.0	0.0	0.0	0.0	0.0	4.0	4.0	4.0	4.0	4.0	4.0
4704.623473704802	1.474593100855158e-07	-9.424778231248599	17.045737239537132	0.0590591624942131	0.0	0.0	0.0	0.0	0.0	4.0	4.0	4.0	4.0	4.0	4.0
4706.173086179671	1.3014607428435744e-07	-9.424778016158216	15.496124752102798	0.0615289297369346	0.0	0.0	0.0	0.0	0.0	4.0	4.0	4.0	4.0	4.0	4.0
4707.72269865454	1.1283283848320924e-07	-9.424777827896637	13.946512265328634	0.0639620125527029	0.0	0.0	0.0	0.0	0.0	4.0	4.0	4.0	4.0	4.0	4.0
4709.272311129411	9.551960268204072e-08	-9.424777666463868	12.396899779428145	0.0663591568849712	0.0	0.0	0.0	0.0	0.0	4.0	4.0	4.0	4.0	4.0	4.0
4710.8219236042805	7.820636688088237e-08	-9.424777531859903	10.847287294614022	0.0687210970587365	0.0	0.0	0.0	0.0	0.0	4.0	4.0	4.0	4.0	4.0	4.0
4712.37153607915	6.089313107972401e-08	-9.424777424084743	9.297674811089292	0.0710485548931857	0.0	0.0	0.0	0.0	0.0	4.0	4.0	4.0	4.0	4.0	4.0
4713.921148554021	4.3579895278555493e-08	-9.424777343138391	7.748062329051087	0.0733422376072723	0.0	0.0	0.0	0.0	0.0	4.0	4.0	4.0	4.0	4.0	4.0
4715.470761028891	2.626665947739714e-08	-9.424777289020845	6.198449848693654	0.0756028341193271	0.0	0.0	0.0	0.0	0.0	4.0	4.0	4.0	4.0	4.0	4.0
4717.02037350376	8.953423676238785e-09	-9.424777261732105	4.648837370202989	0.0778310093700077	0.0	0.0	0.0	0.0	0.0	4.0	4.0	4.0	4.0	4.0	4.0
4718.56998597863	-8.35981212491957e-09	-9.42477726127217	3.099224893760727	0.0800273964236189	0.0	0.0	0.0	0.0	0.0	4.0	4.0	4.0	4.0	4.0	4.0
4720.1195984535	-2.5673047926077926e-08	-9.424777287641042	1.549612419543387	0.0821925861552605	0.0	0.0	0.0	0.0	0.0	4.0	4.0	4.0	4.0	4.0	4.0
4721.6692109283695	-4.298628372723628e-08	-9.424777340838721	-5.227748775168288e-08	0.0843271168387499	0.0	0.0	0.0	0.0	0.0	4.0	4.0	4.0	4.0	4.0	4.0
