abscissa	curvature	dir_mid_line	x_mid_line	y_mid_line	elevation	slope	banking	torsion	upsilon	width_no_kerbs_L	width_no_kerbs_R	width_kerbs_L	width_kerbs_R
0	5.1911704838263321036e-05	-0.8900776521305082678	0	0	-39.78899094	0.00242355125157	0.00302719548265	6.67087959318e-07	8.60562593719e-08	7.9558315	8.08909	8.0240205	8.108616
4.0004587387650634156	5.1536066764659287662e-05	-0.88987077486636101398	2.5180174087443472075	-3.1085781947290227478	-39.77929621	0.0024232530697	0.00303185922203	1.39120685039e-06	7.82680787012e-08	8.0098051	8.0959973	8.0369447	8.1359574
8.0009174775301268312	0.00017894232933065342805	-0.88940976548845740446	5.0369403377905337393	-6.2164226420711248267	-39.76960273	0.0024229273191	0.00303914618786	1.67082061108e-06	4.58958491346e-07	8.0580297	8.0975335	8.0504022	8.1644065
12.001376216295192023	0.0003067801876153263105	-0.88843821591377503122	7.5580881853396162384	-9.3224623048433095107	-39.75991061	0.00242257399979	0.00304851671821	1.81458023759e-06	8.43459695112e-07	8.1021337	8.0942563	8.0602623	8.1993228
16.001834955060243004	0.0004414791414737454173	-0.88694149380885578537	10.08306013306532023	-12.425393788088912927	-39.75021995	0.00242219311175	0.00305943115112	1.80692325994e-06	1.25201874308e-06	8.140557	8.0871655	8.0636795	8.1846815
20.002293693825258458	0.00055235809468333026736	-0.88495351428619939416	12.613459041954840245	-15.523900881424571807	-39.74053088	0.00242178465499	0.00307134982466	1.72217168281e-06	1.59093713158e-06	8.1714174	8.0775392	8.1032388	8.1423755
24.002752432590213516	0.00061763439684643184433	-0.8826131223376054713	15.150604593706887613	-18.616885728356049157	-39.73084349	0.00242134862951	0.00308373307689	1.61304885636e-06	1.79218027925e-06	8.1932256	8.0671386	8.1332393	8.1089988
28.003211171355079756	0.00061543916838266812027	-0.88014649921152798839	17.695246162841645088	-21.703706308018265503	-39.7211579	0.0024208850353	0.00309604124586	1.53244250562e-06	1.78609423571e-06	8.205219	8.0584661	8.1542528	8.0856281
32.003669910119938891	0.00053348949228253586281	-0.87784817290348349239	20.247316763503810932	-24.784387843446523902	-39.7114742	0.00242038375322	0.00310697925537	1.40571292104e-06	1.53109689098e-06	8.2076748	8.0542974	8.1655114	8.0719654
36.004128648884886843	0.00037785852668269768496	-0.87602514574757617272	22.805806022383610099	-27.859741220197893341	-39.70179257	0.00241985984167	0.00311656022354	1.306586885e-06	1.04475560108e-06	8.2020818	8.0564428	8.1737989	8.0666857
40.00458738764999822	0.00018353982320039644548	-0.87490229609345959716	25.368862246712133413	-30.931289887664323857	-39.6921131	0.00241931427574	0.00312444605983	1.24158443027e-06	4.34645261197e-07	8.1910313	8.0649195	8.1760889	8.0673708
44.005046126415123808	1.1215978339906407569e-05	-0.87451302050879664574	27.934217737136386006	-34.000918711420993645	-39.68243589	0.00241874506107	0.00313055450712	1.15373799553e-06	-1.09167230479e-07	8.1776912	8.078028	8.1754439	8.0710531
48.00550486518014992	-8.7485965629582391383e-05	-0.87466590459214654807	30.49986073188113167	-37.070307267702233389	-39.67276101	0.00241815143998	0.00313500343688	9.8945467711e-07	-4.23722305365e-07	8.164942	8.0927672	8.1744287	8.0751057
52.005963603945147611	-0.00010749335057306174616	-0.87505612367496055093	33.064589521354321278	-40.140459731960433487	-39.66308855	0.00241753350865	0.00313806359469	7.71287984755e-07	-4.91421297823e-07	8.1546416	8.1061943	8.1746041	8.0779628
56.006422342710187934	-7.9428317560743027441e-05	-0.87543006206281037684	35.628095783059990254	-43.21163305497481133	-39.65341858	0.0024168944895	0.00314009465558	5.66764120399e-07	-4.07646580941e-07	8.14749	8.1172329	8.1763609	8.0792476
60.006881081475263784	-4.0626019319024936436e-05	-0.87567011963691177012	38.190648025654709841	-46.283602463537249605	-39.64375119	0.00241623949085	0.00314147234515	4.26525389056e-07	-2.89151479081e-07	8.1433968	8.1268322	8.1793423	8.0795761
64.007339820240346739	-1.7234171514677018079e-05	-0.87578571052860187951	40.752669713310204713	-49.356014378390099751	-39.63408644	0.00241557419727	0.00314251607096	3.58968541593e-07	-2.18119368165e-07	8.1419265	8.1361404	8.1837597	8.0793996
68.00779855900542259	-2.0014705952951968027e-05	-0.87586008821000671531	43.314426375862211671	-52.428647274629391006	-39.62442436	0.00241490319349	0.00314342632099	3.42280449515e-07	-2.28460765064e-07	8.1424985	8.1456476	8.1758883	8.1034353
72.008257297770484229	-4.4971270462995736189e-05	-0.87599002612806797785	45.875891888610858871	-55.501522886303732207	-39.61476498	0.0024142302483	0.0031442552261	3.44333041745e-07	-3.07758168473e-07	8.1443003	8.1549855	8.1670924	8.1259129
76.008716036535545868	-7.7840334080677727044e-05	-0.87623572849228725801	48.43678836168178492	-58.574872735227273779	-39.60510829	0.00241355671996	0.00314494624336	3.35967946672e-07	-4.1147380732e-07	8.1462169	8.1632137	8.1588255	8.1478952
80.009174775300550664	-0.00010271097233047484063	-0.87659699252847589346	50.99674383767690955	-61.64900641924423752	-39.59545431	0.00241288383579	0.00314541183256	3.02410040043e-07	-4.89550895519e-07	8.1472663	8.1693972	8.1517878	8.168674
84.00963351406555546	-0.00010981890146160632816	-0.87702222882404134996	53.55547200108375705	-64.724161710473552489	-39.585803	0.00241221364841	0.00314561121603	2.45020338644e-07	-5.11460695816e-07	8.1473567	8.1730599	8.146351	8.1878505
88.010092252830560255	-9.8938821357897433839e-05	-0.87743987550933089103	56.11288546989541004	-67.800410438622122911	-39.57615437	0.0024115459313	0.00314557760705	1.7806639932e-07	-4.76422195099e-07	8.1473269	8.1742095	8.1426259	8.2053184
92.010550991595607684	-7.6878298193660158191e-05	-0.87779157204357172173	58.669103908275310744	-70.877652263815093647	-39.5665084	0.0024108838892	0.00314539913686	1.19806667789e-07	-4.05961286015e-07	8.1480527	8.1730808	8.1404561	8.2212315
96.011009730360697745	-5.2027446689252598334e-05	-0.87804938869683324398	61.224381537300729406	-73.955675374562972024	-39.55686508	0.00241022598567	0.00314518322178	7.97653918917e-08	-3.26485555363e-07	8.1497381	8.1700606	8.1395103	8.2359063
100.01146846912575938	-3.0224465094345615549e-05	-0.87821386571706772095	63.779012315858508941	-77.034235373906668087	-39.54722437	0.00240957547933	0.00314501702184	5.70552815061e-08	-2.56415254498e-07	8.1520192	8.1655901	8.1394056	8.2499737
104.01192720789082102	-1.3868276706686274405e-05	-0.87830201237244476253	66.33325980649505027	-80.113113394660516065	-39.53758626	0.00240893044774	0.00314494003292	4.22634811585e-08	-2.03366174612e-07	8.1545073	8.1600742	8.1397991	8.2647968
108.01238594665589687	-3.1216803850809471323e-06	-0.87833595380981466239	68.887325107309649752	-83.192142553041264819	-39.52795071	0.00240829293728	0.00314494220119	2.71152414865e-08	-1.67778782124e-07	8.1569378	8.153839	8.1404292	8.2503326
112.01284468542093009	2.9474556296382490966e-06	-0.87833627056024143887	71.441342473646912481	-86.271211472860386493	-39.5183177	0.00240766202966	0.0031449745982	6.58796287107e-09	-1.46844708682e-07	8.1591335	8.1471257	8.1411216	8.2118424
116.01330342418600594	5.6374348030050556771e-06	-0.87831907798393482611	73.995389294969058369	-89.350255960142007439	-39.50868719	0.0024070396061	0.00314497726659	-1.98196725301e-08	-1.3636561473e-07	8.1609912	8.1401023	8.1417757	8.1739439
120.01376216295108179	6.1863450970874095316e-06	-0.87829541599608207392	76.549501214611979094	-92.429246447583111035	-39.49905916	0.00240642532347	0.00314489627062	-5.04631779474e-08	-1.32552464915e-07	8.162462	8.1328826	8.1423452	8.1363402
124.01422090171614343	5.5713048484242382873e-06	-0.87827189285552831333	79.103686972909073916	-95.508175682225555647	-39.48943357	0.00240582012401	0.00314469517114	-8.31392417098e-08	-1.32283907567e-07	8.1635316	8.1255437	8.1428187	8.0988319
128.01467964048123349	4.4625768675060584564e-06	-0.87825182177056282384	81.657940351224638675	-98.58704882014268378	-39.47981038	0.00240522438238	0.00314435744154	-1.15833566706e-07	-1.33520000952e-07	8.1642055	8.1181403	8.1432045	8.0614083
132.0151383792462525	3.2603320817572031484e-06	-0.87823637532887399715	84.212248503231620589	-101.66587651665862779	-39.47018955	0.00240463783304	0.00314387746792	-1.4750079729e-07	-1.35015503846e-07	8.1644974	8.1107141	8.143519	8.0240564
136.01559711801132835	2.1635034017348049655e-06	-0.87822552837259093561	86.766597023670698263	-104.74467072162511272	-39.46057105	0.00240406154097	0.00314326241786	-1.77139806849e-07	-1.36174492805e-07	8.1644218	8.1032895	8.1437811	7.9867426
140.0160558567764042	1.2400830704789685345e-06	-0.87821872237880871381	89.320972540936637074	-107.82344252825387798	-39.45095484	0.0024034940138	0.00314251910101	-2.04733598171e-07	-1.36849778477e-07	8.1639923	8.0958714	8.1440082	7.9494176
144.01651459554145163	4.849671895488158356e-07	-0.87821527345595784553	91.875363671505695606	-110.90220138087870794	-39.44134087	0.0024029367866	0.00314166024927	-2.30024544981e-07	-1.37024134448e-07	8.1632199	8.0884636	8.1442149	7.9128849
148.01697333430649905	-1.3886355705657576541e-07	-0.87821458225203596903	94.429761040297748309	-113.98095505775334857	-39.43172912	0.00240238750043	0.00314069579539	-2.53381436053e-07	-1.36891008249e-07	8.1621139	8.0810821	8.1444135	7.8816783
152.01743207307157491	-6.7481944046121312943e-07	-0.87821621045450914966	96.984156876281261361	-117.05971000637599388	-39.42211956	0.00240184758807	0.00313963476807	-2.74775858672e-07	-1.3654236841e-07	8.1606823	8.0737614	8.1446142	7.8950121
156.01789081183662233	-1.1594314705388617001e-06	-0.87821987972158266356	99.538544504594810292	-120.13847176475586309	-39.41251213	0.00240131454923	0.00313848706739	-2.94672323896e-07	-1.36177005077e-07	8.1589323	8.0665534	8.1448255	7.9054748
160.01834955060169818	-1.6175071101170243067e-06	-0.87822543441287870269	102.0929179063720369	-123.21724532655179019	-39.40290683	0.00240078979646	0.00313725678345	-3.13018746857e-07	-1.35820144333e-07	8.156871	8.0595246	8.1450553	7.916015
164.01880828936677403	-2.062230945893909707e-06	-0.87823279485862648652	104.64727141297179003	-126.29603539471348483	-39.3933036	0.00240027170773	0.00313595283547	-3.30119849023e-07	-1.35571687483e-07	8.154505	8.0527502	8.1453109	7.9265806
168.01926702813182146	-2.4976453234173181011e-06	-0.87824191581181543231	107.20159953855785773	-129.37484652034143551	-39.38370244	0.00239976001521	0.00313457705264	-3.46058873834e-07	-1.3543640694e-07	8.1518414	8.0463086	8.1455995	7.9371139
172.01972576689689731	-2.9218136918158002265e-06	-0.87825275620222975625	109.7558969239050839	-132.45368314926693643	-39.37410331	0.00239925474535	0.00313313683966	-3.61001256717e-07	-1.35444375218e-07	8.1488867	8.0402757	8.1459281	7.9476065
176.02018450566197316	-3.3297096644153671442e-06	-0.87826526100333268676	112.31015835440345541	-135.5325496070759641	-39.36450619	0.00239875404268	0.00313163390988	-3.75133626488e-07	-1.35541342414e-07	8.1456477	8.0347201	8.1463027	7.9580522
180.02064324442704901	-3.7154031326707560366e-06	-0.87827935325295103386	114.86437881754373791	-138.61145005138598663	-39.35491107	0.00239825863782	0.00313007266213	-3.88516126919e-07	-1.35782282024e-07	8.1421303	8.0297	8.1467249	7.9684447
184.02110198319209644	-4.0734695698063559747e-06	-0.87829493326545970966	117.41855357310764418	-141.69038841359429171	-39.34531792	0.0023977660688	0.00312845551595	-4.01435916949e-07	-1.3609366337e-07	8.1383402	8.0252594	8.1472387	7.9787778
188.02156072195717229	-4.3997173736873577201e-06	-0.87831188211600053073	119.9726782185137921	-144.76936834466039272	-39.33572674	0.0023972769707	0.00312678320692	-4.13975934995e-07	-1.36529017044e-07	8.1342821	8.0214273	8.1482646	7.9890457
192.02201946072221972	-4.6914152807497707366e-06	-0.87833006703225813272	122.52674873999239935	-147.84839317265945624	-39.32613751	0.00239678910719	0.00312505883793	-4.26496315806e-07	-1.37051587202e-07	8.1299599	8.0182155	8.1416643	7.9992433
196.0224781994872103	-4.9472117459097010811e-06	-0.87834934707765255357	125.08076154640060906	-150.92746587475153319	-39.31655023	0.00239630226451	0.00312328070687	-4.38892216708e-07	-1.37628879123e-07	8.1253768	8.0156183	8.1323777	8.0093659
200.02293693825231458	-5.1669074218426124453e-06	-0.87836957821605621266	127.63471348634540448	-154.00658906300958506	-39.30696489	0.00239581582226	0.00312145155846	-4.51562973708e-07	-1.3829791402e-07	8.1205346	8.0136146	8.1230752	8.0194095
204.023395677017362	-5.3512341041794013127e-06	-0.8783906174775752973	130.18860185110622751	-157.08576498203572669	-39.29738151	0.00239532852728	0.00311956842748	-4.64502180649e-07	-1.38943577433e-07	8.1154346	8.0121712	8.1138783	8.0293704
208.02385441578240943	-5.5017328763565903052e-06	-0.8784123264364946948	132.74242436589435101	-160.16499551625929598	-39.28780007	0.00239484109126	0.00311763197188	-4.77887182662e-07	-1.39698728216e-07	8.1100769	8.0112433	8.1047699	8.039237
212.02431315454745686	-5.6208325621888457799e-06	-0.87843457460169382944	135.29617917074415345	-163.24428220583661187	-39.27822058	0.00239435174131	0.00311563950513	-4.91851614449e-07	-1.4044354927e-07	8.1044608	8.0107732	8.0957492	8.0490007
216.02477189331256113	-5.7121664172496042664e-06	-0.87845724359629284717	137.84986478999420001	-166.32362627201561622	-39.26864306	0.00239386041674	0.00311358802055	-5.06568728958e-07	-1.41253178847e-07	8.0985847	8.0106872	8.0868184	8.0591631
220.02523063207760856	-5.7811500153367001133e-06	-0.87848023312762724135	140.40348008640808075	-169.40302865523509013	-39.25906751	0.00239336658614	0.00311147559436	-5.22186896904e-07	-1.42079028611e-07	8.0924463	8.0108929	8.0779789	8.0617144
224.02568937084268441	-5.8357521204726207228e-06	-0.87850346965943781896	142.95702419294778451	-172.48249007174899816	-39.24949394	0.00239286909955	0.00310929717765	-5.38707673629e-07	-1.42908426599e-07	8.0860427	8.011278	8.0692319	8.0632448
228.02614810960776026	-5.8872011582548437397e-06	-0.87852691804118598906	145.51049641321674244	-175.56201109621750334	-39.23992237	0.00239236891001	0.00310705106999	-5.56343728256e-07	-1.43812289348e-07	8.0793705	8.0117104	8.0605783	8.0645588
232.02660684837280769	-5.9504655329570929582e-06	-0.87855059556239378793	148.06389608214036002	-178.64159227724761081	-39.23035281	0.00239186488552	0.00310473103	-5.75026559815e-07	-1.44700443986e-07	8.0724261	8.012041	8.0520189	8.0657829
236.02706558713788354	-6.041881556137192366e-06	-0.87857458221940676335	150.61722238625279147	-181.72123428639770282	-39.22078526	0.00239135783178	0.00310233375924	-5.94954055508e-07	-1.45753151865e-07	8.065206	8.0121095	8.0435548	8.0669138
240.02752432590295939	-6.1743930865744791649e-06	-0.87859901666257256281	153.17047417191790259	-184.80093807714825971	-39.21121976	0.00239084773369	0.00309985333696	-6.15946818114e-07	-1.46854280416e-07	8.0577061	8.0117526	8.0351876	8.067948
244.02798306466803524	-6.3533236014184183639e-06	-0.87862407410854559409	155.72364979430165022	-187.88070501004918356	-39.20165629	0.00239033381358	0.00309728486265	-6.38067061628e-07	-1.48089890216e-07	8.0499224	8.010815	8.0269192	8.0688832
248.02844180343308267	-6.5754073635399236806e-06	-0.87864993386738088343	158.27674705369716435	-190.96053690541893388	-39.1920949	0.00238981779338	0.00309462410111	-6.61255653213e-07	-1.49353494084e-07	8.0418519	8.0091607	8.0187527	8.0697166
252.0289005421981301	-6.8303323218064705441e-06	-0.87867674804435091929	160.82976323263736163	-194.04043601247951756	-39.18253557	0.00238929858521	0.00309186597278	-6.85444182526e-07	-1.5061280951e-07	8.0334934	8.0066839	8.0106914	8.070445
256.02935928096320595	-7.1033204256622782354e-06	-0.87870461850785985813	163.38269521775038129	-197.12040490824986705	-39.17297832	0.00238877814174	0.00308900718736	-7.10599361679e-07	-1.51860198651e-07	8.0248475	8.0033187	8.0027395	8.0710674
260.02981801972822495	-7.3777731933547691258e-06	-0.87873358432088788383	165.93553967652354686	-200.20044635095055696	-39.16342316	0.0023882556495	0.00308604298204	-7.36619930465e-07	-1.52932116445e-07	8.0159164	7.9990559	7.9949013	8.0715757
264.0302767584933008	-7.637481388369247041e-06	-0.87876361888900356156	168.48829325738907414	-203.28056311411666002	-39.15387008	0.00238773232051	0.00308297170415	-7.63424558998e-07	-1.53955299362e-07	8.0067033	7.9939379	7.9871811	8.0717441
268.03073549725837665	-7.8682057433284019601e-06	-0.87879463469113805463	171.04095278629415589	-206.36075782367140619	-39.14431911	0.00238720865797	0.00307978887161	-7.908949429e-07	-1.5468850438e-07	7.9972124	7.9880324	7.979583	8.0707587
272.0311942360234525	-8.058623128704513994e-06	-0.87882649306375482112	173.59351544028950798	-209.44103281409621786	-39.13477022	0.00238668472037	0.00307649364767	-8.18781621274e-07	-1.5524645712e-07	7.9874477	7.9814121	7.9721108	8.0551887
276.03165297478847151	-8.2007315888904992073e-06	-0.87885901668522337093	176.14597888628807709	-212.5213900135118763	-39.12522344	0.00238616150022	0.00307308378014	-8.47216316749e-07	-1.55502125814e-07	7.9774131	7.9741421	7.9647674	8.0403789
280.03211171355354736	-8.2898624499044597442e-06	-0.8788920028924505079	178.69834137970144639	-215.60183086204770575	-39.11567874	0.00238563903637	0.00306955865533	-8.75892858623e-07	-1.5548154215e-07	7.9671112	7.9662719	7.9575551	8.0253721
284.03257045231856637	-8.3244163031034742138e-06	-0.87892523649076703673	181.25060182256515873	-218.6823562638065539	-39.10613613	0.00238511785719	0.00306591733621	-9.05000546619e-07	-1.55240477012e-07	7.9565438	7.9578319	7.9504753	8.0102155
288.03302919108369906	-8.305477565856442818e-06	-0.87895850126200902874	183.80275978409213167	-221.76296656997973855	-39.09659561	0.00238459856102	0.00306215910739	-9.34220127248e-07	-1.54703201698e-07	7.9457108	7.9488332	7.9435286	7.9949263
292.03348792984877491	-8.2364278498576786109e-06	-0.87899158992445292071	186.35481548815781139	-224.84366158936211377	-39.08705715	0.00238408068442	0.00305828465982	-9.63553353595e-07	-1.5402846443e-07	7.9346106	7.9392718	7.9367147	7.9795045
296.03394666861379392	-8.1227179426952889377e-06	-0.87902431286045834558	188.9067697721597483	-227.92444062257717974	-39.07752077	0.00238356542657	0.00305429333574	-9.92947537146e-07	-1.53086635714e-07	7.9232398	7.9291356	7.9300323	7.963951
300.03440540737886977	-7.9719149921922807437e-06	-0.8790565064781826754	191.45862401982600431	-231.00530251786679514	-39.06798644	0.00238305284402	0.00305018674907	-1.02214300444e-06	-1.5205449294e-07	7.9115931	7.9184165	7.9234828	7.9482677
304.03486414614394562	-7.7941757401527263281e-06	-0.87908804261224748888	194.01038006708668604	-234.08624574916856886	-39.05845415	0.00238254271812	0.00304596417482	-1.05141361358e-06	-1.50893955759e-07	7.8996636	7.9071267	7.9170869	7.9324567
308.03532288490902147	-7.6031963738169452526e-06	-0.87911884077056345888	196.56204007507241727	-237.16726852138933168	-39.0489239	0.00238203597483	0.00304162786677	-1.08033944956e-06	-1.49744762485e-07	7.8874431	7.8953083	7.9107248	7.9165211
312.03578162367404047	-7.4176243118986423723e-06	-0.87914888511101385582	199.11360635855149326	-240.2483689125434978	-39.03939567	0.00238153112504	0.00303717627617	-1.10938027963e-06	-1.48687170503e-07	7.874922	7.8830195	7.9013775	7.9004638
316.03624036243917317	-7.2626506505412687331e-06	-0.87917824743921724195	201.6650811529515579	-243.3295450667017974	-39.02986946	0.00238102942672	0.00303261104594	-1.13816274885e-06	-1.47816812179e-07	7.8620905	7.870313	7.8840814	7.8842876
320.03669910120424902	-7.171215409218523003e-06	-0.8792071158953292942	204.21646630137547618	-246.41079545312803134	-39.02034525	0.00238052790895	0.00302793095527	-1.16709131921e-06	-1.47306922042e-07	7.8489383	7.85722	7.8673611	7.8679944
324.03715783996932487	-7.1812247259279446767e-06	-0.87923582059245608544	206.76776285384318044	-249.49211919801908266	-39.01082304	0.00238002877579	0.00302313593996	-1.19582975365e-06	-1.47238894569e-07	7.8354559	7.8437502	7.8507921	7.8515889
328.03761657873440072	-7.3252042080373513927e-06	-0.87926483279526879144	209.31897062037990054	-252.57351645436273202	-39.00130283	0.0023795287797	0.00301822504094	-1.22471365635e-06	-1.47783459642e-07	7.8216355	7.8298994	7.834333	7.8351054
332.03807531749941973	-7.6202898087881065561e-06	-0.87929472325163959834	211.87008778979767953	-255.65498871730324026	-38.99178462	0.00237902938547	0.0030131965408	-1.25348581434e-06	-1.49023372692e-07	7.8074724	7.8156606	7.8179906	7.8178733
336.03853405626449558	-8.0633155934297384308e-06	-0.87932609067006906045	214.42111072806008565	-258.73653899073843832	-38.98226842	0.0023785276781	0.00300804972788	-1.28237601091e-06	-1.50959662086e-07	7.7929664	7.8010339	7.8017705	7.8002725
340.03899279502957143	-8.6309687212909994057e-06	-0.87935948070774661023	216.97203401685513313	-261.81817175499799077	-38.97275421	0.00237802392934	0.0030027819375	-1.31128796275e-06	-1.536401395e-07	7.7781212	7.7860341	7.7856798	7.7825365
344.03945153379459043	-9.2837499156635288266e-06	-0.87939531323491904047	219.52285073298810403	-264.89989273515601553	-38.96324204	0.00237751607666	0.00299739293555	-1.34038081329e-06	-1.56907330891e-07	7.7629446	7.7706965	7.7697273	7.7646653
348.03991027255960944	-9.971919403033997737e-06	-0.8794338294505875675	222.07355292341452468	-267.9817085074462284	-38.9537319	0.00237700252194	0.00299188089604	-1.36964733892e-06	-1.60720702655e-07	7.7474463	7.7550779	7.7539234	7.7466456
352.04036901132462845	-1.0642025660169377198e-05	-0.8794750639805395398	224.62413220542410386	-271.06362600220131753	-38.94422384	0.00237648205679	0.00298624514151	-1.39913811207e-06	-1.64919775903e-07	7.7316371	7.7392564	7.7382791	7.7284662
356.04082775008976114	-1.1242930597365423029e-05	-0.87951884210258968189	227.17458041367180499	-274.14565196819381754	-38.93471788	0.00237595147744	0.00298048511286	-1.42905341727e-06	-1.69416395458e-07	7.7155275	7.7233274	7.7228047	7.7101166
360.04128648885489383	-1.1730791464917024911e-05	-0.87956479899412476353	229.72489022086571708	-277.22779245900136402	-38.92521405	0.00237541036962	0.00297459929813	-1.45931503824e-06	-1.74142927288e-07	7.6991258	7.7073909	7.70751	7.6916022
364.041745227619856	-1.2072869474006953374e-05	-0.87961241656073008155	232.27505567095300876	-280.31005239202431767	-38.91571243	0.00237485382928	0.00296858796697	-1.49034491503e-06	-1.79001701394e-07	7.6824374	7.6915302	7.6924027	7.6729257
368.04220396638493185	-1.2250299030042502763e-05	-0.87966107341403942943	234.82507257757066554	-283.39243521921639513	-38.90621306	0.00237428247043	0.00296244800026	-1.52192722026e-06	-1.84071321906e-07	7.6654641	7.6758088	7.6774881	7.6525995
372.0426627051500077	-1.226014248867927353e-05	-0.87971010449198761005	237.37493875293972678	-286.47494273827686584	-38.89671601	0.00237369053016	0.00295617885592	-1.55475251166e-06	-1.89280489519e-07	7.6482035	7.6602829	7.6627691	7.6299996
376.04312144391514039	-1.2116992190120516728e-05	-0.87975886799096369995	239.92465404129794138	-289.55757506563986681	-38.88722137	0.00237307797384	0.00294977723926	-1.58846962501e-06	-1.94796155915e-07	7.630649	7.6450147	7.648246	7.6073021
380.04358018268010255	-1.1854208931123675535e-05	-0.87980681799039051061	242.47422013686698961	-292.64033078768784435	-38.87772924	0.00237243893944	0.00294323870634	-1.62397980888e-06	-2.00666335341e-07	7.6127906	7.6300797	7.6339165	7.5844262
384.04403892144523525	-1.1524440221626511562e-05	-0.87985358062055374351	245.02364017170089028	-295.72320730218422113	-38.86823972	0.00237177304359	0.00293655890903	-1.66087317533e-06	-2.07131186539e-07	7.5946151	7.6155639	7.6197769	7.561352
388.0444976602103111	-1.1198459057686901836e-05	-0.879899029002445765	247.5729180688140616	-298.80620135360521772	-38.85875292	0.00237107436479	0.00292972795971	-1.70021571869e-06	-2.14371335795e-07	7.5761078	7.601555	7.6058242	7.5380353
392.0449563989753301	-1.0960473266941221036e-05	-0.87994334658830464235	250.12205767843718718	-301.8893097475141758	-38.84926899	0.00237034235761	0.00292273991423	-1.74142470186e-06	-2.2267953987e-07	7.5572541	7.58813	7.592045	7.5148723
396.0454151377404628	-1.0896600049480954266e-05	-0.87998705825003531444	252.67106176160578457	-304.9725301908175652	-38.83978806	0.00236957077448	0.00291557964468	-1.78555555498e-06	-2.32286861869e-07	7.5380437	7.5753386	7.5782673	7.4965457
400.04587387650553865	-1.1071518235214276442e-05	-0.88003099129554573921	255.21993097342479473	-308.05586213192106015	-38.8303103	0.00236875973754	0.00290823934949	-1.83200881971e-06	-2.43409081352e-07	7.518472	7.5631631	7.5643481	7.4992506
404.0463326152706145	-1.1504023056151015052e-05	-0.88007614042016235611	257.76866311309760249	-311.13930738002295584	-38.82083587	0.00236790207052	0.00290070254666	-1.88153024984e-06	-2.55959192262e-07	7.4985398	7.5515818	7.538117	7.5003042
408.0467913540356335	-1.2155782374396508356e-05	-0.88012346113024941818	260.31725291401960476	-314.22287027774552826	-38.81136497	0.00236699835076	0.00289295875089	-1.93373809411e-06	-2.69910945249e-07	7.4782522	7.5406501	7.5126843	7.5011656
412.04725009280065251	-1.2936799668027341824e-05	-0.88017365171019823489	262.86569250571341172	-317.30655731839829059	-38.80189779	0.00236604255928	0.00288499369736	-1.9889266277e-06	-2.84799407643e-07	7.4576168	7.530473	7.4873702	7.5018594
416.04770883156572836	-1.372347039543999238e-05	-0.88022698241815733322	265.41397248840155498	-320.39037625708448331	-38.79243454	0.00236503396327	0.00287679409692	-2.04727094041e-06	-3.00330535462e-07	7.4366417	7.5211271	7.4622494	7.5023468
420.04816757033069052	-1.4383053076528480818e-05	-0.88028320993751929535	267.96208340974675366	-323.47433488989162242	-38.78297544	0.002363969394	0.00286835022473	-2.10838715377e-06	-3.15920214257e-07	7.4153333	7.5125832	7.4373481	7.502618
424.04862630909576637	-1.4798564290228496373e-05	-0.88034159073165108023	270.51001735375058388	-326.55843974106147698	-38.77352071	0.00236284557121	0.00285964923759	-2.17264645423e-06	-3.31205651465e-07	7.3936939	7.5046577	7.4126765	7.5026531
428.04908504786084222	-1.4889358080495050619e-05	-0.88040098546686929026	273.05776934403246514	-329.64269490428517884	-38.76407059	0.00236166463	0.00285068584839	-2.23926418012e-06	-3.45819120657e-07	7.3717206	7.4970068	7.388241	7.5022531
432.04954378662591807	-1.4624391551791753524e-05	-0.88046003121728322327	275.60533831339176913	-332.72710124299442214	-38.75462533	0.00236042034992	0.00284144996359	-2.30874280607e-06	-3.59462690909e-07	7.3494042	7.4891572	7.3640429	7.5018356
436.05000252539093708	-1.4026076322910935369e-05	-0.88051734795658231914	278.15272747992031555	-335.81165608128679878	-38.74518515	0.00235911905556	0.00283193690645	-2.38005990662e-06	-3.72209282625e-07	7.3267295	7.4805846	7.3400781	7.4871332
440.05046126415601293	-1.3163702452123948725e-05	-0.88057173964319701565	280.69994408386565965	-338.89635342287499498	-38.73575032	0.00235775437616	0.00282214127989	-2.45351728285e-06	-3.8396160143e-07	7.3036765	7.4708073	7.3163373	7.4726554
444.05092000292103194	-1.2135645241667440371e-05	-0.88062234659746085885	283.24699856767398387	-341.98118462954710139	-38.72632106	0.0023563325938	0.00281205378667	-2.52853083305e-06	-3.94909181639e-07	7.2802219	7.4594096	7.2928069	7.4578382
448.05137874168605094	-1.1039835949386673524e-05	-0.88066870322159951368	285.79390341963278388	-345.06613937682681126	-38.7168976	0.00235485116603	0.00280167572876	-2.60474032642e-06	-4.05126532414e-07	7.2563434	7.4460243	7.2694708	7.4428128
452.05183748045112679	-9.933158294827129097e-06	-0.88071065534106296457	288.34067204423450903	-348.15120658694695521	-38.7074802	0.00235331423363	0.00279099916443	-2.68118782722e-06	-4.144252414e-07	7.2320261	7.4303055	7.2463115	7.427612
456.05229621921625949	-8.7854007346280708039e-06	-0.88074810181626317362	290.88731815154068272	-351.23637493289407985	-38.69806903	0.0023517256687	0.00278003202588	-2.7575592435e-06	-4.2270064611e-07	7.2072572	7.4119106	7.2233114	7.4122525
460.05275495798133534	-7.4923834058907858884e-06	-0.88078067033680296216	293.43385610602973657	-354.3216325502565951	-38.68866434	0.00235008878194	0.00276877102713	-2.83301515884e-06	-4.29053506933e-07	7.1820177	7.390496	7.2004516	7.3967526
464.05321369674635434	-5.9429566053741477138e-06	-0.8808075553991528972	295.98030208195717705	-357.406966083487589	-38.67926625	0.00234841191834	0.00275722863595	-2.90720051884e-06	-4.33433952768e-07	7.1562792	7.3657271	7.1777114	7.3811333
468.05367243551143019	-4.0861558754423748895e-06	-0.88082762569560191235	298.52667530379926575	-360.49235966212694393	-38.66987496	0.0023466997275	0.0027454093865	-2.97915785686e-06	-4.34988056134e-07	7.1300029	7.3373294	7.1550658	7.3654193
472.05413117427650604	-1.9701736087081968136e-06	-0.88083974409830390062	301.07299859855731938	-363.57779444493093024	-38.66049057	0.00234496108384	0.00273332540528	-3.04844365418e-06	-4.34006233089e-07	7.1031424	7.3051223	7.1324857	7.3496421
476.05458991304158189	2.5384582040290778247e-07	-0.88084317308999593443	303.61929779256382744	-366.66324911728412417	-38.65111317	0.00234320463638	0.00272099048309	-3.11427439513e-06	-4.30387682961e-07	7.0756481	7.2688825	7.1099376	7.3338438
480.0550486518066009	2.3589633035895939712e-06	-0.88083793313271763203	306.16559989771752726	-369.74870138718119961	-38.64174283	0.00234143846833	0.00270841935273	-3.17547257677e-06	-4.24589179469e-07	7.0474729	7.2283362	7.0873652	7.317977
484.05550739057167675	4.0904467110927386503e-06	-0.88082501029355875222	308.71193040276477859	-372.83413021951616884	-38.63237955	0.00233967511376	0.00269563032646	-3.23195561655e-06	-4.17089628891e-07	7.018579	7.183274	7.0646371	7.3012785
488.0559661293367526	5.2230746380490539278e-06	-0.88080635283108466016	311.25831023987961999	-375.91951833857541487	-38.62302332	0.00233792498803	0.00268263938308	-3.28228064966e-06	-4.08018483877e-07	6.9889432	7.133662	7.0427708	7.2861053
492.05642486810177161	5.6170233594406277002e-06	-0.88078464114351973091	313.80475311311795394	-379.00485443262846275	-38.61367402	0.00233620058229	0.002669468687	-3.32651615818e-06	-3.97791083695e-07	6.9585696	7.0796996	7.0018873	7.1909647
496.05688360686684746	5.2673228336689346146e-06	-0.88076284768247070645	316.35126386809486121	-382.09013450009643975	-38.60433156	0.00233451748977	0.00265613591894	-3.36337226917e-06	-3.85704128995e-07	6.9274835	7.0218343	6.9604565	7.0982338
500.05734234563192331	4.3587454825784387001e-06	-0.88074358344334768844	318.89783854098271831	-385.17536181027514885	-38.59499572	0.00233288703187	0.00264266739691	-3.39250084947e-06	-3.71185236223e-07	6.8956892	6.9607551	6.9186999	7.0047213
504.057801084397056	3.2097436926897300811e-06	-0.88072844586778953335	321.44446653517081813	-388.26054510782381612	-38.58566628	0.00233132949728	0.00262908920782	-3.41435308068e-06	-3.52745494041e-07	6.8631596	6.8973624	6.8768609	6.9112048
508.05825982316207501	2.0929744920232094665e-06	-0.88071784358576943319	323.99113420376022532	-391.34569565620427056	-38.5763429	0.00232986004521	0.00261542814559	-3.4287023403e-06	-3.29370463396e-07	6.8298536	6.8326872	6.834973	6.8177405
512.0587185619272077	1.0779371822889321212e-06	-0.88071149810472870723	326.53782790708140737	-394.43082471379199205	-38.56702519	0.00232849981322	0.00260171488896	-3.43610611753e-06	-3.00442732932e-07	6.7957427	6.7678441	6.7930514	6.7242335
516.05917730069222671	-2.8326416230081556534e-08	-0.88070937925206382868	329.0845347525263378	-397.51594292285932397	-38.55771268	0.00232727063773	0.00258797357451	-3.43615729888e-06	-2.65876779244e-07	6.7608356	6.704013	6.7511125	6.6312676
520.05963603945724572	-1.6380975733211013176e-06	-0.88071267195452140886	331.63124029422192507	-400.60106220814520839	-38.54840477	0.00232619463099	0.0025742348803	-3.42877053763e-06	-2.2658685986e-07	6.7251938	6.642371	6.7091748	6.5460806
524.06009477822237841	-4.2662723182715916748e-06	-0.88072442171435538771	334.17792366917768732	-403.68619979147911181	-38.53910083	0.00232529957511	0.00256051681253	-3.41357668737e-06	-1.82870129802e-07	6.6889371	6.5839548	6.6672654	6.4943589
528.0605535169875111	-8.3802253609023191278e-06	-0.88074964584920956145	336.72455153113503457	-406.7713831980871646	-38.52980004	0.00232461261651	0.00254684208522	-3.39029979068e-06	-1.35948814339e-07	6.6522265	6.5295174	6.6254269	6.4401897
532.0610122557526438	-1.4233161756865076573e-05	-0.8807948069492235188	339.27107260476708461	-409.85665474843375478	-38.52050156	0.00232416376745	0.00253323146646	-3.35873696297e-06	-8.53848226879e-08	6.6151917	6.4794541	6.5837256	6.3858882
536.06147099451754912	-2.1778982917806460017e-05	-0.88086678070238721983	341.81741472477347088	-412.94207399409782511	-38.51120433	0.00232398526462	0.00251969916217	-3.31972840405e-06	-3.08211510008e-08	6.5779142	6.4338271	6.5422546	6.3314639
540.06192973328268181	-3.0704698636825714661e-05	-0.88097172495675291071	344.36348533269830341	-416.0277172925539162	-38.50190722	0.00232411109535	0.00250626408185	-3.27318540883e-06	2.90620047607e-08	6.5404966	6.3923858	6.5011333	6.2764647
544.06238847204792819	-4.0432663029782263332e-05	-0.88111401037647552048	346.90917532941426771	-419.1136746049853059	-38.49260897	0.00232457359944	0.00249293657219	-3.22132110522e-06	9.66120605712e-08	6.503134	6.3549953	6.4605022	6.2176603
548.0628472108129472	-5.0265615442047931281e-05	-0.88129544726726616322	349.45436591578561547	-422.20004382393346987	-38.48330808	0.00232541587781	0.00247973715225	-3.16405796553e-06	1.73411465267e-07	6.4661408	6.3219226	6.4205269	6.2103828
552.0633059495779662	-5.9624258419384521001e-05	-0.88151528696331116208	351.99893672517049481	-425.28692403736943106	-38.47400308	0.00232666786553	0.00246668113128	-3.10303192825e-06	2.6247191423e-07	6.4299205	6.2935722	6.3814669	6.2248356
556.06376468834287152	-6.8160249467054759027e-05	-0.88177093257770078338	354.54277273746515675	-428.37440980671794932	-38.4646921	0.00232838421872	0.00245379363702	-3.03753892082e-06	3.64163396072e-07	6.39484	6.270218	6.3432016	6.2387544
560.06422342710789053	-7.5566799994849541216e-05	-0.88205849933269364627	357.08576892777966805	-431.46258732530452562	-38.45537332	0.00233059678434	0.00244111863776	-2.96444387574e-06	4.80664067139e-07	6.3611083	6.2517345	6.3174273	6.251389
564.06468216587245479	-8.1068917256389689098e-05	-0.8823719535641229017	359.62783504535298107	-434.55153048493053802	-38.44604457	0.00233336472365	0.0024286876272	-2.8858039377e-06	6.13664262453e-07	6.3288748	6.2375028	6.2925076	6.262801
568.06514090463701905	-8.3130057385497936346e-05	-0.88270061829305590528	362.1689057944241199	-437.64129251860168779	-38.43670355	0.00233673261435	0.00241655840736	-2.80135785954e-06	7.67367629478e-07	6.2983611	6.2267418	6.2689916	6.2729247
572.06559964340135593	-7.9951784571639678435e-05	-0.88302709144849289569	364.70895892112037018	-440.73189118099287498	-38.42734779	0.00234075023205	0.00240476192829	-2.71774810552e-06	9.46622181126e-07	6.2698654	6.2188883	6.2468053	6.2817095
576.06605838216569282	-7.0688422850566706907e-05	-0.88332864159522272995	367.24803515006612997	-443.82329246566354186	-38.41797448	0.00234548254003	0.00239336016433	-2.63460359199e-06	1.15241076854e-06	6.2436456	6.213355	6.2258834	6.2892549
580.06651712093048445	-5.6274419023213869415e-05	-0.88358273048778113168	369.78624707071219291	-446.91540344043102095	-38.40858085	0.00235095928462	0.00238237849213	-2.55356121887e-06	1.38424362851e-06	6.2196022	6.2091315	6.2060817	6.2971907
584.06697585969561715	-3.897720781167797764e-05	-0.88377329983605656949	372.32376844637741442	-450.00808113784222542	-38.39916357	0.00235726275563	0.00237187699078	-2.46842589874e-06	1.63442918765e-06	6.1970865	6.2048249	6.1871756	6.2800094
588.06743459846063615	-2.069865114863938277e-05	-0.88389271185546292031	374.86080944697926043	-453.10115292211929727	-38.3897195	0.00236441718595	0.00236190769502	-2.37486873404e-06	1.90054621237e-06	6.1755005	6.1992086	6.168893	6.2576066
592.06789333722565516	-1.314628818344793457e-06	-0.8839368643196217068	377.39759638035860689	-456.19443308603337073	-38.38024483	0.00237250614195	0.00235250772583	-2.27524437084e-06	2.1801155401e-06	6.1547994	6.1918621	6.1509412	6.2344603
596.06835207599090154	2.0760179777764514681e-05	-0.88389813967173258558	379.93437216992549565	-459.28772238900154434	-38.37073599	0.00238154902492	0.00234376020287	-2.16857021388e-06	2.47867108064e-06	6.1353585	6.1826896	6.1330061	6.2113384
600.06881081475614792	4.648953518504368341e-05	-0.88376375183585598183	382.47141190074569295	-462.38079521395752636	-38.36118874	0.00239163820472	0.00233569075631	-2.0611943937e-06	2.79473454233e-06	6.1171544	6.1716634	6.1147324	6.1885631
604.06926955352116693	7.4793868741764195428e-05	-0.88352114108986035124	385.00903189566770379	-465.47339198740718302	-38.35159917	0.00240276777196	0.00232836774713	-1.95026600664e-06	3.12745699724e-06	6.0988635	6.1591375	6.0957108	6.1665345
608.06972829228550381	0.00010250834148004400466	-0.88316626161567357567	387.54757616391907504	-468.5652301058177045	-38.34196265	0.00241504044	0.00232179907677	-1.83632167726e-06	3.46502094656e-06	6.0788923	6.1459788	6.0754926	6.1456955
612.0701870310481354	0.00012487676789009087086	-0.88271088055376401016	390.08737815384404257	-471.6560351297221132	-38.33227486	0.00242843145784	0.00231596954309	-1.72400710697e-06	3.79651868751e-06	6.056755	6.1331933	6.0536753	6.1264811
616.07064576980815218	0.00013485506666596367917	-0.88219026841404246664	392.62870062536939031	-474.7455900903560746	-38.32253078	0.00244304477747	0.00231072345745	-1.62808404541e-06	4.09769651305e-06	6.0333427	6.1215265	6.0302408	6.1094086
620.07110450856418993	0.00012104235648143968807	-0.88167647595571996266	395.17164473860168528	-477.83381045254236597	-38.31272651	0.0024587367201	0.00230581290844	-1.55479527053e-06	4.34873349511e-06	6.0099573	6.1114817	5.9987055	6.0951049
624.07156324731909081	6.5450579740145665509e-05	-0.88130029709298018936	397.71600520005762291	-480.92086402722804905	-38.30285719	0.00247558493096	0.0023007283686	-1.52223178502e-06	4.50526317503e-06	5.9868771	6.1036202	5.9630465	6.093965
628.07202198608513299	-5.711988790575515246e-05	-0.88127903558620857005	400.26104725913546645	-484.00735573017141178	-38.29291823	0.00249356411754	0.00229461704184	-1.54395343203e-06	4.50937685782e-06	5.9629517	6.0982927	5.9264265	6.0929402
632.07248072489039714	-0.00027636719031968022759	-0.88194009560092967437	402.80520055837484961	-487.09457997066579082	-38.28290493	0.00251269371761	0.0022864107246	-1.61876595857e-06	4.29403835815e-06	5.9365624	6.0927268	5.8908847	6.0908639
636.07293946377569682	-0.00062064231582717075634	-0.88372731136447535416	405.34570075111560072	-490.18481047826668373	-38.27281286	0.00253296288171	0.00227475443942	-1.7296504964e-06	3.80060522576e-06	5.9065099	6.0826601	5.860258	6.0840879
640.07339820277695708	-0.0011107790842057158574	-0.88718303386045327397	407.87824067740928058	-493.28156614053693829	-38.26263674	0.00255444201424	0.00225830206391	-1.83702785095e-06	2.98286990829e-06	5.8716616	6.0642528	5.8434731	6.0670777
641.07351288746826867	-0.0012705324606377159033	-0.88837382618293336822	408.50946014171910292	-494.05731819640504909	-38.26007751	0.00256003719681	0.00225317141512	-1.82760518877e-06	2.69694362576e-06	5.8620134	6.0573114	5.8402566	6.060389
642.07362757215946658	-0.0014302858343863873464	-0.88972439020173044177	409.13969335483767509	-494.83387168944011592	-38.25751585	0.002565671699	0.00224786979024	-1.82609031166e-06	2.41298809378e-06	5.8519328	6.049031	5.8288463	6.0524683
643.07374225685077818	-0.0015897084147545920054	-0.89123472591684504973	409.76881509072541121	-495.61132588988982661	-38.2549451	0.00257141256491	0.0022418949338	-1.85665624665e-06	2.12768447405e-06	5.8413867	6.039279	5.8097924	6.0431231
644.07385694156289446	-0.0017533919794496530872	-0.89290501761369422962	410.3966996890310952	-496.38977953730045556	-38.25237176	0.00257718367242	0.00223572866255	-1.88573995425e-06	1.83540826561e-06	5.8303267	6.0279567	5.7892321	6.0321441
645.07397162625409237	-0.0019483003941337710078	-0.89475607606397911109	411.02321491139093723	-497.16933567577501663	-38.24978939	0.0025830877702	0.00222885473505	-1.85756988419e-06	1.4749243396e-06	5.8187078	6.0149756	5.7723421	6.0193748
646.07408631094540397	-0.0021432088086796923995	-0.89680206528222616846	411.64820994185492964	-497.95011108871943861	-38.24720445	0.00258902983152	0.00222177879929	-1.83455241497e-06	1.11719732819e-06	5.8065021	6.0002701	5.7592981	6.0048021
647.07420099563660187	-0.0023378755351748073572	-0.8990429852684347356	412.27152995950774539	-498.73222432828430328	-38.24461004	0.00259506674365	0.0022139459981	-1.83305460903e-06	7.59625242551e-07	5.7936848	5.9837754	5.7489659	5.9884283
648.0743156803500824	-0.0025356903687592090985	-0.90147897043988900467	412.89301936533394155	-499.51579296363956928	-38.24201292	0.00260113084017	0.00220589627806	-1.82909833339e-06	3.98524539805e-07	5.7802361	5.965334	5.7404187	5.9698814
649.074430365041394	-0.0027570150266060565805	-0.9041256266336594738	413.51251711895605467	-500.30093711082406571	-38.23940636	0.00260733196245	0.00219702784454	-1.78301523383e-06	-1.1664427804e-08	5.7661468	5.9446573	5.7329784	5.9482702
650.07454504973259191	-0.0029783396845545085513	-0.9069936328678681603	414.1298475864783768	-501.08778639164194146	-38.2367971	0.00261357251309	0.00218792383095	-1.74056473996e-06	-4.17894899926e-07	5.7514274	5.9214356	5.726706	5.9227967
651.0746597344239035	-0.0031995494133477244206	-0.91008298914251550826	414.74483151183113705	-501.87647096642405131	-38.23417801	0.00261987580788	0.00217797958609	-1.70897123887e-06	-8.22730186576e-07	5.7361047	5.8954129	5.7254517	5.8945833
652.07477441912942595	-0.0034222748154323547748	-0.91339375925969268355	415.35728843956286482	-502.66711942212202757	-38.23155608	0.00262619722876	0.00216779260776	-1.67514125676e-06	-1.22665845335e-06	5.7202094	5.8663748	5.7341347	5.8661147
653.07488910382073755	-0.0036565575931427258573	-0.91693358138096225929	415.96703436728529368	-503.45986038968379717	-38.22892434	0.00263263231191	0.00215673364048	-1.61735904938e-06	-1.65173763012e-06	5.7037777	5.8341397	5.7482346	5.8392624
654.07500378851204914	-0.0038908403715845227104	-0.92070771314884103376	416.57387714548866597	-504.25482582146292998	-38.22628975	0.00263910036116	0.00214542176537	-1.55933523313e-06	-2.07172134093e-06	5.6868602	5.7987138	5.7501193	5.8122105
655.07511847320324705	-0.0041251342844509679073	-0.92471615456332878491	417.17762185286665044	-505.05214656714719013	-38.22364502	0.00264562151732	0.00213320354258	-1.50626984876e-06	-2.48914992614e-06	5.6695127	5.760171	5.7248101	5.7818296
656.07523315789273965	-0.0043592795556493361964	-0.92895889945363641083	417.77807195987577416	-505.85195126270406263	-38.22099734	0.00265215813739	0.00212072140556	-1.45280672095e-06	-2.9013230115e-06	5.6518123	5.7185861	5.6803539	5.7462886
657.07534784258393756	-0.0045922682055627647713	-0.93343518663707913952	418.37502947577189616	-506.6543660161392495	-38.21833965	0.00265878948621	0.00210734402731	-1.40025945797e-06	-3.30501747887e-06	5.6338442	5.6740365	5.6337306	5.706102
658.07546252727524916	-0.0048252568555302802894	-0.93814448919057080722	418.96829532932429174	-507.45951392858660256	-38.21567903	0.00266544852757	0.00209370493861	-1.34487070034e-06	-3.70236737917e-06	5.6156964	5.6266011	5.5986203	5.6619307
659.07557721196644707	-0.0050583375649881270192	-0.94308680711411030373	419.55766874358442919	-508.26751536733257808	-38.213008	0.00267211886554	0.00207913463788	-1.28595253014e-06	-4.09647399e-06	5.597475	5.5763783	5.5738618	5.6132824
660.07569189663979614	-0.0052901765238228207894	-0.94826208946567280833	420.14294703923332008	-509.07848791102929908	-38.21033393	0.00267879251893	0.00206429103763	-1.22663337811e-06	-4.48245763497e-06	5.5792913	5.5234785	5.5542645	5.5589226
661.07580658133110774	-0.0055121849254524514852	-0.95366388962282666597	420.72392752485541223	-509.89254480438330575	-38.20764965	0.00268551825499	0.00204851988947	-1.1890215298e-06	-4.84109201557e-06	5.5612457	5.4682187	5.5368882	5.4984105
662.07592126602230564	-0.0057341933260355252427	-0.95928772364221515101	421.30041139934309058	-510.70979206726929078	-38.20496235	0.00269225933683	0.00203247544595	-1.14787664434e-06	-5.19262535347e-06	5.5434051	5.411628	5.525583	5.4340609
663.07603595071361724	-0.0059563125896907598289	-0.96513359152383948469	421.87219896778310613	-511.53033183507250214	-38.20226457	0.0026989870046	0.00201551551857	-1.09570204411e-06	-5.53973223366e-06	5.5258289	5.3548856	5.5254486	5.3685719
664.0761506353793493	-0.006176925136556094334	-0.97120143198593344991	422.43908849862907573	-512.3542630053530047	-38.19956367	0.0027057107045	0.00199828479123	-1.04164073105e-06	-5.87747865415e-06	5.508557	5.2992639	5.535842	5.2982915
665.07626532007066089	-0.0063854597556302870875	-0.97748334478865195329	423.00087861373310716	-513.18167944207675646	-38.19685264	0.00271245127802	0.00198014606737	-1.01325092101e-06	-6.18160322359e-06	5.491587	5.2461462	5.5442805	5.2120212
666.07638000476197249	-0.0065939943744336704246	-0.98397381612599332801	423.55737320687137526	-514.01266658936856402	-38.1941386	0.00271919686232	0.00196173770591	-9.80735736557e-07	-6.47755151896e-06	5.4749012	5.1967894	5.5369617	5.1028983
667.07649468945317039	-0.0068026206999508131296	-0.99067284599795657485	424.10837552245135385	-514.84730548739423739	-38.19141395	0.0027258910925	0.00194241177455	-9.37602736229e-07	-6.76941577185e-06	5.4584728	5.1514936	5.5102721	4.9986071
668.07660937412060775	-0.0070099956020845096208	-0.99758038373969459833	424.6536867607474619	-515.68567358005054757	-38.18868613	0.00273257001298	0.00192281229728	-8.92272724101e-07	-7.05218044614e-06	5.4422645	5.110144	5.4749172	4.9412122
669.07672405881180566	-0.0072072721542685101032	-1.0046898328693583125	425.19310812354439122	-516.52784325586276282	-38.18594822	0.00273922965302	0.00190234386866	-8.65856808419e-07	-7.30532763324e-06	5.4262357	5.0727665	5.4427215	4.9492651
670.07683874350311726	-0.0074045487063140466924	-1.011996581175818033	425.72644502032801483	-517.37387912209430851	-38.18320729	0.00274588352274	0.00188161537754	-8.34950603994e-07	-7.54972178306e-06	5.4103385	5.0397229	5.4227185	4.9902213
671.07695342819442885	-0.0076019005643029229427	-1.0195006286590730937	426.2535020539718289	-518.22384122250787186	-38.18045618	0.00275248453182	0.00186001985628	-7.96282997295e-07	-7.78551669129e-06	5.3945243	5.0114176	5.4183135	5.0251348
672.0770681128636852	-0.0077982246856642487703	-1.027201933715890636	426.77408184942123626	-519.07778566766728545	-38.17770201	0.002759069659	0.00183816383718	-7.55890991923e-07	-8.01100091586e-06	5.3787441	4.9881123	5.4322619	5.0352313
673.0771827975549968	-0.0079862539201916802473	-1.0350950781377259435	427.28798678231379427	-519.93576347008627181	-38.17493779	0.00276560417671	0.00181545103602	-7.31370026751e-07	-8.21170766988e-06	5.3629584	4.9698672	5.4617293	5.0301017
674.07729748224630839	-0.008174283153737388341	-1.0431762733576857016	427.79502251802978208	-520.79781839978238622	-38.17217054	0.00277212342981	0.00179247981586	-7.02979572536e-07	-8.40352601211e-06	5.3471553	4.9567031	5.4878106	5.0209079
675.07741216693761999	-0.0083623968613193676302	-1.0514455193757716867	428.29499383538205848	-521.66398949410950081	-38.16939335	0.002778555412	0.00176867629557	-6.66686244037e-07	-8.58566608587e-06	5.3313265	4.9480285	5.4886387	5.0086429
676.07752685160176043	-0.0085493624579180815121	-1.0599027694974463287	428.78770366498673638	-522.53431152906000534	-38.16661315	0.00278496096986	0.00174462076706	-6.29055456465e-07	-8.7567841698e-06	5.3154727	4.94268	5.4495207	4.9848916
677.07764153629307202	-0.0087271241971931291792	-1.0685420034994175253	429.27295506800771818	-523.40881380878795426	-38.16382319	0.00279126776251	0.00171974602694	-6.11034403791e-07	-8.90099245206e-06	5.2996276	4.9395205	5.3849962	4.9425441
678.07775622098426993	-0.0089048859367819380162	-1.0773590196270850239	429.75055525776588183	-524.28751794639674699	-38.16103028	0.00279754453481	0.00169462228186	-5.89584635237e-07	-9.03572644848e-06	5.2838264	4.9378862	5.317148	4.8926451
679.07787090567546784	-0.0090827605152660768201	-1.0863538178804481582	430.22031089114676661	-525.17044052718733838	-38.1582278	0.00280372104858	0.00166868988141	-5.61243775931e-07	-9.15897349572e-06	5.2681049	4.9374057	5.2655921	4.857442
680.07798559032767116	-0.0092591145951420247839	-1.0955263358097964144	430.6820269996397883	-526.05759361702246224	-38.15542241	0.00280986697041	0.00164251073554	-5.32928959679e-07	-9.27005078004e-06	5.2525108	4.9377683	5.2343184	4.8547499
681.07810027501886907	-0.0094234515247331868126	-1.1048686901716993081	431.13550964722111303	-526.94898331625290666	-38.15260772	0.00281591376011	0.00161553992993	-5.30341758268e-07	-9.34864194926e-06	5.2370939	4.9390333	5.2214583	4.8729823
682.07821495971018066	-0.0095877884544183118731	-1.1143754003104595629	431.58057129132441787	-527.84460711131384869	-38.14979018	0.00282193018502	0.00158832663396	-5.23854192071e-07	-9.41721355418e-06	5.2218948	4.9414192	5.224407	4.8887383
683.07832964440149226	-0.0097522680345424050952	-1.1240464662260758466	432.01702451259467352	-528.74445719452251069	-38.14696358	0.00282782780594	0.00156033935705	-5.10702229429e-07	-9.47256227279e-06	5.2069505	4.945136	5.2335396	4.8798161
684.07844432903993948	-0.0099148506286996975628	-1.1338818088230486758	432.44468060219099925	-529.64852112397784367	-38.1441342	0.00283368889652	0.00153211409323	-4.98743728181e-07	-9.51488831019e-06	5.1922972	4.9501967	5.2352938	4.848452
685.07855901373125107	-0.010062765451130401689	-1.1438717624263516903	432.863352897253435	-530.55678021332084882	-38.14129594	0.00283942644439	0.00150312548789	-5.18924805826e-07	-9.52163512005e-06	5.1779681	4.9564241	5.2169896	4.820801
686.07867369842233529	-0.010210680274116316207	-1.1540096478160419835	433.27286344754628544	-531.46920660763521482	-38.13845495	0.00284512585903	0.00147390126631	-5.34942447781e-07	-9.51849967011e-06	5.1639898	4.9636439	5.1812468	4.8238933
687.07878838311364689	-0.010358758589543541617	-1.1642954649921219978	433.67303519467395745	-532.38576710035317774	-38.13560532	0.0028507047909	0.00144392385995	-5.40820111347e-07	-9.502199208e-06	5.1503895	4.9716899	5.1427884	4.8707879
688.07890306774095279	-0.010504700812862399414	-1.1747291230682641583	434.06369022267142554	-533.30642390817524756	-38.13275302	0.00285624639161	0.00141371308198	-5.47600721242e-07	-9.47303807441e-06	5.1371969	4.9804107	5.1159622	4.9409306
689.07901775243226439	-0.010634608284481235699	-1.1852999897945331043	434.44465351076286197	-534.23113307413029816	-38.12989245	0.00286167342529	0.00138277731754	-5.89566022441e-07	-9.4067305988e-06	5.1244606	4.9896617	5.1081298	5.0087346
690.07913243712357598	-0.010764515756869623073	-1.1960007788912092597	434.81576034674776565	-535.15984161527978813	-38.12702931	0.0028670648251	0.00135161606001	-6.27154984757e-07	-9.33051865536e-06	5.1122293	4.9993119	5.1228376	5.0540742
691.07924712181477389	-0.010894599517153012724	-1.2068314903582906261	435.17684758385081523	-536.09249139528799333	-38.124158	0.00287232638226	0.00131975081071	-6.52525627656e-07	-9.24214760557e-06	5.1005497	5.0092381	5.1602049	5.0796304
692.07936180643389434	-0.01102242985541424837	-1.2177920258706778078	435.52775170397745796	-537.02901991467354037	-38.12128415	0.00287754740032	0.00128766576307	-6.7862685126e-07	-9.14175275971e-06	5.089474	5.0193192	5.1996095	5.0941001
693.07947649112509225	-0.011133961419118373198	-1.2288714920074894632	435.86831274689353677	-537.96935885713708103	-38.11840239	0.00288263343048	0.00125489730827	-7.39638516364e-07	-9.00842435393e-06	5.0790527	5.0294388	5.2125715	5.1047454
694.07959117581640385	-0.011245492982415563124	-1.2400625024985856282	436.19838196034629618	-538.91343155451727398	-38.11551816	0.00288767715466	0.00122191466971	-7.95995612558e-07	-8.86649847536e-06	5.0693291	5.0394904	5.1799211	5.107301
695.07970586050760176	-0.011357213386743520572	-1.2513650573439651925	436.51781270876671215	-539.86115658396374783	-38.11262632	0.00289259134468	0.00118828459059	-8.38895002274e-07	-8.71324154864e-06	5.0603652	5.0493691	5.1189114	5.0917214
696.07982054511853676	-0.011466581515031742944	-1.2627790507850227275	436.82645848395560506	-540.81244849969141342	-38.10973209	0.00289746478371	0.00115445082891	-8.82544273665e-07	-8.548930547e-06	5.0522277	5.0589693	5.0558118	5.0489368
697.07993522980984835	-0.0115596773748961653	-1.2742935006097257933	437.12417694580892658	-541.76721655998835558	-38.10683052	0.0029022101368	0.00111998988624	-9.57420804176e-07	-8.35536035475e-06	5.0449852	5.0681775	5.0132044	4.990496
698.08004991450104626	-0.011652773235143411637	-1.2859010569711053495	437.41083765550894213	-542.72536257681724692	-38.10392663	0.0029069150417	0.00108533088642	-1.02652894135e-06	-8.15428196882e-06	5.0387194	5.0768808	4.9960728	4.9470206
699.08016459919247154	-0.011746079474271156617	-1.2976017198691653931	437.68631278768157244	-543.68678414029511714	-38.10101562	0.00291147805703	0.0010500836674	-1.07741255328e-06	-7.94478020406e-06	5.0335172	5.0849682	5.0042723	4.9493587
700.0802792837916968	-0.011836841665244670838	-1.3093953708982544182	437.95047512571079551	-544.65137527037813925	-38.09810236	0.00291599609557	0.00101464999198	-1.12814305139e-06	-7.72591943436e-06	5.0294641	5.0923269	5.0349137	5.0045959
701.08039396848300839	-0.011910897568980390732	-1.3212706022664590932	438.20320233209218941	-545.61902530385191312	-38.09518233	0.00292038393845	0.000978682515838	-1.21098193263e-06	-7.48268506729e-06	5.0266327	5.0988465	5.0687764	5.0805356
702.08050865317409261	-0.011984953472714592743	-1.3332198980315446146	438.44438496007649064	-546.58961709292066189	-38.09226013	0.00292473035543	0.000942545194014	-1.28793196241e-06	-7.23367769807e-06	5.02508	5.1044294	5.0806461	5.1421593
703.08062333786529052	-0.012059260024474219991	-1.3452432581935129807	438.67391669275696131	-547.56302991220593412	-38.08933144	0.00292892941696	0.000905907189826	-1.34086793418e-06	-6.97942472494e-06	5.0248626	5.1089936	5.0502655	5.1770294
704.08073802244496164	-0.012130634636500796028	-1.357340540846888377	438.89169226586898276	-548.53914004133662274	-38.08640067	0.00293308141593	0.000869109277076	-1.39285070137e-06	-6.71765499041e-06	5.0260542	5.1124705	4.9929178	5.1951135
705.08085270713638693	-0.012183871369192350934	-1.3694991881005655898	439.0976122370353778	-549.51781977743462448	-38.08346374	0.00293707496512	0.000831858898827	-1.47220404957e-06	-6.43646108038e-06	5.0287302	5.1147941	4.9393994	5.2062751
706.08096739182769852	-0.01223710810274400429	-1.3817110781928747532	439.2915917299112607	-550.49893593190586216	-38.08052484	0.00294101771803	0.000794463467886	-1.54278498139e-06	-6.1516626226e-06	5.0329398	5.1158729	4.9112908	5.2093735
707.08108207651889643	-0.012290665878496758942	-1.3939762111238145348	439.47354958424494953	-551.48235251852656802	-38.07758016	0.00294479971152	0.000756699391368	-1.5862027501e-06	-5.86564563286e-06	5.0386923	5.115593	4.9034572	5.1962979
708.08119676106571205	-0.012340602790008859541	-1.4062944038645339706	439.64340608043335124	-552.46793128533045092	-38.07463361	0.00294852997476	0.000718816689611	-1.62939795144e-06	-5.57434938498e-06	5.0459889	5.1138411	4.9062186	5.1618002
709.08131144575690996	-0.012369597054645659062	-1.4186509207277193667	439.80108860473575305	-553.45553083858260379	-38.07168162	0.00295205857884	0.000680628476879	-1.70047125347e-06	-5.26951770016e-06	5.0547712	5.1105134	4.9178057	5.1200104
710.08142613044822156	-0.012398591319702851471	-1.4310364351809032879	439.94654176091211184	-554.44500543432093309	-38.06872788	0.00295552204849	0.000642341586332	-1.76019118302e-06	-4.96400339062e-06	5.0648961	5.1055232	4.9467143	5.0928433
711.08154081513941946	-0.012428021669462671964	-1.443450947224084846	440.07971454710747139	-555.43620750520688034	-38.06576915	0.0029587834718	0.000603806616221	-1.78403590038e-06	-4.66185829119e-06	5.0762097	5.0988183	5.0001893	5.0954887
712.08165549963393914	-0.01245272163853863856	-1.4558942062338371404	440.20055771022964564	-556.42898814899285753	-38.06280882	0.0029619793915	0.00056519121849	-1.80755566944e-06	-4.35710773868e-06	5.0885235	5.0904679	5.0643631	5.1174044
713.08177018432525074	-0.012452014971114222855	-1.4683480026346245051	440.30903082361339784	-557.42319639607012505	-38.05984401	0.002964931197	0.000526458820243	-1.8656051478e-06	-4.04391279858e-06	5.1016192	5.0805769	5.11255	5.1419065
714.08188486901644865	-0.012451308304254511683	-1.4808010922873848791	440.405114529992602	-558.41867837868915103	-38.05687776	0.00296780356497	0.000487688348702	-1.91001169896e-06	-3.73308468835e-06	5.1152685	5.0692755	5.1268026	5.1530504
715.08199955370764656	-0.012451215493426259773	-1.4932534751921209271	440.48879463243446253	-559.41527965215482254	-38.05390752	0.00297042527778	0.000448858521673	-1.90693755149e-06	-3.4307801114e-06	5.1292777	5.0567699	5.1251484	5.1431028
716.08211423812429075	-0.012444726156164270456	-1.5057047953552196162	440.56005887611752314	-560.41284562370572075	-38.05093598	0.0029729651206	0.00041000930772	-1.90372409608e-06	-3.12917725839e-06	5.1434624	5.0433138	5.1346729	5.1096303
717.08222892281548866	-0.012406491138471129054	-1.5181318290296326179	440.61890606702530704	-561.41122106336035813	-38.047961	0.00297521420999	0.000371220145701	-1.9475365643e-06	-2.8262258121e-06	5.1576378	5.0291689	5.1742469	5.0503537
718.08234360750691394	-0.012368256121506465695	-1.5305206233017873974	440.66536129117099563	-562.4102498425398835	-38.0449849	0.00297736797912	0.000332450671037	-1.97535823884e-06	-2.52958556748e-06	5.171638	5.0145802	5.2291363	4.9731318
719.08245829219811185	-0.012330873537869687165	-1.542871178171680846	440.69945561692640013	-563.40977685332177316	-38.04200605	0.00297920108903	0.000293860225034	-1.95117095099e-06	-2.24630630448e-06	5.1853051	4.9997279	5.2759243	4.9027586
720.08257297651607587	-0.01228495283047420332	-1.5551829944483206436	440.72122208546500133	-564.40964832946838214	-38.03902629	0.00298092868414	0.00025532868947	-1.93032120449e-06	-1.96765203235e-06	5.1984849	4.9847864	5.2978418	4.8656291
721.08268766120738746	-0.012199943386796526651	-1.5674268465783640636	440.73070729303475446	-565.4097117864048414	-38.03604434	0.00298232462266	0.000217074584	-1.97013501723e-06	-1.69617551584e-06	5.2110252	4.9699204	5.3050056	4.8786072
722.08280234589869906	-0.012114933942627397617	-1.5795856795152076746	440.72798998029907125	-566.40981661901139432	-38.03306167	0.00298361102322	0.000178912106817	-1.99081514818e-06	-1.43527858348e-06	5.2227483	4.9552419	5.3141272	4.9182261
723.08291703059001065	-0.012031029698131906827	-1.5916594932588545852	440.71315556870547425	-567.40981520498473856	-38.03007747	0.0029845209681	0.000141161108688	-1.95257062491e-06	-1.19445467053e-06	5.233452	4.9408461	5.3324195	4.9502545
724.08303171481463778	-0.011936455188438978292	-1.6036476341476897378	440.68629126522722572	-568.40956302955817137	-38.02709278	0.00298530611915	0.000103546514544	-1.92011965631e-06	-9.63664831885e-07	5.2428986	4.9268298	5.35137	4.9565564
725.08314639950594938	-0.011796694517540019451	-1.6155155699151677595	440.6474998533739722	-569.40891925679261476	-38.02410743	0.00298570523928	6.64766854919e-05	-1.96570244094e-06	-7.4947394538e-07	5.2508331	4.9133037	5.3610546	4.9460672
726.0832610841970336	-0.011656933846890397619	-1.6272437289834864593	440.59692095567231718	-570.40774841764164194	-38.02112187	0.00298597591899	2.95881110023e-05	-1.99130139608e-06	-5.49818272498e-07	5.2569907	4.900417	5.3568234	4.9294042
727.08337576888834519	-0.011518468506964238407	-1.6388321113526489459	440.5347011297252493	-571.40592018761230975	-38.0181363	0.00298583751942	-6.66063305766e-06	-1.95758184995e-06	-3.74598509046e-07	5.2611416	4.8883416	5.3427946	4.9045381
728.08349045306238168	-0.01136788935807622053	-1.6502799437066546506	440.46098828173938955	-572.4033092165365133	-38.01515072	0.0029855625092	-4.26957078941e-05	-1.93240199637e-06	-2.14604696173e-07	5.2630605	4.8772608	5.3238966	4.8603594
729.08360513775357958	-0.01116948465417873064	-1.661549923058567968	440.3759466435042782	-573.39979640435899455	-38.01216595	0.00298486552217	-7.79482018321e-05	-1.99378905903e-06	-8.35660323647e-08	5.2625087	4.8673741	5.3050235	4.7923095
730.08371982244489118	-0.010971079950084023508	-1.6726214749526464587	440.27977900014184343	-574.39527164242917934	-38.00918145	0.00298402709907	-0.000112938394254	-2.03476402837e-06	2.87334582414e-08	5.2592774	4.8589296	5.2897458	4.726561
731.08383450713620277	-0.010774022451953782845	-1.6834945993888901228	440.17269465443087029	-575.3896319750517705	-38.00619862	0.00298276674543	-0.000147020064923	-2.01862666262e-06	1.13389185758e-07	5.2534165	4.8521843	5.2764882	4.6976544
732.08394919133002077	-0.01056467955996102763	-1.6941684856441865392	440.05490360580307652	-576.3827810851448703	-38.00321635	0.00298136445203	-0.000180796103852	-2.01145424479e-06	1.7821889899e-07	5.2450411	4.8473253	5.2623825	4.7178849
733.08406387602144605	-0.010309536928398347136	-1.7046067908648938616	439.92663117751953905	-577.37463111649333314	-38.00023642	0.0029795496744	-0.000213571024114	-2.09206917464e-06	2.03474634152e-07	5.2342524	4.8444395	5.2445677	4.7636311
734.08417856071264396	-0.010054394297346263415	-1.7147899241932691439	439.78813903115923267	-578.36510608565617986	-37.99725728	0.00297759562626	-0.000246007928296	-2.15412297355e-06	2.06890052868e-07	5.2211251	4.8436405	5.2206481	4.8078234
735.08429324540395555	-0.0098004442009141570086	-1.7247178856293143845	439.63969425461203855	-579.35413860039068368	-37.99428123	0.00297523409984	-0.00027733476885	-2.1684331477e-06	1.77280178858e-07	5.2058884	4.8449669	5.1963276	4.8305417
736.08440792969872746	-0.0095358075622367800134	-1.7343899533128537271	439.48156388029264008	-580.341669040252782	-37.99130623	0.00297273448984	-0.000308285438258	-2.19033996073e-06	1.23639096834e-07	5.1889006	4.8482578	5.1839702	4.829978
737.08452261439003905	-0.0092329255287733821844	-1.7437753961014914594	439.31402724489294087	-581.32764749640682567	-37.98833575	0.00296974040058	-0.000338014636158	-2.28610327002e-06	3.12354875177e-08	5.1705104	4.8533331	5.1960143	4.8070632
738.08463729908112327	-0.008930043495833326142	-1.7528579221210063288	439.13739333059942282	-582.31203713817183143	-37.98536681	0.00296657813354	-0.000367328398277	-2.36572869843e-06	-8.21380932351e-08	5.1510309	4.860042	5.244815	4.7668881
739.08475198377254856	-0.0086280466715280383638	-1.7616375313713998896	438.95197488537701247	-583.29481023388643735	-37.98240248	0.00296306246827	-0.000395361440128	-2.40997209619e-06	-2.30631781034e-07	5.1307916	4.8682388	5.3369503	4.7307006
740.0848666682069279	-0.0083181916515557945135	-1.7701136862641131398	438.75808392126771196	-584.2759471702937617	-37.97943973	0.0029594261703	-0.000422957307347	-2.45864183153e-06	-4.04476166708e-07	5.1101848	4.8777759	5.4634044	4.7238195
741.08498135289823949	-0.0079808359585873192565	-1.7782641346937064775	438.55604063623394495	-585.25543803613948057	-37.97648312	0.00295530789699	-0.000449202380708	-2.56544428153e-06	-6.17041828946e-07	5.089601	4.8885106	5.6123834	4.765296
742.08509603758955109	-0.0076434802663726628819	-1.7860771887411481806	438.3461857705779039	-586.23328527860439863	-37.9735286	0.00295102450249	-0.0004749846821	-2.66135358443e-06	-8.50201220996e-07	5.0694019	4.9003037	5.7721323	4.8372307
743.08521072228086268	-0.0073066110604793005692	-1.7935528484064409138	438.12886204927468725	-587.20949997033585532	-37.97058046	0.00294637451214	-0.000499356029872	-2.73554301794e-06	-1.11607274829e-06	5.0499225	4.9130103	5.9383037	4.9082111
744.08532540685337153	-0.0069654308868224721132	-1.8006908180593752533	437.90441099980432682	-588.18410084347112843	-37.96763452	0.0029415984726	-0.000523242239744	-2.80989717959e-06	-1.40523720233e-06	5.0313617	4.9264642	6.1144205	4.95936
745.08544009154468313	-0.0066092282015334461592	-1.8074789260063375274	437.67317781411770738	-589.15711510618962166	-37.96469659	0.00293633366545	-0.000545715146599	-2.92489350996e-06	-1.72387898254e-06	5.0138486	4.940468	6.3044002	4.9967662
746.08555477623588104	-0.0062530255153236818932	-1.8139107904164983864	437.43551806929724535	-590.12857986615676964	-37.96176143	0.00293090019266	-0.00056770034592	-3.0355094635e-06	-2.05998432495e-06	4.9974992	4.9548271	6.5086956	5.0289767
747.08566946092719263	-0.0058968289523549993411	-1.8199864112898589408	437.19178767557366427	-591.09853955641972334	-37.95883446	0.00292508671084	-0.000588255199508	-3.14730347362e-06	-2.42315740366e-06	4.9824489	4.9693319	6.7152697	5.0584219
748.08578414561713998	-0.0055405778730587430109	-1.8257057849121645088	436.94234117366454484	-592.06704515706724123	-37.95591033	0.00291914161958	-0.000608314678019	-3.25678103768e-06	-2.804773177e-06	4.9688418	4.9837593	6.9093759	5.0830227
749.08589883030845158	-0.00518413462432315824	-1.8310687561409844104	436.68753181252122886	-593.03415382443427006	-37.95299523	0.00291281953187	-0.000626958577549	-3.37794600874e-06	-3.21146242577e-06	4.9567801	4.9979067	7.0771272	5.1012245
750.0860135149995358	-0.0048276913753018627778	-1.8360752432423868008	436.42771166212446587	-593.99992853034984819	-37.95008327	0.00290636640636	-0.000645110444978	-3.49989120705e-06	-3.63497137104e-06	4.9460682	5.0116644	7.2118892	5.1140643
751.08612819969096108	-0.00447076081523471551	-1.8407252462163725681	436.16323152343261427	-594.96443764710647883	-37.94718131	0.0028995039062	-0.000661895854913	-3.64713832125e-06	-4.07973531937e-06	4.936372	5.0249466	7.3123432	5.1231987
752.08624288445400907	-0.0041182128533261202694	-1.8450190596792390707	435.8944409372720088	-595.92775455570802023	-37.94428284	0.00289249860092	-0.00067820459363	-3.79001580714e-06	-4.53688465425e-06	4.9273508	5.0377694	7.377295	5.1285343
753.08635756914520698	-0.0037814827513270232381	-1.8489693604686276984	435.62168322184368208	-596.88995583940481993	-37.94139509	0.00288509299335	-0.000693222829777	-3.92317973511e-06	-5.00301738053e-06	4.9186086	5.0502794	7.4055178	5.1276168
754.08647225383651858	-0.0034447526497807428106	-1.8525828925384515422	435.34528847152307662	-597.85111879956775738	-37.9385111	0.00287754724271	-0.000707789269867	-4.06611142827e-06	-5.48219032716e-06	4.9097338	5.0626193	7.3988275	5.1189148
755.08658693852771648	-0.0031070709368959501147	-1.8558596558887099359	435.06558399260961778	-598.811323929674586	-37.93563867	0.00286959288987	-0.00072117587173	-4.26141008756e-06	-5.97948998057e-06	4.9003514	5.0749231	7.369176	5.1093718
756.08670162331520714	-0.002778065027848507923	-1.8588002232277043291	434.78289613271527969	-599.77065506932626704	-37.93277031	0.00286149497408	-0.000734147935837	-4.45210844421e-06	-6.48361542832e-06	4.890412	5.0873207	7.3304472	5.1098457
757.08681630800640505	-0.0024813842204837333744	-1.8614302494409242783	434.49754028620463941	-600.72919606830498651	-37.92991459	0.00285293417306	-0.000746055573693	-4.61068951783e-06	-6.97637619275e-06	4.8800608	5.0998718	7.2960889	5.1252591
758.08693099269760296	-0.0021847034119582011379	-1.8637635608215104011	434.20980652190064575	-601.687026016413256	-37.92706333	0.00284421015319	-0.000757587882144	-4.78818300845e-06	-7.47783182712e-06	4.8694709	5.1124858	7.2724618	5.1473964
759.08704567738891456	-0.0018865347096577603312	-1.8658001573694631414	433.91998061608671833	-602.64422504535605185	-37.92422551	0.00283503665641	-0.000768291213662	-5.05573303099e-06	-7.99120523602e-06	4.8588545	5.1250516	7.258373	5.1665973
760.08716036216924294	-0.0016021537645617891371	-1.8675409298878549169	433.62834774698279716	-603.60087513786265845	-37.92139244	0.00282570410103	-0.000778701191064	-5.32094181579e-06	-8.50421916112e-06	4.8484464	5.1374701	7.2522758	5.1798616
761.08727504686055454	-0.001371094687462574499	-1.869027724607195351	433.33517627237034731	-604.55705487236809859	-37.91857352	0.00281593494268	-0.000788465708132	-5.53051241048e-06	-8.98670620639e-06	4.8384847	5.1496337	7.2525553	5.1900487
762.08738973155175245	-0.001085584239410666103	-1.8702834337495521932	433.04069390271592965	-605.51283172132036725	-37.91575963	0.00280601072906	-0.000798000996298	-5.77248935427e-06	-9.47605777639e-06	4.8290939	5.1614264	7.2569767	5.1997562
766.0878485192727112	-0.0003581285694453143994	-1.8732321757127534667	431.85391624100753916	-609.33320043825642642	-37.90462028	0.00276257879285	-0.000833254820192	-6.94266705044e-06	-1.13146108659e-05	4.7963936	5.2065485	7.2812656	5.2325582
770.08830728136410926	-0.00013150512042560942127	-1.8742689735179136612	430.66016265185362499	-613.15139648369654424	-37.89366684	0.00271361549317	-0.000868755679173	-8.15800668698e-06	-1.27947126847e-05	4.7665716	5.2494889	7.3112233	5.2567672
774.08876605931664017	-0.00066088475400957302341	-1.8756940448434302748	429.46253379097066727	-616.96837859681897953	-37.88292003	0.00265911007752	-0.000910856794645	-9.25360664552e-06	-1.37225957062e-05	4.7483813	5.2755352	7.2067386	5.2729378
776.0889954291532149	-0.0010703509903709409329	-1.8774033746853251436	428.86056648772580502	-618.87587746142378364	-37.87763058	0.00262985587585	-0.000935919992612	-9.86796919087e-06	-1.40006632974e-05	4.7517307	5.2743385	7.1614417	5.2778827
777.08911011384441281	-0.0014452391595359262086	-1.87866131401037606	428.55813636777429565	-619.82916927036171728	-37.87501159	0.0026146337634	-0.000949982338704	-9.88181925489e-06	-1.39707733026e-05	4.75766	5.2694392	7.1360105	5.2788186
778.0892247985357244	-0.0018201273277514910375	-1.8802941844975358254	428.25432868532209341	-620.78202290664762586	-37.87240063	0.00259922363607	-0.000964531831611	-9.95149666469e-06	-1.39302420426e-05	4.7667769	5.2615188	7.1114889	5.2783365
779.08933948322692231	-0.0021928366570800102847	-1.882301986146804218	427.9487870107553249	-621.73432187830860585	-37.86981282	0.00258329793323	-0.000980589233171	-1.01347172511e-05	-1.38749725606e-05	4.7791832	5.2505259	7.09481	5.2760536
780.08945416810911411	-0.0025893125036429522935	-1.8846859696783546667	427.64115549346558964	-622.68594772819892569	-37.8672335	0.00256718320223	-0.000997199487197	-1.0317516142e-05	-1.37866978987e-05	4.7949321	5.2364378	7.0927084	5.2715785
781.08956885280031202	-0.0031148124057940960313	-1.8875383592208991868	427.33104492275316488	-623.63676849885848696	-37.86467778	0.00255063617726	-0.00101551981077	-1.02662815067e-05	-1.35531682091e-05	4.814002	5.2192971	7.1061031	5.2645265
782.08968353749162361	-0.0036403123071853966258	-1.8909163089321292528	427.01797393631511568	-624.58661848096392077	-37.86213075	0.00253393010073	-0.00103446931088	-1.02648862439e-05	-1.33003690907e-05	4.8362588	5.1992233	7.1307836	5.2544872
783.08979822218282152	-0.0041648076620516994578	-1.8948198188120441987	426.70144693577543649	-625.53532221238253896	-37.85960873	0.00251669517236	-0.00105513644127	-1.03246063802e-05	-1.30219138112e-05	4.8615537	5.1763391	7.1622766	5.2410329
784.08991290703909272	-0.0047009495838039238799	-1.8992494585301680221	426.38097015630285114	-626.48269879033307461	-37.85709594	0.00249926498331	-0.00107643774866	-1.03945385028e-05	-1.27089105925e-05	4.8896597	5.1509404	7.1966169	5.2235485
785.090027591730518	-0.0053079805550740547654	-1.9042544975351387571	426.0560341149327428	-627.42855494378898129	-37.85460879	0.00248137455578	-0.0010996640512	-1.03516548235e-05	-1.22902800312e-05	4.9201529	5.1234631	7.2313049	5.2012444
786.09014227642182959	-0.0059150115260713240564	-1.9098666371283619103	425.72608160249490084	-628.37267257220401007	-37.85213113	0.00246331360512	-0.00112360358446	-1.03479928514e-05	-1.18415701392e-05	4.9526097	5.0942787	7.2640534	5.1734026
787.09025696111291381	-0.0065219654490653042669	-1.9160858773098374819	425.39054988940443991	-629.31482151348279785	-37.84968028	0.00244474675195	-0.00114939414509	-1.03643522026e-05	-1.13567593881e-05	4.9865746	5.0637045	7.2928163	5.1401568
788.09037164582377955	-0.007129869202245449171	-1.9229122613034044242	425.048880028982353	-630.25476151386794754	-37.84723938	0.00242599180068	-0.00117587293064	-1.04007280147e-05	-1.08366675175e-05	5.0214651	5.0320336	7.3175742	5.1020057
789.09048633051497745	-0.0077442255927803972312	-1.9303501616164306931	424.70051580984045358	-631.19224065581545347	-37.84482647	0.00240668438926	-0.00120431014308	-1.04349270133e-05	-1.02647832246e-05	5.0566496	4.9996055	7.339172	5.0584789
790.09060101520628905	-0.0083585819829499283934	-1.9384024887769737422	424.34490137037914792	-632.12699321553316167	-37.842424	0.00238717085161	-0.00123347805647	-1.04895217554e-05	-9.65312395596e-06	5.0915198	4.9669401	7.3588953	5.0058215
791.09071569989748696	-0.008973306688986912999	-1.9470692427850317952	423.98148550102905574	-633.05873997678838805	-37.84005038	0.00236717104333	-0.00126451890357	-1.05305257893e-05	-8.99478972374e-06	5.1257106	4.9345845	7.3873902	4.939668
792.09083038446010505	-0.0095832794711317951381	-1.9563502185037875414	423.60972308935532737	-633.98718755829793281	-37.83768755	0.00234698917163	-0.00129626099126	-1.05915740828e-05	-8.29903218971e-06	5.1589554	4.9030924	7.4448378	4.8616706
793.09094506915130296	-0.010158334234013738709	-1.9662221573868028379	423.22908386034970363	-634.91203080789011892	-37.83535539	0.00232624795039	-0.00132974268323	-1.06943945803e-05	-7.5910969265e-06	5.1909642	4.873047	7.5524703	4.7844149
794.09105975384261455	-0.01073338899729792649	-1.97666921698284348	422.83906868240723043	-635.83295884303151979	-37.83303475	0.00230529657507	-0.00136387796467	-1.07967813937e-05	-6.83665460357e-06	5.2214152	4.845041	7.7004381	4.7211999
795.09117443853369878	-0.011308988639653211328	-1.9876913972919072471	422.43919055856895284	-636.74964676257218343	-37.83074482	0.00228374356577	-0.00139970839899	-1.08481147534e-05	-6.03295512499e-06	5.2501512	4.8194647	7.8132738	4.6774578
796.09128912298740488	-0.011877475650314361574	-1.9992883953720426149	422.02897095865034771	-637.66175314445456479	-37.82846649	0.00226196372962	-0.00143617793653	-1.09096575504e-05	-5.19255975313e-06	5.2772577	4.7964886	7.8073909	4.6504923
797.0914038076784891	-0.012392652344486620314	-2.011424851075448661	421.6079526041513077	-638.5689249309001525	-37.82622088	0.00223967481038	-0.00147411867792	-1.10189492913e-05	-4.37008682092e-06	5.3027257	4.7762754	7.5929999	4.6372918
798.0915184923698007	-0.012907829038249728909	-2.0240765425557931678	421.17572355024537956	-639.47080856273009886	-37.82398765	0.00221719329127	-0.00151261601543	-1.11143494355e-05	-3.50071264038e-06	5.3261319	4.7590227	7.1094509	4.6349419
799.09163317706099861	-0.013423715139821892905	-2.0372434698130734709	420.73188838600663075	-640.36703692569903978	-37.82178791	0.00219402916929	-0.00155241246068	-1.11309680381e-05	-2.5762209276e-06	5.3469517	4.7449309	6.5509904	4.6405807
800.09174786138919444	-0.013930637964392301315	-2.0509252364556025405	420.27606239300746438	-641.25722591887233648	-37.81960089	0.00217060590502	-0.00159270209715	-1.11492610178e-05	-1.61662076427e-06	5.364758	4.7341553	6.1794065	4.6514802
801.09186254608039235	-0.014374010136086528763	-2.0650791835608495184	419.80788655510673379	-642.14098158014519413	-37.81744881	0.002146651058	-0.00163411105843	-1.121680557e-05	-7.0235390066e-07	5.3791708	4.7268043	5.9884421	4.6651107
802.09197723077170394	-0.014817382307373174258	-2.0796765536853598633	419.32705521624757239	-643.01791535469806149	-37.81531004	0.00212249370327	-0.00167594642916	-1.1262821801e-05	2.55944311735e-07	5.3897601	4.7230254	5.8675191	4.6790345
803.09209191546290185	-0.015261759370492615495	-2.0947173468291309106	418.83328206582871189	-643.88762714712333945	-37.81320694	0.00209758804531	-0.00171854198905	-1.12074996026e-05	1.2621602951e-06	5.3961435	4.7229707	5.7284269	4.690853
804.09220659957975386	-0.015694317376105670209	-2.1102009946364570503	418.32629326464336827	-644.74970124759454393	-37.81111749	0.00207239633436	-0.00176142814554	-1.11477906313e-05	2.29313449876e-06	5.3980651	4.7267814	5.5686638	4.6986772
805.09232128427083808	-0.016053030516189961685	-2.1260764890499301849	417.80584484989270777	-645.60371636613069768	-37.80906484	0.00204660756539	-0.00180494083554	-1.11557940153e-05	3.23712295174e-06	5.395263	4.7346003	5.4295689	4.7022596
806.09243596896226336	-0.016411743656268896335	-2.1423107377425423259	417.27175325118503224	-646.44926564271509051	-37.80702631	0.00202058977226	-0.00184869385613	-1.11411972694e-05	4.2165878303e-06	5.3875049	4.7466187	5.3461282	4.7017384
807.09255065365368864	-0.016771995452884217587	-2.1589037407142948055	416.72385595749989307	-647.28593462678099968	-37.80502599	0.00199395594228	-0.00189281121508	-1.10359440987e-05	5.23867076325e-06	5.3751571	4.763031	5.3100222	4.6972568
808.09266533740014893	-0.017115768738033970697	-2.1758546112153585028	416.1620037683700275	-648.11329642813143437	-37.80304037	0.00196708499402	-0.00193706881125	-1.09341659364e-05	6.27081785838e-06	5.3588595	4.7839915	5.2944138	4.6894153
809.09278002209134684	-0.017373206003201920045	-2.1931010762647966672	415.58608128654680058	-648.93092585838735431	-37.801094	0.00193958323759	-0.00198136862002	-1.0906989957e-05	7.16579735304e-06	5.3392686	4.8092176	5.2733029	4.6855389
810.09289470678265843	-0.01763064326890957656	-2.2106050081037844635	414.99604019851255998	-649.73842530666968287	-37.79916279	0.00191183784206	-0.00202568473272	-1.08498317857e-05	8.08605230394e-06	5.317569	4.838149	5.24038	4.6980259
811.09300939147385634	-0.017890337107843296005	-2.2283664067323178948	414.39185343215177681	-650.53539546866056753	-37.79727193	0.0018835190455	-0.00206991543811	-1.07160888123e-05	9.03463713404e-06	5.2955078	4.8702267	5.2086303	4.7393284
812.09312407472816631	-0.018128088861003106153	-2.2463839401784757577	413.77350649884834866	-651.32142943356529941	-37.7953967	0.00185497802174	-0.00211411304308	-1.05940963366e-05	9.97127643825e-06	5.2748648	4.9048303	5.1918878	4.8179629
813.09323875941936421	-0.018271483654896350513	-2.2645858136733791888	413.14102017176730897	-652.09613119135178749	-37.79356337	0.00182584388138	-0.00215788444531	-1.05604064655e-05	1.07270752998e-05	5.2572256	4.9410226	5.2012959	4.918965
814.09335344411067581	-0.018414878449045411074	-2.2829310984073827306	412.49448379803590115	-652.85914629476781101	-37.79174634	0.00179647908456	-0.00220149010204	-1.04954943346e-05	1.14979181274e-05	5.2428196	4.9778134	5.2287933	5.0187066
815.09346812880187372	-0.018561137819059998766	-2.3014197943804819424	411.83400556706698126	-653.61012525367618764	-37.78997125	0.00176664451316	-0.00224461286974	-1.03564714441e-05	1.22761600035e-05	5.2313005	5.0142245	5.2579522	5.0939809
816.09358281165748394	-0.018681831200397895631	-2.3200501651993330476	411.1597036481883265	-654.34871673357577038	-37.78821254	0.00173662662607	-0.00228754720424	-1.02282744742e-05	1.3019371621e-05	5.2223191	5.0494306	5.27245	5.1333435
817.09369749634879554	-0.018711903401507981592	-2.3387491767446402235	410.47172817236827314	-655.07458861146267282	-37.78649738	0.00170608470277	-0.00232975243552	-1.0205321914e-05	1.35539730786e-05	5.2155376	5.083002	5.2666391	5.1523521
818.09381218104010713	-0.018741975601523991335	-2.357478263939240648	409.77028998653685221	-655.78745929824196992	-37.78479929	0.00167533759063	-0.00237167218301	-1.01600468299e-05	1.40905745523e-05	5.2105978	5.114627	5.2493435	5.1703296
819.09392686573153242	-0.018774955630992514605	-2.3762374267831334329	409.05561369825807105	-656.48705764987494149	-37.78314573	0.001644185522	-0.00241264527765	-1.0052209072e-05	1.46254133932e-05	5.2071324	5.1440002	5.2304186	5.2059655
820.0940415485927133	-0.018783691013961101302	-2.3950248559889977251	408.32792984260157709	-657.17311607915939931	-37.78150967	0.00161287434943	-0.00245324644049	-9.95066646346e-06	1.51158114044e-05	5.2048659	5.1708608	5.2176654	5.2594662
821.09415623328402489	-0.018719895709184627974	-2.4137787998942630274	407.58749237763663587	-657.84539015081873004	-37.77991887	0.00158118988013	-0.00249284976945	-9.92591159513e-06	1.54121950682e-05	5.2037837	5.1950335	5.2125046	5.308676
822.0942709179752228	-0.018656100405021251026	-2.4324689411787034921	406.8345989925712729	-658.50368477847473514	-37.77834591	0.00154935824578	-0.00253205972159	-9.88005336354e-06	1.57008591489e-05	5.2038662	5.216404	5.2150643	5.3308575
823.09438560266642071	-0.018594348867465120695	-2.4510952798423208954	406.06955467366987023	-659.14781803692437734	-37.77681913	0.00151706711574	-0.0025702120514	-9.77353857126e-06	1.5978748686e-05	5.2050802	5.2350378	5.2250971	5.3237976
824.0945002861157036	-0.018516371355738837912	-2.4696565151581539865	405.29266598397799726	-659.77761532982628978	-37.77531063	0.00148459422175	-0.00260794601474	-9.65852530531e-06	1.62178575012e-05	5.2073494	5.2512241	5.2388315	5.3110704
825.09461497080690151	-0.018395931328801264776	-2.4881147831382626201	404.50425096285141535	-660.39292235764401084	-37.77384876	0.00145189337152	-0.00264458224355	-9.55266503157e-06	1.63236787002e-05	5.2105555	5.2652849	5.2505107	5.3175111
826.09472965549821311	-0.018275491301481119194	-2.5064525972789772901	403.70464941942981341	-660.99362088869486342	-37.77240541	0.00141910204154	-0.00268078276271	-9.41885511662e-06	1.6416834605e-05	5.2145458	5.2775521	5.2546946	5.3477309
827.09484434018941101	-0.018155517241584612914	-2.5246699575802935556	402.8942025766194206	-661.57960521906352369	-37.77100954	0.00138586604596	-0.00271557806387	-9.2573157086e-06	1.64879375902e-05	5.2191813	5.2883294	5.2510561	5.3790674
828.09495902460935213	-0.018031958953102236731	-2.5427665624571136327	402.07324997681843115	-662.15077849823558154	-37.76963257	0.00135245295598	-0.00274981371698	-9.08343832293e-06	1.65381231358e-05	5.2243365	5.2979162	5.2430501	5.3872988
829.09507370930055004	-0.017899854760893486871	-2.5607345297286374652	401.2421312131700688	-662.70705547362945254	-37.76830371	0.00131885896727	-0.00278274976468	-8.90305134362e-06	1.65436320771e-05	5.2298826	5.3064691	5.2342046	5.3659079
830.09518839399197532	-0.017767750568639686243	-2.5785703776576851531	400.40118757085798507	-663.24836560412484232	-37.76699408	0.00128519268893	-0.00281516647198	-8.70971460007e-06	1.65360484256e-05	5.2356855	5.3139402	5.2277033	5.3335255
831.09530307868328691	-0.017634683512945475981	-2.5962741062442509232	399.55075806891937873	-663.77464777228635739	-37.76573273	0.00125116573629	-0.00284617383844	-8.49670320546e-06	1.65020531447e-05	5.2416142	5.3202661	5.2260141	5.3106858
832.09541776391347412	-0.01750889464701088985	-2.6138463450587945403	398.69117874174702365	-664.28584932276078234	-37.76449075	0.00121699416547	-0.00287661610688	-8.2638462738e-06	1.64681811008e-05	5.2475385	5.3253982	5.2315021	5.3079833
833.09553244860478571	-0.017399545764719727414	-2.6313025669965584008	397.82277906651989952	-664.78191986987098971	-37.76329818	0.00118258935499	-0.00290571226667	-8.00266423908e-06	1.6467842777e-05	5.2533388	5.3293024	5.2449676	5.3211739
834.09564713329598362	-0.017290196882029602865	-2.6486494275112395513	396.9458787741198762	-665.26280465656725482	-37.76212549	0.00114809070729	-0.00293426685858	-7.73431862386e-06	1.64574426679e-05	5.258927	5.3319377	5.2585052	5.3443961
835.09576181798718153	-0.017179345345491658231	-2.6658869266028406564	396.06079431231745502	-665.72845485962955081	-37.76100197	0.00111339838455	-0.00296142939265	-7.46707206539e-06	1.64216860166e-05	5.264223	5.3333402	5.2612104	5.3653106
836.09587650349521937	-0.017079774028278038589	-2.683016050951656517	395.16783954451426553	-666.17882882561013957	-37.7598983	0.00107862787935	-0.00298802998276	-7.18679360578e-06	1.63970611179e-05	5.2691494	5.3336121	5.2444948	5.3661609
837.09599118818630359	-0.017005128382206326915	-2.7000604566650849847	394.26732103544526353	-666.61388236567017884	-37.75884478	0.00104349343206	-0.0030132036676	-6.87838968989e-06	1.64336659769e-05	5.273664	5.3328486	5.218446	5.3299283
838.09610587287761518	-0.01693048273651684768	-2.7170302081720607568	393.35953402741910168	-667.03355858325539884	-37.75781157	0.00100821157412	-0.00303779940049	-6.56735850181e-06	1.64612640852e-05	5.2777569	5.331143	5.2022283	5.2660418
839.09622055756881309	-0.0168545432376952381	-2.7339253054725802805	392.44477125809271456	-667.43780438239934938	-37.75682852	0.000972812869776	-0.00306093365	-6.27054519888e-06	1.64669107727e-05	5.2814211	5.3286069	5.2147467	5.2131263
840.09633524295077223	-0.016788317408868304315	-2.7507465980947261031	391.5233239845443336	-667.82657259066138522	-37.75586586	0.000937366678864	-0.0030834739504	-5.96968279068e-06	1.64836919645e-05	5.2846577	5.3253535	5.2603634	5.2104504
841.0964499276423112	-0.016743561998815610636	-2.7675144605951023102	390.59547849482743231	-668.19981339026480782	-37.75495402	0.000901600020976	-0.00310463257057	-5.636060378e-06	1.65547009953e-05	5.2874908	5.3214915	5.3207521	5.2594848
842.0965646123335091	-0.01669880658700104159	-2.7842375625518989146	389.66151322777290034	-668.55746538894652531	-37.75406292	0.000865702687235	-0.00312522778716	-5.29619608899e-06	1.66183631772e-05	5.2899633	5.3171165	5.3754953	5.3116694
843.0966792970248207	-0.01665317130280662139	-2.8009159039651216894	388.72170537835472715	-668.89947036407522774	-37.75322254	0.000829702533637	-0.00314431532792	-4.96623057281e-06	1.66594326284e-05	5.2921172	5.3123227	5.4069176	5.3157523
844.09679398218156621	-0.016614168634722682738	-2.8175500611040762422	387.77633165616168753	-669.22577519841138383	-37.75240293	0.000793660312828	-0.00316278602561	-4.63453793614e-06	1.67057437456e-05	5.2939781	5.3072042	5.4099965	5.2580795
845.0969086668728778	-0.016590017801604590303	-2.8341540583281705779	386.82566626671808763	-669.53632587124286601	-37.75163557	0.000757302775709	-0.00318002459459	-4.30557767026e-06	1.67990775734e-05	5.2955737	5.3018494	5.3832921	5.1837903
846.09702335156407571	-0.016565866969376688567	-2.8507339019497668353	385.86997930191853357	-669.83106116807800845	-37.75088966	0.000720815799405	-0.00319675736754	-3.98205263675e-06	1.68909544434e-05	5.2969417	5.2963341	5.3265244	5.1436948
847.09713803625538731	-0.016541178617721263161	-2.8672895919688694555	384.90954058349564093	-670.10992314962447836	-37.7501945	0.00068427949403	-0.00321212726496	-3.67197435432e-06	1.69572829014e-05	5.2980912	5.2907334	5.2546536	5.1654724
848.09725272123034756	-0.016520565269327630586	-2.8838214792235730144	383.94462008067614534	-670.37285855135166912	-37.74952024	0.000647722871035	-0.00322693582221	-3.36445199659e-06	1.70223732506e-05	5.2990095	5.2851258	5.1932717	5.2265048
849.09736740592154547	-0.016509242046305942081	-2.9003382768879046871	382.97548688292783936	-670.61981500263789258	-37.74889888	0.000610942511981	-0.00324035329672	-3.05477624091e-06	1.71160621159e-05	5.2996877	5.2795863	5.1679205	5.2973201
850.09748209061285706	-0.016497918821910269316	-2.9168437500301194198	382.00240842225463211	-670.85073703353555175	-37.74829938	0.0005740696928	-0.00325319589882	-2.74649779773e-06	1.72083652156e-05	5.3001247	5.274182	5.1956175	5.351208
851.09759677530405497	-0.016486284834699941465	-2.9333378986502132157	381.02565240367817978	-671.06557275287275388	-37.747752	0.000537000758888	-0.0032648814162	-2.45931885288e-06	1.72909215169e-05	5.3003196	5.2689796	5.2541094	5.3831364
852.09771146015953036	-0.016477020383294946337	-2.9498209248974744945	380.04548698411429086	-671.26427475837817838	-37.74722623	0.00049985050911	-0.00327608716674	-2.17952057272e-06	1.73750244789e-05	5.3002718	5.2640457	5.3093222	5.3980402
853.09782614485084196	-0.016473255640823105533	-2.9662979523559873662	379.06218028884376281	-671.44679789723181784	-37.74675318	0.000462602470283	-0.00328589302703	-1.89046594879e-06	1.74705151889e-05	5.2999829	5.2594451	5.32736	5.4004956
854.09794082954203986	-0.016469490899393354755	-2.9827712146403544402	378.07600007600024128	-671.61309687894083709	-37.74630206	0.000425313749684	-0.0032951165111	-1.59869436211e-06	1.75628148136e-05	5.2994678	5.2552364	5.2975245	5.390093
855.09805551423335146	-0.016465526747330944818	-2.999240711750578825	377.08721458368495405	-671.76313028870958988	-37.74590311	0.000388069210782	-0.00330306063885	-1.30317157527e-06	1.76414386072e-05	5.298757	5.251477	5.2486506	5.3626973
856.09817019903005075	-0.01646309072722737521	-3.0157065730239573931	376.09609257195910459	-671.89686114421238017	-37.74552593	0.00035084311331	-0.00331047076352	-1.00552365493e-06	1.77180638523e-05	5.2978824	5.2482233	5.2134529	5.3143194
857.09828488372136235	-0.016464256867866511325	-3.0321721349529617839	375.10290308073120968	-672.01425543358493542	-37.74520154	0.000313489790897	-0.00331656418164	-7.04341430983e-07	1.77999366003e-05	5.2968767	5.2455109	5.2215235	5.2501483
858.09839956841256026	-0.016465423009012863237	-3.0486388631567513663	374.10791528769198067	-672.11528054513757979	-37.74489927	0.000276083188371	-0.00332210618057	-4.02347732979e-07	1.78787546354e-05	5.295765	5.2433484	5.2681811	5.1864019
859.09851425310387185	-0.016466411629453035076	-3.0651067576353292488	373.11139886300583157	-672.19990792599389806	-37.74464924	0.000238776887444	-0.00332635088359	-1.08133806762e-07	1.7943911226e-05	5.294566	5.2417427	5.3265083	5.1400279
860.09862893788931615	-0.016468766204667622394	-3.081575933263669409	372.11362394828131528	-672.2681134557481073	-37.74442116	0.000201512730871	-0.0033300504936	1.82964653359e-07	1.80066978276e-05	5.2932985	5.2406981	5.3693838	5.1252836
861.09874362258062774	-0.016474380935815057664	-3.09804939587145034	371.11486101913362745	-672.31987612889963657	-37.74424584	0.000164129423202	-0.00333250158748	4.90492643732e-07	1.80746260312e-05	5.2919842	5.2402017	5.3855979	5.1370956
862.09885830727182565	-0.016479995667027454859	-3.1145284738543308478	370.11538084324706688	-672.35517663254518084	-37.74409275	0.000126695885168	-0.00333442634612	8.04357100825e-07	1.81399082252e-05	5.2906503	5.2402301	5.3854199	5.161814
863.09897299196325093	-0.016485386020975052734	-3.1310131672123171498	369.11545463514755738	-672.37399976925632927	-37.74399167	8.9426285928e-05	-0.00333505795222	1.11457083174e-06	1.81901594061e-05	5.2893243	5.2407595	5.3806315	5.1857516
864.09908767677382002	-0.016492508292245605661	-3.1475036208871332022	368.1153540082493123	-672.37633479919543333	-37.74391258	5.22260268458e-05	-0.00333514260175	1.4230671207e-06	1.82383274261e-05	5.2880323	5.2417662	5.3802644	5.1992578
865.09920236146513162	-0.016503803571413903223	-3.1640036689049866325	367.11535093080397019	-672.3621737609308866	-37.74388617	1.50270117543e-05	-0.00333382109963	1.74109278608e-06	1.82934236622e-05	5.2867959	5.2432256	5.3815786	5.2055145
866.09931704615632952	-0.016515098848877564353	-3.1805150134965254338	366.11571781240712653	-672.33150965445781821	-37.74388213	-2.21714754356e-05	-0.00333190288089	2.06251175733e-06	1.83451990752e-05	5.2856381	5.2451096	5.3786874	5.2102484
867.09943173084764112	-0.016526064226088155173	-3.1970376546617549351	365.11672751772522361	-672.28433954899765013	-37.74392984	-5.92345497986e-05	-0.00332879641923	2.38326606496e-06	1.83837885549e-05	5.2845828	5.2473896	5.3657055	5.2187628
868.09954641571505363	-0.016539581386241369865	-3.2135718052598196692	364.11865329669319635	-672.22066502256222975	-37.7439996	-9.62399705194e-05	-0.00332518404884	2.70307645823e-06	1.84229977044e-05	5.2836499	5.2500343	5.339401	5.2314389
869.09966110040636522	-0.016559285975671161895	-3.2301231369072853639	363.12176891801863121	-672.14048968857741784	-37.74412135	-0.00013313019575	-0.0033201585775	3.02380544054e-06	1.84716286584e-05	5.2828498	5.2530081	5.3051238	5.245448
870.09977578509756313	-0.016578990566014178282	-3.2466941754046754198	362.12634901030128276	-672.0438165199186642	-37.74426531	-0.000169971213457	-0.0033145294784	3.34426183404e-06	1.85148678509e-05	5.2821959	5.2562702	5.2699597	5.2579224
871.09989046978887473	-0.016598244523363950981	-3.2632849207519951662	361.1326688138163945	-671.93065244937724856	-37.74446034	-0.000206739257557	-0.00330772226122	3.66666957774e-06	1.85414219077e-05	5.2817021	5.2597725	5.2409795	5.2671559
872.10000515472188454	-0.016620986138493464013	-3.2798956636132539089	360.14100406862615955	-671.8010090247324797	-37.74467724	-0.000243476027252	-0.00330041013628	3.98845773952e-06	1.85691782043e-05	5.2813778	5.2634566	5.223486	5.2733257
873.10011983941319613	-0.016652199189744098379	-3.2965341642397572031	359.15163144703956277	-671.65489905541278404	-37.7449459	-0.000280040748414	-0.00329158792884	4.33656872306e-06	1.86152294045e-05	5.2812195	5.2672594	5.2162004	5.2767777
874.10023452410450773	-0.016683412241242395746	-3.3132038814974436036	358.16482928976790845	-671.49233299739955783	-37.74523681	-0.0003165314921	-0.00328211641572	4.69549692156e-06	1.86560828609e-05	5.2812271	5.2711106	5.2163086	5.2778507
875.10034920879581932	-0.016714132699633194729	-3.3299048153863166633	357.18087687667036789	-671.31332522453737965	-37.74557857	-0.000352890030051	-0.00327142432952	5.02398403744e-06	1.86831801408e-05	5.2814022	5.2749395	5.2210484	5.2768917
876.10046389375315812	-0.016748658137058027723	-3.3466372839782581039	356.20005423895713648	-671.11789493144897278	-37.74594227	-0.000389191535519	-0.00326020569798	5.33695643561e-06	1.87131073895e-05	5.2817742	5.2786739	5.2288143	5.2745894
877.10057857844446971	-0.016792371728726326191	-3.3634097222324568222	355.22264287557544549	-670.90606254200645253	-37.74635685	-0.000425355211007	-0.00324754538827	5.67614789069e-06	1.87614097843e-05	5.282404	5.2822364	5.2391723	5.2720741
878.10069326313566762	-0.01683608532153956297	-3.3802258790921531073	354.24892681614886669	-670.67784587367805216	-37.74679346	-0.000461459232809	-0.00323426111113	6.02638022291e-06	1.88032485247e-05	5.2833618	5.2855418	5.2517471	5.270497
879.10080794782697922	-0.01687943241199923658	-3.3970857545573496239	353.27919138071888483	-670.43326689942887242	-37.74728031	-0.000497330443706	-0.00321974491981	6.34820752342e-06	1.88320948507e-05	5.2847182	5.2885044	5.2661587	5.2710062
880.10092263271747015	-0.016925593785772588551	-3.4139895860687969886	352.31372291156748133	-670.17235273587141364	-37.74778899	-0.000533100562627	-0.00320469380233	6.6548300737e-06	1.88611812481e-05	5.2865394	5.2910388	5.2812033	5.2746671
881.10103731740878175	-0.016978430127513339382	-3.430943542161918991	351.3528094469548364	-669.89513307974937106	-37.74834745	-0.000568785719625	-0.00318819963884	6.97535240098e-06	1.88956292573e-05	5.2888831	5.2930623	5.2938374	5.2793184
882.10115200209997965	-0.017031266469583066642	-3.4479503406561500256	350.39674165028037578	-669.60163752135485993	-37.7489276	-0.000604433863509	-0.00317107682163	7.30133338202e-06	1.89214529126e-05	5.2918115	5.2944938	5.3007669	5.2785643
883.10126668679129125	-0.017084100798893490925	-3.4650099815514936452	349.44581154641946341	-669.2919004358092252	-37.74955715	-0.000639749152332	-0.00315261795125	7.61514499303e-06	1.89323382687e-05	5.2953868	5.2952523	5.2987109	5.2657307
884.10138137148351234	-0.017136950403335876603	-3.4821224661599261552	348.50031224412543907	-668.96596172463921448	-37.75020829	-0.000674918961391	-0.00313357513692	7.92155245757e-06	1.89355392336e-05	5.2996382	5.2952588	5.2874451	5.2380088
885.10149605617493762	-0.017189834990889826111	-3.4992878272355083524	347.56053783990415695	-668.62386686619197462	-37.75090825	-0.000709993318439	-0.00311320825305	8.23616561712e-06	1.89229896879e-05	5.3045232	5.2944397	5.2733001	5.2064219
886.10161074086624922	-0.017242719579174312777	-3.5165060789639444039	346.62678332090825961	-668.26566696434861115	-37.75162961	-0.000745025820538	-0.00309226077519	8.55231085319e-06	1.89021808185e-05	5.30999	5.2927233	5.2634572	5.1851043
887.10172542555744712	-0.017296283495911387446	-3.5337772213452334213	345.69934445136590284	-667.89141883457148197	-37.75239901	-0.000779697412139	-0.00306995427617	8.8576683324e-06	1.88616419932e-05	5.3159871	5.2900379	5.2648925	5.1880268
888.10184010987643433	-0.017344779142071407863	-3.5511008065793339128	344.77851764882939278	-667.50118509962317148	-37.75318954	-0.000814210231793	-0.00304704991581	9.15927173448e-06	1.87997039098e-05	5.322481	5.2863203	5.2785065	5.2180195
889.10195479456774592	-0.017382296600326998387	-3.56846633578245509	343.86459794193319794	-667.09503855435343667	-37.75402813	-0.000848556191534	-0.00302304757317	9.43779969999e-06	1.86942026755e-05	5.3294532	5.281525	5.2982627	5.2589357
890.10206947925894383	-0.017419814058467025103	-3.5858693867464062066	342.95787659403197267	-666.67306635691579686	-37.75488792	-0.000882828507336	-0.00299856063398	9.70070025332e-06	1.85842092079e-05	5.3368773	5.2756179	5.3177175	5.2928136
891.10218416395025542	-0.0174591195190842291	-3.6033099594711934799	342.05864404379667576	-666.23536229047920187	-37.75579464	-0.000916841319394	-0.0029728275391	9.94151399174e-06	1.84578923023e-05	5.3447335	5.2685661	5.3312509	5.3049495
892.10229884766852138	-0.017485389822881745869	-3.6207868569372676504	341.16719018026947197	-665.78202584515281615	-37.75672213	-0.000950739226811	-0.00294654266384	1.01801320227e-05	1.82953377943e-05	5.3530892	5.2603367	5.3421267	5.2996448
893.10241353235983297	-0.017485528689601407409	-3.638274321508080611	340.28379868633612659	-665.31317260467039887	-37.75769658	-0.000984296820494	-0.0029191590208	1.03980936814e-05	1.80459547301e-05	5.3620509	5.2509077	5.3589391	5.2882691
894.10252821705103088	-0.017485667555942458612	-3.6557619249612001155	339.40874093490964469	-664.82894350194328581	-37.75869189	-0.00101770323895	-0.00289128727972	1.0595503097e-05	1.77948663607e-05	5.3717034	5.2402776	5.3903556	5.2816792
895.10264290174234247	-0.017489199571589963272	-3.6732496672966323814	338.54228459330863643	-664.32948649683237363	-37.75973273	-0.0010508913536	-0.00286246087855	1.07376043513e-05	1.75342966007e-05	5.3820946	5.2284116	5.4415908	5.2829525
896.10275758462330487	-0.017468645314833379512	-3.6907352308205032543	337.68469459540762045	-663.81495438538945564	-37.76079388	-0.0010839821783	-0.00283320902067	1.0873804598e-05	1.7220482279e-05	5.3930882	5.2152478	5.4991622	5.2893791
897.10287226931473015	-0.017404210638523032878	-3.7081736584885476304	336.8362219309107104	-663.28552245113189656	-37.76190057	-0.00111665817525	-0.00280302325694	1.10100056941e-05	1.67751543245e-05	5.4044632	5.2007414	5.5432494	5.2981208
898.10298695400604174	-0.017339775961265742332	-3.7255476440901453827	335.99709265448700535	-662.74140272180159172	-37.76302763	-0.0011491487003	-0.00277241993849	1.11262875781e-05	1.63337591414e-05	5.41596	5.184899	5.5543257	5.3041463
899.10310163869723965	-0.017280657529495594554	-3.742857187625295623	335.16752499946568378	-662.18281350382858363	-37.76419857	-0.00118128168968	-0.00274107353818	1.11941276608e-05	1.58889487098e-05	5.4272845	5.1677564	5.5310541	5.2976243
900.10321632065722497	-0.017184812971141268795	-3.7600985715113806052	334.34773132003738283	-661.60997589320197676	-37.76538918	-0.00121325430592	-0.00270939382741	1.12741498452e-05	1.53742004807e-05	5.4380927	5.1493528	5.500363	5.2680529
901.10333100534842288	-0.017028792436837889707	-3.7772073361037374895	333.53790003714948398	-661.023138370616266	-37.76662377	-0.00124468925743	-0.00267718841656	1.13887494558e-05	1.46967158396e-05	5.4480032	5.129764	5.4915035	5.20995
902.10344569003962079	-0.016872771903246038677	-3.7941600622690589972	332.73817981590690351	-660.4225944543238711	-37.76787814	-0.00127588225983	-0.00264474644067	1.14893764666e-05	1.40324212621e-05	5.4565843	5.109168	5.5335301	5.136177
903.10356037473093238	-0.016723755456375680173	-3.8109567500073460167	331.94870680285299613	-659.80864150151523972	-37.76917452	-0.0013067735891	-0.00261177224194	1.15208417976e-05	1.33720229816e-05	5.4634838	5.087761	5.6426506	5.0639779
904.10367505603505833	-0.016527522396290815487	-3.8275923794197126426	331.16960762735152457	-659.18157628151686822	-37.77048988	-0.0013375287276	-0.00257855777043	1.15707251418e-05	1.26335104575e-05	5.4686081	5.0657404	5.7933605	5.0107975
905.10378974072636993	-0.016261646374673324744	-3.8439888440130589586	330.40097520147935484	-658.54172382373792516	-37.77184762	-0.00136760924354	-0.00254503305596	1.16590058919e-05	1.17246351834e-05	5.4718748	5.043347	5.9507015	4.9911458
906.10390442541756784	-0.015995770352499910638	-3.86011940209234794	329.64284994145799601	-657.88945563897050306	-37.77322456	-0.00139738421901	-0.00251136783065	1.17278211197e-05	1.08391314483e-05	5.4731406	5.0210039	6.0792188	4.9947594
907.10401911010887943	-0.015737598929722904778	-3.8759840536575786984	328.89525570893118811	-657.22514301123874247	-37.77464169	-0.00142670389197	-0.0024776352715	1.1740242929e-05	9.97149607936e-06	5.472261	4.9992019	6.1470945	4.9989021
908.10413379138674372	-0.015428484971718474036	-3.8915771506910168398	328.15820365211601484	-656.54915234457155293	-37.77607708	-0.00145581669227	-0.00244387211832	1.17871135809e-05	9.03495219323e-06	5.4691067	4.9784362	6.1703477	4.9805485
909.10424847607794163	-0.015050820808854524502	-3.9068185513361335381	327.43166523794116074	-655.86187368753599003	-37.77755211	-0.00148446710296	-0.00241001541675	1.18592306644e-05	7.93940117473e-06	5.4635163	4.9592345	6.2037874	4.9240064
910.10436316076936691	-0.014673156646349405988	-3.9216822445063064251	326.71555369573718508	-655.16373671917631327	-37.7790452	-0.0015129067457	-0.00237611607364	1.19048027036e-05	6.87145492509e-06	5.4552654	4.9421863	6.3032377	4.8487543
911.10447784546056482	-0.014302235414846795752	-3.9361682302015337243	326.00976361400495307	-654.45516614965322333	-37.78057646	-0.00154085986476	-0.00234246525511	1.18938308158e-05	5.83232982256e-06	5.444146	4.9278898	6.5270517	4.7850384
912.10459252749672032	-0.013887308111284021178	-3.9502714795249662671	325.31417513341477843	-653.73657762403331617	-37.78212516	-0.00156859050315	-0.00230892808351	1.19160825363e-05	4.74958088503e-06	5.4301651	4.9168734	6.8800159	4.753768
913.10470721218791823	-0.013417020249864642853	-3.9639252093996066861	324.62863008057763636	-653.00840056868923966	-37.78371162	-0.00159569793416	-0.00227575038032	1.19799140518e-05	3.56322449402e-06	5.4134266	4.909495	7.2644909	4.7491101
914.10482189687922983	-0.012946732389021997633	-3.9771085974784607942	323.9529171838320849	-652.27108993084084432	-37.78531538	-0.00162251946722	-0.00224273758416	1.20323177058e-05	2.41273265073e-06	5.3939777	4.906137	7.5673839	4.760642
915.10493658157042773	-0.012480376044421270104	-3.989821643761527703	323.28680718354127066	-651.52509168804056117	-37.78695499	-0.00164886304999	-0.00221026554891	1.20389689842e-05	1.29372140142e-06	5.3719382	4.9071709	7.6953008	4.7804547
916.10505126493103489	-0.011988529371942705307	-4.0020613883772488961	322.63005669690443256	-650.77083994397139577	-37.78861109	-0.00167498666974	-0.00217804238347	1.20671538832e-05	1.66940215991e-07	5.3477643	4.9129234	7.6527906	4.8074792
917.10516594962234649	-0.011465746467503647524	-4.0137898712199655549	321.98239432108999836	-650.00876949878681899	-37.79030359	-0.00170061997322	-0.00214649590177	1.21016496644e-05	-9.83464979355e-07	5.3219759	4.9237364	7.534284	4.8417816
918.10528063431365808	-0.010942963562753838316	-4.0249955112029942583	321.34351272441602987	-649.23932215077263663	-37.79201291	-0.00172602690082	-0.00211526184059	1.21265876678e-05	-2.09193042488e-06	5.2950214	4.9399835	7.4374448	4.8834547
919.10539531900508337	-0.01042033833039139254	-4.0356783083263385592	320.71308991992924575	-648.46292859244442752	-37.79375583	-0.00175098635641	-0.00208485429271	1.2121528809e-05	-3.1686768982e-06	5.2672472	4.9620381	7.4292751	4.9325843
920.10551000365205709	-0.009896691421394477467	-4.0458381437807284797	320.09079199816784467	-647.68000709259410996	-37.79551431	-0.00177573855703	-0.00205482955977	1.21175151209e-05	-4.21571638971e-06	5.2389712	4.9897143	7.469891	4.988205
921.105624688343255	-0.0093718086677991811057	-4.0554734987262568424	319.4762733065364273	-646.89096436791749056	-37.79730708	-0.00179999117295	-0.002025727439	1.20806832227e-05	-5.21505505641e-06	5.2104566	5.0216114	7.4953764	5.0470097
922.1057393730345666	-0.0088469259146930524784	-4.0645839107224670528	318.8691768560677815	-646.09619624841388941	-37.79911579	-0.0018240116586	-0.00199705400672	1.20407330506e-05	-6.1751995438e-06	5.1818605	5.0561463	7.4563596	5.1053291
923.10585405772587819	-0.008319098687710317977	-4.0731693797693582226	318.26913590611638938	-645.29608744542747445	-37.80095613	-0.00184756277616	-0.00196949383188	1.20008112025e-05	-7.1055047052e-06	5.1533203	5.0917074	7.3721681	5.1594431
924.10596874307657345	-0.0078104358093944760422	-4.0812321102885000812	317.67577494719938613	-644.49101183651396241	-37.80281121	-0.0018708951084	-0.00194245257684	1.19489201758e-05	-7.98148536404e-06	5.1249699	5.1266738	7.2836521	5.2057002
925.10608342776777135	-0.0073255310043701714687	-4.0888009616273741642	317.08872215824067098	-643.68132447083587522	-37.80469825	-0.00189378954786	-0.00191648966046	1.18273391013e-05	-8.7645193096e-06	5.0969539	5.1597269	7.2196876	5.2424879
926.10619811245908295	-0.0068406261990761069863	-4.095884852549813715	316.50761696949837187	-642.86735766618085108	-37.80660023	-0.00191647922368	-0.00189103098745	1.17077624875e-05	-9.51601070274e-06	5.069436	5.1898092	7.178029	5.2699907
927.10631279715028086	-0.0063513036173449537863	-4.1024837830558169571	315.93209385867470473	-642.04943413585226608	-37.80853255	-0.00193870855547	-0.0018667934803	1.15989747424e-05	-1.02361474396e-05	5.0425462	5.2159149	7.1514583	5.2886075
928.10642748260033841	-0.0058909705980940965317	-4.1086010235354502029	315.36178157501677788	-641.22786845847736004	-37.81047909	-0.00196072194065	-0.00184312881993	1.14668627835e-05	-1.08927834016e-05	5.0163589	5.2380313	7.1355753	5.3014585
929.10654216729153632	-0.0054681731679823352907	-4.1142812467783800301	314.79632204657275452	-640.40295499961041514	-37.81245515	-0.0019822311073	-0.00182059368545	1.12463721553e-05	-1.14441296842e-05	4.9909568	5.2569625	7.130488	5.3139764
930.1066568519829616	-0.0050453757372681028517	-4.1195386241026463736	314.23538213032986732	-639.57496134698294554	-37.81444509	-0.00200350299464	-0.00179859009255	1.10318950227e-05	-1.19733694862e-05	4.9664428	5.2734903	7.1365917	5.3313392
931.10677153667415951	-0.004618117578737487329	-4.124373155508246569	313.67862725679236746	-638.74414762242781762	-37.81646335	-0.00202430711404	-0.00177800760722	1.08607139095e-05	-1.24791794882e-05	4.9428834	5.2880283	7.1486127	5.3532942
932.1068862219251514	-0.0042204345682462212491	-4.1287880999772719193	313.12571945759322034	-637.91076852309402057	-37.81849498	-0.00204489040899	-0.00175809600007	1.06767444777e-05	-1.29292803534e-05	4.9203354	5.3007056	7.1546288	5.3753384
933.10700090661634931	-0.0038630906878245633781	-4.1328303261335213037	312.576337050057532	-637.07506104394622071	-37.8205541	-0.00206499336683	-0.0017393059891	1.03986566464e-05	-1.32811792599e-05	4.8988582	5.3116103	7.1431161	5.3930007
934.10711559130766091	-0.0035057468062023554312	-4.1365151674269382553	312.03018745598359374	-636.23723715344954144	-37.82262623	-0.00208486884794	-0.00172104714055	1.01262640054e-05	-1.36177946031e-05	4.8784944	5.3207162	7.1138686	5.4043224
935.10723027599885882	-0.0031446142587453393934	-4.1398426238575245506	311.48697869140193006	-635.39750344710921581	-37.82472458	-0.00210430218729	-0.00170414750609	9.90509097193e-06	-1.39405953039e-05	4.8592752	5.3279437	7.0767528	5.4089574
936.10734496101406421	-0.0028088727766274897667	-4.1428154285627281084	310.94641692349466666	-634.55606324078758007	-37.82683538	-0.00212352547556	-0.00168789360203	9.67748860895e-06	-1.42211175459e-05	4.841273	5.3332007	7.0416617	5.4067628
937.10745964570526212	-0.0025095877115090016451	-4.1454749637799013229	310.4082237325103506	-633.71310601647178373	-37.82897163	-0.00214223314217	-0.00167271282632	9.3675212741e-06	-1.44217978307e-05	4.8247611	5.3363018	7.0147417	5.3990875
938.10757433039657371	-0.0022103026463930475209	-4.1478351796084362846	309.87214791863669916	-632.86880059787870323	-37.83112002	-0.00216069507463	-0.00165804348042	9.06430152024e-06	-1.461281559e-05	4.8100954	5.3369923	6.998983	5.3880046
939.10768901508777162	-0.001907901945530839213	-4.1498960760483338817	309.33793976811449511	-632.02331217081189152	-37.83329287	-0.00217879813125	-0.00164462605822	8.80539878827e-06	-1.47941185609e-05	4.7976363	5.3350369	6.9969784	5.3753468
940.10780369993847216	-0.0016265849637766478276	-4.1516598770045245459	308.80534868354533273	-631.17680413201492229	-37.83547741	-0.00219672961522	-0.00163180716019	8.54055789745e-06	-1.49428864576e-05	4.7877614	5.3303497	7.0065666	5.361448
941.10791838462978376	-0.0013769019520039249473	-4.1531617926894606185	308.27413776825949299	-630.32942926933162653	-37.83768575	-0.00221412510306	-0.00162007062125	8.22920159405e-06	-1.50246179862e-05	4.7808668	5.3228816	7.0215287	5.3460853
942.10803306932109535	-0.0011004133957244087091	-4.1544139967281354942	307.74409422701228323	-629.48132367677101229	-37.83990549	-0.00223126353152	-0.00160885317289	7.93617600389e-06	-1.50989469461e-05	4.777397	5.312658	7.0362372	5.3291174
946.10849182844901861	-0.00020823818243072091442	-4.1570514056915781609	305.63145057134056515	-626.0842076423788285	-37.84896192	-0.00229632156923	-0.00157262472105	6.94725965136e-06	-1.51657840445e-05	4.8076231	5.2542842	7.0945959	5.2518991
950.10895056292463323	0.00048139801821669991888	-4.1565279998883815082	303.52216693954528637	-622.68500300713583329	-37.85826758	-0.00235554098725	-0.00154722540425	6.08727115555e-06	-1.48556573006e-05	4.9109492	5.1957573	7.1579034	5.1709554
954.10940927453361837	0.00090667477457764377845	-4.1537055035018344284	301.40694003237331344	-619.28949501040892756	-37.86779978	-0.0024090024342	-0.00153052094728	5.30791601044e-06	-1.41778623618e-05	5.0079566	5.1412314	7.2255489	5.1072522
956.10963864327720785	0.0010632233727418186064	-4.1517221445323206908	300.34504451372595213	-617.59441562423330652	-37.87264321	-0.00243370486963	-0.00152465425127	4.95931057014e-06	-1.37428813715e-05	5.0365271	5.1075443	7.265702	5.0800978
957.10975332796840576	0.0010889794939505550563	-4.1506459196866360983	299.81277861042246968	-616.74770298456689943	-37.87508506	-0.00244546836127	-0.00152230228252	4.71499938215e-06	-1.34465905635e-05	5.048157	5.0892429	7.2831247	5.0681603
958.10986801265971735	0.0011147356161665903512	-4.1495439357652488255	299.27959086577533299	-615.90157054205462828	-37.87753476	-0.00245699523512	-0.0015201720997	4.49439997449e-06	-1.31515774698e-05	5.058447	5.0706192	7.2992579	5.0573
959.10998269735091526	0.0011438558589596710142	-4.1484161927681553195	298.74546013181668513	-615.05603305881277265	-37.87999966	-0.00246807293842	-0.00151838785706	4.31296115737e-06	-1.28580502565e-05	5.0676034	5.0526932	7.3146714	5.0475414
960.11009738192717577	0.0011498707631586628855	-4.1472650562394823837	298.21036550005055688	-614.21110524702146449	-37.88247205	-0.00247892906326	-0.00151677426875	4.1105148442e-06	-1.25403822925e-05	5.0756609	5.0366575	7.3291664	5.0389273
961.11021206661837368	0.0011189295517411703904	-4.1461305259836791492	297.6743024220343159	-613.36679153066154413	-37.88495831	-0.00248937298868	-0.00151546415404	3.84979571125e-06	-1.21681239437e-05	5.0825628	5.0232941	7.342045	5.0314737
962.11032675130968528	0.0010879883428460161363	-4.1450269404862734035	297.13729484240258216	-612.52307822601540011	-37.88745143	-0.00249961293913	-0.00151430421184	3.60917668293e-06	-1.17991741121e-05	5.0882886	5.0127986	7.3527544	5.0251494
963.11044143600122425	0.001059478898655148325	-4.1439542997472660346	296.59936952383128528	-611.67994974335567804	-37.88995791	-0.00250941950444	-0.00151336786293	3.4015040989e-06	-1.14322457839e-05	5.0928653	5.0052273	7.3623563	5.0199192
964.11055612061761622	0.0010146116504372733845	-4.1429143162147319401	296.06055331513681494	-610.83739031777804485	-37.89247103	-0.00251901094256	-0.00151254250305	3.180142974e-06	-1.10484720986e-05	5.0963424	5.0000637	7.3730316	5.0157511
968.11101485871540717	0.0007226034414901098173	-4.1394309594930795981	293.89736081883876295	-607.47223770117955155	-37.90261967	-0.00255409053211	-0.00151038880936	2.19172099835e-06	-9.36587726503e-06	5.1006126	4.9923616	7.3907734	5.0085521
972.11147359773917742	0.0003735679446351927095	-4.1372423922704415489	291.72456203824140175	-604.11327816765447096	-37.91289782	-0.00258442791644	-0.00150925981597	1.25229255407e-06	-7.64141249394e-06	5.0932757	4.9972642	7.3688052	5.0128263
976.11193233676806358	7.0937053525524157091e-05	-4.1363661463955505582	289.54666512173486126	-600.75762114053168261	-37.92328855	-0.00260968705505	-0.00150858039274	5.08821855391e-07	-6.00578326687e-06	5.0799137	5.0085226	6.5788542	5.0231753
980.11239107546919058	-0.00011992626519168645782	-4.1364778527910619488	287.36761005529763224	-597.4027159097618096	-37.93377127	-0.00263030036132	-0.00150801282236	8.25024040762e-09	-4.5805136414e-06	5.0652742	5.0207742	5.2816611	5.0348925
984.11284981407482064	-0.00019898208545403466333	-4.1371249322119068026	285.18995562218640316	-594.04690144385142503	-37.94432846	-0.00264635371222	-0.00150759242192	-3.21545420078e-07	-3.35816881887e-06	5.0523205	5.0308798	4.95808	5.044944
988.11330855273899942	-0.00020500019660982430974	-4.1379378450369310727	283.01483569662258333	-590.68944369301573261	-37.95494085	-0.00265834229744	-0.00150771031769	-6.03449594797e-07	-2.2985819702e-06	5.0422383	5.0378608	4.965778	5.0520248
992.11376729146684283	-0.00017326090329688461581	-4.1386964686557776716	280.84239849155187585	-587.33024945291469976	-37.96559262	-0.00266632080723	-0.00150877734532	-8.9255313791e-07	-1.33339141159e-06	5.0351464	5.0421043	4.9703683	5.0544455
996.11422603023288502	-0.00012696072979293782329	-4.1392970232905925698	278.67226205842035824	-583.96956834629406785	-37.9762686	-0.00267028637072	-0.00151130951351	-1.1937708368e-06	-4.13508327017e-07	5.0307583	5.0443285	4.9749474	5.052855
1000.1146847690126833	-8.209821203127618905e-05	-4.1397138924311276398	276.5038346467088104	-580.60778422945907096	-37.98695277	-0.00267034590763	-0.00151541354093	-1.49632606611e-06	4.81754268598e-07	5.0285018	5.0445958	4.98159	5.0492562
1004.1151435077911174	-4.9199579790250573975e-05	-4.1399745276528383542	274.33653313921621475	-577.24527412461497988	-37.9976295	-0.00266668578906	-0.00152110772694	-1.78819664595e-06	1.36629211837e-06	5.0276281	5.0429766	4.9896205	5.0443271
1008.1156022465645492	-3.3195406271220526128e-05	-4.1401373634652509637	272.16992468894892454	-573.88231740346509469	-38.0082843	-0.00265934095801	-0.00152825801344	-2.06552258631e-06	2.25416913765e-06	5.0274499	5.0401609	4.9984757	5.0385734
1012.1160609853350252	-3.3401356752741742412e-05	-4.1402689995421129154	270.00379300994359255	-570.51905356506927092	-38.01890236	-0.00264844978798	-0.0015365570369	-2.31477294541e-06	3.14273725934e-06	5.0278781	5.0371609	5.0078991	5.0322523
1016.116519724104478	-4.6266779873385651463e-05	-4.1404272770617511767	267.83813440915002957	-567.15548508622021018	-38.02946997	-0.0026340575593	-0.00154586003186	-2.55095624726e-06	4.03367380156e-06	5.0294785	5.0346267	5.0178862	5.0253681
1020.1169784628730213	-6.7556009885999369446e-05	-4.1406543850980410681	265.67311425154645121	-563.79150563194446022	-38.03997326	-0.00261627086729	-0.00155582680654	-2.75041855593e-06	4.9223851732e-06	5.0324456	5.031787	5.0285151	5.0177272
1024.1174372016396319	-9.30983261803142669e-05	-4.1409755514419162026	263.50901138572498894	-560.42693600583868374	-38.05039844	-0.00259509498244	-0.00156631091771	-2.92477181212e-06	5.80188665663e-06	5.0363696	5.0273268	5.0399848	5.0090513
1028.117895940405333	-0.00011999184313585419437	-4.1414017205236932639	261.34616432634993544	-557.0615589874583975	-38.06073248	-0.00257063968243	-0.0015771059153	-3.06559346884e-06	6.67317113677e-06	5.0411098	5.0210683	5.0455848	4.9990704
1032.1183546791701247	-0.00014732451435727094194	-4.1419363722819504403	259.18493378519514181	-553.69514364067606493	-38.07096141	-0.00254282265094	-0.00158811794878	-3.1881617622e-06	7.5260287591e-06	5.0477063	5.0135909	5.0534993	4.9910068
1036.1188134179240024	-0.00017422943607020579832	-4.1425800066462930005	257.02568713319232074	-550.32745549246010341	-38.08107227	-0.00251175683781	-0.00159938138088	-3.31698951545e-06	8.35591914037e-06	5.0566946	5.0039217	5.063729	4.9803863
1040.1192721566396813	-0.00019493831271261008865	-4.1433205134757855603	254.86877772991093138	-546.95826995065203846	-38.09105371	-0.00247768910995	-0.00161093442582	-3.45710112467e-06	9.16944816424e-06	5.0678544	4.9892955	5.0767307	4.9670092
1044.1197308952830554	-0.00019372526964547964333	-4.1441031243792565419	252.71445767920977232	-543.58742815328412235	-38.10089251	-0.00244054433276	-0.00162303863188	-3.6131325287e-06	9.93334965595e-06	5.082983	4.9694134	5.0928081	4.950566
1048.1201896338595816	-0.00014278076015636795792	-4.1447858764654590402	250.5626613472075519	-540.21497473719227855	-38.11057644	-0.0024003401578	-0.00163620192411	-3.78940542587e-06	1.06011726199e-05	5.1027117	4.9473301	5.1118366	4.931129
1052.1206483725109138	-3.7640787999744486768e-06	-4.1450939680533984699	248.41263210034333042	-536.84139440978833591	-38.12009293	-0.00235707714672	-0.00165111128208	-3.94538224966e-06	1.10993432402e-05	5.1227696	4.9264837	5.1329444	4.9095843
1056.1211071116158564	0.00026739256828153974959	-4.1445868881303624676	246.26241287040258499	-533.46793520348455786	-38.12943038	-0.00231090127216	-0.00166861442305	-4.06212053651e-06	1.13484153126e-05	5.1362899	4.9086604	5.1502667	4.888214
1060.12156585178559	0.00071407592693354586619	-4.1426502780984044705	244.10826742103787979	-530.09698245463664534	-38.13857686	-0.00226182928903	-0.00168990776937	-4.10885286152e-06	1.12566904641e-05	5.1374327	4.8953074	5.1629696	4.8715712
1062.1217952211682132	0.0010311281956205844805	-4.1409048738271723167	243.0279392484025891	-528.41359077365291341	-38.1430754	-0.00223626404251	-0.00170224203964	-4.04153674669e-06	1.10308312482e-05	5.1321561	4.891317	5.1660274	4.8664854
1063.1219099058596385	0.0011862169368099264276	-4.1397943552191369676	242.48654043248524204	-527.57268851903040741	-38.1453033	-0.00222321099742	-0.00170895456578	-4.04494040311e-06	1.09070982556e-05	5.1278637	4.8902767	5.1656397	4.8671646
1064.122024590678393	0.00136445816864506019	-4.1385228263357412004	241.94414130170699195	-526.73243115925151869	-38.14752148	-0.00221003622768	-0.00171592117462	-4.0311006222e-06	1.07486583142e-05	5.1224012	4.8899832	5.1631986	4.8692214
1065.1221392753695909	0.0015767146898709406486	-4.1370520712528850993	241.4005935147382047	-525.89291641521651854	-38.14972302	-0.00219664751499	-0.00172331402425	-3.95439806011e-06	1.05216595813e-05	5.1157328	4.890523	5.1594834	4.8687446
1066.1222539600607888	0.001788971211754048201	-4.1353690353056915541	240.85572259228973735	-525.05425985604722428	-38.15191493	-0.00218313481794	-0.00173095388925	-3.89198795348e-06	1.02905448867e-05	5.1078121	4.8920011	5.1561497	4.8629391
1067.1223686447522141	0.0019981302368152036031	-4.1334737184941587884	240.30935205555002199	-524.2165795353790827	-38.15408947	-0.00216946590207	-0.00173910207494	-3.85282271654e-06	1.00497374544e-05	5.0985972	4.8944657	5.1546295	4.8546528
1068.1224833296346333	0.002228230192357686084	-4.1313639076112549375	239.76130586730877781	-523.3799945803425544	-38.15625392	-0.00215570618507	-0.00174754571858	-3.79786820417e-06	9.77589036105e-06	5.0881152	4.8979461	5.1543286	4.848272
1069.1225980143258312	0.0024896162388895058844	-4.1290047138631065238	239.21139440438008705	-522.54463459718726881	-38.15840092	-0.00214172028985	-0.00175647475242	-3.68220733077e-06	9.43401924073e-06	5.0764143	4.9024163	5.1535806	4.8457722
1070.1227126990170291	0.0027510022842695022564	-4.1263841040923576742	238.6594047138847543	-521.71064647281377802	-38.16053774	-0.00212760253963	-0.0017656867539	-3.5777950241e-06	9.08518323481e-06	5.0635128	4.9077866	5.1506952	4.8460761
1071.1228273837084544	0.0030101013757888785832	-4.1235020782990083887	238.10512258237761785	-520.87818025199692329	-38.16265649	-0.00211335127199	-0.00177545409629	-3.49707084212e-06	8.72363823068e-06	5.0495269	4.913948	5.1443983	4.8482836
1072.1229420686113372	0.0032847359393903606366	-4.120357010623878935	237.54833487427646332	-520.04738785550705416	-38.16476467	-0.00209902193678	-0.00178554614621	-3.41034380492e-06	8.33271471788e-06	5.0347798	4.9207066	5.1342478	4.8537556
1073.1230567533025351	0.0035830777287797310575	-4.116922709973226624	236.9888191962457995	-519.21843031416040048	-38.16685483	-0.00208449692276	-0.00179614710895	-3.2799708362e-06	7.88563530851e-06	5.0196061	4.9278485	5.1198929	4.8646633
1074.123171437993733	0.0038814195178828404462	-4.1131900333183759599	236.42633660724445122	-518.39148318275294969	-38.16893441	-0.00206985715618	-0.0018070465151	-3.15990507606e-06	7.42980587384e-06	5.0043198	4.9351796	5.100929	4.8801936
1075.1232861226851583	0.004178576183172344298	-4.1091589806593260548	235.86064822206793679	-517.56672583730960469	-38.17099519	-0.00205509660373	-0.00181849844766	-3.04830862646e-06	6.95707687185e-06	4.9892923	4.9425072	5.0766135	4.8948392
1076.1234008075280144	0.0044838284044421000685	-4.1048287142050758902	235.29151709741407217	-516.74434053685729396	-38.17304491	-0.00204026500854	-0.00183027536016	-2.93370315167e-06	6.46082417707e-06	4.974928	4.9496505	5.0460135	4.903906
1077.1235154922194397	0.0048017352879958083087	-4.1001853999028368136	234.71870297081164836	-515.92451643276444884	-38.17507615	-0.00202528066302	-0.00184259572231	-2.79539913009e-06	5.92818099473e-06	4.9616177	4.956543	5.0082484	4.9117645
1078.1236301769106376	0.0051196421719111604234	-4.0952241422577531083	234.1419585080445529	-515.10745269264361923	-38.17709648	-0.0020102062082	-0.00185523667209	-2.66388633574e-06	5.38539915538e-06	4.9495935	4.9631769	4.9647983	4.9267414
1079.1237448616018355	0.0054374163637231033228	-4.0899449412698238859	233.56103814883789482	-514.2933528243066803	-38.17909729	-0.00199499874421	-0.00186841104628	-2.53585278489e-06	4.82108643678e-06	4.9388871	4.9695997	4.9203577	4.9507152
1080.1238595463150887	0.0057561023060182861522	-4.0843477036738358166	232.97569926288625197	-513.4824242456788852	-38.18108656	-0.00197971258435	-0.00188190102504	-2.41262149955e-06	4.23909695596e-06	4.9295137	4.9759575	4.8798144	4.9740706
1081.1239742310065139	0.0060762492378581686378	-4.0784308494071579432	232.3857017605744204	-512.67487894567238982	-38.18305687	-0.00196429197074	-0.00189589153873	-2.2851026693e-06	3.64089931246e-06	4.9214431	4.9824081	4.846856	4.987644
1082.1240889156977119	0.0063963961703262161781	-4.0721938114922204832	231.79080786975035267	-511.87093404793802165	-38.18501594	-0.00194879157139	-0.00191017907314	-2.16101747577e-06	3.03092304677e-06	4.9144868	4.9891206	4.8210507	4.9958792
1083.1242036003889098	0.0067170632116927073141	-4.0656365899290225485	231.1907833490886901	-511.0708113241735191	-38.18695515	-0.00193323350353	-0.00192493279288	-2.02628827453e-06	2.3989238387e-06	4.9084206	4.9962679	4.801067	5.0097597
1084.1243182849734694	0.0070341363787172024244	-4.0587595483497125315	230.5853978668309594	-510.2747372960666894	-38.18888255	-0.00191764111371	-0.00193996396726	-1.89418706499e-06	1.75468057605e-06	4.9030213	5.0039775	4.7855851	5.034821
1085.1244329696648947	0.0073453155836246033367	-4.0515689978170374985	229.97442762096960678	-509.48294159550761151	-38.19079056	-0.00190194881783	-0.0019554525278	-1.76732704567e-06	1.1078123028e-06	4.8980799	5.0122918	4.773412	5.0668228
1086.1245476543560926	0.0076564947882951286257	-4.044067232392003497	229.35765737439717782	-508.69565565344498737	-38.19268698	-0.00188619688641	-0.0019712141096	-1.64018615847e-06	4.47866822627e-07	4.8934944	5.0212226	4.7643857	5.1004343
1087.1246623390475179	0.0079683784753522106381	-4.0362542520746078623	228.73487685060777608	-507.91311574165479215	-38.19456324	-0.00187039784929	-0.00198738522677	-1.49921486352e-06	-2.34530390144e-07	4.8892179	5.0306646	4.7588832	5.1299881
1088.1247770235670487	0.0082753710404901547476	-4.0281305472495612108	228.10588059311672282	-507.13556343494678913	-38.19642745	-0.00185457061108	-0.00200380152333	-1.36039393075e-06	-9.27659276852e-07	4.8852028	5.0404594	4.7572811	5.1496416
1089.1248917082582466	0.0085741856541632945066	-4.0197048027091328848	227.4704714019776759	-506.36324314854579143	-38.19827215	-0.00183864328809	-0.00202057487043	-1.22535717082e-06	-1.61622791112e-06	4.8814141	5.0504411	4.7597209	5.154148
1090.1250063929494445	0.0088730002679268688698	-4.0109802092856119415	226.82846301396051558	-505.59640009584416021	-38.20010513	-0.00182265587004	-0.00203756260549	-1.08647416245e-06	-2.31685532266e-06	4.8778705	5.0604421	4.7651877	5.145652
1091.1251210776408698	0.0091724820468788922923	-4.0019567669789957165	226.17967515804267009	-504.83528452401708364	-38.20191793	-0.0018065845924	-0.00205494540983	-9.47382094081e-07	-3.03862966809e-06	4.8746053	5.0702967	4.7723154	5.1310634
1092.1252357621451665	0.0094673164560586664518	-3.9926349388230093496	225.52393326526285477	-504.08015227768345312	-38.20371857	-0.00179046281367	-0.00207256612882	-8.17961912225e-07	-3.77061812332e-06	4.87165	5.0798375	4.7797485	5.1174088
1093.1253504468363644	0.0097542771980572134244	-3.9830230397847454782	224.86107168228011233	-503.33126229682272879	-38.20549901	-0.00177428184538	-0.00209043748939	-6.84025927974e-07	-4.50429707071e-06	4.8690477	5.0889258	4.7866757	5.1112946
1094.1254651315275623	0.010041237939199932835	-3.97312414709490902	224.19093619459405886	-502.58887449853602902	-38.20726725	-0.00175806512765	-0.00210846023303	-5.41751626626e-07	-5.25378968685e-06	4.8668824	5.0974506	4.7942517	5.1188835
1095.1255798162189876	0.010328878711905435314	-3.9629382607535035277	223.51337943868739444	-501.85325395982772534	-38.20901515	-0.00174179086707	-0.002126756848	-3.95784690457e-07	-6.02424421976e-06	4.8652453	5.1052999	4.8040711	5.1463285
1096.1256945006957721	0.010611776946185565509	-3.9524658522333222521	222.82826065842417051	-501.12467143326551877	-38.21075074	-0.00172548174941	-0.00214521936286	-2.5712959086e-07	-6.8044231389e-06	4.8642249	5.1123901	4.8176277	5.1921212
1097.1258091853871974	0.010886602886830415091	-3.9417154295492311533	222.1354488831353251	-500.40340061497749957	-38.21246584	-0.00170914473764	-0.00216387530253	-1.13307059241e-07	-7.58769359173e-06	4.8638986	5.1186936	4.8334645	5.2387238
1098.1259238700783953	0.011161428827149695239	-3.9306901494063355429	221.43482541263395547	-499.68971580850012515	-38.2141685	-0.00169279077911	-0.00218264875527	3.93785025868e-08	-8.38827233013e-06	4.8643334	5.1241826	4.8465211	5.2664277
1099.1260385547695932	0.011437090767347682374	-3.9193900118046336445	220.72627928355242943	-498.98389634014750982	-38.21585096	-0.00167641857063	-0.0022015869435	2.00772951183e-07	-9.20747422566e-06	4.865594	5.1288351	4.8515611	5.2613678
1100.1261532391702076	0.011706932245173962484	-3.907815597217227932	220.0097070433677402	-498.2862270484374676	-38.2175211	-0.00166003524204	-0.00222062550886	3.57062452785e-07	-1.0032960932e-05	4.8677423	5.1326619	4.8436048	5.2342425
1101.1262679238616329	0.011966932589089538871	-3.8959773072852268427	219.28501642338679289	-497.59699471723865827	-38.21917067	-0.00164363061783	-0.00223976650322	5.10668465945e-07	-1.08577392858e-05	4.8707922	5.1356767	4.8287656	5.2022146
1102.1263826085528308	0.012226932933053524452	-3.8838789871912435814	218.55212914949598257	-496.91648503617170718	-38.22080767	-0.00162721297964	-0.00225897009308	6.7024552308e-07	-1.1700369489e-05	4.8746896	5.1378831	4.8294009	5.1821195
1103.1264972932440287	0.012488088959930218266	-3.8715206369352763716	217.81097557336110526	-496.2449881793159534	-38.22242444	-0.00161083479372	-0.00227823843559	8.42850257544e-07	-1.25624141101e-05	4.8793746	5.1392784	4.8690324	5.1782319
1104.1266119774993513	0.012741240528080274852	-3.8589030627448508426	217.06149436385712193	-495.58279936248197828	-38.22402882	-0.00159448078823	-0.00229754646521	1.01108425648e-06	-1.34271872376e-05	4.884785	5.1398532	4.9707432	5.1805934
1105.1267266621907766	0.012981137972085086268	-3.8460403985132760596	216.30363715890686649	-494.93021369842745116	-38.225613	-0.00157815787879	-0.00231682787184	1.1730290124e-06	-1.42778983743e-05	4.8908126	5.1395905	5.1347209	5.1784057
1106.1268413468819745	0.013221035416163599147	-3.8329378093250836557	215.53737198178188805	-494.28752189741084067	-38.22718477	-0.00156185408408	-0.00233609291332	1.34237228157e-06	-1.51436982495e-05	4.8972974	5.1384682	5.3313662	5.1628172
1107.1269560315731724	0.013462663368327319746	-3.8195952951802691899	214.76267621590014301	-493.65501813122324393	-38.22873659	-0.00154564367376	-0.0023553476991	1.52818747433e-06	-1.60274458385e-05	4.9040767	5.1365118	5.5282178	5.1379819
1108.1270707155681521	0.013692414286077982458	-3.8060140737396981336	213.97953612403273382	-493.03300076431139587	-38.23027612	-0.00152949083488	-0.00237459616223	1.70834406791e-06	-1.69058118992e-05	4.9109882	5.133766	5.6948272	5.1132437
1109.12718540025935	0.013903224201607772628	-3.7922146720972955691	213.18795309096432788	-492.42176446624955588	-38.2317958	-0.00151339256315	-0.00239373285665	1.87401339411e-06	-1.77521448685e-05	4.9178796	5.1302656	5.8208932	5.0979969
1110.1273000849507753	0.014114034117615886776	-3.7782044363623068506	212.38794791999720246	-491.82159386714539551	-38.23330321	-0.00149732803047	-0.00241280044409	2.04791110771e-06	-1.86118119719e-05	4.9246139	5.1260411	5.9098953	5.0987367
1111.1274147696419732	0.014327479312245740284	-3.7639833665347381952	211.57955113092862121	-491.23277542576545329	-38.2347909	-0.00148142437678	-0.00243175073097	2.24964936374e-06	-1.94892121956e-05	4.9310607	5.1211823	5.9652149	5.1082725
1112.1275294532206317	0.014523069867473384353	-3.7495533412378492244	210.76280220198128745	-490.65559849141504856	-38.23626635	-0.00146562048602	-0.0024506282784	2.44772420789e-06	-2.03497592627e-05	4.9371033	5.1157972	5.9905228	5.1153347
1113.1276441379118296	0.014691727295608355414	-3.7349442674113744189	209.93775792747973696	-490.0903432055176836	-38.23772253	-0.00144991179391	-0.00246932160229	2.61236829504e-06	-2.11515367397e-05	4.9426423	5.1099811	5.9935488	5.1088248
1114.1277588226030275	0.014860384724214206753	-3.720166516813986135	209.10449765544356637	-489.53727133043543063	-38.2391667	-0.00143426230811	-0.00248790035315	2.78148996664e-06	-2.19638081946e-05	4.9476173	5.103847	5.9837452	5.0877278
1115.1278735072944528	0.015032871496164799952	-3.7052200894456817082	208.26311008263772351	-488.99664418129782462	-38.24059166	-0.00141880565933	-0.00250623751265	2.97685445012e-06	-2.27912797519e-05	4.9520033	5.0975609	5.9704945	5.0643491
1116.1279881903226396	0.015179823522234160704	-3.6901077638450274776	207.41369214723610526	-488.46872418979029362	-38.24200463	-0.00140346929074	-0.0025244239819	3.16159826201e-06	-2.35853565434e-05	4.9557801	5.0912929	5.9631281	5.051919
1117.1281028750138375	0.015290970479306855573	-3.6748706195773426231	206.55635950449536153	-487.95375742350944392	-38.24339908	-0.00138828230998	-0.00254236121563	3.30358871438e-06	-2.42888648626e-05	4.9589308	5.0852024	5.970088	5.0570328
1118.1282175597050355	0.015402117436347367851	-3.659522315605832965	205.69125229571017144	-487.45196138465763624	-38.24478194	-0.00137318878034	-0.00256014253744	3.45277889165e-06	-2.49992971114e-05	4.9614341	5.0794347	5.9906099	5.0698214
1119.1283322443964607	0.015518404765357023817	-3.644062851930496727	204.81851854338410135	-486.96355043125055317	-38.24614636	-0.00135834253064	-0.00257762665964	3.62700475283e-06	-2.57213844949e-05	4.9632669	5.0741352	6.0183351	5.077871
1120.128446926838933	0.015601010866472839883	-3.6284960413957039194	203.93831273527328563	-486.48873792128154037	-38.2474992	-0.00134365142065	-0.00259492432327	3.78431754658e-06	-2.63914476881e-05	4.9644065	5.0694578	6.0468549	5.0722731
1121.1285616115301309	0.015640341957797797984	-3.6128735735311172661	203.05080771793504368	-486.02771310223818091	-38.24883444	-0.00132917430329	-0.00261186173053	3.89205734663e-06	-2.69399449284e-05	4.9648535	5.0655685	6.0698631	5.0590343
1122.1286762962213288	0.015679673049105287419	-3.5972117700646490945	202.15620020133374624	-485.580626613687798	-38.2501586	-0.00131483183298	-0.00262857245962	4.00957880447e-06	-2.74909423131e-05	4.9645726	5.0626009	6.0829966	5.0480693
1123.1287909809125267	0.015725323044891808405	-3.5815106309962994047	201.25469203805025131	-485.14762330456812833	-38.25146533	-0.00130074104503	-0.00264492820165	4.15169312001e-06	-2.80486543562e-05	4.963445	5.060684	6.0849544	5.0492897
1124.128905662879788	0.015730285093692595449	-3.5657749638858424746	200.34648866360609532	-484.72884487347113236	-38.25276106	-0.00128680908025	-0.00266105993047	4.27284127802e-06	-2.85364088168e-05	4.9613484	5.0599434	6.0747105	5.0689215
1125.1290203475709859	0.015687776279948079106	-3.5500641316137029335	199.43181122524163129	-484.32440205607531425	-38.25403999	-0.0012731656147	-0.00267677093709	4.34237391038e-06	-2.88834991427e-05	4.9581901	5.0604623	6.051246	5.0986058
1126.1291350322621838	0.015645267466764214981	-3.5343958130301169618	198.51090103739292658	-483.9343593072561589	-38.25530829	-0.00125970473538	-0.00269221567584	4.42392314414e-06	-2.92311494317e-05	4.9539278	5.0622729	6.015046	5.1263265
1127.1292497169533817	0.015609903690749474606	-3.5187700081350890002	197.58400075538997953	-483.55877323442399529	-38.25656042	-0.00124652902722	-0.00270726558989	4.52954162549e-06	-2.95795921562e-05	4.9485478	5.0654035	5.9745299	5.1400635
1128.1293643986775805	0.015529251470599766613	-3.5031923025940487904	196.65135289294622112	-483.19769551334911739	-38.25780231	-0.00123353432398	-0.0027220648993	4.6125859663e-06	-2.98437228711e-05	4.9420465	5.0698485	5.9408097	5.1332554
1129.1294790833690058	0.015400718074436997237	-3.4877255442245536088	195.71321099318325309	-482.85114217119740943	-38.25902853	-0.00122085035133	-0.00273637924135	4.64019534773e-06	-2.99569415211e-05	4.9344513	5.0754781	5.924639	5.1143265
1130.1295937680604311	0.015272184677555609988	-3.4723873339924020698	194.76984264496377364	-482.51907902556229146	-38.26024478	-0.00120836418008	-0.00275038486826	4.67728868851e-06	-3.00677059875e-05	4.9258416	5.0820995	5.9277596	5.0941974
1131.129708452751629	0.015151194043385645543	-3.4571776718975968379	193.82151246602816741	-482.20146294892225569	-38.26144605	-0.00119620905627	-0.00276393653028	4.73295724117e-06	-3.01764352156e-05	4.9163636	5.0895167	5.9431611	5.0837272
1132.1298231344919714	0.014983010954881142637	-3.4421026143250799123	192.86848088452518368	-481.898244801633723	-38.26263775	-0.00118426527911	-0.00277719837289	4.7635097548e-06	-3.01935499157e-05	4.9062307	5.0975266	5.9634412	5.0897742
1133.1299378191831693	0.014769362991632593168	-3.427224721280950348	191.9110135815263618	-481.60933772991438673	-38.26381519	-0.00117264940467	-0.00278997654619	4.74495407856e-06	-3.00589772054e-05	4.8956898	5.1058724	5.9812028	5.1073032
1134.1300525038745945	0.014555715027992310179	-3.4125605007022787873	190.9493831681926963	-481.3346043924859714	-38.2649835	-0.00116124347697	-0.00280244503981	4.73720521915e-06	-2.99193237306e-05	4.8850277	5.1142494	5.9891295	5.1290397
1135.1301671885657925	0.014349515360306009173	-3.398109952589074112	189.98385513837925487	-481.07389842646819034	-38.26613806	-0.00115021706772	-0.00281442370026	4.74122530844e-06	-2.97768679133e-05	4.874529	5.1223514	5.9830612	5.1477519
1136.1302818705717073	0.0140971665912895186	-3.3838792023568853296	189.01468701165745756	-480.82706721965678298	-38.26728379	-0.0011394343583	-0.00282608782456	4.71872232313e-06	-2.95426601531e-05	4.8644672	5.1299357	5.9630381	5.1589884
1137.1303965552629052	0.01380378269716398508	-3.3699271278068021473	188.04213568082369079	-480.59392120104564583	-38.26841686	-0.00112896963932	-0.00283725171211	4.64628497998e-06	-2.91633078563e-05	4.8550552	5.1368556	5.9293942	5.1639885
1138.1305112399543304	0.013510398803180185406	-3.3562684707974073106	187.06645813370127485	-480.37422332574493566	-38.26954179	-0.00111870970329	-0.00284809345172	4.57960923995e-06	-2.87763096788e-05	4.846512	5.1429395	5.8824934	5.1646536
1139.1306259246455284	0.013223660842916800523	-3.3429032313287034839	186.08790087199085406	-480.16772834071861098	-38.27065459	-0.0011088349736	-0.0028584311765	4.51872089316e-06	-2.83840447739e-05	4.8390254	5.1480139	5.825618	5.1628677
1140.1307406071780406	0.012896014957301159265	-3.3298369791504462967	185.10669944150217248	-479.9741853099127411	-38.27175956	-0.00109920903212	-0.00286844337978	4.43304754915e-06	-2.790730155e-05	4.8326392	5.151916	5.7729039	5.1604244
1141.1308552918694659	0.012534159933552359995	-3.3171204334791974944	184.12308353717949672	-479.79331061234336175	-38.27285333	-0.0010899537518	-0.00287798503588	4.31123735793e-06	-2.73064800643e-05	4.8273864	5.1545641	5.7411811	5.1583304
1142.1309699765606638	0.01217230490970026488	-3.3047657843308311243	183.1372772294432707	-479.62477995237946971	-38.27393985	-0.0010809385588	-0.00288722190573	4.19746232466e-06	-2.66988304931e-05	4.8233372	5.1559043	5.7474866	5.1571128
1143.1310846612518617	0.01181559097326429289	-3.2927730317053427456	182.14949201473223184	-479.46826233755649582	-38.27501581	-0.00107233373549	-0.00289598901616	4.08576079153e-06	-2.60866496179e-05	4.8205555	5.1558806	5.8027315	5.1572833
1144.1311993444755899	0.011427350114926976971	-3.281146536755709775	181.15992672378399675	-479.32342225285685799	-38.27608492	-0.00106399548906	-0.00290445097003	3.95469457405e-06	-2.54079289158e-05	4.8190611	5.1544353	5.8748315	5.1593436
1145.1313140291667878	0.01101374374530661622	-3.2699247030006777237	180.1687706197816965	-479.18989898408460704	-38.27714444	-0.00105605165496	-0.00291247743963	3.79682428015e-06	-2.46348707476e-05	4.8188784	5.1515147	5.9135188	5.1635676
1146.1314287138579857	0.010600137375974852741	-3.2591165230493830407	179.17620353698268332	-479.06730113941955551	-38.27819772	-0.00104836477287	-0.00292022019967	3.6447750748e-06	-2.38559477624e-05	4.8200577	5.1470884	5.8681777	5.1698041
1147.1315433985491836	0.010190017541971964701	-3.2487219969018275023	178.18239218844541938	-478.95523250002798932	-38.27924205	-0.00104113401398	-0.00292755949985	3.50205047858e-06	-2.30749271274e-05	4.8226406	5.141128	5.6909093	5.1778537
1148.1316580823904587	0.009758545177152277636	-3.2387440956978759132	177.18749040093950953	-478.85329370916838343	-38.28028052	-0.00103420126946	-0.002934635194	3.35225056806e-06	-2.22485600975e-05	4.8266256	5.1336067	5.4108753	5.1874719
1149.1317727670816566	0.0093101385985805071299	-3.2292086603669174494	176.19164087303630595	-478.76106832615835174	-38.2813111	-0.0010277079286	-0.00294124106188	3.17341567656e-06	-2.13575563822e-05	4.8320115	5.1246273	5.122356	5.1966634
1150.1318874517728545	0.0088617320200935090907	-3.2201216830400474223	175.19497545020567486	-478.67811933862077467	-38.28233652	-0.0010215025075	-0.00294753907558	2.99110696806e-06	-2.04617440175e-05	4.838798	5.1144597	4.9249713	5.2011801
1151.1320021364640525	0.0084157192049207386886	-3.2114831637172622791	174.19761369359162018	-478.60400666345486798	-38.2833549	-0.00101576630719	-0.00295348410242	2.81637361504e-06	-1.95636746389e-05	4.8468843	5.1033786	4.8686395	5.1966749
1152.1321168206752645	0.0079550344270989219175	-3.2032951365494710672	173.19966334845543088	-478.53828830501544189	-38.28436865	-0.00101033845199	-0.00295919716647	2.63798069541e-06	-1.86333561571e-05	4.8561235	5.0916531	4.8860982	5.1789263
1153.1322315053664624	0.0074826096515498586453	-3.1955754292796312299	172.20122147779864008	-478.48051075004724453	-38.28537636	-0.00100538691041	-0.00296448727818	2.44157757509e-06	-1.76579363508e-05	4.8663656	5.0796228	4.8917538	5.1490867
1154.1323461900578877	0.0070101848759057299246	-3.1883282009649649424	171.20237489778082818	-478.43020653595095837	-38.2863801	-0.00100074927804	-0.00296949864784	2.24391686661e-06	-1.66789946383e-05	4.8773815	5.067753	4.8520599	5.1172457
1155.1324608747490856	0.0065398125282608524783	-3.1815534516054757574	170.2031999110843401	-478.38690639109734093	-38.28737874	-0.000996586264342	-0.00297416182217	2.05117252091e-06	-1.5698011117e-05	4.8888889	5.056512	4.8084679	5.0941806
1156.1325755591205962	0.0060568253556598262988	-3.175252909260847467	169.2037629167238606	-478.35013999754801262	-38.28837402	-0.000992736944782	-0.00297859486051	1.85411850918e-06	-1.46891625967e-05	4.9006012	5.0462732	4.8051549	5.0850415
1157.1326902438117941	0.0055634441595848417236	-3.1694421081696519948	168.20412132238021741	-478.31942761196302172	-38.28936508	-0.000989405002298	-0.00298266220486	1.64145515257e-06	-1.36427513265e-05	4.9122645	5.0371892	4.8436827	5.0819943
1158.1328049285032193	0.0050700629633282047123	-3.1641247448578990742	167.20432408784921563	-478.29427775536265699	-38.29035334	-0.000986416000122	-0.00298648715111	1.42726803959e-06	-1.25949844204e-05	4.9236484	5.0293644	4.8976726	5.0754409
1159.1329196131944173	0.0045785965016679657305	-3.1593008193255922578	166.20441197248183585	-478.27419781246442199	-38.29133871	-0.000983911754252	-0.00298995555623	1.21586636963e-06	-1.15432990067e-05	4.9345303	5.0228531	4.9410741	5.0588228
1160.1330342976777956	0.004075306432079868306	-3.1549719210473927689	165.20441823634291723	-478.25869465474050912	-38.29232214	-0.000981729751667	-0.0029931869495	9.9881970809e-07	-1.04642842314e-05	4.9448913	5.0175405	4.966874	5.0363089
1161.1331489823689935	0.0035618199793735843238	-3.1511529199110146493	164.20436945418097707	-478.2472666282493492	-38.29330342	-0.000980061127866	-0.0029960544599	7.68980250873e-07	-9.34887866398e-06	4.954883	5.0132633	4.9830124	5.0144326
1162.1332636670604188	0.0030483335269663809804	-3.1478474641161211522	163.20428615544221884	-478.23940106779758707	-38.29428324	-0.00097873475659	-0.00299867938172	5.3860042787e-07	-8.23274578236e-06	4.9646715	5.009845	4.997604	4.9985336
1163.1333783517516167	0.0025362000854140839649	-3.145055553662714054	162.20418339427408227	-478.23458447564945573	-38.29526207	-0.000977913221439	-0.00300098414934	3.1200755069e-07	-7.11536296491e-06	4.9744413	5.0071057	5.0129696	4.9892828
1164.1334930363648255	0.0020156577881521582467	-3.1427782924450688995	161.20407152779867488	-478.23230315188578743	-38.29624023	-0.000977429211937	-0.00300307486679	8.21321196096e-08	-5.97956372028e-06	4.9843934	5.0048638	5.0262304	4.9861201
1165.1336077210560234	0.0014887637691535656435	-3.141026543211228983	160.20395700648853676	-478.23203738039939026	-38.29721831	-0.000977500540665	-0.00300479491542	-1.55585672948e-07	-4.81685808044e-06	4.9947291	5.0029363	5.0344188	4.9882751
1169.1340664589765765	-0.00063130820986486682524	-3.1393063796452800318	156.20350805321751864	-478.24056683555880909	-38.30113726	-0.00098206831882	-0.00300883015391	-1.08613682403e-06	-1.439640152e-07	5.0401491	4.9952728	5.0371977	5.0133074
1170.1341811436677744	-0.0011637955715469968168	-3.1402040344715507203	155.20339517313780675	-478.24244887581807006	-38.30212049	-0.000984298046365	-0.00300915868752	-1.31078120359e-06	1.0316233862e-06	5.0521543	4.9926539	5.0394312	5.0189426
1171.1342958283589724	-0.0016968370848994740376	-3.1416342377278301257	154.20328083159904509	-478.24316685463276144	-38.30310704	-0.000987068384161	-0.00300909090018	-1.53378973236e-06	2.20907873016e-06	5.0642091	4.9895419	5.0439271	5.0235519
1172.1344105130212938	-0.0022263773001195896403	-3.1435965535387442316	153.20316678637985319	-478.24218821481184705	-38.30409583	-0.000990204336983	-0.00300875508077	-1.75486145938e-06	3.38014588846e-06	5.0762226	4.9859047	5.0500608	5.0262475
1173.1345251977124917	-0.0027522950284401171035	-3.1460861751916793239	152.20305749637768145	-478.23898297444588934	-38.30508885	-0.000993868966558	-0.00300804926308	-1.9595069695e-06	4.5386470792e-06	5.0881226	4.9817305	5.0560871	5.0263473
1174.1346398824036896	-0.0032782127564614884675	-3.1491017748873648685	151.20296093865025	-478.23302483894184434	-38.30608474	-0.000997892166244	-0.00300709249748	-2.15761366858e-06	5.69651476118e-06	5.0998343	4.9770985	5.0603106	5.024076
1175.1347545670951149	-0.0038053265019720766867	-3.15264335262580353	150.2028894339650833	-478.22378783740305153	-38.30708598	-0.00100243406517	-0.00300571111482	-2.35515801361e-06	6.85462062574e-06	5.1113669	4.9721086	5.0632107	5.0198854
1176.1348692516548908	-0.0043248200794541238889	-3.1567099821891835276	149.20286047487806513	-478.21074618467599748	-38.30809084	-0.00100732877575	-0.00300404091383	-2.54913791451e-06	7.99626260256e-06	5.1228015	4.9668717	5.0671367	5.0127369
1177.1349839363463161	-0.0048359807439894535175	-3.1612909079027522452	148.20289745311319507	-478.19337989159083691	-38.30910201	-0.00101273779957	-0.00300193618715	-2.72589148747e-06	9.10847149698e-06	5.1342116	4.9615282	5.0745637	4.9989444
1178.135098621037514	-0.0053471414090151330942	-3.1663830529035044137	147.20303032530975429	-478.17117746857303473	-38.3101175	-0.00101849765422	-0.00299953505548	-2.89970593319e-06	1.02190017437e-05	5.1456545	4.9562198	5.0884459	4.9751049
1179.1352133057287119	-0.0058601040219530093831	-3.1719864171914462503	146.20329645511856143	-478.14362835075013436	-38.31114027	-0.00102477213433	-0.00299664785377	-3.06622203103e-06	1.13274582081e-05	5.1571802	4.9510171	5.1120634	4.9462977
1180.1353279901193218	-0.0063615083190587742856	-3.1780996212572327764	145.2037413961932657	-478.11022249235310255	-38.31216803	-0.00103139866368	-0.00299342813726	-3.2221075249e-06	1.24092426731e-05	5.1688201	4.9459311	5.1473141	4.9244934
1181.1354426748105197	-0.0068497332756501634957	-3.1847059996182549568	144.20441932063292256	-478.07045902101509682	-38.31320409	-0.00103849923248	-0.00298972858467	-3.35924453164e-06	1.34437675312e-05	5.1804871	4.9409671	5.1860369	4.918887
1182.135557359501945	-0.0073379582320478135837	-3.1918006589276464169	143.20539337063158314	-478.02385067458305912	-38.31424584	-0.00104592501438	-0.00298569984221	-3.49670475048e-06	1.44750529402e-05	5.1920319	4.9360868	5.215622	4.9209326
1183.1356720441931429	-0.0078289207397453496745	-3.1993835991853982748	142.20673666773683408	-477.96991201378506275	-38.31529717	-0.00105388808312	-0.00298116988176	-3.63351080608e-06	1.55070176178e-05	5.2032773	4.9312297	5.2281185	4.9153846
1184.1357867282781626	-0.0083022571213584566568	-3.2074527373628987093	141.20853303488382835	-477.9081587755940177	-38.31635509	-0.00106222081021	-0.00297629507865	-3.7599270457e-06	1.65013995021e-05	5.2139502	4.9263399	5.236171	4.8932657
1185.1359014129693605	-0.0087550374589163131728	-3.2159823627583810079	140.21087675598693068	-477.83812116301277229	-38.3174231	-0.00107099839335	-0.00297084706187	-3.85529815554e-06	1.74210563826e-05	5.2237318	4.9213963	5.2581161	4.8658836
1186.1360160976607858	-0.0092078177968691141825	-3.2249648204186938116	139.21387229496733084	-477.75935085311573403	-38.31849807	-0.00108008291679	-0.00296500354101	-3.94906816975e-06	1.8335001494e-05	5.2322957	4.9164008	5.3047981	4.8485313
1187.1361307823522111	-0.0096646693847188581972	-3.2344001103438335676	138.21763583009771992	-477.67140275529493465	-38.3195844	-0.00108964635557	-0.00295864907594	-4.0527198434e-06	1.92475745133e-05	5.2393856	4.9113762	5.3555872	4.8475994
1188.1362454659395098	-0.010095310478738787896	-3.2442851341536611542	137.22229590472520044	-477.57383395609110721	-38.32067857	-0.00109954117917	-0.0029519410637	-4.14646055738e-06	2.01036095881e-05	5.2447588	4.9063854	5.381469	4.8528146
1189.1363601506307077	-0.010495403633599641874	-3.2545816719296967179	136.22799187022940259	-477.46622339707397487	-38.32178477	-0.00110987108732	-0.00294466403088	-4.20573673364e-06	2.0852918328e-05	5.2482075	4.9015124	5.3646092	4.8526152
1190.1364748353219056	-0.010895496788191310136	-3.2652783487451015887	135.23487248346083334	-477.34818218021172243	-38.3228993	-0.00112050291162	-0.00293699214032	-4.27016616457e-06	2.15969867717e-05	5.2497119	4.8968902	5.3282345	4.8436748
1191.1365895200133309	-0.011301182989096155568	-3.2763751645998810957	134.24309865725211921	-477.21932646230038699	-38.32402664	-0.00113153540654	-0.00292874440119	-4.34176567629e-06	2.23350644314e-05	5.2492975	4.8926711	5.3051068	4.8299815
1192.1367042029539789	-0.011671009539590168971	-3.2878678345036327357	133.25284405205695748	-477.07927579304435994	-38.32516288	-0.00114284673073	-0.00292009592533	-4.39317602448e-06	2.29944359777e-05	5.2470261	4.8890029	5.3139402	4.8157032
1193.1368188876451768	-0.012000057692450955688	-3.2997047254741804778	132.26429141865733641	-476.92767963623145988	-38.32631245	-0.00115450211735	-0.00291085837432	-4.39951291719e-06	2.35085278224e-05	5.2430453	4.8860089	5.3319498	4.8036213
1194.1369335723363747	-0.012329105845316318604	-3.3118707023343283424	131.27762962951933901	-476.76423068633653202	-38.32747132	-0.00116639762248	-0.00290120971232	-4.41356675918e-06	2.40137685108e-05	5.2374829	4.8837908	5.3286043	4.7947706
1195.1370482570275726	-0.012665085416019067691	-3.3243657650840727769	130.29305853868117993	-476.58862847677107766	-38.32864502	-0.00117873110135	-0.00289094708711	-4.43887100311e-06	2.45169682858e-05	5.2304642	4.882447	5.2902848	4.790062
1196.1371629393302101	-0.012956947624859847801	-3.3371845362580980776	129.31078955414167808	-476.40057707968924205	-38.3298291	-0.00119137111048	-0.00288025475964	-4.43874336768e-06	2.492914781e-05	5.2221154	4.8820637	5.2423678	4.7903157
1197.1372776240216353	-0.013200877487580097575	-3.3502649487654050375	128.33103933742853542	-476.19981693918640531	-38.33102824	-0.00120435411908	-0.00286898808306	-4.3888267726e-06	2.5176422037e-05	5.2125334	4.8826298	5.2156663	4.7953514
1198.1373923087128333	-0.013444807349892871212	-3.3635893191101819966	127.35402520543472349	-475.98613968226186444	-38.33223796	-0.00121757787142	-0.00285731828353	-4.35141903383e-06	2.54173428524e-05	5.2017674	4.8840933	5.2216239	4.804327
1199.1375069934040312	-0.01369637950043478547	-3.3771576472924307311	126.37997275500534045	-475.75934492656313068	-38.33346371	-0.00123117218602	-0.00284506407284	-4.32749836834e-06	2.565427081e-05	5.1898644	4.8864035	5.2330711	4.8163942
1200.1376216753069457	-0.013899743301284635255	-3.3909639029157352397	125.40911646334998863	-475.51923754331738792	-38.33470073	-0.00124502733115	-0.0028323985081	-4.27423474655e-06	2.5793063693e-05	5.1768723	4.8895081	5.2183062	4.8306948
1201.137736359998371	-0.014053786933061631834	-3.4049422709537333631	124.44169090988168591	-475.26566133293431449	-38.33595437	-0.00125921776455	-0.0028191934378	-4.17243507024e-06	2.57673935227e-05	5.1628678	4.8933345	5.1666558	4.8459252
1202.1378510446895689	-0.014207830565127772121	-3.4190747002902854845	123.47792508564074865	-474.99851311373066665	-38.33721973	-0.00127364487201	-0.00280560754006	-4.0872738218e-06	2.5738655822e-05	5.1479781	4.8977948	5.1041503	4.8602666
1203.1379657293807668	-0.014369141446574000207	-3.4333611909253898276	122.51805263543631952	-474.71769778401449003	-38.33850242	-0.00128839677259	-0.00279142060087	-4.01170151404e-06	2.57075151948e-05	5.132338	4.9028012	5.0601936	4.8718815
1204.1380804113530303	-0.014485018587155751649	-3.4477958974926119495	121.5623125101931663	-474.42312550382843028	-38.33979737	-0.00130337859149	-0.00277680818948	-3.90407757398e-06	2.55873989115e-05	5.1161825	4.908266	5.0461545	4.8790137
1205.1381950960444556	-0.01455738447636871491	-3.4623187643839328231	120.61093898826564441	-474.11474226132492049	-38.34110997	-0.00131862484075	-0.00276161882797	-3.74042157294e-06	2.53224618596e-05	5.0998609	4.91412	5.0477437	4.882054
1206.1383097807356535	-0.014629750365949592203	-3.4769140054639615656	119.66415598680170262	-473.79254112078444905	-38.34243511	-0.00133405881063	-0.0027460198863	-3.58411303117e-06	2.50546140427e-05	5.0836854	4.9203193	5.0489552	4.8838726
1207.1384244654268514	-0.01470770568546336636	-3.4915816207326955123	118.7221885043287557	-473.45652220425944279	-38.34377862	-0.00134977046133	-0.00272989066698	-3.44482859529e-06	2.47863172946e-05	5.0679497	4.9268217	5.0435828	4.8874714
1208.1385391480237104	-0.014750985263303782735	-3.5063170289201188723	117.78526329478820855	-473.10669019331004392	-38.34513521	-0.00136567979978	-0.00271338393003	-3.28627281416e-06	2.44531904356e-05	5.0529309	4.9335821	5.0371708	4.8956638
1209.1386538327149083	-0.014763087649556911121	-3.5210757577827607179	116.85360000899648014	-472.74307673269902352	-38.34651034	-0.00138179786421	-0.00269636980967	-3.09503045758e-06	2.40171933617e-05	5.0388827	4.9405304	5.0359386	4.9088577
1210.1387685174061062	-0.014775190035904909799	-3.5358465904196672014	115.9274067638342558	-472.36574760626655234	-38.34789871	-0.00139806494812	-0.00267899344395	-2.91599933505e-06	2.35792794935e-05	5.0259861	4.947593	5.0440628	4.9257571
1211.1388832020975315	-0.014790344584709000375	-3.5506295268308454283	115.00689019663865054	-471.9747739284549084	-38.34930654	-0.00141460988655	-0.00266108747717	-2.74438567278e-06	2.31436935776e-05	5.0142054	4.9546974	5.0541749	4.9450308
1212.1389978856593643	-0.014786674883561624558	-3.5654220243232295218	114.0922560607117191	-471.57023030775303596	-38.3507283	-0.00143135376223	-0.00264280232858	-2.55999698861e-06	2.26760213069e-05	5.0034295	4.9617713	5.0547851	4.9653497
1213.1391125703505622	-0.014766957650313295228	-3.580200535264675743	113.18370376414752343	-471.15220650157164073	-38.3521698	-0.0014483151274	-0.00262396567625	-2.34859260781e-06	2.21591590241e-05	4.9935347	4.9687412	5.0343976	4.9852342
1214.1392272550417601	-0.014747240417058255987	-3.5949593267116970452	112.28142395080611493	-470.72081066812847894	-38.35362548	-0.0014654326521	-0.002604733039	-2.13699247349e-06	2.16437042551e-05	4.9843927	4.9754919	4.9896535	5.0025921
1215.1393419397331854	-0.014728146382789561453	-3.6096983986642960929	111.38560464789031812	-470.27615456316272002	-38.35510134	-0.00148276129464	-0.00258501068093	-1.93803329582e-06	2.11313994697e-05	4.9759106	4.981896	4.9394211	5.0151872
1216.1394566241976918	-0.014705224134906352829	-3.6244172254685169676	110.49643165964023694	-469.81835250786508595	-38.35659174	-0.00150024195205	-0.00256493570065	-1.74410256166e-06	2.06149792187e-05	4.968012	4.987826	4.9051645	5.020786
1217.1395713088888897	-0.014679165715761766792	-3.6391111053636757688	109.61408731121996141	-469.34752362510789681	-38.35810278	-0.00151794884283	-0.00254428355703	-1.53492177029e-06	2.00925292815e-05	4.9607277	4.9931589	4.896355	5.0175317
1218.1396859935800876	-0.014653107297192304037	-3.653778923851525029	108.7387499373773494	-468.86379236525090164	-38.35962873	-0.00153581909453	-0.00252321464937	-1.31848493769e-06	1.95730743492e-05	4.9541522	4.9977961	4.9151183	5.0088137
1219.1398006782715129	-0.014626063435205805333	-3.6684206809320665243	107.87059525439589436	-468.36728560810246336	-38.36117553	-0.00155384639947	-0.00250165452214	-1.10567944338e-06	1.90575709667e-05	4.9483697	5.0016562	4.9533777	5.0017665
1220.1399153633158221	-0.014605057865355573071	-3.6830372148287198186	107.00979649675029748	-467.85813231701570203	-38.36273743	-0.00157198743261	-0.0024797386842	-9.01629379716e-07	1.85553529345e-05	4.9434416	5.0046899	4.982488	4.9998238
1221.1400300480072474	-0.01458886894513136516	-3.697635852282240343	106.15652652345688978	-467.33646003363742238	-38.36432037	-0.00159025005499	-0.0024573128017	-7.08762999262e-07	1.80700145104e-05	4.939426	5.0068804	4.9756196	5.0020713
1222.1401447326984453	-0.014572680024526118298	-3.7122182989586134383	105.31095856697149316	-466.80239403685931165	-38.3659186	-0.0016086009743	-0.0024345165297	-5.173048961e-07	1.75866101675e-05	4.9363484	5.0082332	4.9390215	5.0071868
1223.1402594173896432	-0.014554833853215013925	-3.7267845548578373283	104.47326378658813439	-466.2560615811102025	-38.36753822	-0.00162709182926	-0.00241120169831	-3.21809174393e-07	1.71067743699e-05	4.9342175	5.008822	4.8943123	5.013407
1224.1403741026686021	-0.014547127002401880752	-3.7413360373163095929	103.64361118450872823	-465.69759198211261264	-38.36917341	-0.00164568459207	-0.00238750922711	-1.34436919331e-07	1.66460551586e-05	4.9330416	5.008732	4.8631645	5.0188942
1225.1404887873600273	-0.014547371547738536732	-3.7558849549380726174	102.82217146917875539	-465.12711101534682712	-38.37083019	-0.00166437612813	-0.00236331754821	3.80225882936e-08	1.62118520369e-05	4.9328306	5.0080415	4.8641811	5.0218036
1226.1406034720512253	-0.014547616092196765172	-3.770434117132789531	102.00911834904334796	-464.54473968826431474	-38.37250273	-0.00168313979931	-0.0023387612928	2.11006425219e-07	1.57800903202e-05	4.9335582	5.0068177	4.8911527	5.0206658
1227.1407181567424232	-0.014546319944303576568	-3.784983523900461222	101.20462406903489239	-463.95060107513575076	-38.3741968	-0.00170193681789	-0.00231369993783	3.82324638453e-07	1.53487414635e-05	4.9351757	5.0051048	4.9254684	5.0170475
1228.1408328419777263	-0.014554439394056217089	-3.7995344984032550784	100.40885918388622144	-463.34482060174764229	-38.37590663	-0.00172075825935	-0.0022882686593	5.41520860712e-07	1.49321858027e-05	4.9376345	5.0029366	4.9484166	5.0139639
1229.1409475266691516	-0.014569847174928190342	-3.8140983117426765503	99.621996415902557942	-462.72752108969672236	-38.37763842	-0.00173968771092	-0.00226230038349	6.87776354074e-07	1.45392281517e-05	4.9408899	5.0003404	4.9497178	5.014433
1230.1410622113605768	-0.014585254956174928051	-3.8286775346302048817	98.844211870649715479	-462.09882174426059009	-38.37938635	-0.00175869649048	-0.00223593771015	8.35405130602e-07	1.41483681936e-05	4.9449006	4.997334	4.9366371	5.0215143
1231.1411768960517747	-0.014599937301811605553	-3.8432721670658356317	98.075680552875283524	-461.45884421190942248	-38.38115627	-0.00177775265431	-0.00220903048198	9.87632236955e-07	1.37601198146e-05	4.9496246	4.993911	4.9186311	5.0390807
1232.1412915809989954	-0.014619047350363262305	-3.8578828351203613423	97.316576077529518329	-460.80771290043003319	-38.38294237	-0.00179684371794	-0.00218172217449	1.13774090371e-06	1.33800525535e-05	4.9550204	4.9900473	4.9051392	5.0703363
1233.1414062656901933	-0.014641533041257013409	-3.8725148031863723119	96.56707257932978905	-460.1455527660608027	-38.38475047	-0.00181595973397	-0.00215390605443	1.26967336785e-06	1.3011843797e-05	4.9610534	4.9857427	4.9047388	5.0979929
1234.1415209503813912	-0.014664018731777243854	-3.8871692595220004307	95.82734526048410828	-459.47248889374264991	-38.38657483	-0.00183509418007	-0.00212571485937	1.39333974787e-06	1.26453501973e-05	4.9676991	4.9810113	4.9247464	5.0911795
1235.1416356350728165	-0.014687279821587111844	-3.9018462041272492513	95.097568110876764536	-458.78864919074317186	-38.38842128	-0.00185423707291	-0.00209699075783	1.51180684782e-06	1.22827212171e-05	4.9749349	4.9758362	4.9707864	5.0483096
1236.1417503194909386	-0.014705816831809961215	-3.9165449628543829164	94.377913640346932311	-458.09416462135260417	-38.3902841	-0.00187338622223	-0.00206787193443	1.63214399116e-06	1.19160312197e-05	4.9827501	4.9701797	5.0299403	4.9872359
1237.1418650041821365	-0.014720833185100567694	-3.9312599752559034272	93.668550615913488855	-457.38917140592906208	-38.3921687	-0.00189246981851	-0.00203832380288	1.74512566752e-06	1.15431698557e-05	4.9911389	4.9640072	5.0774357	4.9263448
1238.1419796888733345	-0.01473584953850484193	-3.9459900057330328238	92.969643383898528555	-456.67381137181661188	-38.39406948	-0.00191150472275	-0.00200845678617	1.84658158283e-06	1.11721734782e-05	5.0000957	4.9572794	5.0949138	4.8805287
1239.1420943735647597	-0.014753698491969375814	-3.9607350542857764353	92.281354327946232274	-455.94822923592249708	-38.39599237	-0.00193047615048	-0.00197811581577	1.93447647698e-06	1.08084982783e-05	5.0096317	4.9499275	5.0897494	4.8522017
1240.1422090572648358	-0.014754332817338434991	-3.9754926309423330721	91.603843720719453358	-455.21257265384099355	-38.39793173	-0.00194940029545	-0.00194742180404	2.03464119465e-06	1.04275365405e-05	5.0197619	4.9418765	5.0755486	4.8410757
1241.1423237419560337	-0.014742560797213513993	-3.9902427691706590096	90.937261226795300217	-454.46699970184164386	-38.39989229	-0.0019682517417	-0.00191635467981	2.13305556882e-06	1.00179248666e-05	5.0304884	4.9330676	5.0659072	4.8461404
1242.142438426647459	-0.014730788777050952965	-4.004981134028796852	90.281743694100057951	-453.71167987473074845	-38.40186868	-0.00198704888289	-0.00188500884505	2.20829763053e-06	9.60962444581e-06	5.0417991	4.9235033	5.0739509	4.8603709
1243.1425531113386569	-0.014724137059500548574	-4.0197077255167394938	89.637424619838967033	-452.94678495622548553	-38.40386671	-0.00200573622974	-0.00185337056074	2.26299596396e-06	9.2118507139e-06	5.0536581	4.9132093	5.1007329	4.8737901
1244.1426677942706647	-0.014686459692452948078	-4.0344179752005580042	89.004434210720233978	-452.17248883207730614	-38.40588096	-0.00202434133017	-0.00182151320386	2.34448859878e-06	8.7842968764e-06	5.0660028	4.9022126	5.1340237	4.8764112
1245.1427824789618626	-0.014627399299954187487	-4.0490765856221360153	88.382883519067007683	-451.38897992337348342	-38.40791622	-0.00204285780685	-0.00178938218259	2.43722327315e-06	8.31708954393e-06	5.0787465	4.8905925	5.1608524	4.8624747
1246.1428971636530605	-0.014568338907048053107	-4.0636761288776304113	87.772860894502755968	-450.59646240692364927	-38.40996727	-0.00206130770869	-0.00175704558253	2.49900219669e-06	7.85797456651e-06	5.0917797	4.8785636	5.1682346	4.8398972
1247.1430118483442584	-0.014516509538654581365	-4.0782166049670394159	87.174449554602162493	-449.79514123030077144	-38.41203898	-0.0020796112467	-0.00172455870575	2.5170855274e-06	7.40963354435e-06	5.1049835	4.8663653	5.1477704	4.8194027
1248.1431265306339355	-0.014420996290726205424	-4.0926914452478531103	86.587727890329631464	-448.98522172366369887	-38.41412626	-0.00209780452515	-0.00169195862172	2.5640673347e-06	6.92093332795e-06	5.1181997	4.8542379	5.1129047	4.8115683
1249.1432412153253608	-0.014296929061689474597	-4.1070520546772417703	86.01274647057611844	-448.16692559142518348	-38.41623388	-0.00211581199864	-0.00165931084329	2.63635223632e-06	6.3871039419e-06	5.1312267	4.8424378	5.0835662	4.8189162
1250.1433559000165587	-0.014172861833140763116	-4.1212885826492424712	85.449523808536639535	-447.34049185432064633	-38.41835688	-0.00213367910616	-0.00162662703423	2.67257318563e-06	5.86779757116e-06	5.1438387	4.8312427	5.0761269	4.8328591
1251.1434705847077566	-0.014057593546393494857	-4.1354010291638605423	84.898071527179467921	-446.50615789034668524	-38.4205002	-0.0021512592548	-0.00159399718463	2.65892288641e-06	5.37007241654e-06	5.1558327	4.8209326	5.0935177	4.84397
1252.1435852666306801	-0.013889305318597743033	-4.149381245799972362	84.358394886586168582	-445.66415895016712057	-38.42265892	-0.00216862201034	-0.00156140821343	2.68528498901e-06	4.83533597243e-06	5.16701	4.8117822	5.1354197	4.8434008
1253.1436999513221053	-0.01368823752858955127	-4.163171598584630928	83.830464225377454568	-444.81474577150726191	-38.42483698	-0.00218579991176	-0.00152901850335	2.7509611114e-06	4.25562210857e-06	5.17716	4.8039992	5.1976955	4.8311748
1254.1438146360135306	-0.013487169738527057458	-4.1767608605197468208	83.314210854504665349	-443.95818494640315066	-38.42702974	-0.0022028373779	-0.00149678017371	2.78012660569e-06	3.6951274706e-06	5.186117	4.7977567	5.263566	4.814119
1255.1439293207047285	-0.013295370034838140116	-4.1901490316053164875	82.809557889618517379	-443.09473846442159584	-38.42924171	-0.00221959697619	-0.00146480508456	2.75881593966e-06	3.16012421778e-06	5.1937306	4.7932287	5.3136676	4.7992858
1256.1440440026963188	-0.013047825278689808084	-4.2033273723903654684	82.316420986076792587	-442.22466323710074221	-38.43146834	-0.00223614488171	-0.00143303054437	2.78373198256e-06	2.59416131433e-06	5.1998493	4.7905918	5.3353249	4.7914161
1257.1441586873875167	-0.012767538583152805709	-4.2162365346348451567	81.834677771248180989	-441.34822786180006915	-38.43371352	-0.00225245071893	-0.00140167005788	2.85361827189e-06	1.99609705821e-06	5.2042849	4.7900648	5.3339718	4.7874028
1258.144273372078942	-0.012487251887413047119	-4.2288653780390337289	81.364164590710814196	-440.4657124592442301	-38.43597287	-0.00226857161831	-0.00137062590438	2.88862463746e-06	1.4244039931e-06	5.206813	4.7919092	5.3180427	4.7824977
1259.1443880567701399	-0.012214890494677367594	-4.2412139026029294087	80.904709137458809209	-439.57738968069969587	-38.4382502	-0.00228442047955	-0.00134002488166	2.87142702841e-06	8.80567651901e-07	5.2072088	4.7963739	5.2959019	4.7726461
1260.1445027393788223	-0.011894911380400791795	-4.2532745276802694789	80.456131413625655568	-438.68352431958385296	-38.44054129	-0.0023000609218	-0.00130976335865	2.88920270376e-06	3.20192235326e-07	5.2052518	4.8035707	5.2756838	4.7604718
1261.1446174240700202	-0.011548056127283667233	-4.2649973557088332043	80.018217276809664895	-437.78438632321626756	-38.44284972	-0.00231545860256	-0.00128011786037	2.94962529119e-06	-2.5514302898e-07	5.2008109	4.8135709	5.2610218	4.7522539
1262.1447321087612181	-0.011201200874272915914	-4.2763732887053400589	79.59071645922568905	-436.88025046695099718	-38.44517148	-0.00233066977145	-0.00125094564938	2.98401396708e-06	-8.01869995281e-07	5.1938517	4.8264679	5.2505817	4.7539916
1263.1448467934526434	-0.010858912398244970066	-4.2874023266697918189	79.173370687920893829	-435.9713820767984771	-38.44751026	-0.00234559670792	-0.00122248440544	2.99026944078e-06	-1.31469269263e-06	5.1843439	4.8421552	5.2427835	4.7618364
1264.1449614770906464	-0.010489198554910901875	-4.2980800643540550965	78.765914841061103857	-435.05803679056032252	-38.44986214	-0.00236030465702	-0.00119457092731	3.0201729857e-06	-1.81928247148e-06	5.1722557	4.8603103	5.2360626	4.7631122
1265.1450761617818443	-0.010104362603573802462	-4.3083780258163821841	78.3680616557110028	-434.1404675093036758	-38.45223026	-0.00237474356575	-0.00116741716571	3.07026190531e-06	-2.31583790466e-06	5.1576844	4.880485	5.2290753	4.7614199
1266.1451908464730423	-0.0097195266520206172189	-4.318291107192520073	77.979501017154404963	-433.21892433530501876	-38.45461092	-0.00238897460954	-0.00114085037336	3.10255225607e-06	-2.78351495501e-06	5.1411122	4.9021456	5.2211063	4.7710557
1267.1453055311642402	-0.009334859090243698837	-4.3278193084824678749	77.59991646742400917	-432.29364741207018596	-38.45700761	-0.00240286030122	-0.00111507757266	3.11037109454e-06	-3.2163623011e-06	5.1230823	4.9246831	5.2115577	4.8001715
1268.1454202158224689	-0.0089491803744910416313	-4.3369624669452360166	77.228986362735255966	-431.36486688269826573	-38.45941672	-0.00241647841898	-0.00108991994542	3.10295740911e-06	-3.61920183998e-06	5.1041296	4.9474698	5.1998361	4.8510909
1269.1455349005136668	-0.0085629470074362751264	-4.3457195348226518306	76.866383647106161447	-430.43280344012765681	-38.4618408	-0.00242980300688	-0.00106563258317	3.08468265913e-06	-3.99496405906e-06	5.0847766	4.9699784	5.1853362	4.9144184
1270.1456495852048647	-0.0081767136404212893003	-4.3540903250379825451	76.51177615806827248	-429.49766865276126282	-38.46427653	-0.00244289953359	-0.00104202138268	3.05865086642e-06	-4.34566083054e-06	5.0654666	4.9918437	5.1670203	4.9796121
1271.1457642698960626	-0.0077870091630480500061	-4.3620748375912263839	76.164827555704178508	-428.55966506229134438	-38.46672695	-0.00245570495804	-0.00101938582617	3.02968701479e-06	-4.66584692932e-06	5.0465618	5.0130052	5.1433948	5.0412688
1272.1458789551586506	-0.0074181523849317643204	-4.3696764139637878088	75.82519816574695426	-427.61898634806726704	-38.46918882	-0.00246828357274	-0.000997510433994	2.96603789094e-06	-4.9454090863e-06	5.0284142	5.0334516	5.1129584	5.0948771
1273.1459936398498485	-0.0070608559602828276439	-4.376916748396653567	75.49255752027664812	-426.67581339796356588	-38.47166463	-0.0024805548691	-0.000976555210549	2.8591426934e-06	-5.18473479906e-06	5.0113813	5.0533382	5.0742328	5.1395032
1274.1461083245410464	-0.0067035595356065734093	-4.383799745428421879	75.166585416894335481	-425.73031478807348549	-38.47415133	-0.0024925860494	-0.000956318939577	2.7489593343e-06	-5.4020909878e-06	4.9957929	5.0729598	5.0263284	5.1772217
1275.1462230092324717	-0.006341171909121356802	-4.3903254050590945212	74.846959461211298503	-424.78265183041571618	-38.4766512	-0.00250435792616	-0.000937144148554	2.65628374958e-06	-5.59716978798e-06	4.9816043	5.092591	4.9740382	5.2096247
1276.1463376946092012	-0.0060093770093105495014	-4.39649858942142302	74.533355386010669008	-423.83297889198581743	-38.47916138	-0.00251592663396	-0.000918801046003	2.52757823772e-06	-5.75396603358e-06	4.9685587	5.1123839	4.9253872	5.2355827
1277.1464523793003991	-0.0056949248549904131836	-4.4023514115057853502	74.225465463627571694	-422.88143786669371593	-38.48168419	-0.00252721052623	-0.000901451579106	2.35676156937e-06	-5.87017543459e-06	4.9563956	5.1324311	4.8861529	5.2531979
1278.1465670639918244	-0.0053804727012570349384	-4.4078897453732137635	73.92300003680975351	-421.92815853129457082	-38.48421692	-0.00253827063487	-0.000884882825937	2.19831063053e-06	-5.96941229233e-06	4.9448129	5.1527024	4.8549596	5.2640946
1279.1466817486830223	-0.0050611164473434444577	-4.4131135910237055953	73.625668604084637536	-420.97326527707991772	-38.4867618	-0.00254902752593	-0.000869313242221	2.05721159715e-06	-6.04905563266e-06	4.9335005	5.1730096	4.8290657	5.275354
1280.1467964339049104	-0.0047712501188339716263	-4.4180275859192743582	73.333179688934322371	-420.0168774874312021	-38.48931623	-0.00255954550695	-0.000854530920258	1.88061751908e-06	-6.09510827133e-06	4.9222153	5.1931447	4.8074251	5.2937198
1281.1469111185961083	-0.0044985680916506997143	-4.4226630265776893935	73.045258729325723834	-419.05910449113650884	-38.49188201	-0.00256977646297	-0.000840735710566	1.67391552797e-06	-6.10702382517e-06	4.9108124	5.2128554	4.7910665	5.3181407
1282.1470258032875336	-0.0042258860649396021852	-4.4270257539367552369	72.761649741368174205	-418.1000457140518165	-38.49445675	-0.0025797806338	-0.000827720441432	1.48889714022e-06	-6.1061976523e-06	4.8991946	5.2318583	4.7808025	5.3433617
1283.1471404879787315	-0.0039490605120010013884	-4.4311157679964701117	72.482096585361588836	-417.1397967770248556	-38.49704219	-0.00258948477935	-0.000815651068164	1.32749745082e-06	-6.09164902876e-06	4.8874385	5.2498669	4.7744203	5.3640991
1284.1472551730221312	-0.0036971734213748709726	-4.4349369484013969611	72.206342654516930679	-416.17844983912800672	-38.49963613	-0.002598951204	-0.000804331162448	1.14244005927e-06	-6.05208057626e-06	4.8757058	5.266635	4.7682066	5.3778211
1285.1473698577133291	-0.0034602293679871693778	-4.4385160602182924805	71.934146127601295007	-415.21608952955347149	-38.50224048	-0.0026080507992	-0.000793886554207	9.3023691403e-07	-5.98127714306e-06	4.8641875	5.281959	4.7599067	5.3860098
1286.1474845424047544	-0.0032232853138318309609	-4.4418582008075357948	71.665281574876757986	-414.25279294816897391	-38.5048531	-0.00261685892844	-0.000784137417475	7.36414074443e-07	-5.89750291615e-06	4.8531408	5.2956226	4.7517147	5.3904592
1287.1475992270959523	-0.0029826391022917493265	-4.4449633701691233512	71.399523732691889677	-413.28863458561443167	-38.50747506	-0.00262534018612	-0.000775255901074	5.6698826859e-07	-5.80415518282e-06	4.8428304	5.3074137	4.7466228	5.3926116
1288.1477139120258926	-0.0027642951659962861077	-4.4478350047828865144	71.136647202244859045	-412.32368659486115803	-38.51010446	-0.00263356099967	-0.000767065685632	3.78398451431e-07	-5.69138784445e-06	4.8335063	5.3171468	4.7459342	5.3924386
1289.1478285967170905	-0.0025596479208815580385	-4.4504972816138392844	70.876440180185923623	-411.358015275327773	-38.5127426	-0.00264143194629	-0.000759720871404	1.73098741731e-07	-5.55590053055e-06	4.8254126	5.3246264	4.7486825	5.3895191
1290.1479432814082884	-0.0023550006758820542056	-4.4529548877296294407	70.618706058846797191	-410.3916809637461256	-38.51538772	-0.00264902334663	-0.000753051539041	-8.57943760686e-09	-5.41284773132e-06	4.8188027	5.3296413	4.7538207	5.3834588
1291.1480579660994863	-0.0021467405875951381909	-4.4552078231302578715	70.363248618957655367	-409.42474226051376718	-38.5180409	-0.00265625761569	-0.000747124813362	-1.69002836083e-07	-5.26155400067e-06	4.8138739	5.3319903	4.761011	5.3744412
1292.1481726509582586	-0.0019602621330245257984	-4.4572594187371219476	70.10987174906955488	-408.45725624332470716	-38.52070054	-0.00266320573607	-0.000741793095523	-3.50748657277e-07	-5.09274294452e-06	4.8107871	5.3314782	4.7703679	5.3630502
1293.1482873356494565	-0.0017874228898904442019	-4.4591334761495895478	69.85839292017152502	-407.48927510282237563	-38.52336739	-0.00266980820906	-0.000737206569837	-5.50487983943e-07	-4.90533535426e-06	4.8097198	5.3279076	4.781919	5.3498261
1294.1484020203406544	-0.001614583647167743604	-4.46083467449717741	69.608644875814036368	-406.52084593370119592	-38.52604003	-0.00267613296038	-0.000733218793069	-7.2755995032e-07	-4.71334110256e-06	4.8108853	5.3211639	4.7951975	5.3349685
1295.1485167050318523	-0.00143823206612536756	-4.4623630137798890871	69.36046093983715366	-405.55201471944343439	-38.52871941	-0.00268205193833	-0.000729877381858	-8.88612324379e-07	-4.51360054091e-06	4.814502	5.3111773	4.8095917	5.3185238
1296.1486313898315075	-0.0012830690082469911606	-4.4637217169643408354	69.113674697320931273	-404.58282651319558454	-38.53140421	-0.00268764397311	-0.00072705676581	-1.07459666724e-06	-4.29736628334e-06	4.8207666	5.2979203	4.8247403	5.3005665
1297.1487460745229328	-0.0011320343864548905195	-4.4649340684850047367	68.86813314582458645	-403.61332220351698652	-38.53409471	-0.00269287574533	-0.000724902591425	-1.28102866059e-06	-4.06540076335e-06	4.8298459	5.2815609	4.8408158	5.2813021
1301.1492048267168684	-0.00060782700435383306935	-4.4683954693091347821	67.895676885259831579	-399.73286052198238849	-38.54490337	-0.00271026047064	-0.000721694224547	-2.04848664465e-06	-3.06858416428e-06	4.895447	5.1912131	4.9157511	5.1941407
1305.1496635699677427	-0.00018559314867685181884	-4.4699648275265726483	66.932851458926407417	-395.84999637701565689	-38.55576973	-0.00272186765071	-0.000726772483164	-2.85703990899e-06	-1.96817896225e-06	4.994711	5.0871817	5.0005237	5.0930942
1309.1501223087009294	0.00016803275769405239069	-4.469985550815430031	65.973022335159512863	-391.96639004696021402	-38.56667037	-0.00272760766313	-0.00073956044573	-3.69053264081e-06	-8.11563342697e-07	5.0937286	4.997718	5.0882547	4.9892624
1313.1505810481962726	0.00050096158295391676404	-4.4686393597536362421	65.010588794502723431	-388.0834286328934013	-38.57758234	-0.0027273417079	-0.000759687190341	-4.52018163894e-06	3.51511560819e-07	5.1752161	4.920099	5.173084	4.8932179
1317.1510397942845429	0.00088134602926356214216	-4.4658962210752681798	64.040260243260121342	-384.2024335879000887	-38.58848225	-0.00272126146711	-0.000787105698011	-5.29780331489e-06	1.4584530179e-06	5.2427698	4.8517509	5.2493762	4.826359
1319.1512691636671661	0.0010885865905373925348	-4.4639226520666275277	63.550350080478857251	-382.26312848995002014	-38.59391999	-0.00271598805632	-0.000803727549641	-5.69129475964e-06	1.97087639813e-06	5.2698519	4.8246823	5.2807919	4.7969523
1320.1513838484479493	0.0012110959639842157256	-4.4627747568412550194	63.303857431164516356	-381.29386555012462168	-38.59663486	-0.00271284055026	-0.000812761045981	-5.87104769251e-06	2.20982822841e-06	5.2809792	4.8135166	5.2949597	4.7839675
1321.1514985331393746	0.001346979610736309934	-4.4614955723681797295	63.05619014336256356	-380.3249021036148747	-38.59934589	-0.00270932058002	-0.000822369511495	-6.02395393181e-06	2.42925485996e-06	5.2902692	4.804093	5.3079784	4.7721411
1322.1516132178305725	0.0014828632560577974242	-4.4600804886650342596	62.807217760801876238	-379.35627319204900232	-38.60205373	-0.00270548943717	-0.000832458331002	-6.19280013906e-06	2.64301394481e-06	5.2975694	4.7965142	5.3196224	4.7616282
1323.1517279025217704	0.0016146033871721763089	-4.458529505731820386	62.556809147825539696	-378.38801459614177247	-38.60475701	-0.00270128566598	-0.000843149819373	-6.38226760897e-06	2.85026676316e-06	5.3027626	4.7908776	5.329756	4.7526049
1324.1518425873737215	0.0017713788431975414049	-4.456838863123669725	62.304832778369956259	-377.42016282366057567	-38.60745647	-0.0026967697182	-0.000854346205232	-6.54415724724e-06	3.03708279069e-06	5.3057661	4.7872828	5.3383325	4.745224
1325.1519572720651468	0.0019445635974877639729	-4.4549806788224914911	62.051141176566346758	-376.4527592543757919	-38.61015064	-0.00269188828446	-0.0008661738582	-6.6712404525e-06	3.19867108552e-06	5.306485	4.7858477	5.345243	4.7396277
1326.1520719567563447	0.0021177483521974617593	-4.4529492899051570376	61.795568669380536164	-375.48585091740335429	-38.61284037	-0.00268669980539	-0.000878531839629	-6.8161542155e-06	3.35269313169e-06	5.3048175	4.7867061	5.3501268	4.7359805
1327.1521866414475426	0.0022865466059448918967	-4.4507446963716672528	61.537948841471951766	-374.51948607861345408	-38.61552434	-0.00268115551335	-0.000891552203691	-6.9771570107e-06	3.50086197666e-06	5.3006654	4.7899593	5.3525644	4.7344721
1328.1523013263799839	0.0024818680247397010945	-4.448362936144966362	61.278115000059372619	-373.55371421916555619	-38.61820345	-0.00267531147034	-0.000905130585145	-7.10468493962e-06	3.62703314184e-06	5.2939595	4.7956943	5.3526196	4.7353033
1329.1524160110711819	0.0026948178370034977201	-4.4457742963707920225	61.015883694102654999	-372.58859061770351673	-38.6208758	-0.00266911928685	-0.000919408601982	-7.19757379051e-06	3.72239951685e-06	5.2846566	4.8039807	5.3510135	4.7386703
1330.1525306957626071	0.0029077676490625739905	-4.4429726823624315912	60.751052225788093608	-371.62417731334375048	-38.62354243	-0.00266263299996	-0.000934277659399	-7.31166100208e-06	3.80700198115e-06	5.2727109	4.8148156	5.3481148	4.7447295
1331.1526453804540324	0.0031164043531926761965	-4.4399580941198868445	60.483417283682065602	-370.66053829236597039	-38.62620182	-0.00265581024394	-0.000949869795813	-7.44252111061e-06	3.88230239526e-06	5.2581854	4.8281773	5.3414644	4.7536375
1332.1527600654690104	0.003351147473129091961	-4.4367266599915273773	60.21277552492041707	-369.69773948134860575	-38.62885509	-0.00264870245355	-0.000966074476856	-7.54191655267e-06	3.93142909345e-06	5.2411928	4.8439422	5.3273694	4.7657204
1333.1528747501602084	0.0036035626675331882719	-4.4332489061218725013	59.938907366365100415	-368.73585351822845269	-38.63150031	-0.00264125619863	-0.000983032045027	-7.60232958996e-06	3.94663613902e-06	5.2219022	4.8619064	5.3069895	4.7814876
1334.1529894348514063	0.003855977862462567525	-4.429518708109427827	59.66157440107190979	-367.77496088686359599	-38.63413869	-0.00263352242154	-0.00100062918313	-7.68001139196e-06	3.94899594955e-06	5.2006143	4.8818683	5.2918229	4.8013298
1335.1531041195428315	0.0041045534781046248349	-4.425536065954191578	59.380537924377811976	-366.81514498830529192	-38.63676839	-0.00262545336003	-0.00101899958403	-7.77108968252e-06	3.93792705908e-06	5.177648	4.9035636	5.2921088	4.8247946
1336.1532188046148804	0.0043763992238387812786	-4.4212975576672848277	59.095559622939354938	-365.85649215608532359	-38.63939071	-0.00261709868586	-0.00103802869028	-7.83359644497e-06	3.89736230995e-06	5.153359	4.9267034	5.2841824	4.8511399
1337.1533334893060783	0.0046643356173518366742	-4.4167766718297363226	58.806387164482529784	-364.89909622539647671	-38.64200373	-0.00260842651145	-0.00105781989837	-7.85432475549e-06	3.82122277999e-06	5.1281156	4.9509822	5.2200372	4.8812007
1338.1534481739972762	0.0049522720111056716882	-4.4119678165766975653	58.512751773371824981	-363.94305976585337703	-38.64460881	-0.00259948312199	-0.00107826210904	-7.88502520361e-06	3.72981899474e-06	5.1022613	4.9760461	5.0878713	4.9188148
1339.1535628586887015	0.0052373410675517909421	-4.4068709919081703319	58.214384943040975884	-362.98848946897521728	-38.64720382	-0.0025902037413	-0.00109950631228	-7.92434768184e-06	3.62063138024e-06	5.0761311	5.0015274	5.0154766	4.9673751
1340.1536775437439246	0.0055398122178404269819	-4.4014836607329508311	57.911019200175509525	-362.03549619024613548	-38.6497902	-0.0025806365525	-0.00112143749763	-7.94196130625e-06	3.48077811734e-06	5.0500547	5.0270263	5.149712	5.0198914
1341.1537922284351225	0.0058545793953979439334	-4.3957858115452301817	57.60237740751226454	-361.08419869726924389	-38.65236601	-0.00257075250218	-0.00114413072839	-7.92205061404e-06	3.30597143478e-06	5.0243288	5.0521318	5.4545841	5.0621669
1342.1539069131265478	0.0061693465729484057644	-4.3897731590809438984	57.28817090024371339	-360.1347248219916537	-38.65493273	-0.00256059627594	-0.00116747853661	-7.90477927439e-06	3.11282883151e-06	4.999197	5.0764684	5.7075406	5.0868485
1343.1540215978177457	0.0064826403306149655431	-4.3834457033400937576	56.968112157624574365	-359.18720783189695567	-38.65748798	-0.0025500968365	-0.00119160065768	-7.8855711795e-06	2.89725602286e-06	4.9748918	5.0997599	5.7586479	5.1114437
1344.1541362827410921	0.0068048877044686864254	-4.3768021485410386617	56.641915554866102411	-358.2417865079177659	-38.66003337	-0.00253930176668	-0.0012163897414	-7.85063735786e-06	2.65232098615e-06	4.9515892	5.1217496	5.6900991	5.1589041
1345.1542509674325174	0.0071335791040565421639	-4.3698321158723762991	56.309291991400954203	-357.29860736372268093	-38.6625669	-0.00252819207644	-0.00124188725981	-7.78572984767e-06	2.3769997473e-06	4.9294166	5.1422439	5.6231798	5.2322651
1346.1543656521237153	0.0074622705031356581507	-4.3625333541085344891	55.969948001871564713	-356.35782545551131761	-38.6650902	-0.0025168106318	-0.00126799669095	-7.71363488654e-06	2.08069424089e-06	4.9084894	5.161157	5.6079665	5.2989317
1347.1544803368149132	0.0077912001708337558573	-4.3549058632495114551	55.623592424528283118	-355.41960248248881271	-38.66760078	-0.00250507347555	-0.00129481707036	-7.63495637297e-06	1.7592862648e-06	4.8889197	5.1784137	5.6118945	5.3292343
1348.1545950214608638	0.0081186807811327778989	-4.3469498520668050645	55.269937040911500503	-354.48410690474241846	-38.67010034	-0.00249302821903	-0.00132225323893	-7.55433658027e-06	1.41445453176e-06	4.8708168	5.1939507	5.6040565	5.3356622
1349.1547097061522891	0.0084451067735953951748	-4.3386670084829503935	54.908697682974640486	-353.55151385831669586	-38.67258677	-0.00248066916559	-0.0013502920798	-7.45328479685e-06	1.04829310713e-06	4.8542818	5.2077071	5.5821683	5.3467511
1350.154824390843487	0.0087715327660099120383	-4.3300577014706913559	54.539594637068958605	-352.62200530762549988	-38.67506177	-0.00246803756174	-0.00137885437573	-7.33300108128e-06	6.59232921853e-07	4.8394113	5.2196155	5.5525951	5.3730172
1351.1549390755346849	0.0091000785695347589238	-4.3211219310300261753	54.162351838565797379	-351.69577067328259545	-38.67752253	-0.00245501590808	-0.00140802893138	-7.19731071607e-06	2.39892288361e-07	4.8262995	5.2296012	5.5216472	5.3929967
1352.1550537597588573	0.0094157322926829347537	-4.311861554419355258	53.776697301773218385	-350.77300699128591077	-38.67997087	-0.00244165453362	-0.00143773674549	-7.07075758072e-06	-1.96361524789e-07	4.8150355	5.2375898	5.494994	5.3839599
1353.1551684444502825	0.0097220012588198536502	-4.3022915902410581168	53.382371170193316345	-349.85391578220333031	-38.68240465	-0.00242796339356	-0.00146794822671	-6.94554469625e-06	-6.42568884041e-07	4.8056499	5.2435385	5.4754301	5.3485347
1354.1552831291414805	0.01002827022472915601	-4.2924153219723830688	52.979127488321722694	-348.93870226328675699	-38.6848257	-0.00241398424119	-0.00149859960323	-6.79816103343e-06	-1.11436455512e-06	4.79812	5.2474205	5.4648751	5.3059422
1355.1553978138329057	0.010338499502700411806	-4.2822327496133292257	52.566725285696414005	-348.02757924013099	-38.68723148	-0.00239967460788	-0.00152969204547	-6.62241284518e-06	-1.61418809217e-06	4.7924199	5.2492096	5.4655532	5.2699436
1356.1555124975402578	0.010624666136552484222	-4.2717473581781719716	52.144928726773301264	-347.12076730743666531	-38.68962388	-0.00238507553656	-0.00156117077682	-6.46167720111e-06	-2.11607841182e-06	4.7885179	5.2488816	5.4815332	5.2409249
1357.1556271822314557	0.010893547206147859152	-4.2609870176020772092	51.713521619204151136	-346.21848817155171218	-38.6920005	-0.00237016638979	-0.00159298042732	-6.31453927168e-06	-2.61018904342e-06	4.7863829	5.2463984	5.5175353	5.217641
1358.1557418669226536	0.011162428275627063121	-4.2499577651197766315	51.272310269262028726	-345.32096280266324584	-38.69436327	-0.0023549849229	-0.00162508070369	-6.13576388351e-06	-3.12832698062e-06	4.7860001	5.2417164	5.5779672	5.200577
1359.1558565516140789	0.011436881293170858553	-4.238659600731268462	50.821107022247751672	-344.4284190376032484	-38.69670956	-0.0023394925946	-0.00165741352697	-5.91671109308e-06	-3.67245187784e-06	4.787355	5.2347966	5.6549662	5.1909987
1360.1559712347927871	0.011677541639182002081	-4.2270974722976486504	50.359730125757458552	-343.54109181549495133	-38.69904135	-0.0023237264986	-0.00168995114838	-5.71603154092e-06	-4.20342745808e-06	4.7904352	5.2256227	5.7249473	5.188668
1361.156085919483985	0.011894579510936994712	-4.2153100600418893507	49.888023404878687472	-342.65921281543074883	-38.7013561	-0.00230765649732	-0.00172264418351	-5.54541071066e-06	-4.70892504113e-06	4.7952539	5.2142341	5.763769	5.1884208
1362.1562006041751829	0.012111617382762906309	-4.203305585023350055	49.405859628349105606	-341.78300766626551876	-38.7036558	-0.00229131811218	-0.0017554744671	-5.34200832203e-06	-5.23640223644e-06	4.8018494	5.2006708	5.7538914	5.1845046
1363.1563152888666082	0.012335466862952219891	-4.1910840472420325398	48.913118113045932489	-340.91270729765244596	-38.70593802	-0.00227471487111	-0.00178835328389	-5.09880809161e-06	-5.78524186798e-06	4.8102309	5.1851384	5.7144159	5.1773818
1364.156429971596026	0.012518104290221317848	-4.1786515761289813042	48.409684354844898735	-340.04854819761851559	-38.70820476	-0.00225787708273	-0.00182127508	-4.88363391287e-06	-6.30441365874e-06	4.8203501	5.167963	5.6779687	5.1719882
1365.1565446562874513	0.012673045763086580873	-4.1660545565827060699	47.895473070109147784	-339.19075864857563829	-38.71045348	-0.00224077723348	-0.00185417833764	-4.71021943112e-06	-6.77924184506e-06	4.8321818	5.1495609	5.6766062	5.1685589
1366.1566593409786492	0.012827987236255281728	-4.1533025777939132084	47.37043141112397393	-338.33955533284171224	-38.71268622	-0.00222344466874	-0.00188706513272	-4.5048848988e-06	-7.27062737816e-06	4.8456888	5.1305707	5.7212315	5.1560362
1367.1567740256698471	0.012990344596337887947	-4.140395639762599167	46.834512871992295402	-337.49515802328380687	-38.71490044	-0.00220587590735	-0.00191980159	-4.25606016261e-06	-7.77850908046e-06	4.8606156	5.1116656	5.7928992	5.1219499
1368.1568887081543835	0.013107945077571517972	-4.1273405249731114353	46.287676755290078745	-336.65778986183767074	-38.71709819	-0.00218809681702	-0.00195240417413	-4.03468120052e-06	-8.24370320175e-06	4.8766371	5.0934517	5.870337	5.0690728
1369.1570033928458088	0.013196862468421988873	-4.1141866128207338349	45.729912060029164422	-335.82766125418874026	-38.71927697	-0.00217008425984	-0.00198479591546	-3.85725747662e-06	-8.65187378972e-06	4.8934584	5.0764045	5.9344853	5.0238164
1370.1571180775370067	0.013285779859441253573	-4.1009437730799893629	45.161239968835651837	-335.00496640337564713	-38.72143879	-0.00215186322833	-0.00201699938462	-3.64837660007e-06	-9.0715756439e-06	4.9106974	5.0609201	5.9785471	5.0112055
1371.1572327622282046	0.013381759279162883797	-4.0876120057508709138	44.581687059654477423	-334.18990015248624559	-38.72358129	-0.00213345976322	-0.002048859255	-3.39954124073e-06	-9.50165128993e-06	4.9278452	5.0470524	6.0001819	5.0228884
1372.1573474447977787	0.013435208390500091163	-4.0741978831078249357	43.991284680508314864	-333.38265829592279488	-38.72570648	-0.00211489294254	-0.00208041145851	-3.17539165056e-06	-9.8824296281e-06	4.9443902	5.0346568	5.9970347	5.0311547
1373.157462129489204	0.013462730931204284698	-4.0607473710559727209	43.390090511329432843	-332.58342123862604467	-38.72781179	-0.00209617456118	-0.00211163794634	-2.98561890066e-06	-1.02047515267e-05	4.9599006	5.0235468	5.9684957	5.0181863
1374.1575768141804019	0.013490253471958410514	-4.0472693333071267929	42.778190032169064239	-331.79235104917921717	-38.72989925	-0.00207732009262	-0.00214257197219	-2.76363527043e-06	-1.05354249402e-05	4.9741922	5.0134664	5.9273016	4.9942798
1375.1576914988718272	0.013523442072377295231	-4.0337637698612800463	42.155672625689646793	-331.00960827038790057	-38.73196686	-0.0020583167246	-0.00217301323785	-2.50943884619e-06	-1.08692596314e-05	4.9871452	5.0041578	5.892299	4.9742067
1376.1578061818745482	0.013522560373736879427	-4.0202360415290483431	41.522630943190783626	-330.23535226789516628	-38.73401659	-0.00203917928854	-0.0022030108256	-2.27272072883e-06	-1.11559785319e-05	4.9986417	4.9955106	5.882365	4.9646959
1377.1579208665657461	0.013501854750910933026	-4.006722284323426031	40.879177245447969824	-329.46972736004028093	-38.73604605	-0.00201992694353	-0.00223253689462	-2.0674709128e-06	-1.13897077863e-05	5.0086151	4.9875449	5.9161516	4.9642485
1378.158035551256944	0.013481149128504893789	-3.9932292351149927256	40.225443968216417545	-328.71286078691019839	-38.73805723	-0.00200057084869	-0.00226163723542	-1.84317826031e-06	-1.16255120583e-05	5.0171687	4.9802632	5.9944554	4.9707677
1379.1581502359483693	0.013463870835234809445	-3.9797568939037466507	39.561565801306464607	-327.96487680758599481	-38.74004802	-0.00198113063104	-0.0022901486089	-1.59345873729e-06	-1.18609333264e-05	5.0244551	4.973683	6.087619	4.9790287
1380.1582649196382135	0.013426003615565255608	-3.9663085481351627593	38.887679112021707795	-327.2258970800754696	-38.74202037	-0.00196161424963	-0.00231812673863	-1.34757847662e-06	-1.20640914702e-05	5.0306279	4.9678344	6.1629507	4.9813624
1381.1583796043294114	0.013376605237746854934	-3.9529057067840867035	38.203931247962827911	-326.49603184052597271	-38.74397203	-0.00194199741013	-0.00234554245165	-1.12298583761e-06	-1.22330024366e-05	5.0358545	4.9627344	6.1907581	4.9717007
1382.1584942890206094	0.013327206859188105506	-3.9395522694764029126	37.51048058393968887	-325.7753788753247477	-38.74590492	-0.00192228936528	-0.00237244754948	-8.90622889471e-07	-1.24017486623e-05	5.0402715	4.9583856	6.1778268	4.9547383
1383.1586089737120346	0.013278612727234410246	-3.926248236212108722	36.807486369778445123	-325.06403243067461517	-38.74781719	-0.00190251819522	-0.00239871566669	-6.45696628848e-07	-1.25674786242e-05	5.0438766	4.9547899	6.1587837	4.9393917
1384.1587236581738125	0.013225189717485052315	-3.9129943859619018554	36.09510825908942877	-324.36208359496220055	-38.74971067	-0.00188268955545	-0.00242440387138	-3.95212090185e-07	-1.2722508471e-05	5.0466411	4.9519493	6.165807	4.9322567
1385.1588383428650104	0.013169133790147282206	-3.8997957106955603024	35.373508322641008306	-323.66961814895284988	-38.75158334	-0.00186283815339	-0.00244951664429	-1.49536062177e-07	-1.28680019014e-05	5.0485464	4.9498634	6.1995409	4.93618
1386.1589530275564357	0.013113077862902923487	-3.8866530977854463202	34.64285097454563811	-322.986716380787243	-38.75343699	-0.001842965971	-0.00247410408899	9.79173013301e-08	-1.30121593582e-05	5.0496123	4.9485273	6.2428725	4.9530099
1387.1590677122476336	0.01305551864199691256	-3.8735665472315643498	33.903300699608834634	-322.31345528827142743	-38.75526993	-0.00182306267961	-0.00249801975918	3.4945916952e-07	-1.3151835853e-05	5.0498695	4.9479193	6.2784512	4.9746185
1388.1591823973583359	0.013006983482823116297	-3.8605345948227700603	33.155021734452638782	-321.64990889424780107	-38.7570839	-0.00180313090932	-0.00252132044953	6.15787618793e-07	-1.33024589454e-05	5.0493508	4.9480049	6.2938224	4.9851144
1389.1592970820495339	0.01296329399503168972	-3.8475479668872374361	32.398174377538502711	-320.99615251504826574	-38.75887701	-0.00178319800478	-0.00254403839288	8.85182233607e-07	-1.34675583632e-05	5.0481232	4.9487519	6.2929103	4.9713466
1390.1594117667407318	0.012919604507313992361	-3.8346050334498915646	31.632915020516577442	-320.35226313329235381	-38.76065098	-0.001763264059	-0.00256622138065	1.14690920726e-06	-1.36312950485e-05	5.0462794	4.9501066	6.2830705	4.9450248
1391.1595264514319297	0.012873105432602177309	-3.8217057945107324457	30.859399989250384522	-319.71831517803883571	-38.76240429	-0.00174334413284	-0.00258772848145	1.40982145164e-06	-1.37900377232e-05	5.0439132	4.9520015	6.2716704	4.93039
1392.1596411368941517	0.01284347056628855864	-3.8088475072422864898	30.077785408913044307	-319.09438068685363987	-38.76413859	-0.00172343711216	-0.00260861340816	1.69334151537e-06	-1.3973449411e-05	5.0411166	4.9543659	6.2656978	4.9440492
1393.159755821585577	0.012822834897743906959	-3.7960128827440495769	29.288220788060261413	-318.48053757851056389	-38.765852	-0.00170351040494	-0.00262892783293	1.98048528788e-06	-1.41879182342e-05	5.0379546	4.9571253	6.2668321	4.9713158
1394.1598705062767749	0.012802199229281829851	-3.7831988962808758004	28.490849179977043804	-317.87687027369281623	-38.76754614	-0.00168356552555	-0.00264871564051	2.2520352312e-06	-1.4402815972e-05	5.0344722	4.9602129	6.2729679	4.9900191
1395.1599851909679728	0.012778740070208446933	-3.7704055478527651601	27.685813967150060932	-317.28346143786217226	-38.76921943	-0.0016636361594	-0.00266795295766	2.51169027553e-06	-1.46190874074e-05	5.0307134	4.9635752	6.2819128	4.9919892
1396.1600998764286032	0.012772228235399045795	-3.7576300793872148276	26.873258894028793975	-316.70039194664826709	-38.77087342	-0.00164372115278	-0.0026866807239	2.778969928e-06	-1.48669632924e-05	5.0267187	4.9671731	6.290729	4.9841862
1397.1602145611200285	0.012774745038817002241	-3.7448551278267157016	26.053322066128504986	-316.12774949468206387	-38.77250685	-0.00162383536662	-0.00270481887416	3.05489198316e-06	-1.51459386478e-05	5.0224927	4.9709795	6.2947293	4.9743293
1398.1603292458114538	0.012777261842728220367	-3.7320776591738979988	25.226136158067561155	-315.56562918043852051	-38.77412121	-0.00160397670265	-0.00272240974789	3.32052712274e-06	-1.54244324187e-05	5.0180168	4.9749799	6.2889709	4.9696654
1399.1604439305026517	0.012777995979809511629	-3.7192976734287679363	24.391834802691871431	-315.014124858392222	-38.77571507	-0.00158419676237	-0.00273945701194	3.57881971972e-06	-1.5703701726e-05	5.0132715	4.9791824	6.2687015	4.9712397
1400.1605586156795198	0.01278942985943769782	-3.7065134277756008885	23.550552723003420397	-314.47332894297193207	-38.77728985	-0.00156449009487	-0.00275599830639	3.84143355147e-06	-1.60033574125e-05	5.0082434	4.983611	6.2360535	4.9757836
1401.1606733003707177	0.012806551086259748695	-3.6937139695691456609	22.702422227294182022	-313.94333800951352487	-38.77884452	-0.00154484916589	-0.00277200327144	4.10491361732e-06	-1.63220196578e-05	5.0029414	4.9882968	6.2017054	4.9799466
1402.160787985062143	0.012823672312783876426	-3.6808973881723829891	21.847573363420391246	-313.42425313141183096	-38.78038042	-0.00152526959285	-0.00278750766239	4.35811544296e-06	-1.66393326543e-05	4.9973757	4.993276	6.1768828	4.9808841
1403.1609026697533409	0.012840638314467307801	-3.6680636835853208666	20.986137663670305642	-312.91617421103967445	-38.78189603	-0.00150578894392	-0.0028025009484	4.61126839694e-06	-1.69595128441e-05	4.9915564	4.9985606	6.172627	4.9812684
1404.1610173544870577	0.012858535917201341717	-3.6552127036238450941	20.118248296876029002	-312.41919970047422339	-38.78339265	-0.00148640087947	-0.00281701588385	4.86526089658e-06	-1.72841346056e-05	4.9855028	5.0041473	6.1909474	4.9871926
1405.1611320391782556	0.012876924926040382927	-3.6423434974705211076	19.244039776951606058	-311.93342707695154559	-38.7848694	-0.0014671003194	-0.00283101059309	5.11025387496e-06	-1.7610872635e-05	4.9792614	5.0100333	6.2205569	5.0048095
1406.1612467238694535	0.012895313934712800477	-3.6294559001995878589	18.363647966496888131	-311.45895284301082029	-38.7863275	-0.00144788188241	-0.00284451706865	5.34584784534e-06	-1.79379007656e-05	4.9728832	5.0162144	6.2491023	5.0389499
1407.1613614085608788	0.012915392593404824775	-3.6165499118110409071	17.477210362861580251	-310.99587199271428517	-38.78776573	-0.00142882884597	-0.00285757935284	5.58658832743e-06	-1.82685712424e-05	4.9664186	5.0226709	6.2642707	5.0827245
1408.1614760927907355	0.012925332063640286931	-3.6036271989328323428	16.584866219625386208	-310.54427771343648601	-38.78918527	-0.0014099314676	-0.00287022360953	5.82260851291e-06	-1.8583272367e-05	4.9599004	5.0293746	6.2545246	5.1231422
1409.1615907774821608	0.012930010353585964789	-3.5906980451182120007	15.686759256237017723	-310.10425574639458546	-38.79058555	-0.00139111613351	-0.00288235142757	6.04697449078e-06	-1.88763119086e-05	4.9533428	5.0362904	6.2234692	5.1471251
1410.1617054621733587	0.012934688644069654989	-3.577764212476806982	14.783037406160957516	-309.67588411244281588	-38.79196767	-0.00137237822459	-0.00289399188261	6.26970596879e-06	-1.916765325e-05	4.9467653	5.0433788	6.1890473	5.1432958
1411.1618201468645566	0.012942945969658999766	-3.5648257010086163987	13.873849841473109734	-309.25923869820354639	-38.79333081	-0.00135380641853	-0.00290515892395	6.49483082787e-06	-1.94579683231e-05	4.9401877	5.0506207	6.1683368	5.1175092
1412.1619348305871426	0.012929728908927308126	-3.5518860760310335678	12.959347049573072042	-308.85439296190992309	-38.79467599	-0.00133539179705	-0.00291587796978	6.70309554985e-06	-1.97055669219e-05	4.9336077	5.0580085	6.1600862	5.0856969
1413.1620495152783406	0.012905660753482185721	-3.5389668997380141491	12.039685934343667739	-308.46140580716269142	-38.79600224	-0.0013170889798	-0.00292607844402	6.89640017693e-06	-1.99122203205e-05	4.9269935	5.0655206	6.1506905	5.0638485
1414.1621641999695385	0.012881592598638627253	-3.5260717943603605562	11.115029199536312632	-308.08032124275575825	-38.79731051	-0.00129889225633	-0.00293578683287	7.09408395426e-06	-2.01198109096e-05	4.9203227	5.0731341	6.1263589	5.0605218
1415.1622788846607364	0.012862959792354159913	-3.5132007598980710128	10.185539770619023159	-307.71118038118561344	-38.79860006	-0.00128083637326	-0.00294504426511	7.29273255171e-06	-2.03312113792e-05	4.9135745	5.0808518	6.0813756	5.0687007
1416.1623935679112947	0.012811713018795157018	-3.5003592842409414487	9.2513808369955299327	-307.35402113906923205	-38.79987178	-0.00126291450654	-0.0029538725906	7.46487176647e-06	-2.04820196764e-05	4.9067377	5.0886785	6.0266582	5.0793994
1417.1625082526024926	0.012744566011304138756	-3.4875796792689115478	8.3127226041547803703	-307.00885959494439703	-38.80112547	-0.00124518430195	-0.00296222229173	7.62312759488e-06	-2.0569089937e-05	4.8998267	5.0965995	5.9752775	5.0850419
1418.1626229372936905	0.01267741900421990621	-3.4748672290050510725	7.3697412313469552458	-306.67568990417061059	-38.80236194	-0.00122763697712	-0.00297011530007	7.7942836606e-06	-2.06553384263e-05	4.8928774	5.1045946	5.9403942	5.0873532
1419.1627376219848884	0.01261742491640112547	-3.4622219334493626874	6.4226114812571513113	-306.35450259005881435	-38.80358064	-0.00121025561666	-0.00297755489499	7.9681331079e-06	-2.07429204349e-05	4.8859292	5.1126486	5.9310723	5.0917825
1420.1628523048495936	0.012514495209948239829	-3.4496511313136517529	5.4715067500209793039	-306.04528421894247003	-38.80478234	-0.00119303305342	-0.00298456065708	8.11047216508e-06	-2.07463753086e-05	4.879043	5.1207449	5.9342244	5.1037586
1421.1629669895407915	0.012391496557356553379	-3.4371967072618989647	4.5166066623767848753	-305.74799265132554638	-38.80596664	-0.00117602328391	-0.00299111182562	8.22800829673e-06	-2.06703961872e-05	4.8723168	5.1288321	5.9292927	5.1244368
1422.1630816742322168	0.012268497905231033965	-3.4248652959685745856	3.5580955652906554043	-305.46255757208808745	-38.80713426	-0.00115921768137	-0.00299722683009	8.35345111728e-06	-2.05960675795e-05	4.8658762	5.1368211	5.9022632	5.145533
1423.1631963589234147	0.012153963271612670122	-3.4126568974336848328	2.5961543250955676498	-305.18890448929460035	-38.80828501	-0.00114264678823	-0.00300284167048	8.48217771692e-06	-2.05223191383e-05	4.8598486	5.14462	5.8616582	5.1575133
1424.163311041572797	0.011988586163203841795	-3.4005803433086461141	1.6309603698678305506	-304.92695438914790884	-38.80941954	-0.00112630171158	-0.00300797529752	8.57593691327e-06	-2.03472403252e-05	4.8543607	5.1521346	5.8208998	5.1527941
1425.1634257262639949	0.011800462604667898495	-3.3886844548047614367	0.66269521970247524667	-304.67659427624795399	-38.81053771	-0.00111021588959	-0.00301264553064	8.64469280857e-06	-2.00791356996e-05	4.8495264	5.1592287	5.789017	5.139535
1426.1635404109554202	0.011612339045728104631	-3.3769767114346471715	-0.30845731495936445921	-304.43767857619116057	-38.81164009	-0.00109438018863	-0.00301686869537	8.72380447845e-06	-1.98118913066e-05	4.8454472	5.1657343	5.7655056	5.1335378
1427.1636550956466181	0.011433052643552097868	-3.3654571131983077592	-1.2823191603644130687	-304.21005733897078471	-38.81272674	-0.00107880590007	-0.00302060267798	8.80412006333e-06	-1.95444555373e-05	4.842216	5.1714883	5.7486256	5.1473337
1428.1637697783696694	0.011200630813266800739	-3.3541350259629032493	-2.2587179034959263824	-303.99357594947105099	-38.81379815	-0.00106348451118	-0.00302386340842	8.84793610366e-06	-1.91698263965e-05	4.8398628	5.1763566	5.7366361	5.1766876
1429.1638844630608673	0.010945367990155198401	-3.3430607566577172918	-3.2374803268167249293	-303.78804425146847734	-38.81485429	-0.00104845537136	-0.00302669274689	8.86700108438e-06	-1.87009766462e-05	4.8384212	5.180181	5.7285996	5.21194
1430.1639991477522926	0.010690105166519076399	-3.3322417794506034028	-4.2184341704579679799	-303.59323875179768493	-38.81589563	-0.00103370974489	-0.00302910358828	8.89522013686e-06	-1.82338268589e-05	4.8379391	5.1827844	5.7248323	5.2444695
1431.1641138324434905	0.010442431006031049207	-3.3216780943415677996	-5.2014148648962068577	-303.40893184628214385	-38.81692241	-0.0010192565724	-0.00303105175108	8.92058110632e-06	-1.77670284557e-05	4.8384132	5.1840232	5.7257597	5.2692125
1432.1642285156160597	0.010149084904471415355	-3.3113778425290592011	-6.1862654036933397705	-303.23489174920740652	-38.81793502	-0.00100508789596	-0.00303254982518	8.91249491222e-06	-1.72084130429e-05	4.839829	5.1837593	5.7314031	5.2818858
1433.1643432003072576	0.0098367034494586547827	-3.3013838023201742544	-7.1728318268016542092	-303.07085593022316061	-38.81893362	-0.000991240687369	-0.00303365298072	8.88377883754e-06	-1.65713242177e-05	4.8421828	5.181842	5.7386659	5.2802081
1434.1644578849984555	0.0095243219945511693736	-3.2917021793915717254	-8.1609644927162889871	-302.91653352733692373	-38.81991854	-0.000977707063208	-0.00303437090235	8.86132829909e-06	-1.59367502955e-05	4.8454833	5.1781507	5.7429753	5.2696181
1435.1645725696896534	0.0092164425386773180665	-3.2823329737432489495	-9.1505225385899358059	-302.771630320258339	-38.82089007	-0.000964491659916	-0.00303465924832	8.83234431393e-06	-1.53049890701e-05	4.849732	5.1725769	5.7403854	5.2573745
1436.1646872535948205	0.0088814507144001075822	-3.2732810501235665157	-10.141373685192164089	-302.63584903287897987	-38.8218485	-0.000951587531335	-0.00303452739544	8.77962630942e-06	-1.46214186538e-05	4.8549042	5.1650305	5.7396731	5.2490165
1437.1648019382860184	0.0085353624085408412447	-3.2645716448412249733	-11.133391981842965635	-302.50887360651807967	-38.82279417	-0.000939042001371	-0.00303405946949	8.71495745372e-06	-1.38950474125e-05	4.8609848	5.155498	5.7610453	5.2418906
1438.1649166229772163	0.0081892741031301449078	-3.2562083675553425977	-12.126458271888571616	-302.39037088115037477	-38.82372734	-0.000926848211581	-0.00303326189807	8.65312406316e-06	-1.31734731319e-05	4.8679596	5.143977	5.824711	5.2308562
1439.1650313076684142	0.0078437439824122091175	-3.2481912182659211652	-13.120462041447204626	-302.28000543804859035	-38.82464864	-0.000914990984759	-0.00303209780259	8.58220109693e-06	-1.24544531355e-05	4.8758012	5.1304832	5.9179866	5.2110674
1440.1651459922775302	0.0074948517675097262036	-3.240520801173694565	-14.115301152227628378	-302.17744022965996464	-38.82555828	-0.000903464795932	-0.00303057319985	8.50009985962e-06	-1.17315271881e-05	4.8844667	5.1153541	5.9824835	5.1816678
1441.1652606769687281	0.0071445894690594698856	-3.2332002410953659677	-15.110881318311898625	-302.08233477048821669	-38.8264567	-0.000892303774338	-0.00302876179332	8.41489415781e-06	-1.10073617974e-05	4.8937874	5.0991785	5.9567266	5.1449957
1442.1653753616601534	0.0067943271712771922607	-3.2262299834848588986	-16.107115838312108025	-301.99434548764571673	-38.82734405	-0.000881502917685	-0.00302666751182	8.32809534393e-06	-1.02880551706e-05	4.9035228	5.0825417	5.7748763	5.1034541
1443.1654900463513513	0.0064416404233648303854	-3.2196100283421733579	-17.103925448263694875	-301.91312768752493412	-38.82822094	-0.000871080351446	-0.00302426283848	8.22854129577e-06	-9.57353042887e-06	4.9134272	5.0660209	5.4226449	5.0594192
1444.1656047313365434	0.0061035525117387329219	-3.2133377596273824395	-18.101238007234563554	-301.83833622478226744	-38.82908747	-0.000861031924286	-0.00302155117953	8.12445397849e-06	-8.89353609169e-06	4.9232503	5.0501987	5.0559293	5.0152783
1445.1657194160277413	0.0057714612228266870889	-3.2073995718188585968	-19.098988718824909228	-301.76963425446359679	-38.82994428	-0.000851375697864	-0.00301862643582	8.02480038953e-06	-8.24467094404e-06	4.9327418	5.0357388	4.8437972	4.9736299
1446.1658341007191666	0.005439369933735869328	-3.2017935133851906926	-20.097119522718376317	-301.70669252655409309	-38.83079145	-0.000842108439756	-0.00301549036357	7.92193435302e-06	-7.60164733948e-06	4.9417698	5.0233346	4.7928545	4.9371352
1447.1659487854105919	0.005104103611122336355	-3.1965195843263813913	-21.095578108791467997	-301.64918151987768624	-38.83162971	-0.000833244229145	-0.00301210654613	7.80457021011e-06	-6.96400538904e-06	4.9502692	5.013409	4.8468804	4.9075078
1448.1660634704069253	0.00478794460347764083	-3.1915743815322432653	-22.094317598521762136	-301.59677182934802886	-38.83245909	-0.000824780848437	-0.00300847634664	7.68294272093e-06	-6.37035319115e-06	4.9581723	5.005673	4.9538436	4.8839841
1449.1661781550983505	0.0044797676211789086084	-3.1869399939874387684	-23.093296743623287881	-301.54914557765039262	-38.83328019	-0.000816755276769	-0.00300471997656	7.5723295997e-06	-5.81803574893e-06	4.965397	4.9997313	5.0603327	4.8654207
1450.1662928397895485	0.0041715906390017067767	-3.1826138187682104785	-24.09247935580099309	-301.50599549168731528	-38.83409302	-0.000809166308055	-0.00300083778348	7.46303953347e-06	-5.27354822765e-06	4.9718618	4.9951479	5.1165685	4.8511186
1451.1664075244809737	0.0038612582578597381272	-3.1785958558745566194	-25.091833403729538077	-301.46701442386034842	-38.83489863	-0.000801979675172	-0.00299679993673	7.34117353462e-06	-4.73368566698e-06	4.9776441	4.9914146	5.1224516	4.840952
1452.1665222093288321	0.0035638881692791174981	-3.1748838150137137504	-26.091330721361547518	-301.4318953987744294	-38.835697	-0.000795195378121	-0.0029926064363	7.21323926027e-06	-4.22448249391e-06	4.982929	4.9880408	5.1107146	4.8348224
1453.1666368940202574	0.0032720534109344739764	-3.171465452234760285	-27.090946960635477581	-301.40033937546439802	-38.83648911	-0.000788818642256	-0.00298825955352	7.08099056253e-06	-3.74134671677e-06	4.9878754	4.9848043	5.1071649	4.8324533
1454.1667515787114553	0.0029802186518842256092	-3.168338957683367596	-28.090661191795621932	-301.37205468587382029	-38.83727493	-0.000782850593438	-0.00298375886468	6.9378625882e-06	-3.26136675193e-06	4.9925642	4.9816772	5.1096843	4.8334434
1455.1668662634028806	0.0026875756478303564068	-3.1655043313595312426	-29.090455358939919961	-301.34674982437024937	-38.83805522	-0.000777282181858	-0.00297914681145	6.79017310242e-06	-2.78577233816e-06	4.9970577	4.9786614	5.1098553	4.8374198
1456.166980948134551	0.0023997901891726438652	-3.1629607224675480026	-30.090314017773472699	-301.32413333727174631	-38.83882994	-0.000772115618512	-0.00297442277772	6.640029536e-06	-2.32431115008e-06	5.0013749	4.9758296	5.1038299	4.8440911
1457.1670956328259763	0.0021141294371631795361	-3.1607035038157658136	-31.090224137369688151	-301.30391674835715321	-38.83960004	-0.000767375840865	-0.00296963428829	6.48304646471e-06	-1.8752481541e-06	5.0054783	4.9732638	5.0934132	4.8531826
1458.1672103175171742	0.0018284686849786002932	-3.1587319786770207131	-32.090174817575025656	-301.28581438401073456	-38.84036546	-0.000763066395614	-0.00296478080754	6.31647708297e-06	-1.42990903569e-06	5.0093242	4.9709924	5.0807238	4.8644061
1459.1673250022083721	0.0015427352651494012897	-3.1570461470513109248	-33.090156972751067599	-301.26954063640692993	-38.8411269	-0.000759174439472	-0.00295985649904	6.14315294182e-06	-9.90411914077e-07	5.0128763	4.9690037	5.0675807	4.8774619
1460.1674396869018437	0.0012574525207292880803	-3.1556459331563333492	-34.090163084604412802	-301.25480987751558359	-38.84188431	-0.000755704604771	-0.0029548605769	5.96283270039e-06	-5.57712100813e-07	5.0161008	4.9672938	5.0556779	4.8920524
1464.1678984256470812	0.00011686028245936293571	-3.1528967080140022361	-38.090317970020286964	-301.2056115988136753	-38.84488707	-0.00074606923574	-0.00293472238888	5.18871119358e-06	1.13775103349e-06	5.0250039	4.9637851	5.0152545	4.9599595
1468.16835716435412	-0.0010240604221245920395	-3.1547119488716424129	-42.090496117355229444	-301.15828240722083819	-38.84786604	-0.000743335795923	-0.00291421404267	4.35398410632e-06	2.78197758167e-06	5.0266484	4.9665626	4.9714257	5.0292595
1469.1684718490453179	-0.0013085942004692433654	-3.1558784099426757663	-43.090517181077927944	-301.14460245395980564	-38.84861022	-0.000743776755495	-0.0029090208318	4.14784196798e-06	3.18206913634e-06	5.026075	4.9680842	4.9623441	5.0448017
1470.1685865337367431	-0.0015931279776421421093	-3.1573294374233835669	-44.090519453786548354	-301.12961374142111026	-38.84935467	-0.00074470923899	-0.00290379101594	3.9424671972e-06	3.5773128545e-06	5.0252305	4.9697944	4.9545701	5.0592163
1471.1687012184281684	-0.0018778268972547077897	-3.1590650313137622618	-45.090496537724824577	-301.11303173491313601	-38.85010039	-0.000746064367315	-0.0028985662514	3.74329856403e-06	3.97042095511e-06	5.0241942	4.9715895	4.9485251	5.0717823
1472.1688159031123178	-0.0021615347811592884077	-3.1610850235959162546	-46.090440675565695017	-301.09457195399494367	-38.85084742	-0.000747853962703	-0.0028933466795	3.55065452267e-06	4.35950951335e-06	5.0230814	4.9733598	4.9444584	5.0816848
1473.168930587803743	-0.0024447691604328599876	-3.163388439702940147	-47.090342520361943457	-301.07395058275710653	-38.85159671	-0.000750046051412	-0.002888111634	3.35415673297e-06	4.74628149686e-06	5.0220702	4.9750153	4.9423182	5.0892542
1474.1690452724949409	-0.0027280035391072121088	-3.1659751226717061101	-48.09019089838754013	-301.05088446739421215	-38.85234832	-0.000752653035198	-0.00288286063813	3.15288102336e-06	5.1326515432e-06	5.0213451	4.9764904	4.9420786	5.0962401
1475.1691599571863662	-0.0030113639315686321039	-3.1688450725022168086	-49.089972559152919018	-301.02509054020993062	-38.85310282	-0.000755704953694	-0.00287760436293	2.95969880991e-06	5.51652855635e-06	5.0210984	4.9777154	4.9446402	5.1040651
1476.1692746418691513	-0.0032939681915059855315	-3.1719981618512855803	-50.089671935235443812	-300.99628583232765777	-38.85386031	-0.000759216783666	-0.00287234263069	2.77493265499e-06	5.89647624218e-06	5.0215286	4.9785872	4.9516579	5.1115908
1477.1693893265605766	-0.0035762046687876354427	-3.1754336422332247736	-51.089270917251099036	-300.96418795375257105	-38.85462166	-0.000763133812338	-0.00286702928635	2.59209368929e-06	6.27420984142e-06	5.0228184	4.9789898	4.9640657	5.1166888
1478.1695040112517745	-0.0038584411456403320401	-3.1791513914604738744	-52.088748620162348857	-300.92851511059529912	-38.85538699	-0.000767470836295	-0.00286166244521	2.41059062375e-06	6.65118556714e-06	5.0250585	4.9788106	4.9785002	5.1175544
1479.1696186959431998	-0.0041408519796322252465	-3.1831514095330355474	-53.088081133761541253	-300.88898567804494633	-38.85615681	-0.000772180813321	-0.0028562184604	2.23230112247e-06	7.02501780177e-06	5.0283064	4.9779522	4.9900542	5.1139824
1480.1697333806187089	-0.0044222166577245359403	-3.1874335212695203978	-54.087241285599539253	-300.84531824150678858	-38.85693129	-0.000777278430739	-0.00285069429391	2.05767032814e-06	7.39364768367e-06	5.0325642	4.9763218	4.9959846	5.1062758
1481.1698480653101342	-0.0047030646277262475735	-3.1919966851772230143	-55.086198434940953916	-300.7972322705468855	-38.85771143	-0.000782812723465	-0.00284511833016	1.88231941868e-06	7.76171256203e-06	5.0377085	4.9738442	4.9985418	5.0945818
1482.1699627500015595	-0.004983912596948315496	-3.1968407292635259154	-56.084918247408005243	-300.74444815581824741	-38.85849748	-0.000788802142568	-0.00283948838054	1.70540967656e-06	8.13133265085e-06	5.0435955	4.9705204	5.0006864	5.0783826
1483.1700774346927574	-0.0052652553469143678275	-3.2019656535284264365	-57.083362436279223573	-300.68668662106432521	-38.85928985	-0.000795198804089	-0.00283379386998	1.52895027458e-06	8.5011335772e-06	5.0500791	4.9663708	5.0054025	5.056983
1484.1701921193282487	-0.005543629417037935006	-3.2073709630622513345	-58.081488533006385921	-300.62366882895707931	-38.86008883	-0.000802021088505	-0.00282803188461	1.35435239341e-06	8.86561400452e-06	5.0570104	4.9614331	5.0155609	5.0300984
1485.1703068040194466	-0.0058205197320628128399	-3.2130536892838339469	-59.079249781346270254	-300.55511824901321916	-38.86089484	-0.000809229591047	-0.00282218702834	1.18193502528e-06	9.22386286163e-06	5.0642369	4.9558153	5.0324553	4.9989927
1486.1704214887108719	-0.006097410047603732744	-3.2190133375757712386	-60.076594947069018815	-300.48076071826505995	-38.86170821	-0.000816842858915	-0.0028162553215	1.01000947617e-06	9.58154019751e-06	5.0716024	4.9496421	5.0563522	4.9652896
1487.1705361734018425	-0.006375435038570406894	-3.2252499079380596569	-61.073467990917016834	-300.40032269924552111	-38.86252943	-0.000824844411623	-0.00281020132404	8.42869889926e-07	9.939133324e-06	5.0789714	4.9430363	5.0868585	4.9306011
1488.170650857938881	-0.006646651949583557567	-3.2317622684329743166	-62.069807856809198654	-300.3135314610699993	-38.86335889	-0.000833254020394	-0.002804018809	6.84428547224e-07	1.02839752294e-05	5.0862587	4.9361179	5.1221264	4.8964846
1489.1707655426300789	-0.0069144417567590264403	-3.2385435929111174858	-63.065548646034130797	-300.2201193096169618	-38.86419692	-0.000842043433164	-0.00279769472547	5.32695339452e-07	1.06156764676e-05	5.0933863	4.9290059	5.1600211	4.8642674
1490.1708802273215042	-0.0071822315635723804617	-3.2455927379076188188	-64.060619511575865204	-300.11982368073716998	-38.86504396	-0.00085123309264	-0.00279122145359	3.83997869359e-07	1.09471017256e-05	5.1003253	4.9218206	5.197816	4.8352004
1491.1709949120124747	-0.0074520212598718311645	-3.2529097034224774276	-65.054944123996520489	-300.01238306897749908	-38.86590021	-0.000860786932505	-0.00278460426988	2.36530097095e-07	1.12771609169e-05	5.107075	4.9146804	5.2324576	4.8105241
1492.1711095963869411	-0.0077098115610296702113	-3.2604924951920404297	-66.048440491168349809	-299.89753726710745241	-38.86676617	-0.000870725615476	-0.00277783500913	9.73084098663e-08	1.15836338249e-05	5.1136334	4.9076996	5.2608614	4.7914736
1493.1712242810783664	-0.0079615550436467862061	-3.2683290771272339725	-67.041021671624449141	-299.77503476174376829	-38.86764229	-0.000881035733795	-0.00277089198276	-3.19789291855e-08	1.18693933288e-05	5.1199895	4.9009558	5.2799102	4.7793571
1494.1713389657695643	-0.0082132985259929566085	-3.276417431415950432	-68.032595809339753146	-299.64463284905525597	-38.86852918	-0.000891739446956	-0.00276376482408	-1.58066539627e-07	1.21570168478e-05	5.1261285	4.8945029	5.2874215	4.7755368
1495.1714536504609896	-0.0084679845983840276724	-3.2847575580581889199	-69.023065183310791326	-299.5060904227714218	-38.86942677	-0.000902789800296	-0.00275644429164	-2.82529180979e-07	1.24446260971e-05	5.1320515	4.8883881	5.2847398	4.7796983
1496.1715683346249079	-0.0087050151434068488709	-3.2933465159244850184	-70.012326072752216533	-299.35916824553248716	-38.87033574	-0.000914208489645	-0.00274891828239	-3.94434549222e-07	1.26999399693e-05	5.1377622	4.8826383	5.2740343	4.7848897
1497.1716830193163332	-0.0089332035671244782588	-3.3021666366967439288	-71.000270292599310551	-299.20363973822196613	-38.87125605	-0.000925953017085	-0.00274119727179	-4.96979214087e-07	1.29227074823e-05	5.1432517	4.877285	5.2574814	4.7829241
1498.1717977040075311	-0.00916139199058823607	-3.3112149720621397719	-71.986785407353835353	-299.03929106442336661	-38.87218844	-0.000938044733829	-0.00273326848197	-6.00772517368e-07	1.31454971045e-05	5.1484989	4.8723667	5.2373163	4.7742507
1499.1719123886989564	-0.0093934192131537880971	-3.3204915220206761006	-72.971753127390400095	-298.86591055765740066	-38.8731329	-0.000950467157589	-0.00272510226365	-7.01898237364e-07	1.33688481991e-05	5.1534582	4.8679173	5.2185826	4.7681083
1500.1720270726334547	-0.0096024133303721590643	-3.3299924292033047379	-73.955049230706450203	-298.68328900443196972	-38.87409025	-0.000963242933068	-0.00271668235927	-7.85236325874e-07	1.35511647048e-05	5.1580491	4.8639711	5.2104431	4.7730267
1501.17214175732488	-0.0098000344637964170724	-3.339694765682303057	-74.936546171531006166	-298.49123356647908167	-38.87506022	-0.000976327730126	-0.00270802671623	-8.55105740187e-07	1.36925583413e-05	5.162172	4.8605877	5.2223549	4.7874075
1502.1722564420160779	-0.0099976555971628775638	-3.3495947459588464312	-75.916113476351242184	-298.28956773274984471	-38.87604373	-0.000989743621732	-0.00269911849607	-9.25862357245e-07	1.38346153057e-05	5.1657092	4.8578473	5.2538204	4.8040456
1503.1723711267075032	-0.010199855192546947863	-3.3596923700329357487	-76.893615270792039951	-298.07811767814655468	-38.87704042	-0.00100345140797	-0.00268997470589	-1.00108528652e-06	1.3976855724e-05	5.168535	4.8558294	5.2837251	4.8161416
1504.1724858104296345	-0.010374580970192630661	-3.3699829987079699123	-77.868910263269256689	-297.85671254407475317	-38.87805128	-0.00101747280348	-0.00268057782119	-1.06225272352e-06	1.40703121865e-05	5.1705213	4.8546101	5.2882823	4.8227111
1505.172600495120605	-0.010536037749933828411	-3.3804395071318031896	-78.841855578262794779	-297.62520081018988094	-38.8790759	-0.00103177810748	-0.0026709217715	-1.10740778416e-06	1.41164883106e-05	5.1715403	4.8542787	5.2554055	4.8269195
1506.1727151798120303	-0.010697494529598009644	-3.3910574908522521653	-79.812307290402515036	-297.38344998877852277	-38.88011535	-0.00104638928425	-0.00266098650682	-1.15439704392e-06	1.41635556813e-05	5.1715003	4.8549164	5.2065493	4.8308962
1507.1728298645032282	-0.01086403823122889141	-3.4018369498693097341	-80.780116948172761226	-297.13133064485509749	-38.88116913	-0.00106127107195	-0.00265078224468	-1.20347134786e-06	1.42118494685e-05	5.1703174	4.8565826	5.1692227	4.8357368
1508.1729445480630147	-0.011000048848566349249	-3.4127726722504316825	-81.745131618190285394	-296.86871666754763055	-38.8822384	-0.00107644521264	-0.00264028737265	-1.23263811955e-06	1.42078379393e-05	5.1679292	4.8592973	5.160747	4.8421822
1509.1730592327539853	-0.01112173667171764864	-3.4238348335255732735	-82.707198950963302764	-296.59550314334001087	-38.88332238	-0.00109184525526	-0.00262952038033	-1.24959770317e-06	1.41528149774e-05	5.1643276	4.8630278	5.1647762	4.8503943
1510.1731739174454106	-0.011243424494574679948	-3.4350186965794371474	-83.666167767324282067	-296.31160568618003026	-38.8844223	-0.00110749002496	-0.00261845859101	-1.27542539162e-06	1.40983788863e-05	5.1595006	4.8677517	5.1579559	4.8604857
1511.1732886021366085	-0.011370463352577424646	-3.4463242614120197516	-84.621883569182600127	-296.01694310817168798	-38.88553753	-0.00112339081524	-0.00260711999026	-1.30565415018e-06	1.40456238924e-05	5.1534513	4.8734473	5.1248898	4.8725682
1512.173403285600898	-0.011465367158689043423	-3.457745972387833433	-85.574188637945226787	-295.71143768302573562	-38.88666937	-0.00113956972858	-0.00259548068068	-1.31600699357e-06	1.3939194692e-05	5.1462411	4.8800899	5.0810035	4.8868605
1513.1735179702920959	-0.011545707291006280376	-3.4692528291218094338	-86.522928210235548363	-295.3950335584718232	-38.88781687	-0.00115595084521	-0.00258360906526	-1.30943836708e-06	1.3783118468e-05	5.1379265	4.8876382	5.0491487	4.9047561
1514.1736326549835212	-0.01162604742395514229	-3.4808400352021209301	-87.467951013399783733	-295.06769567050645264	-38.88898144	-0.00117255222939	-0.00257148439043	-1.30862514911e-06	1.36296277412e-05	5.1285562	4.8960465	5.0432558	4.9283676
1515.1737473396749465	-0.011711762224992459253	-3.492507590628764369	-88.409103865870292793	-294.72939204365394517	-38.8901621	-0.00118938077641	-0.00255907335667	-1.3129456317e-06	1.34780413293e-05	5.118216	4.9052641	5.0491241	4.9576546
1516.1738620231171808	-0.011765173922323969233	-3.5042498337384984097	-89.346231817653432472	-294.38009404493226384	-38.89136034	-0.00120645746522	-0.00254634951813	-1.29668030609e-06	1.3273760454e-05	5.1069985	4.915221	5.0469767	4.9843265
1517.1739767078086061	-0.01180448210822731929	-3.5160360132931334221	-90.279185192256406367	-294.01979444101999661	-38.89257508	-0.00122370060859	-0.00253337930104	-1.26202530626e-06	1.3023312101e-05	5.0949935	4.925864	5.02677	4.9982921
1518.174091392499804	-0.011843790294049088771	-3.5278615055415478707	-91.207819976032453724	-293.64850592146547115	-38.89380787	-0.00124112608222	-0.00252013920688	-1.23249545428e-06	1.27769586398e-05	5.0823116	4.9371484	5.0043527	4.9981504
1519.1742060771912293	-0.011888229077556645291	-3.5397263104837506376	-92.13199171263262599	-293.26624390395153341	-38.89505748	-0.00125869567155	-0.0025066428184	-1.21786291715e-06	1.25335802916e-05	5.0690692	4.9490143	4.9998026	4.9972133
1520.1743207606918986	-0.01190179890533347995	-3.5516249438461242605	-93.051555665345901502	-292.87302676466231333	-38.89632554	-0.00127642355873	-0.00249286491418	-1.19317222093e-06	1.22421686859e-05	5.0554075	4.9613979	5.0230887	5.0087983
1521.1744354453833239	-0.011902384689027420417	-3.5635284006310374849	-93.966374319629636602	-292.4688926260810149	-38.89761058	-0.0012943317332	-0.00247884204672	-1.14881145888e-06	1.19076408946e-05	5.0415259	4.9742159	5.0537535	5.030648
1522.1745501300745218	-0.011902970473812403071	-3.5754324432673953993	-94.876317561564292191	-292.05389760504226615	-38.8989143	-0.00131243848497	-0.00246454936471	-1.10789728473e-06	1.15756374402e-05	5.027618	4.987377	5.0655719	5.0508498
1523.1746648147659471	-0.011908077766581001353	-3.5873370717552059972	-95.781256204942920363	-291.6280999751905938	-38.90023558	-0.00133069501975	-0.00244999559911	-1.07930684849e-06	1.12496418842e-05	5.0139078	5.0007671	5.0427451	5.0596369
1524.1747794984219126	-0.011885948179064017433	-3.5992373868211808841	-96.681062142052965669	-291.1915603389993521	-38.90157628	-0.00134911698974	-0.00243515346688	-1.03978037764e-06	1.08859784737e-05	5.0007238	5.0141755	5.0049516	5.0572113
1525.1748941831133379	-0.011852747869120371441	-3.6111080960777846016	-97.575615618374925475	-290.74435600641248811	-38.90293452	-0.00136765616376	-0.00242009690272	-9.87507630945e-07	1.0488373153e-05	4.9884004	5.0273822	4.9793969	5.0465872
1526.1750088678047632	-0.01181954755925789316	-3.6229456012169283241	-98.464805189390190776	-290.28657919453041814	-38.90431219	-0.00138632514806	-0.00240480284272	-9.44217293634e-07	1.009540103e-05	4.9772434	5.0401292	4.9832449	5.0335661
1527.1751235524959611	-0.011789739982719853878	-3.6347499022386058343	-99.348521455834713834	-289.81832357144446632	-38.90570779	-0.00140514346627	-0.00238930054093	-9.04674554138e-07	9.70872076163e-06	4.9675208	5.0520936	5.0001954	5.0274895
1528.1752382364281857	-0.01173947147534123471	-3.6465172808920458536	-100.22665715276663434	-289.3396843143354431	-38.90712329	-0.00142412763859	-0.00237356696042	-8.49940100825e-07	9.296477922e-06	4.959492	5.0629637	5.0069137	5.0347602
1529.1753529211191562	-0.011681119585808027311	-3.6582289194142711963	-101.09911308136513242	-288.85076857271224071	-38.90855674	-0.00144319631764	-0.00235767646855	-7.87057852726e-07	8.86251667553e-06	4.9533278	5.0725177	4.9888309	5.0454672
1530.1754676058105815	-0.011622767695967492832	-3.6698821993546602016	-101.96579791525481085	-288.35169396695283694	-38.91001017	-0.00146235911205	-0.00234161122408	-7.332970522e-07	8.43472491788e-06	4.9489314	5.0805731	4.9609655	5.0449638
1531.1755822905017794	-0.011566108872609365266	-3.6814771207132048758	-102.8266230825565799	-287.8425788445750868	-38.91148204	-0.00148165096575	-0.00232532786061	-6.84166675385e-07	8.01589622e-06	4.9461515	5.087085	4.9445096	5.0327161
1532.1756969748248594	-0.011499230005825063564	-3.6930118125101278892	-103.68150273969402519	-287.32354217494400928	-38.91297448	-0.00150108695134	-0.00230880090441	-6.30186917531e-07	7.59111992952e-06	4.9448127	5.0921641	4.9513973	5.02404
1533.1758116595158299	-0.011428395968793173335	-3.704476940221246295	-104.53035694671464739	-286.79470858940862854	-38.91448507	-0.00152057876709	-0.00229213717422	-5.7580109457e-07	7.15864214038e-06	4.9446751	5.0959407	4.9713264	5.0318767
1534.1759263442072552	-0.011357561931625379664	-3.7158712257717585459	-105.37311148367861335	-286.25620756677733425	-38.91601597	-0.00154013310606	-0.00227532027315	-5.3065026337e-07	6.73199765867e-06	4.9454849	5.098579	4.9907663	5.0510104
1535.1760410288984531	-0.011286389271570058945	-3.7271946691616584246	-106.20969508102838574	-285.70816871802918513	-38.9175655	-0.00155978442073	-0.00225829467437	-4.78721264667e-07	6.31465153914e-06	4.9470365	5.1002529	5.0018185	5.0699147
1536.1761557136612737	-0.01121726184599621326	-3.738447646404543967	-107.04003925369272565	-285.15072151638850073	-38.91913595	-0.00157954463781	-0.00224103471078	-4.21660520705e-07	5.91056622795e-06	4.9492093	5.1011058	5.0065856	5.0783581
1537.1762703983524716	-0.011148916557712955713	-3.7496320181355491385	-107.86407758928505984	-284.58399426499300944	-38.92072497	-0.00159927153794	-0.00222365739257	-3.64589848451e-07	5.5174477846e-06	4.9518933	5.1012256	5.0081958	5.0683999
1538.1763850830436695	-0.011080571269507524801	-3.7607480367401331378	-108.68174576377170126	-284.00811420848401667	-38.92233489	-0.00161896091986	-0.00220614792133	-3.05887128861e-07	5.13355653083e-06	4.954984	5.1006935	5.0093038	5.0355837
1539.1764997677350948	-0.011010087739568980708	-3.7717957022182968529	-109.49298210100060658	-283.42320839171748048	-38.92396337	-0.00163871082532	-0.00218845966128	-2.42440551707e-07	4.75675452838e-06	4.9583962	5.0995887	5.010556	4.9980069
1540.1766144528662608	-0.010952521188275278832	-3.7827773924045544618	-110.29772730470354247	-282.8294032994618874	-38.92561282	-0.00165852907528	-0.00217056950902	-1.88302457422e-07	4.40644161865e-06	4.9620503	5.097989	5.0120632	4.9830987
1541.176729137557686	-0.010899876471183520335	-3.793704844302052237	-111.09591984759833849	-282.22681878755616935	-38.9272808	-0.00167836593204	-0.00215250677721	-1.42823299596e-07	4.07773644004e-06	4.9658758	5.0959687	5.0141966	4.9992025
1542.176843822248884	-0.010847231754426150604	-3.8045796454450506729	-111.88749628248976364	-281.61556902442680439	-38.92896975	-0.00169822385829	-0.00213424862442	-9.43215500387e-08	3.75578235613e-06	4.9698152	5.0936019	5.0198775	5.0199894
1543.1769585069403092	-0.010791484455726510841	-3.8154017958335515459	-112.67239517693502648	-280.99576797092822744	-38.93067714	-0.00171804949426	-0.00211578262669	-3.93257411031e-08	3.43843337266e-06	4.9738153	5.0909635	5.033497	5.0202494
1544.1770731922583764	-0.010754476797391106929	-3.8261747413834852338	-113.45055683589990281	-280.36752905020983917	-38.93240546	-0.00173783846485	-0.0020970806224	9.72509065401e-10	3.15237309652e-06	4.9778237	5.088128	5.0594599	5.007144
1545.1771878769498016	-0.010724631698796454823	-3.8369155272941384283	-114.22191626034604894	-279.73095666235656154	-38.93415237	-0.00175763290059	-0.00207822435564	2.618978848e-08	2.89459838314e-06	4.9817986	5.085159	5.0980427	4.998544
1546.1773025616409996	-0.010694786600128161971	-3.8476264646832865068	-114.98640367898741488	-279.08614753806625686	-38.93592047	-0.0017774335592	-0.00205919243899	5.41531032278e-08	2.64416053981e-06	4.9857054	5.0821085	5.1384363	4.9963894
1547.1774172463324248	-0.010661841747490458446	-3.8583075535509347986	-115.74395063237078318	-278.43319846909469106	-38.93770705	-0.00179721420463	-0.0020400177391	8.38713343882e-08	2.399948433e-06	4.9895093	5.0790279	5.1679837	4.9970211
1548.1775319316454897	-0.010647612592127325346	-3.8689622261296303662	-116.49448976694577595	-277.77220608812370983	-38.93951476	-0.00181697199897	-0.00202068000899	9.26822938596e-08	2.18798839734e-06	4.9931756	5.0759661	5.175066	4.9994067
1549.1776466163364603	-0.010640591261868372064	-3.8796075487721823905	-117.23794745407030859	-277.10325870283475069	-38.94134099	-0.00183667970739	-0.00200112628901	9.20132953711e-08	2.00286183687e-06	4.9966736	5.0729597	5.1602478	5.0039238
1550.1777613010278856	-0.01063356993206051454	-3.89024584927941941	-117.97424437090920435	-276.42643760421162824	-38.94318842	-0.00185633006893	-0.00198132526701	1.01659191445e-07	1.82434818307e-06	4.9999778	5.0700336	5.1321024	5.0104836
1551.1778759857190835	-0.010624020355709860516	-3.9008771276513298787	-118.70330194135320312	-275.74182455970048977	-38.94505391	-0.00187591603114	-0.00196135257005	1.15051391089e-07	1.64764081358e-06	5.0030627	5.0672064	5.0993488	5.0169581
1552.1779906709182342	-0.010629728784602936187	-3.9115041721990104762	-119.42504221869971559	-275.04950170055531089	-38.94694012	-0.0018954280534	-0.00194118276481	1.13366364421e-07	1.49277292798e-06	5.0059033	5.0644942	5.0706316	5.0206663
1553.1781053556092047	-0.010641371584778673565	-3.9221409421184736388	-120.13938159323356558	-274.34954512333666798	-38.94884453	-0.00191489328705	-0.00192078103986	1.0811403683e-07	1.35822015927e-06	5.0084846	5.0619079	5.0503807	5.0199745
1554.17822004030063	-0.010653014384576340104	-3.9327893561732087946	-120.84623129447379597	-273.64202591426885647	-38.9507699	-0.00193430465133	-0.00190011229758	1.17102656815e-07	1.2280094038e-06	5.0108	5.0594616	5.0364263	5.016954
1555.1783347249918279	-0.010662787048112394236	-3.9434494143632061736	-121.54550293653456094	-272.92701606729372088	-38.95271321	-0.00195362073905	-0.00187921141621	1.30192239628e-07	1.1001524909e-06	5.0128431	5.0571723	5.026025	5.0144915
1556.1784494100620577	-0.010683840697793683949	-3.9541231705186463685	-122.23710846143239905	-272.20458843476939137	-38.95467725	-0.00197282682695	-0.00185804252283	1.33213342462e-07	9.89089977908e-07	5.014608	5.0550565	5.0164378	5.0154235
1557.1785640947530283	-0.010709328088340344318	-3.9648209816462038901	-122.9209552925262301	-271.47481219847833245	-38.95665889	-0.00199193404869	-0.00183666686725	1.31013497274e-07	8.89643028257e-07	5.0160967	5.0531263	5.0059649	5.0205962
1558.1786787794444535	-0.010734815478673486247	-3.9755442830872738114	-123.59694672451223596	-270.73775359712982436	-38.95866091	-0.00201092680933	-0.00181505183519	1.37189539419e-07	7.90082496002e-07	5.017319	5.0513914	4.995839	5.0282206
1559.1787934641358788	-0.010758903348606348865	-3.9862930748418516913	-124.26498623986434211	-269.9934801539332625	-38.96068048	-0.00202983047504	-0.0017931980353	1.50778323182e-07	6.9125698746e-07	5.0182857	5.0498615	4.9878076	5.0363281
1560.1789081491144771	-0.010791429633586775011	-3.9970688875856552613	-124.92497747690732979	-269.2420606500167537	-38.96272041	-0.00204863070565	-0.00177106703699	1.61582968518e-07	6.03430622913e-07	5.0190076	5.0485455	4.9836184	5.0430093
1561.1790228338059023	-0.010827306614076437352	-4.007879495378555923	-125.57682046671470744	-268.48356189729986454	-38.96477762	-0.00206731726144	-0.00174866236518	1.68086441951e-07	5.22950772424e-07	5.0195006	5.0474415	4.9847811	5.0478788
1562.1791375184968729	-0.010863183594197274931	-4.0187259842662301779	-126.22041193943499593	-267.71804926337148345	-38.96685492	-0.00208587147937	-0.00172593908839	1.81042131131e-07	4.41336658558e-07	5.0197815	5.0465366	4.9902474	5.0522015
1563.1792522031882982	-0.010897890190747784242	-4.0296083542486833551	-126.85564871408872989	-266.94558971646625878	-38.96894933	-0.0021043254915	-0.00170297228498	1.95600669416e-07	3.59281449258e-07	5.0198652	5.045817	4.9974349	5.0572329
1564.1793668881239228	-0.010939650705726642471	-4.0405278802821200657	-127.48242766820904137	-266.16625180090750291	-38.9710637	-0.00212266252198	-0.00167972118518	2.02260238833e-07	2.84873371232e-07	5.0197666	5.0452655	5.0037369	5.0628906
1565.1794815728151207	-0.01098424027618389448	-4.0514910829404264803	-128.10064248163021716	-265.38010308167093854	-38.97319485	-0.00214090016098	-0.00165620104507	2.07580067175e-07	2.15024574104e-07	5.0195052	5.0448578	5.0065475	5.0680662
1566.1795962575063186	-0.011028829846306842724	-4.0624988802827362022	-128.71018390403614262	-264.58721056878249556	-38.97534565	-0.00215902144648	-0.0016323659506	2.21477047924e-07	1.42855686819e-07	5.0191021	5.044566	5.0039476	5.0718355
1567.1797109421977439	-0.011072271758841671641	-4.0735512723090492315	-129.31094272072323292	-263.78764315774213856	-38.97751312	-0.00217700961235	-0.00160823150451	2.39799779772e-07	6.94982698622e-08	5.0185704	5.0443642	4.9963375	5.0748442
1568.1798256271333685	-0.011122627822513898518	-4.0846495041219990085	-129.902809711522508	-262.98147159957852637	-38.97970016	-0.00219484150735	-0.00158374564565	2.53480236799e-07	2.38798614798e-09	5.0179219	5.0442272	4.9846091	5.0784404
1569.1799403118247938	-0.011175785396249842546	-4.0957999893746563913	-130.48567235203424275	-262.16876614162765691	-38.98190341	-0.00221256362983	-0.00155897238739	2.65001965362e-07	-6.24609864876e-08	5.0171727	5.0441276	4.9696603	5.0833852
1570.180054996516219	-0.011228942970126489995	-4.1070036382975922962	-131.0594150826302382	-261.34959692887707661	-38.98412573	-0.00223015653059	-0.00153386080911	2.8445755628e-07	-1.31711763957e-07	5.0163418	5.0440416	4.9523958	5.0883091
1571.1801696812074169	-0.011280825827817503315	-4.1182604508908040586	-131.62392233993435298	-260.52403628485876652	-38.98636412	-0.0022476152852	-0.00150841747282	3.06482991925e-07	-2.04316793637e-07	5.0154337	5.0439468	4.9337574	5.0913615
1572.1802843661769202	-0.011340385082435405426	-4.1295718039635653795	-132.17907850029573069	-259.69215867636239636	-38.98862147	-0.00226491568683	-0.00148258251238	3.2029005554e-07	-2.72854537391e-07	5.0144383	5.0438244	4.9147216	5.0914694
1573.1803990508678908	-0.011403089649566983468	-4.1409448454936841344	-132.72476409887377713	-258.85403826212098011	-38.99089447	-0.00228210519168	-0.0014564288237	3.33070533182e-07	-3.39995278939e-07	5.0133499	5.0436662	4.8962708	5.0908823
1574.180513735559316	-0.011465794216558900659	-4.1523805987822077768	-133.26085612878614484	-258.00974932016788443	-38.99318602	-0.00229916342411	-0.00142989784525	3.56816424375e-07	-4.12842934634e-07	5.0121671	5.0434644	4.8794135	5.0927346
1575.180628420250514	-0.011526999477850820991	-4.1638790638291345303	-133.78723153965160009	-257.15936864717752997	-38.99549301	-0.00231608753767	-0.00140302396658	3.88442680662e-07	-4.90665472306e-07	5.0108975	5.0432104	4.8661952	5.100153
1576.1807431052779975	-0.011597229586061299014	-4.175441851938761495	-134.30376716606784271	-256.30297552181986021	-38.99781831	-0.00233285244829	-0.00137574305551	4.15791743694e-07	-5.65549025041e-07	5.0095612	5.0428966	4.8601572	5.1158434
1577.1808577899689681	-0.011671204425432030877	-4.1870774032110551488	-134.81033514616137836	-255.44064902949642715	-39.00015879	-0.00234946111668	-0.00134807699939	4.35683949316e-07	-6.39162645409e-07	5.0081852	5.0425277	4.8649675	5.1329059
1578.1809724746603933	-0.011745179264365645383	-4.198786937806274544	-135.30680326698103499	-254.57246854200039365	-39.00251733	-0.00236588380489	-0.00131995249267	4.61666341406e-07	-7.19345181576e-07	5.0068015	5.0421218	4.8843132	5.1350472
1579.1810871593515913	-0.011817345044045579616	-4.2105704557244125752	-135.79303923105962326	-253.69851637155730373	-39.00489076	-0.00238215874911	-0.00129144289569	4.99961765016e-07	-8.05557447504e-07	5.0054424	5.0416936	4.9189661	5.1197758
1580.1812018444613841	-0.011900395184670210791	-4.2224298905179464825	-136.26891056929881074	-252.81887773619672544	-39.00728199	-0.00239825733932	-0.00126247363728	5.36033683548e-07	-8.89078851464e-07	5.0041412	5.0412507	4.9599759	5.1072489
1581.1813165291528094	-0.011988024767284496258	-4.234375470311957379	-136.73427895705538049	-251.93363779577157402	-39.0096877	-0.00241422791234	-0.00123310568142	5.6705890557e-07	-9.72910450322e-07	5.0029379	5.0407888	4.9963375	5.1126143
1582.1814312138437799	-0.0120756543501610112	-4.2464086897384847319	-137.1890006169211631	-251.04288220340495741	-39.01211073	-0.00243004525267	-0.00120326049679	6.10850977861e-07	-1.06610045844e-06	5.0018791	5.0402788	5.0170121	5.1218013
1583.1815458985352052	-0.012161034097348573033	-4.2585295487975356465	-137.63293164761486764	-250.14670009198550815	-39.01454807	-0.00244568998337	-0.00117298409701	6.66072501728e-07	-1.16690946999e-06	5.0010077	5.0396856	5.0133246	5.1196507
1584.1816605837650513	-0.012259944403525097067	-4.2707404389803169664	-138.065927913569368	-249.24518404225793233	-39.01700257	-0.00246112753014	-0.00114219010817	7.13390344053e-07	-1.26562182163e-06	5.0003421	5.0389695	4.9929015	5.1200915
1585.1817752684564766	-0.012364627423950596413	-4.2830541369247390193	-138.48783779154575768	-248.33842674344242596	-39.01947086	-0.00247642428108	-0.00111095174851	7.57577378198e-07	-1.36646072774e-06	4.9998987	5.0380834	4.9702505	5.1379605
1586.1818899531474472	-0.012469310443973763078	-4.2954725298949032464	-138.8985026503973188	-247.42652164861715391	-39.02195572	-0.00249155156348	-0.00107917852305	8.22317817263e-07	-1.48002203525e-06	4.9996965	5.0369811	4.9570275	5.1574857
1587.1820046378388724	-0.012571230540312101562	-4.3079956178908194175	-139.29776369603567332	-246.50956639995516184	-39.0244543	-0.00250649562538	-0.00104689140794	8.97329007055e-07	-1.60343144826e-06	4.999735	5.0356236	4.952797	5.1588358
1588.1821193232171936	-0.012689761565885587444	-4.3206263246856888571	-139.68546184690526957	-245.58766281020896827	-39.02696941	-0.00252121853984	-0.00101398402724	9.57506208989e-07	-1.72628294376e-06	5.0000086	5.0339993	4.9539779	5.1437732
1589.1822340079086189	-0.012815460771973492815	-4.3333803983838707907	-140.06142861956556089	-244.66091321630557331	-39.02949754	-0.00253581588342	-0.000980578727795	1.00782502231e-06	-1.85435307979e-06	5.0005193	5.0320962	4.9576051	5.1212816
1590.1823486925995894	-0.012941159978117846088	-4.3462601857039198094	-140.42548670310449666	-243.72942125866387642	-39.03204143	-0.00255026124029	-0.000946570764499	1.07716963593e-06	-1.99978419965e-06	5.001271	5.0299003	4.9626284	5.0984655
1591.1824633772910147	-0.013063920108729627431	-4.3592656866458474596	-140.7774586149597269	-242.79329570225053203	-39.03459833	-0.00256451871792	-0.000911987682538	1.1499000964e-06	-2.15825585252e-06	5.0022659	5.0274314	4.9683657	5.0749961
1592.1825780627441418	-0.013204347963333192689	-4.3724000056314276108	-141.11716663633657731	-241.85265046431800329	-39.03717103	-0.00257854815894	-0.000876706555786	1.19719221748e-06	-2.32062427508e-06	5.0035206	5.0247168	4.9744117	5.0486949
1593.1826927474351123	-0.01335243619816950042	-4.3856799205405456732	-141.44442293940164745	-240.90760126190662049	-39.03975609	-0.002592455543	-0.000840904446452	1.23069287237e-06	-2.49151481107e-06	5.0051095	5.0217726	4.9813053	5.0174477
1594.1828074321265376	-0.013500524432999694985	-4.3991079406678998964	-141.75903023023258243	-239.95826643913457588	-39.04235619	-0.00260621436847	-0.000804468235995	1.28145244428e-06	-2.68252262593e-06	5.0071269	5.0186052	4.9898044	4.9799146
1595.1829221168177355	-0.013646501671003499409	-4.4126840660134813987	-142.06079119545862	-239.00477058718942658	-39.04496868	-0.00261978681614	-0.000767444490709	1.33247557714e-06	-2.8886223937e-06	5.0096615	5.015216	5.001855	4.9365124
1596.1830368020791866	-0.013805171285724513255	-4.4264105327135006007	-142.34950863792346354	-238.04724465224515484	-39.04759629	-0.00263313178585	-0.000729703647018	1.36250427479e-06	-3.10486178091e-06	5.0127905	5.011567	5.0216727	4.8982167
1597.1831514867701571	-0.013969304074841147265	-4.4402993630473091002	-142.62497833476516007	-237.08582395865269632	-39.05023568	-0.00264633018946	-0.000691407674638	1.3719853156e-06	-3.33477044289e-06	5.0165969	5.0075928	5.0535969	4.8805605
1598.1832661714615824	-0.014133436863982131587	-4.4543523449938522418	-142.88698961671144616	-236.12064883994497677	-39.0528895	-0.00265934920695	-0.000652432265612	1.38166206728e-06	-3.58604319546e-06	5.0211286	5.0032168	5.0947343	4.8817459
1599.1833808561527803	-0.014297783547845523827	-4.4685694785531202555	-143.13533232442844678	-235.1518669066060454	-39.0555548	-0.00267220577666	-0.000612915273705	1.38228811966e-06	-3.85653855985e-06	5.0263764	4.9983579	5.1322927	4.8811557
1600.183495540784179	-0.014460843227147187479	-4.4829505349126890223	-143.36979729365918956	-234.1796332298068819	-39.05823418	-0.0026848629673	-0.000572733574082	1.37517038257e-06	-4.14849695306e-06	5.0323232	4.9929505	5.1534208	4.8689967
1601.1836102254751495	-0.014623362608314965233	-4.4974943055869793795	-143.59017728509246581	-233.20411059491689798	-39.06092493	-0.00269732527614	-0.000532065875193	1.36120103823e-06	-4.45685642014e-06	5.0389061	4.9869585	5.1562162	4.8568906
1602.1837249101665748	-0.014785881989379578982	-4.5122006142808812612	-143.79626711873987688	-232.22546952894731476	-39.06362967	-0.00270954773045	-0.00049080002336	1.33737023328e-06	-4.78207408665e-06	5.0460254	4.9803681	5.1473074	4.8557673
1603.1838395948580001	-0.014952415313703264904	-4.5270694609943902265	-143.9878631779590421	-231.24388820019765944	-39.06634519	-0.00272160107709	-0.000449069119861	1.29017986205e-06	-5.1260163135e-06	5.0535844	4.9731968	5.133488	4.8715893
1604.1839542783959587	-0.015094755203111764885	-4.5420964706950011092	-144.16476436038982456	-230.25955262103767041	-39.06907403	-0.00273344570996	-0.000406764246584	1.25936594743e-06	-5.49674711033e-06	5.0615154	4.965472	5.1209727	4.9016689
1605.184068963087384	-0.015227405671638492499	-4.5572592898762254165	-144.32678638756661371	-229.27265896834992986	-39.07181325	-0.00274511062666	-0.000364027331986	1.22854128963e-06	-5.88998592828e-06	5.0697469	4.9572509	5.1157337	4.9235463
1606.1841836477783545	-0.015360056140151160178	-4.5725547747388750608	-144.47376062920605477	-228.28341256097888845	-39.07456532	-0.00275655311686	-0.000320755699579	1.1523688922e-06	-6.30098390395e-06	5.0782079	4.9485959	5.1223021	4.9237018
1607.1842983324697798	-0.015501528714242488599	-4.5879829252829642527	-144.60552148163981201	-227.29202534085146681	-39.07732736	-0.00276782787045	-0.000277173721523	1.03775916493e-06	-6.72718755239e-06	5.0869236	4.9395462	5.1353964	4.9135579
1608.1844130146114367	-0.015589650472295022571	-4.6035338474845444168	-144.72190789650557008	-226.29871600942527721	-39.08010177	-0.00277889444399	-0.000233206569501	9.7547332258e-07	-7.17795562323e-06	5.095957	4.9301369	5.1456063	4.9071895
1609.1845276993028619	-0.015657862657582805738	-4.6191593958552408239	-144.82279460910132229	-225.30371304321420212	-39.0828859	-0.00278975022747	-0.000188975167682	9.40024635175e-07	-7.6440860546e-06	5.1053364	4.9203913	5.1447346	4.9080045
1610.1846423839938325	-0.0157260748429984068	-4.6348531642340944359	-144.90808817467600988	-224.30725237608794487	-39.08568212	-0.00280034366544	-0.00014441488531	8.39418332366e-07	-8.11801620192e-06	5.115062	4.910321	5.1326842	4.9089114
1611.1847570686852578	-0.015808039855532193124	-4.6506151526211212399	-144.97769961881070344	-223.30957360942983314	-39.08848742	-0.00281075952285	-9.9749994242e-05	6.85267995759e-07	-8.59991494729e-06	5.1251329	4.8999372	5.1125186	4.9024033
1612.1848717494833636	-0.015806370066121410572	-4.6664293463902559722	-145.03154663989064943	-222.31091999805011028	-39.09130405	-0.0028209537487	-5.49545450341e-05	6.23026957546e-07	-9.09335872992e-06	5.1355173	4.889237	5.0897181	4.8869432
1613.1849864341747889	-0.01577620834933692387	-4.6822224466171160628	-145.06960199037072812	-221.31153999871486349	-39.09412947	-0.00283095414917	-1.01439421962e-05	6.20347674194e-07	-9.5875357581e-06	5.1460544	4.8782256	5.0763664	4.8760218
1614.1851011188662142	-0.015746046632890375178	-4.697985381668308591	-145.0918850239451956	-220.31168393981067766	-39.09696589	-0.00284071196693	3.46856262096e-05	5.43430184246e-07	-1.00780348096e-05	5.1565302	4.8669481	5.0849985	4.8824555
1615.1852158035571847	-0.015733281042613230655	-4.7137181515438264512	-145.09842035989154851	-219.3116009229138399	-39.09981072	-0.00285024794801	7.94184410149e-05	4.01299386372e-07	-1.056314564e-05	5.1667133	4.8554498	5.1147863	4.8968338
1616.1853304835738072	-0.01561386525192016983	-4.7293995937442945277	-145.08924069774954546	-218.31153861511137393	-39.10266611	-0.002859505512	0.000124029824785	3.8262862421e-07	-1.10332806671e-05	5.1763515	4.8437789	5.1518644	4.9005121
1617.1854451682650051	-0.015461691556780165005	-4.7449391540939620526	-145.06444756824168962	-217.31174135785539647	-39.10552942	-0.00286855728508	0.000168406964224	4.42107960716e-07	-1.14824345039e-05	5.1851423	4.8320553	5.1832426	4.8864815
1618.185559852956203	-0.015309517861651921605	-4.760326523296521728	-145.02419768149385959	-216.31244680977567896	-39.1084027	-0.00287735005653	0.000212489291482	4.19199928394e-07	-1.19138219853e-05	5.1928332	4.8204659	5.2042534	4.8582871
1619.1856745376474009	-0.015175516110005110929	-4.7755617013519708891	-144.9686526274177254	-215.3138854533087283	-39.11128354	-0.00288591725664	0.000256201481	3.34550104115e-07	-1.23260292646e-05	5.199205	4.8091978	5.213095	4.8225207
1620.1857892178536531	-0.014928998027109266836	-4.7906215692677376339	-144.8979819114986185	-214.31628025674586979	-39.11417394	-0.00289419976533	0.000299446523198	3.91621478602e-07	-1.26949198529e-05	5.2040921	4.7984364	5.2100492	4.7916868
1621.1859039025446236	-0.014651323476187942327	-4.8054134262244447839	-144.81242590915545065	-213.31984093817783332	-39.11707138	-0.0029022650261	0.00034223077778	5.28185960818e-07	-1.30220535218e-05	5.2073766	4.7884269	5.1994465	4.7776117
1622.1860185872360489	-0.014373648925483274372	-4.8199275767853020369	-144.71227875097855531	-212.32476186082433856	-39.11997773	-0.00291005533247	0.000384431848035	5.83768638871e-07	-1.33191306821e-05	5.208908	4.7794235	5.1861046	4.7766459
1623.1861332719272468	-0.014111258551030439815	-4.8341640209502987346	-144.59783783724265049	-211.33122486290434949	-39.12289074	-0.00291763443154	0.000426034557603	5.82375479293e-07	-1.35862380153e-05	5.2085747	4.7716559	5.1774926	4.7763498
1624.1862479532612724	-0.01375328196994288904	-4.848102530491166462	-144.46940639700568454	-210.33939899424319719	-39.12581219	-0.00292494547251	0.000466877845393	6.9748768965e-07	-1.37918046711e-05	5.2063103	4.765334	5.1842656	4.767959
1625.1863626379522429	-0.013371104789331992105	-4.8616662792467781884	-144.32734598000206461	-209.34943289100712605	-39.12873987	-0.00293204883942	0.00050701246353	8.78970452385e-07	-1.39425038427e-05	5.2020007	4.7606617	5.2152953	4.7533037
1626.1864773226436682	-0.012988927608403916594	-4.8748478069917045019	-144.17206013480179649	-208.36145454813419065	-39.13167548	-0.0029388878939	0.000546245138473	9.96520105822e-07	-1.40541819155e-05	5.1955436	4.7578541	5.2603649	4.7355945
1627.1865920073350935	-0.012616039610416960801	-4.8876471137259436262	-144.0039534322405359	-207.375576328486801	-39.13461694	-0.00294552592141	0.000584677999075	1.072062218e-06	-1.41287859384e-05	5.1868666	4.7570729	5.2980698	4.7169111
1628.1867066902607348	-0.012184600558793893393	-4.9000515524050740623	-143.82343282336327661	-206.39189504541306519	-39.13756586	-0.00295190737916	0.000622090060523	1.21028994932e-06	-1.41404928339e-05	5.1759337	4.7584576	5.3114647	4.6995207
1629.1868213749521601	-0.011739246600060360831	-4.9120148478340714959	-143.63093920226330624	-205.41048602838012016	-39.14052025	-0.00295809744157	0.000658615930485	1.38419492951e-06	-1.40984679412e-05	5.1628482	4.7621035	5.3034752	4.6874354
1630.1869360596431306	-0.01129389264166592681	-4.9235327382291425025	-143.42693669987698968	-204.43140416068868603	-39.14348164	-0.00296404254203	0.000694007586816	1.51441475895e-06	-1.40156578444e-05	5.1477312	4.7680968	5.2824781	4.6849686
1631.1870507443345559	-0.01085084570819803973	-4.9346052235902977401	-143.21188844215035374	-203.45468853669888176	-39.1464481	-0.00296981376956	0.000728437365208	1.62173662641e-06	-1.3895185749e-05	5.1306927	4.7764257	5.2553282	4.6925087
1632.1871654286553621	-0.010393198840816974399	-4.9452291193629500654	-142.98625646537880129	-202.48036303380732193	-39.14942108	-0.00297536183735	0.000761632607346	1.72762608897e-06	-1.3729112628e-05	5.1118112	4.7870088	5.2230018	4.7076814
1633.1872801133467874	-0.0099321866004087929619	-4.9553929775889073994	-142.75050936651859956	-201.50843501332116148	-39.15239887	-0.00298075580005	0.000793800403069	1.83438841193e-06	-1.35218226746e-05	5.0911471	4.7997646	5.1849711	4.7280642
1634.1873947980377579	-0.0094711743604403309665	-4.9650957707036038613	-142.50511948581672073	-200.5388962871405738	-39.15538285	-0.0029859514193	0.00082464580719	1.91889028813e-06	-1.3277145224e-05	5.0687726	4.8146066	5.1412565	4.7512926
1635.1875094827291832	-0.0090071478182906471177	-4.9743374987070474447	-142.25055693492794262	-199.57172506607815876	-39.15837132	-0.00299099100548	0.000854437275578	1.99882735709e-06	-1.29983630558e-05	5.0448413	4.8314294	5.0939781	4.7756339
1636.1876241678210135	-0.0085621945871810385686	-4.9831223205358323725	-141.9872885253210768	-198.60688689611856717	-39.16136559	-0.00299582920301	0.000882868450928	2.03216380392e-06	-1.2696945244e-05	5.0195217	4.8501095	5.0457212	4.7998508
1637.1877388525124388	-0.0081216423734034818432	-4.9914651957065299115	-141.71576754760366157	-197.64433822757717962	-39.16436406	-0.00300054079731	0.000910203493188	2.04741973893e-06	-1.23718629651e-05	4.9930689	4.8704553	4.9980306	4.8238805
1638.1878535372038641	-0.0076810901596435525104	-4.9993674681387707537	-141.43643715686428664	-196.6840264500452804	-39.16736797	-0.00300508852859	0.000936119806228	2.0665422147e-06	-1.20169144526e-05	4.9659456	4.8922049	4.949885	4.8492845
1639.1879682218948346	-0.0072350157762996105543	-5.0068291378325513463	-141.14973791250477575	-195.72588852428339123	-39.17037573	-0.00300952325045	0.000960955646478	2.09715544315e-06	-1.16358087964e-05	4.9386364	4.9150243	4.8998908	4.8819006
1640.18808290718016	-0.0068237680978049178315	-5.0138577379143258739	-140.85610641857965675	-194.76985201328275821	-39.17338852	-0.0030138112929	0.000984389098116	2.06964936795e-06	-1.12525371277e-05	4.9116546	4.9385303	4.848624	4.9303367
1641.1881975918713579	-0.0064207611050455856011	-5.0204807619881242076	-140.55595693019463965	-193.81584152553773492	-39.17640499	-0.00301799875033	0.00100674911753	2.01698083847e-06	-1.08601581831e-05	4.885597	4.9623412	4.8006266	4.9977394
1642.1883122765627832	-0.0060177541122893923528	-5.0267007328504558217	-140.24968743032616203	-192.86377789792581439	-39.17942626	-0.00302205528759	0.00102771197119	1.98429625847e-06	-1.0445835746e-05	4.8610767	4.9861568	4.7608708	5.0701011
1643.1884269612537537	-0.0056086290768235539869	-5.0325176505013171635	-139.93769350688646114	-191.91357457563577782	-39.18245096	-0.00302601705078	0.0010476283427	1.97508947869e-06	-1.00120609545e-05	4.8386261	5.0096908	4.7329211	5.1300325
1644.188541646461772	-0.0052378983483807517105	-5.0379397157154865994	-139.62036708312894007	-190.96513856162792422	-39.18548016	-0.00302985511047	0.00106617879711	1.91614710816e-06	-9.58733689306e-06	4.8184442	5.0327216	4.7141593	5.1679962
1645.1886563311529699	-0.0048766149151841338069	-5.0429975523372503332	-139.29807626181263913	-190.01837783338010013	-39.18851259	-0.00303361163895	0.00108371782764	1.83738512136e-06	-9.16336679759e-06	4.8006547	5.0551481	4.7002585	5.1907426
1646.1887710158441678	-0.0045153314821259017339	-5.0476940640921670322	-138.9711717269362623	-189.07320008876868656	-39.19154927	-0.00303726144982	0.00109993298805	1.79337800517e-06	-8.72438929762e-06	4.785379	5.0768714	4.6873655	5.207058
1647.1888857005353657	-0.0041477810988277902596	-5.0520292509802358083	-138.64000221451584594	-188.1295080998841911	-39.19458899	-0.00304083052357	0.00111519249607	1.78047335395e-06	-8.2721046578e-06	4.7725615	5.0977877	4.6755553	5.2232392
1648.1890003856228759	-0.0038193551726680981077	-5.0560113524020682263	-138.30491333524821584	-187.18720055791968093	-39.1976327	-0.0030442936218	0.00112919761507	1.72652330227e-06	-7.83718536258e-06	4.7620503	5.1177812	4.6670667	5.2381522
1649.1891150703143012	-0.0035009837692085948695	-5.0596719416384221546	-137.96622708437064375	-186.24617989451948574	-39.2006793	-0.00304767687045	0.00114231010941	1.65499878733e-06	-7.40993802082e-06	4.7537083	5.1367063	4.6634528	5.2492646
1650.1892297550052717	-0.0031826123655800831608	-5.0630141229589531449	-137.62424800864653207	-185.30635078074436706	-39.20372971	-0.00305095501357	0.00115424764736	1.62488810971e-06	-6.97259363658e-06	4.7473962	5.1544168	4.6640943	5.2549616
1651.189344439696697	-0.0028575126460135642434	-5.0660378963636638616	-137.2792791863935804	-184.36761485836805718	-39.20678282	-0.0030541553225	0.00116535727791	1.62943959502e-06	-6.52663251018e-06	4.7429743	5.1708284	4.6679736	5.2574287
1652.1894591246832533	-0.0025742256956319794006	-5.0687519509926692862	-136.93162101882199977	-183.42987152090350378	-39.20983948	-0.0030572528903	0.00117537407071	1.59230303696e-06	-6.10593380975e-06	4.7403884	5.1858683	4.6744711	5.2598205
1653.1895738093746786	-0.0023021283019552811651	-5.0711904076129981078	-136.5815493260069502	-182.49302644475557145	-39.21289867	-0.00306027290527	0.00118463313331	1.53568488514e-06	-5.6998418705e-06	4.7397063	5.1994296	4.6834453	5.264603
1654.1896884940656491	-0.0020300309085213084741	-5.0733567356343076682	-136.22932155966120149	-181.55698980451350621	-39.2159612	-0.00306319026217	0.00119288917483	1.52510187392e-06	-5.28789486118e-06	4.7410269	5.2113625	4.694779	5.2706395
1655.1898031787570744	-0.0017504044063441184017	-5.0752509350565997437	-135.87519410301612766	-180.62167016513092221	-39.2190261	-0.00306602663383	0.00120046210618	1.55123574943e-06	-4.87076367342e-06	4.7445076	5.2215062	4.7082121	5.2756124
1656.1899178636499528	-0.0015174016343674776378	-5.0768825891599806965	-135.51942094971292363	-179.68697522883553575	-39.22209414	-0.00306875550182	0.00120712824443	1.52864935259e-06	-4.48694405104e-06	4.7503335	5.2296926	4.7234222	5.2775372
1657.1900325483413781	-0.0012972956183373034102	-5.0782900991873649588	-135.16222923530517619	-178.75282144251428917	-39.2251644	-0.00307139284601	0.00121318536712	1.47821504892e-06	-4.12382610511e-06	4.7586355	5.2357032	4.7401301	5.2770621
1658.1901472330323486	-0.0010432220254968681879	-5.079477477956094944	-134.80382580074896737	-177.81913185649034403	-39.22823763	-0.00307390835468	0.00121843177459	1.47361235382e-06	-3.75704303166e-06	4.7693439	5.2392896	4.7581069	5.2760341
1662.1906059940263276	-0.00031150329611320934017	-5.0822202255303086105	-133.36205483951729889	-174.0875160668585977	-39.24055294	-0.00308298168785	0.00123355692539	1.4031594472e-06	-2.45069502018e-06	4.8324127	5.2262891	4.8387026	5.2567605
1666.1910647353863624	0.0001830304636964587403	-5.0825021152539973102	-131.91493155991645381	-170.35797130300917956	-39.25290084	-0.00309032118824	0.0012408757951	1.24649864149e-06	-1.40911583962e-06	4.9133964	5.1734923	4.9235855	5.1734248
1670.1915234650803086	0.00045302943220289405455	-5.0812403361337299401	-130.46990606935349888	-166.62761350462309906	-39.26527465	-0.00309584498391	0.00124252623227	9.508794046e-07	-6.31032964359e-07	4.9981287	5.1063519	5.0049991	5.0955844
1674.1919821935077834	0.00054661127782171389181	-5.0792310948441485863	-129.03119064747750144	-162.89481794793891822	-39.27766705	-0.00309951186707	0.00124004626867	4.91867878161e-07	-6.87080967149e-08	5.079391	5.0443755	5.0796553	5.0242014
1678.1924409286191349	0.00055324279309393016926	-5.0769995702510408719	-127.60048816186349541	-159.15894403720318451	-39.29007038	-0.00310134939014	0.00123413992205	-1.01519924312e-07	3.7357454115e-07	5.1472171	4.983069	5.1458158	4.9613491
1682.1928996739254671	0.00059675521958443432293	-5.0746516822894660592	-126.17828752110672497	-155.41982541049515021	-39.30247762	-0.00310148151755	0.00122463155678	-7.3390510911e-07	8.3589367438e-07	5.2036085	4.9230338	5.2011998	4.9076064
1686.1933584326181972	0.00084128985061757361255	-5.071789922262959216	-124.76561963138971123	-151.67709530910576632	-39.31488232	-0.00310007683558	0.00121045478538	-1.28822198935e-06	1.46407798397e-06	5.2508131	4.8714432	5.2675008	4.8638055
1688.1935878039705585	0.0010408207026552220107	-5.0699287711548075563	-124.06379908938171752	-149.80403249612928107	-39.32108204	-0.00309885786578	0.0012010230021	-1.54611674226e-06	1.86114106393e-06	5.2669045	4.8518706	5.2976689	4.8477451
1689.1937024886617564	0.0011866484200525290009	-5.0688149088650691354	-123.71429874014221184	-148.86697391473077801	-39.32418101	-0.00309812748979	0.00119563244627	-1.57763404482e-06	2.11681004294e-06	5.2723659	4.8441872	5.3128255	4.8412432
1690.1938171733531817	0.0013324761344925349204	-5.0675552021356065069	-123.36591072839784999	-147.92950122525661527	-39.32727917	-0.00309729478371	0.00118965368053	-1.65861913342e-06	2.36911334085e-06	5.2760021	4.8381125	5.3260591	4.8340018
1691.1939318580441522	0.0014671664891120893715	-5.0661496509664232235	-123.01877233449607729	-146.99156511159250726	-39.33037657	-0.00309640129484	0.00118319908339	-1.77898393809e-06	2.61797295822e-06	5.2778297	4.8337886	5.3339342	4.8253463
1692.1940465430293443	0.0016703209244276491074	-5.0645845306296566335	-122.67302359104596121	-146.05311586698482529	-39.33347291	-0.00309542291102	0.00117607989531	-1.81130833003e-06	2.91680122e-06	5.277855	4.8313177	5.3345665	4.816757
1693.1941612277207696	0.0018938806566672465332	-5.0628022254594302609	-122.32884384385369003	-145.11409008495837725	-39.33656845	-0.00309438417758	0.00116840559842	-1.78386251337e-06	3.24883594308e-06	5.2760293	4.8308375	5.3292944	4.8100252
1694.1942759124119675	0.0021174403883641623909	-5.0607963349183613389	-121.98644333178266663	-144.17441411079363434	-39.33966286	-0.00309326091471	0.0011599537816	-1.80937032865e-06	3.57596058292e-06	5.2722703	4.832522	5.3198295	4.8057964
1695.1943905971031654	0.0023313168676835729388	-5.0585668590064489791	-121.6460335354562261	-143.23401518548482159	-39.34275636	-0.00309209382389	0.00115088544446	-1.8733848843e-06	3.89862299715e-06	5.2664901	4.8365481	5.3079461	4.8038418
1696.1945052822006801	0.0026046087141683273505	-5.0561019693081670212	-121.30782860394229772	-142.29282110331413946	-39.34584858	-0.00309086517042	0.00114095111612	-1.8675321836e-06	4.26177124582e-06	5.2585778	4.8430741	5.2957659	4.8040681
1697.1946199668921054	0.0028959752976893821108	-5.0533513618857526239	-120.97207729185957703	-141.35074902102908823	-39.34893973	-0.00308957277264	0.00113033828375	-1.80864189055e-06	4.64969529629e-06	5.2483826	4.8522319	5.2854677	4.8068862
1698.1947346515830759	0.0031873418828433394516	-5.0503093544637902568	-120.63905593797532845	-140.40770851874609093	-39.35202936	-0.00308819058219	0.00111876968492	-1.79571539753e-06	5.0292105221e-06	5.2357327	4.8641612	5.2789572	4.8128054
1699.1948493362745012	0.0034720906749964308702	-5.0469759470422790315	-120.30904243373369411	-139.46361130804345407	-39.35511782	-0.00308675939913	0.0011064724967	-1.81225749757e-06	5.40087286016e-06	5.2205526	4.8788684	5.2753986	4.8219893
1700.1949640213792918	0.0037973623166061660703	-5.0433431371274153321	-119.98231704287110233	-138.51837123201494251	-39.35820465	-0.00308525900689	0.00109314606989	-1.78595634315e-06	5.79332817104e-06	5.202831	4.8962523	5.2721289	4.8343224
1701.1950787060707171	0.0041352569143426835124	-5.0393763726369966705	-119.6591843835441864	-137.57189706158831655	-39.3612902	-0.00308370058757	0.00107903620353	-1.72416081496e-06	6.19680569531e-06	5.1825358	4.9161941	5.2664511	4.8501115
1702.1951933907616876	0.0044731515111107299915	-5.0350716747979848975	-119.339968876414531	-136.62409470991966032	-39.36437393	-0.00308205996323	0.00106381646448	-1.6958641418e-06	6.58858607844e-06	5.1596113	4.9384612	5.2556748	4.870972
1703.1953080754531129	0.0048080997879386957669	-5.0304290436103755724	-119.02499673888482334	-135.67487390400708591	-39.3674562	-0.0030803555326	0.00104778756933	-1.68439174989e-06	6.96803960591e-06	5.1340387	4.9627836	5.2373941	4.8985524
1704.1954227603998788	0.005161054806353424125	-5.0254449511832675057	-118.71459619216638259	-134.7241484902360753	-39.3705364	-0.0030785604523	0.00103060910519	-1.65913495486e-06	7.34585705779e-06	5.1060879	4.9887566	5.2111746	4.9306975
1705.1955374450910767	0.0055197505370866793012	-5.0201039360491188646	-118.40910735467534209	-133.77183363958110363	-39.37361508	-0.00307670491903	0.00101258613352	-1.61800524625e-06	7.71911476313e-06	5.0761489	5.015876	5.1774596	4.9621641
1706.195652129782502	0.0058784462680008227678	-5.0144041840471951232	-118.10888033808323883	-132.81784705006194258	-39.37669159	-0.00307476325544	0.000993359950459	-1.5919129763e-06	8.07710471591e-06	5.0446328	5.0436239	5.1369486	4.9905497
1707.1957668144734726	0.0062376839101670068094	-5.0083456951774989463	-117.81426713151456909	-131.86211205467921559	-39.37976639	-0.00307274647778	0.000973267821865	-1.57170633906e-06	8.41899354685e-06	5.0122178	5.071443	5.0923395	5.0222645
1708.1958814991039617	0.0065936143610753044503	-5.0019291133536016858	-117.52562129128932611	-130.90455812436829319	-39.38283871	-0.00307062237634	0.000951938421009	-1.56623136079e-06	8.74060984345e-06	4.9796989	5.0987664	5.0472116	5.0651456
1709.1959961837951596	0.0069484711177609462945	-4.9951572940792861033	-117.24329615603301136	-129.9451217908731735	-39.38590913	-0.00306841092038	0.000929739841941	-1.56455271306e-06	9.0428624493e-06	4.9478386	5.1251724	5.0041633	5.1178957
1710.1961108684865849	0.0073033278742886745261	-4.9880305773517026324	-116.96764522099999795	-128.98374688434367386	-39.38897684	-0.00306607429536	0.000906295829663	-1.5606542688e-06	9.32511629638e-06	4.9171967	5.1504196	4.9583936	5.1681359
1711.1962255531775554	0.0076613017899388484097	-4.9805489631708574905	-116.69902367598939463	-128.02038444875233836	-39.39204246	-0.00306364262814	0.000882008036813	-1.54743913444e-06	9.58807600456e-06	4.8882333	5.1742888	4.90169	5.2052669
1712.1963402374394718	0.0080002650061804063408	-4.9727161417905865193	-116.43778776375367556	-127.05499330180093409	-39.39510511	-0.00306107438767	0.000856507752551	-1.55933687133e-06	9.8186089678e-06	4.8613817	5.1966854	4.8274671	5.2388906
1713.1964549221306697	0.0083330020594609768847	-4.9645485716698987133	-116.18428418957401504	-126.08754316877273993	-39.39816541	-0.00305838565705	0.000830168795773	-1.58714302569e-06	1.00199127098e-05	4.8368359	5.2175607	4.7481787	5.2882645
1714.196569606822095	0.0086657391126548043159	-4.9560482263361214095	-115.93885207075479116	-125.11801419306119953	-39.4012223	-0.00305552329081	0.000802621246951	-1.59600829043e-06	1.01974953625e-05	4.8146395	5.2368227	4.6884671	5.3573677
1715.1966842915135203	0.0090031909490080556241	-4.947215105789260825	-115.70183176982682483	-124.14639479440060654	-39.4042766	-0.00305252319534	0.000774270298394	-1.58914848529e-06	1.03520621193e-05	4.7948309	5.2543054	4.6693095	5.4170769
1716.1967989754457449	0.009311879624281494891	-4.9380548012698977089	-115.47356405222869569	-123.17268218930655621	-39.40732712	-0.00304932405444	0.000744758281417	-1.61782716653e-06	1.04662079913e-05	4.7774337	5.2698348	4.678517	5.4367657
1717.1969136601371702	0.0096111866406055016659	-4.9285921830444259228	-115.25437388057768828	-122.19688631535981926	-39.41037485	-0.00304598705489	0.000714503293547	-1.66627142691e-06	1.05475197876e-05	4.762479	5.2832875	4.6858923	5.4188924
1718.1970283448283681	0.0099104936570108236038	-4.9188302234767187215	-115.04457337270235939	-121.21902886859766113	-39.41341853	-0.00304245025346	0.000683171499892	-1.68028025468e-06	1.06042337997e-05	4.7500224	5.2945712	4.6635432	5.3868547
1719.1971430295197933	0.010215907225072130837	-4.9087689225667734405	-114.84447522239074146	-120.23914026526990995	-39.41645912	-0.00303876219793	0.000651147131893	-1.6679629415e-06	1.0637334509e-05	4.7402632	5.303592	4.6177232	5.3645965
1720.197257713108911	0.010484011963529694944	-4.8984155798786757074	-114.65439160185242429	-119.25726009693202911	-39.41949523	-0.00303485429928	0.000618116128765	-1.69273954728e-06	1.06283911721e-05	4.7335126	5.3102541	4.5813294	5.3723333
1721.1973723978003363	0.010740174781152795128	-4.8878022694616660715	-114.47461298831798615	-118.27344118901315539	-39.42252797	-0.00303078953188	0.00058446640652	-1.74110110473e-06	1.05857528332e-05	4.7300922	5.314453	4.5832629	5.396478
1722.1974870824915342	0.010996337598574290953	-4.8769327668492028494	-114.30541218032101369	-117.28774822399306288	-39.42555581	-0.00302649610836	0.000549914822511	-1.74311986125e-06	1.05183263325e-05	4.7302567	5.3160632	4.6182562	5.4085736
1723.1976017671827321	0.011260200256028359694	-4.8658070720412816001	-114.14706167873293907	-116.30025433354275322	-39.42858002	-0.00302204099581	0.000514805536067	-1.7135924362e-06	1.04281241163e-05	4.7342202	5.3148807	4.6654647	5.400365
1724.1977164503691711	0.011476888728892235825	-4.854434521386828294	-113.99983224473304233	-115.3110414667159489	-39.4315989	-0.0030173495263	0.000478881000391	-1.73295319475e-06	1.02970922203e-05	4.742186	5.3107076	4.7058014	5.3734117
1725.1978311350605964	0.011678976075308870886	-4.8428552611731401356	-113.8639660484433449	-114.32020415242095623	-39.43461382	-0.00301249193393	0.000442488671782	-1.78380340164e-06	1.01347228496e-05	4.7542923	5.3035773	4.73827	5.333742
1726.1979458197520216	0.011881063421500796806	-4.8310738904368424329	-113.73968217384553725	-113.32784769848453266	-39.43762292	-0.00300739080771	0.000405410565095	-1.78125015322e-06	9.94968202699e-06	4.7706426	5.2935971	4.7725082	5.2890645
1727.1980605044429922	0.012092248259334376775	-4.819090409177940515	-113.62719842024249317	-112.33408473983686804	-39.44062782	-0.00300214208499	0.000367941454303	-1.74075795287e-06	9.74516174899e-06	4.7913215	5.2808742	4.8179723	5.2471299
1728.1981751872683617	0.012247465443334458468	-4.8069160686512306668	-113.52672954872322464	-111.33903547755444663	-39.44362654	-0.00299667636778	0.000329897494204	-1.75681495328e-06	9.50631395153e-06	4.8158807	5.2655354	4.8754984	5.2154137
1729.1982898719595596	0.012386140382786478206	-4.7945978531894359875	-113.43845545526831131	-110.34283046892070956	-39.44662073	-0.00299105824289	0.000291536304004	-1.81260234265e-06	9.24283959847e-06	4.8432675	5.2481209	4.9353522	5.1947175
1730.1984045566509849	0.012524815322529863834	-4.7821409468841311607	-113.36252838008060451	-109.34560856400018736	-39.44960823	-0.0029852154077	0.000252707388876	-1.81283173578e-06	8.96181799365e-06	4.8724147	5.2295818	4.9872718	5.1791961
1731.1985192413419554	0.012673290813474428693	-4.7695453497353232919	-113.29909839668117399	-108.34751398131002986	-39.45259096	-0.00297922449341	0.000213655946693	-1.77534944745e-06	8.66650224818e-06	4.9018166	5.2108901	5.0264581	5.1627071
1732.1986339239813333	0.012761152201021653749	-4.7568234709308390151	-113.24831147991622515	-107.34869638965264471	-39.45556663	-0.00297301462456	0.00017427546878	-1.80333349755e-06	8.34795030179e-06	4.9290921	5.1930186	5.0589285	5.139091
1733.1987486086725312	0.012832044335177650307	-4.7440254050888244208	-113.21027518586664939	-106.34931209389890228	-39.45853731	-0.00296667782089	0.000134720921689	-1.8773139259e-06	8.01561537264e-06	4.9518177	5.176727	5.0919518	5.1067999
1734.1988632933639565	0.012902936469219479509	-4.7311564389824543042	-113.18506728822043783	-105.34952204569985668	-39.4615006	-0.00296015278855	9.49082514672e-05	-1.90084324986e-06	7.67397651271e-06	4.9689743	5.1621829	5.1283028	5.0787451
1735.198977978054927	0.01298316638868027631	-4.7182165726117357707	-113.17276283920196533	-104.34949003291526992	-39.46445842	-0.00295347893816	5.5022941139e-05	-1.88769757076e-06	7.32285446341e-06	4.9825193	5.1494406	5.1611433	5.0703681
1736.1990926607970778	0.013005294958997670046	-4.7052179248772718623	-113.17343231028496575	-103.34938261329041609	-39.46740814	-0.00294658377515	1.50296051298e-05	-1.9357686691e-06	6.95976890274e-06	4.9947939	5.1383502	5.1824407	5.083357
1737.1992073454885031	0.013012048838174758783	-4.6922077610831740557	-113.1871089299279447	-102.34936850134435815	-39.47035238	-0.00293958436275	-2.49900669132e-05	-2.02590879718e-06	6.59423139814e-06	5.007637	5.1284324	5.1866741	5.0992003
1738.199322030179701	0.013018802717327009749	-4.6791908426353483463	-113.21379774876152169	-101.34961704907672697	-39.47328846	-0.00293242947186	-6.50490167523e-05	-2.06989311607e-06	6.22732983848e-06	5.0209229	5.1191794	5.1772655	5.0992155
1739.1994367148711262	0.013032909423202235916	-4.666167169533789405	-113.25350099690335526	-100.35029783241556345	-39.47621863	-0.00292514421379	-0.000105070282751	-2.08554852501e-06	5.85781505484e-06	5.0340641	5.1103993	5.1596724	5.0849482
1740.1995513980593842	0.013000991463118347427	-4.6531465051087392837	-113.30621666377570023	-99.351580500185420419	-39.47913996	-0.00291766396589	-0.00014503518514	-2.15016599097e-06	5.48920315317e-06	5.0465232	5.1021247	5.1390014	5.0725247
1741.1996660827508094	0.012957506693524993222	-4.6401657675092193855	-113.37191286975792082	-98.353632933285666695	-39.48205522	-0.00291007730103	-0.000184912727116	-2.24510296166e-06	5.12558534174e-06	5.0580994	5.0943746	5.1180623	5.0743348
1742.1997807674420073	0.012914021923936560426	-4.6272285196663300866	-113.45053559643960739	-97.356620446622898157	-39.4849614	-0.00290233101072	-0.000224659228472	-2.30281427328e-06	4.76472566785e-06	5.0687339	5.0871869	5.0987608	5.0828977
1743.1998954521334326	0.012874505280933591991	-4.6143347615800633932	-113.5420283296894155	-96.360706491950580244	-39.4878613	-0.00289448221476	-0.000264277193135	-2.3413662506e-06	4.40751481779e-06	5.0783684	5.0806111	5.0830056	5.0846625
1744.2000101360388271	0.012810025543182881544	-4.6014898589388186778	-113.64633143133002591	-95.366052535468540441	-39.49075175	-0.00288647921774	-0.000303701797763	-2.40056825913e-06	4.05920116082e-06	5.0869463	5.0746982	5.0727093	5.0733879
1745.2001248207302524	0.012739522191670460405	-4.5887136200004077224	-113.76336841084039975	-94.372816348945363529	-39.49363568	-0.00287838045014	-0.00034297538144	-2.47674066254e-06	3.71920860752e-06	5.0944436	5.0694903	5.0685538	5.0585713
1746.2002395054214503	0.012669018840043478127	-4.5760078924992066973	-113.89305036393571413	-93.381151830271491576	-39.49650975	-0.00287013719824	-0.000382021127283	-2.53543421696e-06	3.38492095102e-06	5.1009048	5.0650169	5.0670747	5.0509805
1747.2003541901128756	0.01259856086667998816	-4.5633726764352147143	-114.03528643924525454	-92.391209925728048802	-39.49937721	-0.00286180972767	-0.000420885171545	-2.58413473995e-06	3.05840673007e-06	5.1063866	5.0612828	5.0639333	5.0502935
1748.2004688747954333	0.012527816472666911465	-4.5508080338871543802	-114.1899841212734259	-91.403138647478797907	-39.50223469	-0.00285335483444	-0.000459474301629	-2.61884954968e-06	2.74087418218e-06	5.1109461	5.0582739	5.0548053	5.0477198
1749.2005835594866312	0.01245700473123627014	-4.5383141905969299756	-114.35704914229415863	-90.417083045419104792	-39.50508526	-0.00284479054991	-0.000497869401501	-2.64950083557e-06	2.43015448775e-06	5.1146521	5.0559532	5.0388402	5.0386236
1750.2006982441780565	0.012386192989782589952	-4.5258911671691715028	-114.53638560159456006	-89.43318520872522015	-39.50792534	-0.00283606027929	-0.000535970087477	-2.67408903683e-06	2.12682459035e-06	5.1175971	5.0542249	5.0222037	5.0297827
1751.200812928869027	0.012312306221599190678	-4.5135389636038869554	-114.72789614962347571	-88.451584284252888324	-39.51075841	-0.00282723598347	-0.000573862819087	-2.69801149568e-06	1.83147910579e-06	5.1198768	5.0529839	5.0119245	5.029802
1752.2009276141332066	0.012257855202692040028	-4.5012533533285612464	-114.9314829333054746	-87.472416666732328849	-39.5135808	-0.00281826860585	-0.000611439098403	-2.68409984521e-06	1.53729328187e-06	5.1215858	5.0521261	5.0150101	5.0447443
1753.2010422988244045	0.012207926807446953937	-4.4890190593981937894	-115.14705816440731212	-86.495818373519739453	-39.51639587	-0.0028092044877	-0.000648804810475	-2.6546019153e-06	1.24386764535e-06	5.1228116	5.0515615	5.0338783	5.065481
1754.2011569835158298	0.012157998412209417363	-4.4768346995890517803	-115.37454065116691027	-85.521924782606930648	-39.51919975	-0.00279999273072	-0.000685849169053	-2.6345532144e-06	9.56244856897e-07	5.1236421	5.0512088	5.0619289	5.0772314
1755.2012716682068003	0.012103592979225382895	-4.4647002739011441008	-115.61384799636829257	-84.550869117903758365	-39.52199622	-0.00279067047238	-0.000722691338165	-2.62248532963e-06	6.74850220792e-07	5.1241657	5.0509895	5.0914993	5.0673717
1756.2013863537199541	0.012077475242535887917	-4.4526096357749302967	-115.86489773901695344	-83.582782745437683047	-39.52478135	-0.00278117908721	-0.000759224048007	-2.56933069284e-06	3.86311296163e-07	5.1244689	5.0508484	5.1155796	5.0434423
1757.201501038411152	0.012057956685000599528	-4.4405405358288900786	-116.12762250575153189	-82.617799357935410853	-39.52755887	-0.00277158845878	-0.000795554803618	-2.49438290936e-06	9.37318768973e-08	5.1246149	5.0507592	5.1308912	5.0240104
1758.2016157231025772	0.012038438127628125346	-4.4284909566787815649	-116.40196495464655868	-81.656054328736274783	-39.53032472	-0.00276184549542	-0.000831575566544	-2.43362065313e-06	-1.93539511867e-07	5.1246526	5.0507078	5.1354751	5.0268428
1759.2017304077940025	0.012014625147234805208	-4.4164608983246038676	-116.68786648151088059	-80.697681939436932907	-39.53308273	-0.00275198799315	-0.000867418351312	-2.38641553802e-06	-4.77728162675e-07	5.1246305	5.0506757	5.1279252	5.0518692
1760.2018450932721407	0.012017907370939879055	-4.4044444938066265038	-116.98526818621451184	-79.742815680194183869	-39.53582867	-0.00274195416914	-0.000902987155692	-2.30953400456e-06	-7.74653013732e-07	5.1245893	5.0506416	5.1129704	5.0824578
1761.201959777963566	0.012027579790132242668	-4.3924203714014913302	-117.29412516793493637	-78.791592942672096456	-39.53856668	-0.00273180712128	-0.000938389505173	-2.21315911828e-06	-1.07886368572e-06	5.1245492	5.0506002	5.0991498	5.1014804
1762.2020744626547639	0.01203725220948360583	-4.3803865754677815403	-117.61440174518796198	-77.844154170929542147	-39.54129245	-0.0027214852717	-0.00097353487165	-2.13198310723e-06	-1.37963417786e-06	5.1245192	5.0505539	5.0949445	5.1011005
1763.2021891473461892	0.012043615962479386691	-4.3683431060054926931	-117.94606070274465992	-76.900639661980576989	-39.54401003	-0.0027110600964	-0.00100856509131	-2.06559872684e-06	-1.67998708719e-06	5.1245024	5.0504989	5.1023053	5.0880487
1764.202303832649477	0.012070818005792328942	-4.3562854709602198966	-118.28906394890204012	-75.961189803078113414	-39.54671492	-0.00270047493875	-0.00104341702565	-1.98360739647e-06	-1.99415507819e-06	5.1244923	5.050432	5.1130731	5.0703325
1765.2024185173409023	0.012103003379638054698	-4.3441971740838809524	-118.64338331878909116	-75.025949199447367732	-39.54941133	-0.00268976527068	-0.00107811921769	-1.88648057806e-06	-2.31870232023e-06	5.1244694	5.0503623	5.1182199	5.0559713
1766.2025332020321002	0.012135188753484522917	-4.3320766881425685213	-119.00899696223035562	-74.095065854804587957	-39.55209456	-0.00267886226071	-0.00111258888736	-1.80039616177e-06	-2.64512306512e-06	5.1243999	5.0503064	5.1124081	5.0513002
1767.2026478867235255	0.012165236224033551538	-4.3199240131362772743	-119.38588113018366244	-73.168688287921000324	-39.55476917	-0.00266785104507	-0.00114693295823	-1.72195283409e-06	-2.97344431149e-06	5.1242348	5.0502711	5.1005084	5.0533219
1768.2027625718164927	0.01220872801401367419	-4.3077362620330204024	-119.77401053582055113	-72.246965680085978079	-39.55743035	-0.00265667131866	-0.00118108143166	-1.63067263809e-06	-3.31430302414e-06	5.1239224	5.0502611	5.0891427	5.0558339
1769.202877256507918	0.012255473543212682536	-4.2955027584197269519	-120.17336517517861694	-71.330050863864656208	-39.56008268	-0.0026453994715	-0.00121513847237	-1.52868107338e-06	-3.66521055589e-06	5.1234028	5.0502888	5.0843502	5.0526317
1770.2029919411993433	0.012302219072467538569	-4.2832225039161500035	-120.58392803018091399	-70.41809968383853402	-39.5627212	-0.00263398374671	-0.00124905271003	-1.43185381991e-06	-4.02034560432e-06	5.1226131	5.0503723	5.0868113	5.038338
1771.2031066258905412	0.012347958983733428942	-4.2708954985222904455	-121.0056798167617842	-69.511268857672234844	-39.56535077	-0.00262247801177	-0.00128287913707	-1.33888323811e-06	-4.37845911379e-06	5.1214913	5.050529	5.0942901	5.0194893
1772.203221310774552	0.012400018062137755509	-4.2585203878611217476	-121.43859909424800492	-68.609716021226489602	-39.56796634	-0.00261083128746	-0.00131656802002	-1.24011689149e-06	-4.74509926335e-06	5.1199761	5.0507759	5.1045566	5.0115565
1773.2033359954655225	0.012453615597560616785	-4.2460921458655853655	-121.88266537655687216	-67.713601271434839646	-39.57057288	-0.00259909961082	-0.00135014624236	-1.13534312751e-06	-5.11706978221e-06	5.118016	5.0511355	5.1163161	5.0285458
1774.2034506801569478	0.012507213132800853311	-4.2336103001879150654	-122.33785805032641747	-66.82308679860014422	-39.57316524	-0.00258723448071	-0.00138355062552	-1.0309165056e-06	-5.49020387352e-06	5.115572	5.0516573	5.1293221	5.0628808
1775.2035653648481457	0.012560880135607835686	-4.2210748508281197289	-122.80415392852555101	-65.938335738256355967	-39.57574828	-0.00257528123174	-0.00141686638352	-9.25260820696e-07	-5.86725000271e-06	5.1126059	5.0524077	5.1433833	5.0919858
1776.2036800495257012	0.012614110447904235829	-4.2084858914734271096	-123.28152714282786917	-65.059512100082400821	-39.57831663	-0.00256318915251	-0.00145004251363	-8.17716897776e-07	-6.24795005971e-06	5.1090865	5.0534536	5.1576827	5.0951222
1777.2037947342168991	0.012667234767262331233	-4.1958437691741954367	-123.76994889500903696	-64.186780610482827569	-39.58087538	-0.00255099293337	-0.0014831246119	-7.09318452235e-07	-6.63349281626e-06	5.1050056	5.0548641	5.1692436	5.0761472
1778.2039094189083244	0.012720359086816542329	-4.1831485164629693685	-124.26938749168733978	-63.32030670038275133	-39.58341899	-0.00253863216578	-0.00151605813318	-5.98130379896e-07	-7.0250176069e-06	5.1003602	5.0567095	5.1746322	5.0543959
1779.2040241035992949	0.012774673406309304188	-4.1704001333397577866	-124.77980847040359436	-62.460256550365706119	-39.58595301	-0.00252619850838	-0.00154888660871	-4.8031604891e-07	-7.41974004549e-06	5.0951428	5.059058	5.1709156	5.0482164
1780.20413878805698	0.012821493763153736165	-4.1576002348413254595	-125.30117427813573272	-61.606796873001798076	-39.58847183	-0.0025136493447	-0.00158154862137	-3.6410201617e-07	-7.80937587303e-06	5.0893042	5.0619481	5.159625	5.0572542
1781.2042534727484053	0.012866520554413049537	-4.1447547546715339806	-125.83344072266019964	-60.760092638361868467	-39.59098085	-0.0025010193966	-0.0016140617861	-2.46948182892e-07	-8.19727581108e-06	5.0827771	5.0653903	5.1446674	5.0666481
1782.2043681574396032	0.012911547345723495619	-4.1318642425466043377	-126.37655815995407238	-59.920307557742212623	-39.59347428	-0.00248826105899	-0.00164633838897	-1.15669271523e-07	-8.58800399939e-06	5.0754975	5.0693892	5.1299624	5.0629613
1783.2044828421310285	0.012959130642608842135	-4.1189286984665285374	-126.93047415660160482	-59.087605627850841472	-39.59595791	-0.00247543088501	-0.00167845581777	2.67394739275e-08	-8.9799243657e-06	5.067402	5.0739225	5.1169792	5.0566751
1784.2045975263185937	0.012990559944348036014	-4.105951633009365942	-127.49513290967217927	-58.262150699773087581	-39.5984259	-0.00246248620975	-0.00171031953619	1.60370736113e-07	-9.35310930204e-06	5.0584292	5.0789482	5.1017928	5.0748323
1785.204712211010019	0.013018222457949627305	-4.0929457504036390603	-128.07046792560942094	-57.444101249718286795	-39.60088381	-0.00244947145686	-0.00174200076605	2.9191608694e-07	-9.71696477653e-06	5.0485269	5.0844114	5.0797662	5.1193493
1786.2048268957012169	0.013045884971393086407	-4.0799122021119123005	-128.65640463142506178	-56.633611644584611611	-39.6033256	-0.00243634468025	-0.00177339027583	4.45570827977e-07	-1.00817993072e-05	5.0376597	5.0902473	5.0475872	5.1440084
1787.2049415803926422	0.013077868022608518661	-4.0668509881341803336	-129.25286591354119992	-55.830835771744148133	-39.60575726	-0.00242314662487	-0.00180455865571	6.12912904581e-07	-1.04467036623e-05	5.0258618	5.0963949	5.0117244	5.1106534
1788.2050562642402838	0.013082410488363104342	-4.0537681442971988943	-129.85977120373576099	-55.035926289678656076	-39.60817264	-0.00240983429313	-0.00183537251314	7.57326231539e-07	-1.07761462293e-05	5.0131995	5.1028175	4.9830384	5.0555218
1789.2051709489317091	0.013080792662259801626	-4.0406850424625071483	-130.47702459874503234	-54.24902517662072654	-39.61057779	-0.00239645932343	-0.0018659552366	8.92471048517e-07	-1.10843784634e-05	4.9997558	5.1094715	4.972043	5.0388784
1790.205285633622907	0.013079174835913223024	-4.0276035586395115828	-131.10451935241786714	-53.470266258197696629	-39.61296648	-0.00238298363728	-0.00189616631656	1.05352260073e-06	-1.13889791813e-05	4.9856635	5.1163219	4.9780357	5.0775725
1791.2054003183143323	0.013083897600736511466	-4.0145236928282086453	-131.74214682621084194	-52.699781782621855086	-39.61534457	-0.0023694410253	-0.00192603991853	1.23431124259e-06	-1.16928410763e-05	4.9710985	5.1233552	4.9875211	5.1417982
1792.2055150017959022	0.013048073796024751633	-4.0014545003229065046	-132.38979519956151876	-51.937701255252243016	-39.61770557	-0.0023557904879	-0.00195536929923	1.38125682854e-06	-1.19410862694e-05	4.9562406	5.1305557	4.9863135	5.2018901
1793.2056296864873275	0.013003576696523366091	-3.9884271812138871738	-133.0473327690950498	-51.18413667179996196	-39.62005615	-0.0023420609121	-0.00198438676479	1.51240977862e-06	-1.21542985154e-05	4.9412873	5.1378739	4.9644391	5.2465953
1794.2057443711787528	0.012959079596940589058	-3.9754443643075596526	-133.71461464874710146	-50.439186857148129661	-39.62238988	-0.00232820350526	-0.0020128997611	1.67481930877e-06	-1.23592813436e-05	4.9264314	5.145242	4.9321014	5.2723309
1795.2058590558699507	0.012922765688844569179	-3.9625060496039221647	-134.39149521875481241	-49.702947681772840838	-39.62471292	-0.00231431285592	-0.00204105787123	1.85360910155e-06	-1.25598171992e-05	4.9118584	5.1525916	4.9054116	5.2755525
1796.2059737390611645	0.012833687457590330083	-3.9496242255239417673	-135.07782650399224167	-48.975510455694234224	-39.62701861	-0.00230036828521	-0.00206864033418	1.97447823349e-06	-1.26794812173e-05	4.8977123	5.1598477	4.8900063	5.2541111
1797.206088423752135	0.012733930286669335047	-3.9368389505446472754	-135.77343758137405416	-48.256941748780164403	-39.62931366	-0.00228635998676	-0.0020958371941	2.07088002867e-06	-1.27511152184e-05	4.8841039	5.16687	4.876403	5.2174161
1798.2062031084435603	0.012634173115989221978	-3.9241534441767749186	-136.47814332933208448	-47.54728987769141213	-39.6315914	-0.0022722480153	-0.00212240675054	2.19677225321e-06	-1.28108324802e-05	4.8711599	5.173483	4.855251	5.1805047
1799.2063177931347582	0.01254375246534749494	-3.9115677064203362434	-137.1917595509535488	-46.846598741929426524	-39.63385837	-0.00225808323397	-0.00214854827693	2.344241606e-06	-1.28616051624e-05	4.8589781	5.1795027	4.829983	5.1531191
1800.2064324762122851	0.012392582845641661807	-3.8990957847011475934	-137.9141011565716326	-46.15490587512369558	-39.63610774	-0.0022438322892	-0.0021739914385	2.43074531518e-06	-1.28098144181e-05	4.8476424	5.184728	4.8108389	5.1361107
1801.2065471609032556	0.012229803921620185578	-3.8867831794121130429	-138.6449597646721088	-45.472218215007352171	-39.63834622	-0.00222952578481	-0.00219898310444	2.49125800472e-06	-1.27013358933e-05	4.8372761	5.1889367	4.7971372	5.1299612
1802.2066618455946809	0.012067024997688465676	-3.8746333717153627063	-139.38411371254673554	-44.798520567992639485	-39.64056689	-0.00221512836472	-0.00222323595937	2.58371617889e-06	-1.25792753987e-05	4.8280347	5.1919427	4.776674	5.1369524
1803.2067765302858788	0.011913600760122964456	-3.8626463616109036892	-140.13134421714704558	-44.133792067949656257	-39.6427767	-0.00220068521256	-0.00224700303107	2.69257610799e-06	-1.24446732157e-05	4.8200798	5.1935727	4.746655	5.1597712
1804.2068912134832317	0.011698769413236772413	-3.8508365785576339491	-140.88643357803937306	-43.47800413397450825	-39.64496867	-0.00218616700648	-0.00226997285199	2.73203149147e-06	-1.21979157247e-05	4.813583	5.193653	4.7167428	5.2008347
1805.207005898174657	0.011472810512427515303	-3.839249459881992621	-141.64914380651313763	-42.831095099498718071	-39.64714965	-0.00217162913003	-0.00229241658908	2.74842223535e-06	-1.18906940492e-05	4.8087526	5.1920263	4.6974794	5.2539838
1806.2071205828658549	0.011246851611672095336	-3.8278883260212062112	-142.41922654748864829	-42.192979752704374619	-39.64931251	-0.00215705887644	-0.00231399439987	2.79681952385e-06	-1.15668425191e-05	4.8058226	5.1885735	4.6994831	5.3030569
1807.2072352675572802	0.011028792850524708757	-3.8167531769752676141	-143.19643819824918296	-41.563566456506691793	-39.65146419	-0.00214241531917	-0.00233507823093	2.85444778511e-06	-1.12314024421e-05	4.8049913	5.1831789	4.7246032	5.3314107
1808.2073499511070622	0.010758490859607996656	-3.8058564459886605746	-143.9805384062663336	-40.942755415128480934	-39.6535974	-0.00212765075053	-0.00235534658906	2.84555196641e-06	-1.07977498816e-05	4.8063639	5.1757334	4.7511223	5.3236758
1809.2074646357984875	0.010479117061439807701	-3.7952364242138925121	-144.77127287471034833	-40.330416471419638924	-39.65571941	-0.0021128535819	-0.00237509321622	2.8135704479e-06	-1.03113648445e-05	4.8100591	5.1662376	4.7544114	5.2831235
1810.2075793204896854	0.01019974326345825244	-3.7848958082770574052	-145.56838150198214521	-39.726398006430002852	-39.65782285	-0.00209800243818	-0.00239397602506	2.79819265075e-06	-9.81124601849e-06	4.8161589	5.1547835	4.7349205	5.2282594
1811.2076940051811107	0.0099253804337675298475	-3.7748345981781499248	-146.37161028034591936	-39.130541921065173483	-39.65991518	-0.00208312910418	-0.00241232133064	2.79286527349e-06	-9.29753839328e-06	4.8246882	5.1414644	4.7187564	5.1779227
1812.2078086892308875	0.0096177187237453665158	-3.7650607828349178519	-147.18071033677600212	-38.542682653326004072	-39.66198905	-0.00206821892211	-0.00242977408492	2.75062672869e-06	-8.71222713663e-06	4.8356526	5.1263771	4.7285072	5.150073
1813.2079233739223127	0.0093044305544465640001	-3.7555986231554090438	-147.99542749246069206	-37.962632762450859047	-39.66405181	-0.00205329695252	-0.00244667895187	2.69544530979e-06	-8.08727612696e-06	4.8489792	5.1097518	4.7593402	5.147195
1814.2080380586135107	0.0089911423851822963593	-3.7464497875745594868	-148.81550714853366912	-37.390189085383923384	-39.66609607	-0.00203835535151	-0.00246267134468	2.64940977152e-06	-7.44695023021e-06	4.8645695	5.0919559	4.7967364	5.1562633
1815.2081527433049359	0.0086791703511628105761	-3.7376142760923629638	-149.64070128660512182	-36.825142618361653035	-39.66812925	-0.00202342856086	-0.00247810787297	2.61483142517e-06	-6.79324859804e-06	4.88227	5.0733583	4.8319615	5.1636843
1816.2082674278503873	0.0083584364883867740686	-3.7290941970032758235	-150.47076815838795483	-36.2672785488282301	-39.67014392	-0.00200852650869	-0.00249261591296	2.58078633639e-06	-6.10928256028e-06	4.9018176	5.0543216	4.8684555	5.1560702
1817.2083821125413579	0.0080362368996961062312	-3.7208959202001619104	-151.30546954208020338	-35.716372585707809151	-39.67214737	-0.00199359865925	-0.00250661158033	2.53906390324e-06	-5.40820353366e-06	4.9229329	5.0351737	4.910436	5.1272744
1818.2084967972327831	0.007714037311296810355	-3.7130198799370219831	-152.14457181876187519	-35.172192853312758132	-39.674132	-0.00197862759223	-0.00251974888172	2.48745570789e-06	-4.69692433635e-06	4.9452758	5.0161914	4.9537363	5.0835451
1819.208611481923981	0.0073897091884342043858	-3.7054660762138631469	-152.98784756111774641	-34.63450274863595979	-39.6761054	-0.00196365931936	-0.00253239224096	2.43658674323e-06	-3.97694486109e-06	4.9684659	4.9976428	4.9889562	5.0323147
1820.208726166816632	0.0070795360345363069626	-3.6982311089482999833	-153.83507577814003753	-34.103061907500695327	-39.67805994	-0.00194869574126	-0.00254420566781	2.39968220034e-06	-3.27387351445e-06	4.9921226	4.9797918	5.0104734	4.9809505
1821.2088408515076026	0.0067717448721093696437	-3.6913046742300812397	-154.68604570718272839	-33.577632974723826464	-39.68000332	-0.00193375742293	-0.00255550590786	2.36268934155e-06	-2.57435323809e-06	5.0158772	4.9628953	5.0283896	4.9364915
1822.2089555361990278	0.0064639537095378856238	-3.684686065973274971	-155.54055472055381415	-33.057979169636809047	-39.68192789	-0.00191886167196	-0.00256594133313	2.3042816332e-06	-1.86713313141e-06	5.0393596	4.947043	5.056716	4.9019
1823.2090702208902258	0.0061518046497516572918	-3.6783752841778811771	-156.39840540028001215	-32.543860239709879068	-39.68384151	-0.00190398579572	-0.00257590404356	2.24450487472e-06	-1.15108479385e-06	5.0622587	4.9321889	5.0998309	4.8769033
1824.2091849059268043	0.0058685431381784282714	-3.6723654264496730093	-157.25940609756821686	-32.035033971580020307	-39.68573665	-0.00188914351107	-0.002585067787	2.21417042841e-06	-4.77231070592e-07	5.0843574	4.9182581	5.1464046	4.8598174
1825.2092995906177748	0.0055902306098236688447	-3.6666353825027231395	-158.12337855552576116	-31.531269902222113899	-39.68762079	-0.00187431217136	-0.00259380060903	2.19437473049e-06	1.78480946554e-07	5.1054342	4.9051065	5.1845819	4.8445189
1826.2094142753092001	0.0053119180813017159021	-3.6611836830023509748	-158.99015408858653586	-31.03234397545833545	-39.68948627	-0.00185949938514	-0.00260180294722	2.15665088321e-06	8.40089999866e-07	5.1253463	4.8925835	5.2128879	4.8243103
1827.2095289600006254	0.0050284748566236736958	-3.6560103279485591798	-159.85956804246183083	-30.538029775353873418	-39.69134087	-0.00184470813497	-0.00260939575078	2.11160853341e-06	1.50736606202e-06	5.1440005	4.8805185	5.2359668	4.7988882
1828.2096436450271995	0.0047788934392301082171	-3.6511072856843700407	-160.73146042874927275	-30.048100142238915566	-39.69317696	-0.00182995350008	-0.00261629226923	2.09151569705e-06	2.11899092897e-06	5.1613164	4.8687229	5.2571021	4.773978
1829.2097583297183974	0.0045352589015958200483	-3.6464496754185447003	-161.60568461482282032	-29.562343364884664965	-39.69500227	-0.00181523933506	-0.0026228023958	2.08197700761e-06	2.70691988417e-06	5.1772405	4.8570384	5.2751215	4.7550424
1830.2098730144095953	0.0042916243639618007616	-3.6420357276315593609	-162.48210316664628294	-29.080556814093938556	-39.69680922	-0.00180059418023	-0.00262865363771	2.05048270734e-06	3.30101414996e-06	5.1917185	4.8454129	5.2880396	4.7434726
1831.2099876991010206	0.0040428463564970359978	-3.6378654423234175752	-163.36058159991759453	-28.602536338460051724	-39.69860531	-0.00178599459759	-0.0026341839417	2.00950558301e-06	3.89808642376e-06	5.204739	4.8338407	5.2958167	4.7385965
1832.2101023840652942	0.0038278564634637861526	-3.6339308697199532716	-164.24098899332727797	-28.128077790501052391	-39.70038284	-0.00177147295619	-0.00263916535186	1.98883201744e-06	4.43591322619e-06	5.2163443	4.8223499	5.3009396	4.7391014
1833.2102170687567195	0.0036189630733323633997	-3.6302070329334625853	-165.1232064499717751	-27.656993312066521895	-39.70214945	-0.00175696207484	-0.00264388175914	1.9720405629e-06	4.94460663756e-06	5.2265527	4.8111257	5.3058374	4.741018
1834.2103317534479174	0.0034100696832961791341	-3.6266921134937835092	-166.00712321297166341	-27.189104961312310138	-39.70389733	-0.00174246965081	-0.00264814359223	1.92312496801e-06	5.45241999284e-06	5.2353095	4.8004017	5.310816	4.7397121
1835.2104464381393427	0.0031957665924232741238	-3.6233861114009169313	-166.89263059980146409	-26.724233861617019414	-39.70563474	-0.00172800600014	-0.00265212654292	1.86355490109e-06	5.9650248832e-06	5.2425248	4.7904085	5.3150002	4.7332744
1836.2105611230599607	0.0030168459910700842763	-3.6202807661285882901	-167.77962265407194309	-26.262201747615961267	-39.70735414	-0.0017135918526	-0.00265562969032	1.82336094779e-06	6.41914337737e-06	5.2481053	4.7813731	5.3174938	4.7258894
1837.2106758077513859	0.0028444765730611851727	-3.6173497687446776183	-168.66800484565141005	-25.802848127711769166	-39.70906285	-0.00169919433746	-0.00265894272459	1.78343809524e-06	6.84216822745e-06	5.2519349	4.7735395	5.3173734	4.7222525
1838.2107904924428112	0.0026721071542009583802	-3.614591160547064419	-169.55769024749690743	-25.346023616622513686	-39.71075313	-0.00168482552261	-0.00266192770647	1.70470216882e-06	7.26527863629e-06	5.2538854	4.7671474	5.313766	4.7233356
1839.2109051771340091	0.0024931948802663535247	-3.612004941535747804	-170.44859332915919481	-24.891578323904827386	-39.71243288	-0.0016704655625	-0.00266476155388	1.61002098899e-06	7.68976093796e-06	5.2538374	4.7624247	5.3066104	4.7277024
1840.2110198620443953	0.002356916806104272441	-3.6095812261169655244	-171.34063077706287004	-24.439363679736114676	-39.71409441	-0.00165612092726	-0.00266733383332	1.53305408708e-06	8.0369527847e-06	5.2516749	4.7595857	5.2963782	4.7341931
1841.2111345467353658	0.0022287133381188096483	-3.607288148094164093	-172.23373184334744224	-23.989253215928705742	-39.71574545	-0.00164180862709	-0.0026697808786	1.46547692022e-06	8.3458783626e-06	5.247326	4.7588321	5.2836503	4.74252
1842.2112492314267911	0.0021005098688820686946	-3.6051232882428898563	-173.12783399374222881	-23.541134552480126985	-39.71737829	-0.00162755245572	-0.00267201053628	1.3690910255e-06	8.65544904264e-06	5.240955	4.7603748	5.2694344	4.7525972
1843.211363916117989	0.001963958707694614305	-3.6030866465631437023	-174.0228755762572348	-23.094895152221862844	-39.71900077	-0.001613320434	-0.00267415180436	1.25769602561e-06	8.96638906298e-06	5.2327861	4.7644168	5.2548341	4.7650146
1844.2114786010326952	0.0018816380446057860091	-3.6011657197671249619	-174.91879688981057939	-22.65042459652810436	-39.7206052	-0.00159913045736	-0.00267613918432	1.17747310771e-06	9.17879791287e-06	5.2231189	4.7711577	5.2406308	4.7809003
1845.2115932857236658	0.0018097816069058047985	-3.5993197982666345069	-175.81555321041111029	-22.207641128032527433	-39.72219935	-0.00158496843391	-0.00267807969022	1.11032473616e-06	9.34209994946e-06	5.2123221	4.7808066	5.2271626	4.800229
1846.211707970415091	0.0017379251684682005177	-3.5975457414451801341	-176.71310950466951795	-21.76648149838340629	-39.72377553	-0.00157085522269	-0.00267993834407	1.01148110571e-06	9.5072701409e-06	5.2007494	4.7935077	5.2147175	4.8187736
1847.2118226551062889	0.0016560702557423825042	-3.5958435493027636198	-177.61143124245313629	-21.326882594332293053	-39.72534138	-0.0015567719881	-0.00268175394391	8.94972437412e-07	9.67258551957e-06	5.1887548	4.8093779	5.2035832	4.8315955
1848.2119373400280438	0.001639019005509415863	-3.5941983472287217793	-178.51048566802128903	-20.888784093088670346	-39.72688913	-0.00154274125529	-0.002683494138	8.15117823367e-07	9.71770430952e-06	5.1766872	4.8283303	5.1940266	4.8385653
1849.212052024719469	0.0016346558229863906737	-3.5925613220941441384	-179.41025720706238644	-20.45216029999580698	-39.72842682	-0.00152871983473	-0.00268526724695	7.60454894124e-07	9.70426274522e-06	5.1647412	4.8501096	5.1856806	4.8444292
1850.2121667094104396	0.0016302926408406170997	-3.5909286606421870758	-180.31074135538523251	-20.017008074940143558	-39.72994682	-0.00151471477258	-0.00268709817592	6.87911134532e-07	9.69481429609e-06	5.1529437	4.8744045	5.1774485	4.8533937
1851.2122813941018649	0.0016153216457837052313	-3.5893003628728452625	-181.21193381380706455	-19.583324648438395599	-39.73145677	-0.00150072522875	-0.00268897677986	6.0218452585e-07	9.68723058519e-06	5.1413123	4.9005366	5.1681925	4.8655577
1852.2123960790374895	0.0016689877124716763056	-3.5876607258355734942	-182.11383179668388266	-19.151110364860283397	-39.732949	-0.00148676302671	-0.00269093938251	5.63642060647e-07	9.55531276513e-06	5.1298132	4.9277099	5.1569459	4.879673
1853.2125107637289148	0.0017362368838922410258	-3.585957918273838807	-183.01645015610603195	-18.720402531081781206	-39.73443105	-0.00147279587552	-0.00269300476892	5.39712346237e-07	9.35767668469e-06	5.1182405	4.9551544	5.1431707	4.8949989
1854.2126254484198853	0.0018034860554351046184	-3.5841878538284133171	-183.91981504215732457	-18.291262689044337719	-39.73589508	-0.00145881997831	-0.00269525179226	4.78889946932e-07	9.15903404722e-06	5.1063364	4.9820872	5.1263785	4.9115741
1855.2127401331113106	0.0018615376605041927035	-3.5823505324992934717	-184.82395248566726309	-17.863752941324527512	-39.73734914	-0.00144486523095	-0.00269755800253	4.09007985776e-07	8.9618765363e-06	5.0938807	5.0077561	5.1063927	4.9295747
1856.2128548180510279	0.0019790374444828015901	-3.5804323822757986306	-185.72888945765140534	-17.437938248559188281	-39.73878552	-0.00143094797102	-0.00269996911964	3.8327042601e-07	8.65672784473e-06	5.0809063	5.0317444	5.0851214	4.9498228
1857.2129695027422258	0.0021083830114967299155	-3.5783884376656267534	-186.63466760840236702	-17.013915871895363807	-39.74021168	-0.00141700556797	-0.00270248485514	3.78069071373e-07	8.29247658222e-06	5.0675184	5.0538568	5.0652915	4.9735324
1858.2130841874334237	0.002237728579545107243	-3.5762151326537807705	-187.54133782830396626	-16.591804392354070785	-39.74161967	-0.00140301846605	-0.00270518657888	3.58111465198e-07	7.92450481252e-06	5.0538037	5.0740298	5.049483	5.0005741
1859.213198872124849	0.0023618908861217286811	-3.5739124672402580174	-188.4489504342049031	-16.171723092883436124	-39.74301761	-0.00138902167883	-0.00270801510936	3.28409556116e-07	7.55528524476e-06	5.0400032	5.0924996	5.037971	5.0271923
1860.2133135569945352	0.002519540323890356176	-3.5714728029459550385	-189.35755565195523786	-15.753793141015362878	-39.74439761	-0.00137500762169	-0.00271106975016	3.15952318891e-07	7.12164440689e-06	5.0265026	5.1095533	5.0288769	5.0492857
1861.2134282416855058	0.0026838813318157766184	-3.5688707937416772609	-190.26721115980845411	-15.338154265071510807	-39.74576764	-0.00136101946381	-0.00271424849118	3.12122268057e-07	6.65475600936e-06	5.013673	5.1254786	5.0202272	5.0673374
1862.2135429263769311	0.0028482223390883026556	-3.566104424682356111	-191.17797900921641485	-14.924958586120903092	-39.74711982	-0.00134707762577	-0.00271764918068	2.97869924541e-07	6.18663193836e-06	5.0018685	5.1405567	5.010043	5.085764
1863.213657611068129	0.0030131403853312747898	-3.5631736957679951416	-192.0899201344948608	-14.514358962892874416	-39.74846193	-0.00133317242265	-0.00272118966586	2.88281049992e-07	5.71592283966e-06	4.9914323	5.155048	4.9964282	5.1085763
1864.2137722957343158	0.0031743294612701289034	-3.5600794580071397633	-193.00309410406208599	-14.106508640148932798	-39.749786	-0.00131933293652	-0.00272498092133	2.87321056924e-07	5.24839330928e-06	4.9824821	5.169063	4.9794844	5.1358263
1865.2138869804252863	0.0033347745998471151063	-3.5568245327292853375	-193.91755822030961554	-13.701559409362925379	-39.75110025	-0.00130548960317	-0.00272886864845	2.8226422178e-07	4.78452865157e-06	4.9748926	5.1826439	4.9614716	5.1658249
1866.2140016651167116	0.0034952197381887405332	-3.5534091439123463019	-194.83336777657746097	-13.299662324461680285	-39.75239686	-0.00129163934781	-0.00273292995007	2.76551824782e-07	4.3217039001e-06	4.9685277	5.1958233	4.9447495	5.198249
1867.2141163498079095	0.0036611893107002663195	-3.5498332915563235446	-195.75057657153303126	-12.9009690298711579	-39.75368368	-0.00127779048459	-0.00273710187327	2.69841136202e-07	3.85857709657e-06	4.9632518	5.2086089	4.9316662	5.2373162
1868.2142310342094333	0.0037914242585301107837	-3.5461051462770187825	-196.66923613408303595	-12.505630147233075533	-39.75495284	-0.0012639441337	-0.00274147342886	2.33704482622e-07	3.46356165116e-06	4.958927	5.2210004	4.924357	5.2879286
1869.2143457189004039	0.0039145737706487377175	-3.5422517053822906163	-197.58938802747169916	-12.113777320388454228	-39.75621218	-0.00125009847279	-0.00274593008741	1.85064331244e-07	3.10208922625e-06	4.9553365	5.2329772	4.9202392	5.3445448
1870.2144604035918292	0.0040377232831680905448	-3.5382751008520108016	-198.51106694086172411	-11.725529918538860841	-39.75745372	-0.00123625406078	-0.00275054078894	1.4572021074e-07	2.73969063927e-06	4.9521779	5.2445097	4.9119845	5.3881879
1871.2145750882832544	0.0041682478717908529736	-3.5341753326861775619	-199.43430611220674109	-11.341007599273577711	-39.75868544	-0.00122241668806	-0.00275523146801	1.11665815989e-07	2.37607011982e-06	4.9491815	5.2555679	4.8946881	5.4017614
1872.2146897725388044	0.0042509917498830783467	-3.5299633593922390418	-200.35913645858872201	-10.960328293027419733	-39.75989933	-0.00120859209543	-0.00276006734902	5.0078795835e-08	2.10228625358e-06	4.9462566	5.2661217	4.8761337	5.392071
1873.2148044572302297	0.0043243560670659254158	-3.5256751937532291308	-201.28557674793435694	-10.583584029512982383	-39.76110332	-0.00119480059927	-0.00276501843806	-2.17988298102e-08	1.87256477317e-06	4.9433942	5.2761125	4.8677538	5.3781761
1874.2149191419212002	0.0043977203843733750702	-3.5213136553831541065	-202.21363770662520665	-10.21085000387693853	-39.76228927	-0.00118106937218	-0.00277017932229	-7.34446880663e-08	1.63956848787e-06	4.9405824	5.2854653	4.8719091	5.3771014
1875.2150338266126255	0.0044773450682290228883	-3.5168787442820086397	-203.143329026671978	-9.8422014008057434609	-39.7634655	-0.00116733147673	-0.00277538535404	-1.18793981339e-07	1.4065402079e-06	4.9377796	5.2941124	4.8782676	5.3871166
1876.2151485109111491	0.0045163306641238147934	-3.5123798164779511666	-204.07465871616133768	-9.4777117508478383456	-39.76462396	-0.00115358140143	-0.00278067384823	-1.83415990216e-07	1.25225466407e-06	4.934944	5.3019868	4.8769811	5.3968243
1877.2152631956025743	0.0045474370624972934585	-3.5078474128769290274	-205.00762513736404458	-9.1174322383013599591	-39.76577275	-0.00113982543645	-0.00278599373569	-2.57088404115e-07	1.13787238082e-06	4.9320595	5.308998	4.8683402	5.3961633
1878.2153778802935449	0.0045785434610194769567	-3.503283899310053684	-205.94222042951147955	-8.7613995339597465772	-39.7669038	-0.00112605868142	-0.00279137113658	-3.16391701657e-07	1.02497020036e-06	4.9291265	5.3150537	4.8570546	5.3876359
1879.2154925649849702	0.0046133087055055662859	-3.4986892757773180307	-206.87843620478821549	-8.409650127363288874	-39.7680252	-0.00111228998118	-0.00279677803125	-3.73872064424e-07	9.1261167572e-07	4.9261482	5.3200677	4.8462355	5.3801646
1880.2156072494417458	0.0046242727455608079873	-3.4940690436362284998	-207.81626321840599303	-8.0622194209223891903	-39.76912884	-0.00109851770648	-0.00280223912292	-4.45392957882e-07	8.47719584941e-07	4.923134	5.3239494	4.8358077	5.3804848
1881.2157219341331711	0.0046306818458544812822	-3.4894410356397145279	-208.75568694064506303	-7.7191295386025817749	-39.77022271	-0.00108474291506	-0.00280771665423	-5.17940803936e-07	8.05108179305e-07	4.9201076	5.3265858	4.8253366	5.3889453
1882.215836618824369	0.0046370909459186532633	-3.4848066178080383537	-209.69668950274532904	-7.3803939921547492276	-39.77129857	-0.00107096348494	-0.00281322448606	-5.75393574288e-07	7.61280949653e-07	4.9171023	5.3278548	4.8143974	5.4046422
1883.2159513035155669	0.0046447236610608682791	-3.480165790141198201	-210.63925286524647618	-7.0460260884593770569	-39.77236482	-0.00105717728447	-0.00281872520218	-6.28839214041e-07	7.18627088225e-07	4.9141513	5.3276546	4.8025792	5.4236151
1884.2160659881285483	0.0046443810134248171909	-3.4755204027944381906	-211.58335873560338314	-6.716038680548273021	-39.77341332	-0.00104337856748	-0.00282421276332	-6.8049497381e-07	6.93815178578e-07	4.911289	5.3259048	4.7904394	5.4386612
1885.2161806728195188	0.0046425303317605944378	-3.4708764145885675489	-212.52898716313265481	-6.3904400596157655556	-39.77445216	-0.00102957023544	-0.00282970181283	-7.32658807063e-07	6.77076300223e-07	4.9085546	5.3225215	4.7801443	5.4424165
1886.2162953575109441	0.004640679650251459433	-3.4662342772765448728	-213.47611716781452174	-6.0692355444396994812	-39.77547311	-0.00101574407394	-0.00283519362224	-7.80453336896e-07	6.61012233852e-07	4.9059908	5.3174178	4.7740148	5.4275151
1887.216410042202142	0.0046388728103118519533	-3.4615939908583746032	-214.42472774505696975	-5.7524303037734094701	-39.77648426	-0.00100192196697	-0.0028406781463	-8.22840362486e-07	6.43626072036e-07	4.9036404	5.3105368	4.7743718	5.3898602
1888.2165247268908388	0.0046367797373445002879	-3.4569556219403532182	-215.37479787817517263	-5.4400293892260851436	-39.77747722	-0.000988107401265	-0.00284614911991	-8.55409869886e-07	6.24328434166e-07	4.9015459	5.3019416	4.7834902	5.338608
1889.2166394115818093	0.0046346330890652603571	-3.4523193838826200519	-216.32630649124916999	-5.1320375871509611443	-39.77846052	-0.000974317337986	-0.00285160844244	-8.8461188049e-07	6.05458370068e-07	4.8997437	5.291725	4.8000038	5.2862887
1890.2167540962732346	0.0046324864406615123835	-3.4476852927193508691	-217.27923247125880835	-4.8284594766388586606	-39.7794258	-0.000960572986743	-0.00285704602859	-9.07400897599e-07	5.86849292688e-07	4.8982595	5.2800169	4.8163394	5.2433095
1891.2168687809644325	0.0046300112539223439376	-3.4430533484505438935	-218.23355470260202082	-4.5292995311560408922	-39.78038154	-0.000946800533114	-0.0028624429954	-9.32937825516e-07	5.69654220066e-07	4.8971175	5.2671106	4.8244559	5.2106957
1892.2169834656767762	0.0046296839085576170503	-3.4384230500495478466	-219.18925210106169743	-4.2345622276708496656	-39.78131941	-0.000932975491854	-0.00286776395176	-9.622772169e-07	5.50809318404e-07	4.8963327	5.2533446	4.8234218	5.1868901
1893.2170981503682015	0.0046297553388655841855	-3.4337927994679384724	-220.14630395096270377	-3.9442531645568648102	-39.78224756	-0.000919165789528	-0.00287308868525	-9.8645407498e-07	5.28672553177e-07	4.8959052	5.239065	4.8227922	5.1697043
1894.217212835059172	0.0046298267689683716974	-3.4291624774478188797	-221.10468975074888931	-3.6583786217285565456	-39.78315746	-0.000905384878138	-0.00287842050838	-1.00223173545e-06	5.04265363262e-07	4.8958331	5.224652	4.8327336	5.1538064
1895.2173275197505973	0.0046295518787709787067	-3.4245320839891819631	-222.06438897320151682	-3.3769447967558177126	-39.78405784	-0.000891603875676	-0.00288370483636	-1.01954296755e-06	4.81347709529e-07	4.8961006	5.2104956	4.8546526	5.1329014
1896.2174422044636231	0.0046315434804718698739	-3.4199010893753296614	-223.02538109471072403	-3.0999579065469093919	-39.78494031	-0.000877822701748	-0.00288889974503	-1.03835816093e-06	4.56688399378e-07	4.8966754	5.1969452	4.8787043	5.1023093
1897.2175568891550483	0.0046339532274631287448	-3.4152678097159778758	-223.98764592888642255	-2.8274253725343863053	-39.78581321	-0.000864017431614	-0.00289405335419	-1.05911179775e-06	4.30119954052e-07	4.8975218	5.1841264	4.8947132	5.066248
1898.2176715738460189	0.0046363629743307373937	-3.4106321200334512866	-224.95116347153546599	-2.5593553512133593308	-39.786668	-0.000850166657087	-0.00289912897147	-1.08475446339e-06	4.04131907402e-07	4.8985939	5.1720887	4.9016423	5.0319832
1899.2177862585374442	0.0046385707113784429775	-3.4059940203277472293	-225.91591366311490674	-2.2957559253626778073	-39.78751328	-0.000836311626651	-0.00290418988928	-1.11445742925e-06	3.78969023511e-07	4.8998366	5.160839	4.9074622	5.0054132
1900.217900943241375	0.00464210163562109486	-3.4013532008704281395	-226.88187640316650118	-2.0366351577861134814	-39.78834056	-0.00082244853462	-0.0029092229632	-1.15103584254e-06	3.52717120467e-07	4.901194	5.1501876	4.9199438	4.9861261
1901.2180156279328003	0.0046458754263849046454	-3.3967086797450338764	-227.84903173222321016	-1.782001786111492514	-39.78915827	-0.0008085708648	-0.00291421524795	-1.18618199808e-06	3.25332115385e-07	4.9026073	5.1398878	4.9383285	4.9718924
1902.2181303126237708	0.0046496492170728584425	-3.3920603843962098267	-228.81735974621037144	-1.5318649457693593874	-39.78995782	-0.000794665497183	-0.00291913003328	-1.21921981336e-06	2.98283814002e-07	4.904015	5.1297284	4.9553585	4.9611483
1903.2182449973151961	0.004653382541084862857	-3.3874083148239497731	-229.78684046689659226	-1.2862336960036497846	-39.79074788	-0.00078076367865	-0.00292402905298	-1.25742273557e-06	2.71937658807e-07	4.905357	5.1196369	4.9642531	4.9549295
1904.2183596820091225	0.0046573811257939780328	-3.3827524088528990731	-230.75745384345526645	-1.0451170252554460305	-39.79151984	-0.000766868624003	-0.00292889802635	-1.30523290465e-06	2.46423618709e-07	4.9065848	5.1095752	4.9660676	4.9549093
1905.2184743667003204	0.0046614281801036173622	-3.3780924698376351145	-231.72917978654243143	-0.80852399055959423002	-39.79228224	-0.000752950813999	-0.00293374362276	-1.35167706066e-06	2.20388958425e-07	4.907658	5.0995464	4.9671287	4.9615468
1906.2185890513917457	0.0046654752341509630326	-3.3734284833039671625	-232.70199815234855123	-0.57646366103216517551	-39.79302634	-0.000738989503797	-0.00293854453067	-1.39554045261e-06	1.93892481511e-07	4.9085382	5.0896912	4.973133	4.9712407
1907.2187037360827162	0.0046696149787769586706	-3.368760449251899658	-233.67588871866630029	-0.34894502206363287033	-39.79376093	-0.000725034335352	-0.00294333437704	-1.43629173916e-06	1.67529138888e-07	4.9092109	5.0801796	4.9821653	4.9795426
1908.2188184207682298	0.0046731466859018938598	-3.3640885103878970241	-234.65083117769182763	-0.12597694185694871538	-39.79447727	-0.000711090943761	-0.00294810301287	-1.47127231604e-06	1.42702947068e-07	4.9096754	5.071151	4.9877735	4.9844364
1909.2189331054594277	0.0046765677717835688748	-3.3594131170244834195	-235.62680506490627863	0.092432151327173639466	-39.79518397	-0.000697156310901	-0.00295288991023	-1.5071226357e-06	1.17150790756e-07	4.9099336	5.0626561	4.984405	4.9908401
1910.2190477901506256	0.0046799888579193548582	-3.354734302182651895	-236.60378979431649782	0.30627414051860307742	-39.79587215	-0.000683238524471	-0.00295771193157	-1.54427407395e-06	8.90812271665e-08	4.9100039	5.0547299	4.975214	5.0049011
1911.2191624748418235	0.0046836416276908572967	-3.3500520658624051151	-237.58176471012893671	0.51554100176069972417	-39.79655089	-0.000669319861852	-0.0029624831529	-1.58691648388e-06	6.22371503029e-08	4.9099135	5.0473981	4.968003	5.0308919
1912.2192771595184695	0.0046857733869674926194	-3.3453667655394356828	-238.56070907154852989	0.72022488003490436892	-39.79721142	-0.000655399508809	-0.00296715636615	-1.64075728257e-06	4.09269319056e-08	4.9096895	5.0406297	4.969386	5.0612755
1913.21939184420944	0.0046876296991331806163	-3.3406795265033846221	-239.5406018896742637	0.92031889856288384699	-39.79786225	-0.000641498077955	-0.00297184356268	-1.69363823774e-06	1.88773123151e-08	4.9093583	5.034371	4.9761812	5.0839331
1914.2195065289008653	0.004689486011586297548	-3.3359904309421830604	-240.52142200941744932	1.1158168333908680125	-39.7984943	-0.000627633265752	-0.00297655781999	-1.74395633264e-06	-7.49450248098e-09	4.908946	5.0285652	4.9805321	5.0876033
1915.2196212135922906	0.004691740224012422994	-3.3312994788558309978	-241.50314822786020841	1.3067125651019946275	-39.79911698	-0.000613755425613	-0.002981264192	-1.7919286652e-06	-3.20346492155e-08	4.9084766	5.0231279	4.9759606	5.0743252
1916.2197358982584774	0.0046913799091441018771	-3.3266072856750268372	-242.48575927089825655	1.4930002069146266486	-39.79972149	-0.000599852295952	-0.00298595525727	-1.83639007504e-06	-4.75720373376e-08	4.9079592	5.0179517	4.9652003	5.0565939
1917.2198505829499027	0.0046905485531138508409	-3.3219157834621135805	-243.46923353894703723	1.674675499728619954	-39.8003166	-0.000585929552141	-0.00299063497746	-1.8835954485e-06	-5.9369117709e-08	4.9073987	5.0129275	4.9546975	5.0470311
1918.2199652676408732	0.0046897171972450548555	-3.3172251127004903637	-244.45354923740941899	1.8517352476757387159	-39.8008934	-0.00057196861655	-0.00299529260706	-1.93512712254e-06	-6.89348543779e-08	4.9067989	5.0079584	4.949255	5.0499196
1919.2200799523322985	0.0046894505536479377805	-3.3125352733901554103	-245.43868456181127158	2.024176373423768549	-39.80146074	-0.000558007431978	-0.00299993055017	-1.98887031627e-06	-7.82159775812e-08	4.9061515	5.0029669	4.9446678	5.0571421
1920.2201946369880261	0.0046854695307558674733	-3.3078471414036219045	-246.42461766830484748	2.191996098389568548	-39.80200959	-0.000544045761106	-0.00300453004246	-2.04836141323e-06	-7.91820783554e-08	4.9054445	4.997877	4.933684	5.059575
1921.2203093216794514	0.0046808232605980966759	-3.3031634579228121851	-247.41132634967755166	2.3551939297074890867	-39.80254899	-0.000530078097276	-0.00300912512097	-2.10721837234e-06	-7.59024128169e-08	4.9046715	4.992631	4.9120192	5.0519257
1922.2204240063704219	0.0046761769905020065738	-3.2984844212449679901	-248.39878820595612297	2.5137708513054750625	-39.8030699	-0.000516098692143	-0.00301371155206	-2.16361263284e-06	-7.15745712573e-08	4.9038409	4.9872309	4.8880251	5.0401403
1923.2205386910618472	0.0046722428362177235994	-3.2938100313700857669	-249.38698088142700726	2.6677279798771249553	-39.80358134	-0.000502104217381	-0.0030182938316	-2.21948125296e-06	-6.711118491e-08	4.9029649	4.9816894	4.8734151	5.0322129
1924.2206533757084799	0.0046636192642822453178	-3.289141396342025736	-250.37588203178697199	2.8170667912766647056	-39.80407417	-0.000488080127257	-0.00302286795238	-2.27603564891e-06	-5.25524099223e-08	4.9020574	4.9760193	4.8753128	5.0358201
1925.2207680603999052	0.0046541615145092168904	-3.2844819716492068551	-251.36546896211930857	2.9617916345153623148	-39.80455759	-0.000474057913928	-0.0030274204965	-2.33396214631e-06	-3.24373737176e-08	4.9011399	4.9702306	4.8856609	5.0500942
1926.2208827450913304	0.0046447037643623668296	-3.2798320057909879921	-252.35571882342750882	3.1019087014766957289	-39.80502244	-0.00046003940035	-0.0030319305063	-2.39332068825e-06	-1.06545109803e-08	4.9002367	4.9643319	4.8932631	5.064799
1927.220997429782301	0.0046361436628339575475	-3.2751914987673700352	-253.34660887903189064	3.2374243289998174689	-39.80547777	-0.000445992990425	-0.00303643176197	-2.45134314634e-06	1.05537178723e-08	4.8993696	4.9583317	4.8903047	5.0692196
1928.2211121144182471	0.0046216644083266157292	-3.2705618524378081702	-254.33811646795928141	3.3683452864157863438	-39.80591426	-0.000431891417908	-0.00304091570712	-2.50876280175e-06	4.30822461263e-08	4.8985523	4.9522338	4.8806931	5.0546134
1929.221226799109445	0.0046061403795780268833	-3.265947420899861342	-255.33021860687060212	3.4946819544170173444	-39.80634138	-0.000417792686599	-0.00304539167734	-2.56407097403e-06	8.28900172594e-08	4.8977999	4.9460085	4.8708812	5.025689
1930.2213414838008703	0.0045906163508576177529	-3.2613485151710630561	-256.32289221392846912	3.6164470129859398462	-39.80674993	-0.000403699590936	-0.00304985182896	-2.61390337858e-06	1.25300051605e-07	4.8971254	4.939611	4.8650678	4.9927873
1931.2214561684918408	0.0045762564207592155638	-3.2567651352514186414	-257.31611440363388965	3.7336532986378689891	-39.80714894	-0.000389587019948	-0.00305430015502	-2.66632141001e-06	1.67030013105e-07	4.8965253	4.9329968	4.8592571	4.9662476
1932.2215708531125529	0.0045542086345628247229	-3.2521991066294848594	-258.30986244525729489	3.846314181478340366	-39.80752898	-0.000375435699087	-0.00305872495184	-2.72632809256e-06	2.23662778048e-07	4.8959927	4.9261167	4.8476293	4.9518491
1933.2216855378037508	0.0045308156886546347222	-3.2476560735113153555	-259.30411332127397372	3.9544476996483992615	-39.80789964	-0.000361280894506	-0.00306312219535	-2.78289283422e-06	2.89364573248e-07	4.8955177	4.9189075	4.8283357	4.944752
1934.2218002224951761	0.0045074227427925016298	-3.2431364360218202236	-260.29884398617144825	4.0580748399048856001	-39.80825159	-0.000347119136883	-0.00306746444609	-2.83129582825e-06	3.57661828748e-07	4.8950793	4.9113021	4.8070869	4.9386098
1935.2219149071861466	0.004485489386582525162	-3.2386401941609994637	-261.29403169592740142	4.1572167574604588225	-39.80859407	-0.00033294241723	-0.00307182065086	-2.88042633769e-06	4.26019719438e-07	4.8946543	4.9032341	4.7902797	4.9273911
1936.2220295917911699	0.0044539005064787333052	-3.234169647154404359	-262.28965396335928517	4.2518952516631713934	-39.80891758	-0.000318735742539	-0.00307620479259	-2.93382303942e-06	5.15019110808e-07	4.8942118	4.8946579	4.7801367	4.9110426
1937.2221442764825952	0.0044206382506293247572	-3.2297318688889955496	-263.28568809627404335	4.3421379636719201756	-39.80923167	-0.000304531535954	-0.00308055290253	-2.986983718e-06	6.14591375722e-07	4.8937176	4.8855416	4.774537	4.894911
1938.2222589611735657	0.0043873759941958677747	-3.2253273566943878592	-264.28211148174966638	4.4279761975575935296	-39.80952682	-0.000290332286065	-0.00308482864987	-3.03852880498e-06	7.15770567538e-07	4.8931406	4.8758565	4.7711595	4.8840324
1939.222373645864991	0.0043558317362636092204	-3.2209561105705803996	-265.27890193364441984	4.5094414347152333988	-39.80981248	-0.000276103189645	-0.00308910210004	-3.08981001668e-06	8.16997424822e-07	4.8924517	4.8656025	4.7680367	4.8812985
1940.2224883304579635	0.0043129022874943759303	-3.2166208496893835544	-266.27603764832161914	4.5865658956997492623	-39.81007902	-0.000261813965808	-0.00309337092243	-3.14359520719e-06	9.42621225425e-07	4.89164	4.8547867	4.7664805	4.8888253
1941.2226030151493887	0.0042680194090101951365	-3.2123298967909645896	-267.273496765779214	4.659388672534463538	-39.81033615	-0.000247532295509	-0.00309763443118	-3.19650374207e-06	1.0809240068e-06	4.890711	4.8434198	4.769579	4.9014656
1942.2227176998403593	0.0042231365299242188197	-3.2080838319187368057	-268.27125765597122609	4.727953136865546746	-39.8105743	-0.000233265889655	-0.00310188720194	-3.24690296608e-06	1.22153764607e-06	4.8896742	4.8315204	4.7804461	4.9048327
1943.2228323845317846	0.0041802413793617567567	-3.2038826550726939857	-269.26929925187107528	4.7923028394743001357	-39.81080288	-0.000218971654044	-0.00310612913555	-3.29842815671e-06	1.36165027985e-06	4.8885433	4.8191117	4.8008879	4.8868858
1944.2229470691147526	0.0041241502132947317413	-3.1997295271377188541	-270.26760100663977937	4.8524821652852319076	-39.81101209	-0.00020462100362	-0.00311034910074	-3.35543292005e-06	1.52903239047e-06	4.8873508	4.8062399	4.8268714	4.8546531
1945.2230617538061779	0.0040658172305328785928	-3.1956340737839061816	-271.26614250183206423	4.9085434430256125182	-39.8112119	-0.00019025431007	-0.00311456761352	-3.41212294612e-06	1.71105867155e-06	4.8861419	4.7929536	4.8527407	4.8227475
1946.2231764384971484	0.0040074842476286627602	-3.1915969601028288949	-272.26490372192824907	4.9605439166818312557	-39.81139261	-0.000175854993257	-0.00311878317284	-3.46801615985e-06	1.89563955277e-06	4.8849665	4.7793138	4.8728483	4.8005369
1947.2232911231885737	0.0039513321568522795368	-3.1876181860944852176	-273.26386535406368239	5.0085410054470242969	-39.81156379	-0.000161452803957	-0.00312298938684	-3.52208535473e-06	2.08017088299e-06	4.8838762	4.7654156	4.8843258	4.7871509
1948.2234058077683585	0.0038806787202913190296	-3.1837012343332897757	-274.26300874882736025	5.0525930246236576693	-39.81171552	-0.000147044755267	-0.00312717653797	-3.5756709744e-06	2.29579573237e-06	4.8829256	4.7513528	4.8908327	4.7803232
1949.2235204924595564	0.003807583310195734351	-3.1798566624550907989	-275.26231560975605817	5.0927669990217188101	-39.81185781	-0.000132622661576	-0.00313135230557	-3.62822422583e-06	2.52713546418e-06	4.8821786	4.7371536	4.896977	4.7750851
1950.2236351771509817	0.0037344879001748386253	-3.1760851943698469313	-276.26176823132442451	5.1291353116827149705	-39.81198078	-0.000118171828746	-0.00313550477997	-3.67933730244e-06	2.76044591432e-06	4.8817043	4.7228016	4.9072823	4.7646644
1951.2237498618419522	0.0036631682331243553899	-3.1723868300775590612	-277.26134973694638575	5.1617705083252545251	-39.81209432	-0.000103711754129	-0.00313964791525	-3.73024479362e-06	2.99523282953e-06	4.8815692	4.7083039	4.9225008	4.7448519
1952.223864546449704	0.0035800274912282355547	-3.1687644138101918045	-278.2610440489119128	5.1907458669553143693	-39.81218851	-8.92327095263e-05	-0.00314377188074	-3.78368924131e-06	3.25840631464e-06	4.8818369	4.6937481	4.9384895	4.7202271
1953.2239792311409019	0.0034949088097967636289	-3.1652265399663210843	-279.26083572099895491	5.2161417655500006418	-39.81227315	-7.47494562259e-05	-0.00314790912482	-3.83741332116e-06	3.53376564404e-06	4.8825777	4.6792321	4.9507782	4.6972188
1954.2240939158323272	0.003409790128240557279	-3.1617737945656081422	-280.26071007691115256	5.2380429352161961276	-39.81233816	-6.02575369149e-05	-0.00315207371049	-3.89352060968e-06	3.809210908e-06	4.8838663	4.6648583	4.9552415	4.6817345
1955.2242086005232977	0.0033252286524560986485	-3.1584061776080565309	-281.26065332989378476	5.2565342318782848352	-39.81239373	-4.57418334547e-05	-0.00315624632898	-3.94786857746e-06	4.08628243787e-06	4.8857741	4.6508612	4.9532852	4.6730112
1956.2243232851908488	0.0032369563099734761751	-3.1551245825623235319	-282.26065256035485618	5.2717007737016841062	-39.81242978	-3.11770029038e-05	-0.00316043553958	-4.00128407401e-06	4.37416636082e-06	4.8883703	4.637568	4.9507512	4.66554
1957.2244379698820467	0.0031480644941517198741	-3.1519317060281402121	-283.260695673364296	5.2836299360157310545	-39.81245628	-1.65966303589e-05	-0.00316462922115	-4.05820520729e-06	4.66619745957e-06	4.8917263	4.6253049	4.9536226	4.653735
1958.224552654573472	0.0030591726783587877385	-3.1488277315044124194	-284.26077141121663772	5.2924104833423859517	-39.81246297	-1.9840542755e-06	-0.00316883216673	-4.12504890115e-06	4.95832954049e-06	4.8959163	4.6143652	4.966984	4.6349975
1959.2246673392646699	0.0029690856158079430467	-3.1458126589911401538	-285.26086935529377797	5.2981312392335304651	-39.81246021	1.26438737605e-05	-0.00317305303442	-4.18717157268e-06	5.25227017276e-06	4.9010252	4.6049731	4.9885889	4.6134434
1960.2247820240015699	0.0028869534519086023812	-3.1428845751956391297	-286.26097990357152412	5.3008806232645406809	-39.81243781	2.73037116937e-05	-0.00317731115425	-4.24242965313e-06	5.53149071706e-06	4.9071427	4.5973427	5.0126508	4.5940909
1961.2248967086929952	0.002806154010595638456	-3.1400376950083606076	-287.26109424096478051	5.3007423549914083338	-39.81240572	4.19871852321e-05	-0.00318156738552	-4.29846072718e-06	5.80181947945e-06	4.9143537	4.5916152	5.0333399	4.5801313
1962.2250113933839657	0.0027253545685589197073	-3.1372716235292443798	-288.2612042706115858	5.2977972941710076427	-39.81235344	5.67199415215e-05	-0.00318581967893	-4.35859975834e-06	6.06958606494e-06	4.9227365	4.5877547	5.0467342	4.5705117
1963.225126078075391	0.0026408791492429461827	-3.1345863607582886701	-289.26130257633286647	5.2921262805301374499	-39.81229173	7.14663036406e-05	-0.00319009462367	-4.41564993463e-06	6.33973065087e-06	4.9323565	4.5857	5.055493	4.5635818
1964.2252407628923265	0.0025808193153678852735	-3.1319760537407135281	-290.26138239047560319	5.2838088328887264922	-39.81221033	8.62411248618e-05	-0.00319441694783	-4.47030536876e-06	6.55959823487e-06	4.9432746	4.5854525	5.0636905	4.5584145
1965.2253554475837518	0.0025248962709274211207	-3.1294229031738827196	-291.26143741590692571	5.2729099659206326578	-39.8121193	0.000101036182272	-0.00319876313902	-4.51984736876e-06	6.75431756879e-06	4.9555366	4.5871762	5.0753454	4.5558542
1966.2254701322747223	0.0024689732269772618131	-3.1269256820646611494	-292.26146174301675273	5.2594858114379565706	-39.81200805	0.000115873701086	-0.00320315941018	-4.55929861207e-06	6.9480397625e-06	4.9691899	4.5910666	5.0915092	4.5570158
1967.2255848169661476	0.0024058180235284483926	-3.1244843904130465972	-293.26144988530393221	5.2435923837547884219	-39.81188721	0.000130740105362	-0.00320754768681	-4.59601167408e-06	7.14209466285e-06	4.984298	4.5973906	5.1086145	4.5626081
1968.2256995018863108	0.0023905251224828989384	-3.122087623040588511	-294.26139672099895961	5.2252831101355425858	-39.81174616	0.000145667311368	-0.00321191913558	-4.63365307669e-06	7.22903312933e-06	5.000922	4.6066024	5.1226846	4.5722947
1969.2258141865777361	0.0023835076374198373855	-3.1197003329065582378	-295.26129692163965501	5.2045829590292669309	-39.81159548	0.000160603298667	-0.00321629346115	-4.66759131972e-06	7.26586069624e-06	5.0190958	4.6192158	5.1300963	4.5856038
1970.2259288712687066	0.0023764901511768134548	-3.1173200610629341334	-296.26114493817283346	5.181499325872259476	-39.81142447	0.000175557828436	-0.00322067386135	-4.68966147876e-06	7.30183967375e-06	5.0388907	4.6357229	5.1327044	4.6019394
1971.2260435559601319	0.0023580579643065363062	-3.1149468075097135333	-297.2609352677598622	5.1560393586470603111	-39.81124396	0.000190525380528	-0.0032250125206	-4.70279200859e-06	7.33938925339e-06	5.0604181	4.6563862	5.1364625	4.6198716
1972.2261582410155825	0.0024147798525612790971	-3.1125628200665533818	-298.2606623426708552	5.1282062040150169224	-39.81104335	0.000205520517539	-0.00322926276083	-4.70797403357e-06	7.21122573444e-06	5.0837841	4.6813908	5.1474183	4.6376705
1973.2262729257067804	0.0024848848751669581382	-3.1101127067444940266	-299.2603192573033084	5.0979583084451327579	-39.81083309	0.000220535584016	-0.00323347412269	-4.70864134849e-06	7.002236575e-06	5.1090532	4.7109642	5.1699716	4.6539715
1974.2263876103982057	0.0025549898971032668042	-3.1075924803601258084	-300.25989789936761554	5.0652261920885042201	-39.81060231	0.000235593000608	-0.00323760286802	-4.68731557917e-06	6.7921179158e-06	5.1363176	4.7452083	5.1996566	4.6723137
1975.2265022950891762	0.0026098819912651412441	-3.1050021409134500594	-301.25938962342451077	5.0299399796753494485	-39.81036194	0.000250667468504	-0.00324163978	-4.6531132587e-06	6.5821339274e-06	5.1656869	4.7841086	5.2290184	4.7000575
1976.226616980335848	0.0027643086137498873271	-3.1023184366154814562	-302.25878504448553485	4.9920246194502402304	-39.8101011	0.000265778285508	-0.00324548092629	-4.60744452999e-06	6.1488279073e-06	5.1972667	4.8276587	5.252996	4.7446232
1977.2267316650270459	0.0029371273729377599809	-3.099467391688396134	-303.25807176167870693	4.951345855850003197	-39.80983058	0.000280910050471	-0.00324920127911	-4.55797004204e-06	5.60521564267e-06	5.2311005	4.8759556	5.2700012	4.8076496
1978.2268463497184712	0.0031099461319195492205	-3.0964435081825878449	-304.25723463309071803	4.907731904850322735	-39.80953934	0.000296086613234	-0.00325266331171	-4.47641112202e-06	5.06026998803e-06	5.2672009	4.9291705	5.279869	4.8813187
1979.2269610344094417	0.0032653847478495289132	-3.0932467860980588092	-305.25625697443439321	4.861010472848272812	-39.80923843	0.000311276810366	-0.00325596614887	-4.37952361192e-06	4.51448348832e-06	5.3055583	4.9874721	5.2907779	4.9570945
1980.227075719918048	0.0035337983713130912723	-3.0898511495073814892	-306.25512019438025391	4.8110035813372942215	-39.80891674	0.000326496257804	-0.00325892745831	-4.26928973987e-06	3.71348155617e-06	5.3461405	5.0508439	5.3144521	5.0323674
1981.2271904046092459	0.0038239330761231740165	-3.0861718618741118547	-307.253800319683819	4.757466104867287271	-39.80858535	0.000341744146919	-0.00326170396708	-4.16143340459e-06	2.78382596814e-06	5.388808	5.119146	5.3555689	5.1110154
1982.2273050893006712	0.0041140677811933720406	-3.0822024062617998652	-308.25226830269929224	4.7001097106042211138	-39.80823308	0.000357053247469	-0.00326408275269	-4.02235815573e-06	1.85348594657e-06	5.4333466	5.1922257	5.4055314	5.1968368
1983.2274197739920965	0.00438774123468372787	-3.0779427826704459648	-309.25049174017198084	4.638645583505772052	-39.807871	0.000372374768133	-0.00326622023923	-3.86834080481e-06	9.21352102338e-07	5.4795376	5.2696254	5.4543162	5.287723
1984.2275344597424009	0.0047678396931161454858	-3.0733686815895633337	-310.24843429500873526	4.5727798438808715531	-39.80748774	0.000387723104337	-0.00326783675109	-3.70028021079e-06	-2.52957817467e-07	5.5271501	5.3506859	5.4923293	5.3773809
1985.2276491444338262	0.0051691086261722151568	-3.0683996376219777602	-311.24605122491374232	4.5021555888993241012	-39.80709498	0.000403081116734	-0.00326919153197	-3.53779564503e-06	-1.54783463082e-06	5.5758581	5.4348593	5.5185827	5.460822
1986.2277638291250241	0.0055703775593277451983	-3.063029278701862701	-312.24328954668851566	4.4263749320675289667	-39.80668164	0.000418460087174	-0.00326997941951	-3.34269146837e-06	-2.83567871269e-06	5.6252976	5.5218465	5.5411789	5.5426485
1987.227878513816222	0.0059605150616633935726	-3.0572576048292168238	-313.24009003443580923	4.3450398640703093989	-39.80625837	0.000433866074442	-0.00327043672025	-3.13339790819e-06	-4.12487565514e-06	5.675107	5.611445	5.5685384	5.6316624
1988.227993199484672	0.0064224338830129968844	-3.051068303601248477	-314.23638646777391159	4.2577495086583345696	-39.80581353	0.000449330765669	-0.00327017570001	-2.90109235575e-06	-5.57765107603e-06	5.7249207	5.7034506	5.6082178	5.7366178
1989.2281078841760973	0.0068988713510158838904	-3.0444068871093410422	-315.232101373685623	4.1640611441183166264	-39.80535886	0.000464845074497	-0.0032695392505	-2.67463179208e-06	-7.11304778636e-06	5.7743561	5.7974335	5.6587398	5.8556627
1990.2282225688670678	0.0073753088191076607294	-3.0372689785093012205	-316.22714589343479474	4.0635049948382970797	-39.80488278	0.000480467540991	-0.00326808443103	-2.41936668159e-06	-8.64523137312e-06	5.8230422	5.8925777	5.7127748	5.9723439
1991.2283372535584931	0.0078513437973634810085	-3.0296545778011223504	-317.22142134209235564	3.9556120769687588279	-39.80439685	0.000496100584795	-0.0032662701963	-2.15982666484e-06	-1.01754266518e-05	5.8706115	5.9880172	5.7630085	6.0689107
1992.2284519382953931	0.0083299798628011442747	-3.0215630913331685825	-318.21481857383037095	3.8399147782114457783	-39.80388937	0.000511756759202	-0.00326366998754	-1.87421129022e-06	-1.17080640623e-05	5.9167012	6.0831188	5.8027264	6.1344442
1993.2285666229868184	0.0088091347262366503923	-3.0129925512416351197	-319.20721714486910514	3.7159456859018709096	-39.80337212	0.000527428103907	-0.00326066327762	-1.59616655102e-06	-1.32391220977e-05	5.9609881	6.1782437	5.832983	6.1847003
1994.2286813076782437	0.0092882895896883692355	-3.003942801334952506	-320.19848468153503518	3.5832383892269636938	-39.80283341	0.000543132729708	-0.00325676477222	-1.3158466843e-06	-1.47622715593e-05	6.003182	6.2740049	5.8611464	6.2420865
1995.2287959923692142	0.0097808974678849532058	-2.9944138416131242941	-321.18847633454004153	3.4413287675408565924	-39.80228481	0.0005588411607	-0.00325249517923	-1.0464662611e-06	-1.62812640426e-05	6.0429958	6.3707028	5.8946281	6.3218905
1996.228910675213001	0.010185787993102282667	-2.984426035002072819	-322.17703484185329899	3.2897598227799496051	-39.80171444	0.000574557966469	-0.00324740886588	-7.48157138314e-07	-1.75973677898e-05	6.0801526	6.4675661	5.9406471	6.4144321
1997.2290253599041989	0.010574129748842893764	-2.9740448857087269374	-323.16399781550137504	3.1281291070818473266	-39.8011344	0.000590277171921	-0.0032419508326	-4.51268088693e-07	-1.88087495717e-05	6.1144172	6.563505	6.0001811	6.5044149
1998.2291400445956242	0.010962471504737078196	-2.9632753501226476445	-324.14919599423205909	2.9560702115530590461	-39.80053306	0.000606001675788	-0.00323567205487	-1.79792073717e-07	-2.0008528173e-05	6.1455365	6.6579453	6.0631306	6.5839421
1999.2292547292865947	0.011377108173542744771	-2.9521174282438433778	-325.13244824332940652	2.7732204926630763531	-39.79992184	0.000621709740198	-0.00322903740792	6.82231320305e-08	-2.12030328578e-05	6.1732548	6.7516812	6.1184156	6.6647952
2000.2293694100092125	0.011617284768214717824	-2.9406128677102660873	-326.11356297878558053	2.5792302190400686612	-39.79928879	0.000637381389937	-0.00322161448306	3.56815260199e-07	-2.19985794083e-05	6.1973199	6.8455871	6.1571453	6.7614205
2001.2294840947004104	0.011827723515784706668	-2.9288890191764620496	-327.09235762809470316	2.373855049337436629	-39.79864622	0.000653036962808	-0.00321387297353	6.52057424441e-07	-2.26062361683e-05	6.2175196	6.9383387	6.1807869	6.8758362
2002.2295987793918357	0.012038162263504757765	-2.9169547077609236929	-328.06865425304033579	2.1569163230919459195	-39.79798251	0.000668656809306	-0.00320542349805	8.92739735582e-07	-2.3201966228e-05	6.2336593	7.0268193	6.1940796	6.9990277
2003.2297134640828062	0.01228435422842661523	-2.9048099334636594548	-329.04226813587541756	1.9282394865523728722	-39.79730916	0.000684260543224	-0.00319669165093	1.09904179931e-06	-2.37928507392e-05	6.2455447	7.1076108	6.2015739	7.1204718
2004.2298281433779721	0.012286951608545839537	-2.8925154092604410394	-330.01301103259203273	1.6876672273326238649	-39.7966143	0.000699828355781	-0.00318733028485	1.35722521156e-06	-2.38285514794e-05	6.2529982	7.1763182	6.204997	7.2255384
2005.2299428280693974	0.012253474394490869101	-2.8802437890533587606	-330.98072475780179502	1.4351855916234239618	-39.79590977	0.000715392827049	-0.00317774660713	1.63233023872e-06	-2.36355034796e-05	6.2559795	7.228132	6.2034274	7.2984284
2006.2300575127605953	0.01221999718028778624	-2.8680056498996822079	-331.94527179565199049	1.1708639873172042023	-39.79518366	0.000730949825169	-0.0031676657056	1.83406597486e-06	-2.34436412773e-05	6.2545155	7.2577549	6.1958964	7.3251531
2007.2301721974520206	0.012224682298545872655	-2.8558009917994056082	-332.90651653428074042	0.89477429283348053346	-39.79444813	0.000746464643777	-0.00315742089833	2.00149790597e-06	-2.32513485605e-05	6.2486287	7.2536669	6.1824463	7.3098631
2008.2302868768949793	0.011960467180597579226	-2.8436998882482793505	-333.86432999609189665	0.60700607182491639335	-39.79369148	0.000761884817977	-0.00314680831155	2.23737612466e-06	-2.24512751629e-05	6.2383399	7.2002736	6.1661591	7.2682864
2009.2304015615864046	0.011662342088276841587	-2.8318871290265446028	-334.81863331980338216	0.30780226551262607204	-39.79292532	0.000777274528207	-0.00313609683448	2.49840601325e-06	-2.14315987917e-05	6.2238064	7.0946921	6.1508447	7.2034363
2010.2305162462776025	0.011364216996207224253	-2.8203725290874150922	-335.76938226919003228	-0.0025117147264532846407	-39.79213775	0.000792595660348	-0.00312516274339	2.68340455989e-06	-2.04220490587e-05	6.2052769	6.9622041	6.1404598	7.0900963
2011.2306309309690278	0.011096443213503261183	-2.8091560884308854895	-336.71654327627777548	-0.32361126729311784356	-39.79134089	0.000807863023005	-0.00311418305513	2.83794640315e-06	-1.94194853482e-05	6.1829841	6.8272785	6.1365806	6.9077734
2012.2307456121809537	0.010607238140650229047	-2.7982978714035522394	-337.66009789624058612	-0.65515950522292187852	-39.79052307	0.000823008951208	-0.00310310038897	3.04442086144e-06	-1.79257954885e-05	6.1570946	6.6918968	6.1316724	6.6834229
2013.230860296872379	0.010094038133481871011	-2.7879460462067959803	-338.60008289292346717	-0.99669816502615993237	-39.78969589	0.000838122622444	-0.00309203685342	3.27436534494e-06	-1.62770816515e-05	6.1278677	6.5512414	6.1160554	6.4603959
2014.2309749815635769	0.0095808381263785043908	-2.7781074798732787734	-339.53657255497518008	-1.3477087443055009164	-39.78884753	0.000853163206951	-0.00308101666333	3.43826256725e-06	-1.46461471169e-05	6.0956181	6.4020068	6.084751	6.2710713
2015.2310896662547748	0.0090821215790056787631	-2.7687821724029983983	-340.46965629880679671	-1.7076766050166141131	-39.78799003	0.000868156965176	-0.00307005573961	3.5835620261e-06	-1.30283235982e-05	6.0605724	6.2467303	6.0458572	6.1119352
2016.2312043496754086	0.0084747730954843353973	-2.760000445508605349	-341.39944050163040856	-2.0760843820679473204	-39.78711175	0.000883044280817	-0.00305922953648	3.73717699431e-06	-1.11820590649e-05	6.0229418	6.0892151	6.0098217	5.9722488
2017.2313190343666065	0.0078569081112712310655	-2.7518336684082576049	-342.32606930647222043	-2.4523593888896879633	-39.78622442	0.00089786265966	-0.00304853673821	3.90361439474e-06	-9.27478794292e-06	5.9829494	5.9331389	5.9807791	5.8417872
2018.2314337190580318	0.0072390431268865573777	-2.7442848271519393322	-343.24971321100127852	-2.8359041317823949768	-39.78531643	0.000912523825173	-0.00303814817549	4.02605715733e-06	-7.38593897886e-06	5.9407919	5.7819493	5.9509173	5.7107479
2019.2315484037490023	0.0066187264367026524617	-2.7373539217396558598	-344.17055646109014333	-3.2261259747604653647	-39.78439965	0.000927140148903	-0.00302792522423	4.14712257598e-06	-5.51027907205e-06	5.8966576	5.6380669	5.9111457	5.5764406
2020.2316630885911763	0.0060170647589031095448	-2.7310356723503823595	-345.08879529102131301	-3.622438358858615981	-39.78346276	0.000941653875446	-0.00301808118901	4.22863392642e-06	-3.68932575334e-06	5.850746	5.5025307	5.8601329	5.4459923
2021.2317777732823743	0.0054171102504173354597	-2.7253179291833324882	-346.00463285916276845	-4.0242694251181756471	-39.78251706	0.000956092470177	-0.00300842005377	4.31322363207e-06	-1.89410556051e-06	5.8032624	5.3760793	5.8067211	5.3254288
2022.2318924579737995	0.0048171557417931625336	-2.7202002093304944452	-346.91828023191425245	-4.4310564421341620545	-39.78155118	0.000970358603249	-0.00299917875709	4.39097635597e-06	-1.13275287605e-07	5.7544092	5.2585455	5.7600655	5.2118763
2023.2320071426647701	0.0042031199875047697487	-2.7156825127918717833	-347.82995744771812952	-4.8422405067949689794	-39.78057666	0.000984578603165	-0.00299015290109	4.4815178108e-06	1.65599250854e-06	5.7044896	5.1494763	5.7205149	5.0998555
2024.23212182789689	0.0036963153026169440207	-2.7117344673341667871	-348.73988927025965268	-5.2572732299380096066	-39.77958223	0.000998692360211	-0.00298162319661	4.50012276481e-06	3.17788400573e-06	5.6538914	5.0487277	5.6811058	4.9910471
2025.2322365125880879	0.0031992929194855426744	-2.7082862678128312162	-349.6482806615363188	-5.6756671488464194297	-39.77857932	0.00101276795971	-0.00297331828178	4.5120263503e-06	4.62041055036e-06	5.6029569	4.9565877	5.634683	4.8958368
2026.2323511972795131	0.0027022705359892244641	-2.705335147675689722	-350.55532880712979704	-6.0969655203625716666	-39.77755681	0.00102675539611	-0.00296553274394	4.54426519093e-06	6.05602481519e-06	5.5520632	4.8735062	5.5807071	4.8220883
2027.2324658819709384	0.0021835785613963658476	-2.7028811069227431929	-351.46123515027198891	-6.5207137683498785918	-39.77652595	0.0010407010416	-0.00295795627642	4.59943211761e-06	7.48500142429e-06	5.5016854	4.8003324	5.5265038	4.7624428
2028.2325805670916452	0.0018285657719034505413	-2.7008781437216780041	-352.36619979895255028	-6.9464696051773380248	-39.77547572	0.00105454981249	-0.00295086445012	4.56242717805e-06	8.55413393085e-06	5.4523084	4.738032	5.4798646	4.7047647
2029.2326952517830705	0.0014889651290483369838	-2.6992191880362419454	-353.27038422382321414	-7.3738800388348115789	-39.7744171	0.00106835775999	-0.00294399316832	4.51159009559e-06	9.50860002088e-06	5.4043491	4.6874534	5.4432224	4.639382
2030.2328099364742684	0.00103736555003259537	-2.6978998719405233864	-354.17393121226683661	-7.8026364696512571228	-39.77333898	0.00108207076506	-0.00293763480422	4.50580487162e-06	1.04581931136e-05	5.3581673	4.648026	5.4108575	4.573899
2034.2332687369816995	0.00020852586891700232853	-2.6952969055509772289	-357.78435266609221799	-9.5255751794043739267	-39.76890058	0.00113651745567	-0.00291491036418	4.27798495209e-06	1.270258642e-05	5.1975473	4.5736552	5.2621588	4.5243161
2038.2337274909605185	0.0001425733790859239525	-2.694559410714983283	-361.39231014631974404	-11.253670146481333347	-39.76424534	0.00119032127563	-0.00289606846447	3.87334327066e-06	1.28216306407e-05	5.0809864	4.5578618	5.1472083	4.5561941
2042.234186248622791	0.00062253914155494449387	-2.6930739670241461425	-364.99863645190004036	-12.985165939447309569	-39.75937654	0.00124364328789	-0.002879042841	3.37211439113e-06	1.14349825367e-05	5.0021626	4.597625	5.0751249	4.6117225
2045.2345303055840304	0.0010802040793910726822	-2.6905274293740180092	-367.70070582032190032	-14.289344103372089378	-39.75558751	0.00128312189594	-0.00286614921255	3.02198695228e-06	1.0010314151e-05	4.959743	4.6461024	5.050208	4.6578973
2046.2346449902754557	0.0012375113122442555746	-2.6893684387750047549	-368.60054516636256494	-14.725828263284284958	-39.7542946	0.00129615707985	-0.0028616835908	2.9279009628e-06	9.51777349379e-06	4.9476402	4.6616147	5.0383427	4.6756176
2047.2347596749664262	0.0013986495300609494159	-2.6880521229022789065	-369.49984359274293411	-15.163425770573962126	-39.75299404	0.00130918573044	-0.00285715691873	2.83770060809e-06	9.02698660814e-06	4.9362312	4.6770473	5.0272203	4.6943885
2048.234874359598507	0.0015319589471194945251	-2.686585994975174696	-370.39853150842799323	-15.602275669222374077	-39.75167513	0.00132219872858	-0.00285248398323	2.78920266504e-06	8.59600815156e-06	4.9253392	4.6931579	5.0161416	4.714024
2049.2349890442897049	0.0016621973785296184807	-2.6849887336515823044	-371.29654601034161487	-16.04250188858241799	-39.75034863	0.0013351874585	-0.00284773298038	2.7500338626e-06	8.18611516861e-06	4.914808	4.7104043	5.0038253	4.7346561
2050.2351037289809028	0.0017924358097584959255	-2.6832612189607525366	-372.19382742877388637	-16.484220339519676912	-39.74900388	0.00134811785355	-0.00284279432266	2.7163418567e-06	7.77784054742e-06	4.9044965	4.7287917	4.9892586	4.7569372
2051.2352184136721007	0.0019256294882114032615	-2.6814034509026849484	-373.09031554568684896	-16.927546575006349627	-39.74765161	0.00136101857699	-0.00283776275961	2.68299735651e-06	7.37107735957e-06	4.8942887	4.748267	4.9726605	4.7814472
2052.2353330983009982	0.0020373833629875339434	-2.679421209630114209	-373.98595015646992579	-17.372594548790672775	-39.74628121	0.00137384773952	-0.00283250713076	2.67659783257e-06	7.01018354844e-06	4.8840778	4.7686287	4.9546201	4.8078096
2053.2354477829926509	0.0021467584118060470746	-2.6773288988141179523	-374.880676080528076	-17.81946649738493349	-39.74490337	0.00138666635111	-0.00282714845361	2.67470478774e-06	6.6659299642e-06	4.8737819	4.7895911	4.9354325	4.8351868
2054.2355624676833941	0.0022561334608812585144	-2.6751272004056700915	-375.77444048952469302	-18.268258386437594254	-39.74350754	0.00139945943146	-0.002821540419	2.67013892099e-06	6.32373180343e-06	4.8633961	4.8108706	4.9137967	4.8640311
2055.2356771523750467	0.0023670291825346441786	-2.6728161144047666298	-376.66718995529146241	-18.719065805073483943	-39.74210426	0.0014122239938	-0.00281582017622	2.661141481e-06	5.98212487492e-06	4.8529384	4.832201	4.8878885	4.8974475
2056.2357918370271364	0.0024668931215510287412	-2.6703986148416749558	-377.55887072815494321	-19.171983341375149479	-39.74068291	0.00142491931737	-0.00280982750369	2.65678013009e-06	5.66270780488e-06	4.8424443	4.853319	4.8567656	4.9380166
2057.2359065217183343	0.0025655328395215813014	-2.6678821132899552815	-378.44943135654278876	-19.627099394524648801	-39.73925433	0.00143758929949	-0.00280373184855	2.65331626218e-06	5.35319467622e-06	4.8320581	4.8739812	4.8246204	4.9791348
2058.2360212064095322	0.0026641725573649092419	-2.6652669607080379244	-379.33882128688156854	-20.084498961953606511	-39.73780813	0.00145019754937	-0.00279738532581	2.64620331751e-06	5.04732678664e-06	4.8219651	4.8939578	4.7974933	5.0086325
2059.2361358911007301	0.0027634329113436677597	-2.6625531570959233285	-380.22698931099881747	-20.544266652846626897	-39.73635456	0.00146276375095	-0.00279092983514	2.6346031937e-06	4.74128623526e-06	4.8123563	4.9130424	4.7800154	5.0196776
2060.2362505757737381	0.002858187821884175181	-2.6597419179598094097	-381.11388366827901564	-21.006486430450440395	-39.73488297	0.00147522717891	-0.00278420800716	2.62046160064e-06	4.44215139713e-06	4.8034638	4.9310889	4.7677185	5.0192467
2061.236365260464936	0.0029524441666451961552	-2.6568362687703306335	-381.99945312719569301	-21.471239496313238249	-39.73340415	0.00148765336837	-0.00277738194721	2.60521381223e-06	4.14689650604e-06	4.7955382	4.9479576	4.7525018	5.0164953
2062.2364799451561339	0.0030467005114004756285	-2.6538363524261892046	-382.88364639215370744	-21.938605415690670242	-39.73190761	0.00149998823486	-0.00277030027077	2.58666636746e-06	3.85169978984e-06	4.7888171	4.9635064	4.7279797	5.0194339
2063.2365946298473318	0.0031411633622663781215	-2.6507421689273846788	-383.7664114462534144	-22.408663331025902465	-39.73040408	0.00151229801932	-0.0027631191726	2.56474382516e-06	3.55913586319e-06	4.783434	4.9775895	4.6998548	5.0307869
2064.2367093145312538	0.0032341255687061143398	-2.6475541235833337517	-384.64769557227998575	-22.881491867149822639	-39.72888333	0.00152454608642	-0.00275569343526	2.53958149017e-06	3.27413930778e-06	4.7794765	4.9900599	4.6790293	5.0517825
2065.2368239992224517	0.0033269224359139979927	-2.6442732233551939913	-385.52744570866224194	-23.357168419891014111	-39.72735545	0.00153674985336	-0.00274817693383	2.51282628842e-06	2.99022771601e-06	4.7770152	5.0007705	4.6745446	5.0825421
2066.2369386839141043	0.0034197193026379137451	-2.6408995156177241803	-386.40560823505251165	-23.835769517945106344	-39.72580994	0.00154884424765	-0.00274043634493	2.48410751674e-06	2.70447135825e-06	4.7759833	5.0095856	4.6811401	5.114037
2067.2370533686048475	0.0035125995221979926762	-2.6374330003709283154	-387.28212873633771096	-24.317371212009259551	-39.72425753	0.00156090695854	-0.00273259450211	2.45525922364e-06	2.42077087026e-06	4.7762484	5.0163749	4.6869132	5.1327208
2068.2371680532937717	0.0036048733044326168942	-2.6338738416225968564	-388.15695200101521323	-24.802049024816010814	-39.72268801	0.00157289118273	-0.00272450183122	2.43011072047e-06	2.14128116011e-06	4.7776721	5.0210129	4.6819496	5.1259198
2069.2372827379849696	0.0036970806072556057671	-2.6302224459555367808	-389.03002215807862285	-25.28987765461965509	-39.72111156	0.00158482330558	-0.00271631488495	2.40369224745e-06	1.86299556681e-06	4.780072	5.0234556	4.671083	5.095692
2070.2373974226761675	0.0037892879098095112733	-2.6264788324112329221	-389.90128257779514342	-25.780931109351797659	-39.71951786	0.00159662592655	-0.00270789360998	2.37684062548e-06	1.58450713245e-06	4.7832459	5.0237247	4.6657334	5.0559964
2071.2375121073673654	0.0038815812456323164036	-2.6226430009896839479	-390.77067576382182779	-26.275282850725581341	-39.71791744	0.00160840711844	-0.00269937921692	2.3491663051e-06	1.30851893515e-06	4.7869976	5.0218473	4.675335	5.020935
2072.2376267920549253	0.003973247800480628894	-2.6187151214480453021	-391.63814335525773913	-26.773005739842467676	-39.71630026	0.00162013486669	-0.00269063258958	2.32343752386e-06	1.03770816916e-06	4.7911729	5.0179631	4.6951117	4.9970138
2073.237741476746578	0.0040648460319937934626	-2.6146956136086112465	-392.50362627451369235	-27.274171732625283937	-39.71467645	0.00163183187804	-0.00268178537853	2.2992957125e-06	7.69984588584e-07	4.7956368	5.0123401	4.7141261	4.982002
2074.2378561614373211	0.0041564442631025193958	-2.6105844970330958077	-393.36706462455498468	-27.778852017001490537	-39.71303606	0.00164345197285	-0.00267268646522	2.28174447433e-06	5.06577833867e-07	4.8002644	5.0052545	4.7231398	4.9731873
2075.2379708461289738	0.0042482702379526872394	-2.6063817717214905478	-394.22839757717372322	-28.287117159434345126	-39.71138908	0.0016550441704	-0.00266348020258	2.26230452413e-06	2.45386170082e-07	4.8050043	4.9970399	4.725305	4.967769
2076.2380855308101673	0.0043384344274633133975	-2.6020878885160976246	-395.08756341300187387	-28.799036989354146243	-39.70972555	0.00166656632078	-0.00265400439692	2.24336045214e-06	-9.51625068004e-09	4.8098381	4.9881231	4.7292504	4.9628005
2077.2382002155013652	0.0044284186558188175925	-2.5977039592625654763	-395.94449995736175651	-29.314679830405996341	-39.70805554	0.00167805706617	-0.00264441999753	2.22344766493e-06	-2.60761258352e-07	4.8147461	4.9789394	4.7421874	4.9553248
2078.2383149001925631	0.0045184028838793546118	-2.5932300354609272297	-396.79914433199002133	-29.834112893522846122	-39.70636917	0.00168946868925	-0.00263456200522	2.20255772465e-06	-5.08074556768e-07	4.8196909	4.969894	4.7604997	4.9451831
2079.238429584883761	0.0046090208977787264916	-2.588666117111182885	-397.65143268253120823	-30.35740269265841107	-39.70467632	0.00170084932355	-0.00262461704989	2.17976273763e-06	-7.53862688169e-07	4.8246268	4.9613208	4.7756113	4.938796
2080.2385442695440361	0.0046950053256679148694	-2.5840134639475933476	-398.50130032762882593	-30.884614760043699988	-39.70296704	0.00171215161881	-0.00261445225372	2.16106564671e-06	-9.8967034123e-07	4.8295087	4.9535401	4.7805251	4.9432182
2081.2386589542356887	0.0047804920355092594964	-2.5792751719198574456	-399.34868304345627621	-31.415811563558250441	-39.70125143	0.00172342354578	-0.00260417985138	2.14324618613e-06	-1.21980281631e-06	4.8342969	4.9467452	4.7795684	4.9554039
2082.2387736389268866	0.0048659787448792598055	-2.5744513833783773116	-400.19351638200390653	-31.951053633169756552	-39.69951978	0.00173461844097	-0.00259363449681	2.12575227077e-06	-1.44570149207e-06	4.8389539	4.9409809	4.7819884	4.9603867
2083.2388883236180845	0.0049528318476881596708	-2.5695420983231511691	-401.0357349222580865	-32.490400742269699208	-39.69778181	0.00174579354927	-0.00258299634097	2.10346647768e-06	-1.66985656434e-06	4.8434419	4.9362754	4.7952609	4.9442067
2084.2390030082383419	0.0050296702573982996973	-2.5645500467471600281	-401.87527262403347095	-33.033911324167526402	-39.69602775	0.00175691829534	-0.00257212198436	2.08474326734e-06	-1.87359376408e-06	4.8477199	4.9325756	4.8147107	4.9109643
2085.2391176929295398	0.0051054440747039563434	-2.5594819084098632267	-402.71206571048787737	-33.581638055300430779	-39.69426748	0.0017679976989	-0.00256115183368	2.06863916604e-06	-2.06888697077e-06	4.8517516	4.9297735	4.830588	4.8755798
2086.2392323776211924	0.0051812178925827526155	-2.5543379875648795085	-403.54605116509270601	-34.133630300298655413	-39.69249138	0.00177896130119	-0.00254993703248	2.05102067416e-06	-2.26117931064e-06	4.8555027	4.9277658	4.8350605	4.8508704
2087.2393470623119356	0.0052592811650157339151	-2.5491182842122150909	-404.37716508849047159	-34.689936652859707067	-39.69070907	0.00178990666651	-0.00253863034306	2.02822275542e-06	-2.45231851131e-06	4.8589348	4.9265006	4.833078	4.8363347
2088.239461746878078	0.0053205108852281387047	-2.5438274026397125205	-405.20534332588039206	-35.250603984105026711	-39.68891085	0.00180080529676	-0.00252708817597	2.0168226517e-06	-2.61215813432e-06	4.8620087	4.9259438	4.8348273	4.8266354
2089.2395764315692759	0.0053799745269080797086	-2.5384765463427454435	-406.03052647564970812	-35.815670144257985896	-39.68710665	0.0018116707944	-0.00251545624233	2.01032673933e-06	-2.75914055744e-06	4.8646941	4.9260708	4.8486797	4.8180992
2090.2396911162604738	0.0054394381689017385142	-2.5330662195842714723	-406.85265728316358036	-36.385168061731370415	-39.68528708	0.00182245109388	-0.00250359348043	1.99982134366e-06	-2.90166841537e-06	4.8669573	4.9269195	4.8708684	4.8128088
2091.2398058009516717	0.0055019978186229452632	-2.5275964223642897188	-407.67167781475512811	-36.95912995730344619	-39.68346139	0.00183320230396	-0.00249165084794	1.98392083231e-06	-3.0443505375e-06	4.8687611	4.9285424	4.8926778	4.8140783
2092.2399204854668824	0.0055417049916739674967	-2.5220734307219303538	-408.48753034638582449	-37.537586080644615549	-39.68161991	0.00184387845622	-0.00247950212964	1.98685336848e-06	-3.14832871891e-06	4.8700698	4.930972	4.9057857	4.8232699
2093.240035170158535	0.0055790525507245659204	-2.5165124142603119139	-409.30016438113955246	-38.12055497383714453	-39.6797726	0.00185451765666	-0.00246727250996	1.99658702828e-06	-3.23693032054e-06	4.8708558	4.9341799	4.9089874	4.8367252
2094.2401498548497329	0.0056164001105203260888	-2.5109140459561896108	-410.10953298180231741	-38.708049006476819898	-39.67791018	0.0018650611848	-0.0024548334278	1.99930877059e-06	-3.32234351521e-06	4.8710938	4.9381234	4.9073085	4.8500144
2095.2402645395409309	0.0056572450750749002715	-2.505278325809561224	-410.91558883752804832	-39.300079996037801777	-39.67604192	0.00187557978357	-0.00244233593751	1.99494492126e-06	-3.40745872474e-06	4.8707583	4.9427535	4.9059533	4.8624707
2096.2403792240302209	0.0056721585181591944319	-2.4996124085511830515	-411.71828531132723583	-39.896657801236678154	-39.67415843	0.00188603361548	-0.00242968670205	2.00915067016e-06	-3.44726423748e-06	4.8698239	4.9480076	4.9073041	4.8806842
2097.2404939087214188	0.0056844429301430403345	-2.4939334566128619208	-412.51758464741533317	-40.49777947420225388	-39.67226922	0.00189643602575	-0.0024169797801	2.03056130776e-06	-3.47187997957e-06	4.8682768	4.9538062	4.9084566	4.9118847
2098.2406085934126168	0.0056967273422546729073	-2.4882422188536263974	-413.31345364679043541	-41.103435497510773189	-39.67036508	0.00190670438159	-0.00240412247145	2.04121483257e-06	-3.49640020149e-06	4.8661109	4.9600703	4.9059316	4.953676
2099.2407232781038147	0.0057124350693972016091	-2.4825386952734773693	-414.10585909031544816	-41.713616031565621256	-39.6684553	0.0019169449343	-0.00239122949026	2.04523804035e-06	-3.52093343909e-06	4.8633192	4.9667331	4.8967794	4.9894826
2100.2408379625976522	0.0057026363121037496051	-2.4768299583568951228	-414.89476880555906746	-42.328309554634358847	-39.66653075	0.00192711275516	-0.00237824319115	2.06828549953e-06	-3.5016314953e-06	4.8598941	4.9737275	4.8793525	5.0021888
2101.2409526472893049	0.0056903020709720237777	-2.4711328358674715666	-415.68015997395082195	-42.947492394967881069	-39.66460064	0.00193723867707	-0.00236521415057	2.09743300337e-06	-3.468678019e-06	4.8558426	4.9809892	4.8522083	4.9913715
2102.241067331980048	0.0056779678296162514745	-2.4654480490339629739	-416.46201470628005836	-43.571134813655525875	-39.66265597	0.00194725461421	-0.00235207291364	2.11219858256e-06	-3.43677438417e-06	4.851179	4.9884686	4.8160788	4.9752283
2103.2411820166717007	0.005668678645047824094	-2.4597755978563591306	-417.24031542840526754	-44.199207012109667403	-39.66070578	0.00195722791537	-0.00233891774617	2.12111961868e-06	-3.40625896056e-06	4.8459173	4.9961184	4.7787866	4.9702073
2104.2412967011910041	0.0056365876323313862314	-2.454121836552158431	-418.01504586563606836	-44.831677934605039582	-39.65874107	0.00196708890973	-0.00232572588447	2.14711287483e-06	-3.34000440473e-06	4.8400725	5.0038993	4.7496102	4.9770753
2105.241411385882202	0.0056022748056629503854	-2.4485017608703354419	-418.78619866961025764	-45.468506092549283437	-39.65677103	0.00197691216717	-0.00231252961771	2.17810062184e-06	-3.26249666882e-06	4.8336731	5.0117618	4.7355973	4.9910131
2106.2415260705738547	0.0055679619789080030123	-2.4429160019505351542	-419.55377130480019332	-46.109644947704403251	-39.65478688	0.00198663567782	-0.00229932170745	2.19392437595e-06	-3.18631863781e-06	4.8267559	5.0196458	4.7341761	5.008907
2107.2416407552645978	0.0055362661200986946347	-2.4373645597927651174	-420.31776182351188709	-46.755048155827353185	-39.65279746	0.00199631722942	-0.00228611316776	2.20389927455e-06	-3.11183453684e-06	4.8193581	5.0274844	4.7401906	5.0305485
2108.2417554398134598	0.005484879407163466801	-2.4318529477671373407	-421.07816974057078596	-47.404668545085122844	-39.65079401	0.00200588748917	-0.00227290295863	2.22625035016e-06	-3.00748660148e-06	4.8115181	5.035207	4.7484818	5.0562764
2109.2418701245046577	0.0054316102576550014114	-2.4263940769576524126	-421.83500278262562233	-48.058450347482313703	-39.64878534	0.00201541130804	-0.00225971428293	2.25277030436e-06	-2.89565862662e-06	4.8032855	5.0427149	4.754377	5.0889895
2110.2419848091958556	0.0053783411081676996482	-2.420988481406819659	-422.58827319838525227	-48.716333792841410855	-39.64676275	0.00202481151909	-0.00224658292098	2.26477322573e-06	-2.78895554181e-06	4.7947164	5.0498953	4.7566273	5.1330081
2111.2420994938870535	0.0053273352264517044932	-2.41563616111463908	-423.33799402450813432	-49.37825952703342125	-39.64473514	0.00203416263141	-0.00223348075088	2.27178260449e-06	-2.68397510788e-06	4.7858664	5.0566283	4.755471	5.1872076
2112.2422141784609266	0.0052592251146297563924	-2.4103419256071023646	-424.08417986435921421	-50.044167732912178792	-39.64269409	0.00204338260657	-0.00222045654884	2.28947026183e-06	-2.55332263343e-06	4.7767927	5.0627737	4.7511536	5.2361184
2113.2423288631521245	0.0051895077193725765857	-2.4051169600352086952	-424.826852882140372	-50.713991512458726163	-39.64064807	0.00205256278048	-0.00220747676869	2.31026313806e-06	-2.41678666119e-06	4.7675617	5.0681782	4.7439407	5.2628523
2114.2424435478437772	0.0051197903235281365039	-2.3999617198545206698	-425.56603948075962762	-51.387660822830191876	-39.63858873	0.00206163627897	-0.00219461604821	2.31610347145e-06	-2.28458575996e-06	4.7582377	5.072688	4.7343624	5.2653962
2115.2425582325349751	0.0050520289103416137974	-2.3948762050650431732	-426.30176698509222888	-52.065106220038828155	-39.63652452	0.00207065017662	-0.00218180479772	2.31868214211e-06	-2.15532707214e-06	4.7488771	5.0761525	4.7232246	5.2541455
2116.2426729171306761	0.0049694300506409839688	-2.3898646028086267812	-427.03406433048854751	-52.746258102484787855	-39.63444718	0.0020795037738	-0.00216912660009	2.33305086938e-06	-2.00723695292e-06	4.7395365	5.0784201	4.7113487	5.2398511
2117.242787601821874	0.0048854571267893135908	-2.3849365941175477701	-427.76296736677403487	-53.431041076852501703	-39.63236508	0.00208831258449	-0.00215651819571	2.34965441982e-06	-1.85514891482e-06	4.7302813	5.0793409	4.699566	5.2311768
2118.2429022865130719	0.0048014842032439476738	-2.3800925679806050894	-428.48851587904414373	-54.119377319569920815	-39.63027012	0.00209700051736	-0.0021440981619	2.35113534552e-06	-1.70823494941e-06	4.721168	5.0788143	4.6885764	5.225476
2119.2430169712042698	0.0047191198703545583076	-2.3753325243977991832	-429.21075064825998879	-54.811189745059174072	-39.62817056	0.0021056358979	-0.00213175537337	2.35012870889e-06	-1.56405927179e-06	4.7122265	5.076758	4.678805	5.2162559
2120.2431316558227081	0.0046245167282693844246	-2.3706599269950343611	-429.92971402485835597	-55.506401386062343306	-39.62605853	0.0021141289436	-0.00211962179904	2.3589439759e-06	-1.4045834798e-06	4.703484	5.0730893	4.6706454	5.197036
2121.2432463405143608	0.0045287932440951778057	-2.3660827471366565611	-430.64545438011350598	-56.20493082717521105	-39.62394197	0.00212256134798	-0.00210756729086	2.37163006737e-06	-1.24273758661e-06	4.6949751	5.0677206	4.6644992	5.164472
2122.2433610252051039	0.0044330697592552623792	-2.3616013017408250541	-431.35802357213145797	-56.906694929358259571	-39.62181307	0.00213082893238	-0.00209572768045	2.37639843042e-06	-1.08623493264e-06	4.6867356	5.0605686	4.6603313	5.125818
2123.2434757098967566	0.0043384617656138154546	-2.3572155908075309583	-432.06747447009144025	-57.611611380200876908	-39.6196798	0.0021390463481	-0.00208397276289	2.37850884157e-06	-9.32565084181e-07	4.6787946	5.0515522	4.6567578	5.0903791
2124.2435903945415703	0.0042353479981917406191	-2.3529280264873864148	-432.77386134809836449	-58.319598264836052692	-39.6175346	0.00214712692843	-0.00207244884563	2.38408543969e-06	-7.69663553648e-07	4.6711803	5.0405936	4.6521348	5.0633507
2125.2437050792327682	0.0041314621855060868622	-2.3487441416230381286	-433.47724302095491566	-59.030570940636394539	-39.61538513	0.00215515184007	-0.00206102544157	2.39338163587e-06	-6.06033315209e-07	4.6639257	5.0276147	4.6448185	5.0457513
2126.2438197639244208	0.0040275763725702226625	-2.3446641544856543504	-434.17768102925396079	-59.74444389259792132	-39.61322396	0.00216302438015	-0.00204987715352	2.39886376083e-06	-4.46966449603e-07	4.6570666	5.0125441	4.6335381	5.036539
2127.243934448615164	0.0039241189804487290257	-2.3406880650752417417	-434.87523787974646439	-60.4611324617183854	-39.61105867	0.00217083625891	-0.00203882189591	2.40417645986e-06	-2.90532470115e-07	4.6506391	4.9953563	4.6192225	5.0252833
2128.2440491332904458	0.0038173901026333049991	-2.3368168024065791855	-435.56997717520710012	-61.180552675979569699	-39.60888205	0.00217848151492	-0.00202802217153	2.41139695402e-06	-1.32341556215e-07	4.6446797	4.9760407	4.6036041	4.9988201
2129.2441638179816437	0.0037103659246651488936	-2.3330524927337008556	-436.26196481975699726	-61.902620055940637656	-39.60670141	0.00218608007688	-0.00201732404191	2.41892588881e-06	2.44236604246e-08	4.6392267	4.9546488	4.5884241	4.9538108
2130.2442785026728416	0.0036033417468936228267	-2.3293952195128042604	-436.95126828748510661	-62.627250304415369442	-39.60450966	0.00219354992774	-0.0020069059559	2.42007622458e-06	1.77303789782e-07	4.6343185	4.9313231	4.5753142	4.9014519
2131.2443931873640395	0.003495926592495029496	-2.3258449827438889557	-437.63795591704842991	-63.354359946309116935	-39.60231398	0.00220096456272	-0.00199659911511	2.42248968718e-06	3.27072637773e-07	4.6299827	4.9062178	4.5645186	4.8537542
2132.2445078720679703	0.0033914994006301779801	-2.3224009332863895239	-438.32209671817173557	-64.08386646312396806	-39.60010742	0.00220822645769	-0.00198660000465	2.42067367195e-06	4.6784789782e-07	4.6262399	4.879595	4.5553641	4.8151167
2133.2446225567591682	0.0032873410822853704055	-2.3190611300645542769	-439.00375919970809946	-64.815689333803234717	-39.59789708	0.00221543466748	-0.0019767100024	2.41881844217e-06	6.04768117518e-07	4.6231086	4.8518223	4.5471569	4.7825464
2134.2447372414508209	0.0031831827645462181138	-2.3158254971059539784	-439.68301199359376596	-65.549749380308995228	-39.59567625	0.00222249384501	-0.00196712288913	2.41817256255e-06	7.38397638831e-07	4.620606	4.8232747	4.539209	4.7529291
2135.244851926141564	0.003077870824225994225	-2.3126940344105930691	-440.35992445275633145	-66.285968157433586612	-39.59345177	0.00222948765471	-0.00195764657822	2.42068446341e-06	8.69768148432e-07	4.6187376	4.7943723	4.5313684	4.7251422
2136.2449666108664132	0.0029813783073176394582	-2.3096642347945572915	-441.03456615303866784	-67.024268363050509834	-39.59121711	0.00223629935611	-0.00194847895169	2.41477161653e-06	9.8577838861e-07	4.6174902	4.7655636	4.5243231	4.6993653
2137.2450812955576112	0.0028856783488662605605	-2.3067303700357970619	-441.70700345623396288	-67.764576905708779009	-39.58897888	0.00224306745196	-0.00193941612685	2.40508127361e-06	1.09545479308e-06	4.6168434	4.7372823	4.5188314	4.6759441
2138.2451959802488091	0.0027899783909335327571	-2.3038922162104236158	-442.37730144010356526	-68.506823040039520833	-39.58673063	0.00224971363494	-0.00193064630775	2.39459943787e-06	1.20127402907e-06	4.6167741	4.7098318	4.5156504	4.6562372
2139.2453106649404617	0.0026926989970580236973	-2.3011497733184360648	-443.04552574396473119	-69.250936630400190097	-39.58447896	0.00225629496283	-0.00192198862743	2.38813871827e-06	1.30496909365e-06	4.6172534	4.6834566	4.5155062	4.6420437
2140.2454253496716774	0.002607495615137063287	-2.2984996080616082459	-443.71174190174428986	-69.996848708477642731	-39.58221765	0.00226269432198	-0.00191364558318	2.37045666492e-06	1.38872260944e-06	4.6182324	4.6583607	4.5190132	4.6337732
2141.2455400343633301	0.0025233770151323743451	-2.2959338775301461055	-444.37601060547967791	-70.744495632537720553	-39.57995303	0.00226905116387	-0.00190540217521	2.34746534704e-06	1.46556379538e-06	4.6196506	4.6345692	4.5267555	4.625342
2142.245654719054528	0.0024392584152563619865	-2.2934522752457522365	-445.03839039617611206	-71.493816579855163695	-39.57767908	0.00227528828609	-0.00189743932202	2.32447858202e-06	1.53994885964e-06	4.6214441	4.6120577	4.5393149	4.6087821
2143.2457694037457259	0.0023536616783439347905	-2.2910548012084253067	-445.6989402319054534	-72.244751209462279462	-39.5754019	0.00228145598642	-0.00188958129165	2.30441875377e-06	1.61208816924e-06	4.6235481	4.5907802	4.5570219	4.5796022
2144.2458840884696656	0.0022793671072266555311	-2.2887382419547659396	-446.35771886788330676	-72.997240175494283676	-39.57311556	0.00228742751037	-0.00188201947562	2.27159532563e-06	1.66466272339e-06	4.6258954	4.5706248	4.5785439	4.5441154
2145.2459987731608635	0.0022060875770257546737	-2.2864952574061749857	-447.01478039090335415	-73.751228980550337155	-39.57082617	0.00229335826511	-0.00187455600885	2.23363454132e-06	1.71126852843e-06	4.6284114	4.5514741	4.6018663	4.5106083
2146.2461134578520614	0.002132808045732505816	-2.2843255607924355388	-447.67017676873291521	-74.506665660932540618	-39.56852811	0.00229917339922	-0.00186737145852	2.19561431849e-06	1.75637713673e-06	4.6310179	4.5332259	4.6249657	4.4828361
2147.2462281425432593	0.0020585840147836109888	-2.2822291521135475989	-448.32396027908731639	-75.263498626512230771	-39.56622707	0.00230491818834	-0.00186028904028	2.16037197726e-06	1.79965455268e-06	4.6336372	4.5157928	4.6458759	4.4588213
2148.2463428272526471	0.0019915830485890085796	-2.2802039773687559077	-448.97618311406574776	-76.021676979015936126	-39.56391752	0.00231046276475	-0.00185349730566	2.11911337148e-06	1.82981363661e-06	4.6362065	4.4990948	4.6638835	4.4364115
2149.2464575119442998	0.0019252303672853512181	-2.278245346061379184	-449.62689450445253669	-76.781152949137037922	-39.56160519	0.00231596608208	-0.00184680190203	2.07476202037e-06	1.85629073212e-06	4.6386732	4.4831123	4.6794478	4.4151913
2150.2465721966354977	0.0018588776859595357999	-2.2763530750450624573	-450.27614236254987645	-77.54188043176513645	-39.5592849	0.00232135154765	-0.00184038165658	2.03068385552e-06	1.8824184344e-06	4.640984	4.4678582	4.6930618	4.3956856
2151.2466868813266956	0.0017922149838200231511	-2.2745271643198048395	-450.92397484462742341	-78.303813617681910841	-39.55696186	0.00232667242314	-0.00183406554321	1.98973955858e-06	1.90697586871e-06	4.6430993	4.453345	4.7050715	4.3782824
2152.2468015660228957	0.0017279240171282656425	-2.2727669392167082485	-451.57044021964730973	-79.066907087167123791	-39.55463097	0.00233180814039	-0.0018280479418	1.95233947555e-06	1.9254537157e-06	4.6449893	4.439583	4.7157188	4.3628692
2153.2469162507140936	0.001663845623313212627	-2.2710708599042965794	-452.21558591370660452	-79.831116597830089177	-39.55229751	0.00233689936489	-0.00182212174622	1.9136156979e-06	1.94210855219e-06	4.6466245	4.4265835	4.7251543	4.3492291
2154.2470309354057463	0.0015997672312435288686	-2.2694388663338282974	-452.85945904838530396	-80.596398602693668067	-39.54995667	0.00234186258356	-0.00181645852571	1.87333250598e-06	1.95775221338e-06	4.6479919	4.4143675	4.73273	4.3372079
2155.2471456200964894	0.0015357642713710623495	-2.267870958505305623	-453.50210695148587092	-81.362709799441205405	-39.54761332	0.00234675957352	-0.0018108922686	1.83519301901e-06	1.97187513988e-06	4.6490879	4.402969	4.737371	4.326739
2156.2472603047867779	0.0014711838909365285849	-2.2663673007611584431	-454.14357718422570542	-82.130007091616761272	-39.54526274	0.00235146533476	-0.00180560598357	1.80302503079e-06	1.98377748929e-06	4.6499132	4.3924238	4.7383077	4.3177692
2157.2473749894779758	0.0014065518705333392331	-2.2649282678643292144	-454.78391776407028146	-82.898247387179566203	-39.54290982	0.00235611835609	-0.00180040762855	1.77068418329e-06	1.99492213564e-06	4.6504977	4.3827774	4.7367508	4.3103157
2158.2474896741691737	0.0013419198502534609649	-2.2635538744000136546	-455.42317702179366279	-83.667387703698551604	-39.5405501	0.00236061854508	-0.00179546408146	1.73580711538e-06	2.00452891581e-06	4.6508828	4.3740815	4.7346914	4.3044395
2159.2476043588603716	0.001277366274684599767	-2.262244120368212652	-456.06140346570327893	-84.437385265925996691	-39.53818813	0.00236505656635	-0.00179061672075	1.70267247559e-06	2.01290141387e-06	4.6511097	4.366388	4.734126	4.3000975
2160.24771904355066	0.0012122117734656625426	-2.2609991769224007108	-456.69864580611800875	-85.208197469335615892	-39.53581964	0.00236931378175	-0.00178604910422	1.67452766146e-06	2.01972724782e-06	4.65122	4.35975	4.7369443	4.2968179
2161.2478337282423126	0.0011470036895992845316	-2.2598194339080333037	-457.33495318874406621	-85.979781671698660261	-39.53344903	0.00237351435082	-0.00178157230154	1.64671714293e-06	2.02577699902e-06	4.6512584	4.3542201	4.7428111	4.2940307
2162.2479484129335106	0.0010817956047551979381	-2.2587049064565878354	-457.9703750454314104	-86.75209530166709726	-39.53107226	0.00237754957387	-0.00177736057709	1.61788739058e-06	2.03004357275e-06	4.6512726	4.3498404	4.7493245	4.2920216
2163.2480630976247085	0.0010163386213640748703	-2.2576555945680638615	-458.60496095280336704	-87.525095959440577076	-39.5286935	0.00238152225991	-0.00177323724275	1.58948062182e-06	2.03317506886e-06	4.6513067	4.3466353	4.7542838	4.292516
2167.2485218364245156	0.00075970560834513550189	-2.2541017982800712893	-461.13593270276709291	-90.62313328248774269	-39.5191367	0.00239607599987	-0.00175869505089	1.46995706229e-06	2.0214524897e-06	4.6520194	4.345579	4.7519325	4.3277295
2171.2489805752561551	0.00051583999916937520007	-2.2515485865109119423	-463.65744693287962264	-93.728874320156080557	-39.50952546	0.00240869484147	-0.0017470026102	1.33371335797e-06	1.96724843889e-06	4.6530962	4.3609668	4.7328151	4.3750575
2175.2494393140823377	0.00029057821020868367969	-2.2499333772147127597	-466.17250256366043004	-96.839848733009816328	-39.4998675	0.00241930243272	-0.00173814113756	1.17860894065e-06	1.86220614943e-06	4.652469	4.386821	4.7054267	4.430988
2179.2498980528839638	8.7847134539570430551e-05	-2.2491738272668584386	-468.68388633708667612	-99.953788501101783481	-39.49017111	0.00242793180129	-0.00173194475037	9.99745484018e-07	1.7049763707e-06	4.6483461	4.416759	4.6733355	4.4532275
2183.2503567916528482	-8.7959957343079569168e-05	-2.2491708292934973201	-471.19411099996142411	-103.06866285677830319	-39.48044436	0.00243450287049	-0.00172830538089	8.0633647569e-07	1.48824900196e-06	4.6396198	4.4475427	4.6397275	4.4786689
2187.2508155303808053	-0.00023051728092521073547	-2.2498039077666867058	-473.70535170182967022	-106.18271804516285783	-39.47069531	0.00243898980999	-0.00172697563044	6.03263528749e-07	1.19895623481e-06	4.6258281	4.4794388	4.6074004	4.5024806
2191.2512742690610139	-0.0003320932714791620605	-2.2509247011451924969	-476.21936500435998596	-109.2945351279082189	-39.46093284	0.00244134281762	-0.00172764412874	3.81960737852e-07	8.28672426491e-07	4.6069971	4.5112545	4.5786234	4.5226805
2195.251733007698931	-0.00038584873663333586844	-2.2523559964726316274	-478.7373966516429391	-112.40310135863315111	-39.45116517	0.00244149262426	-0.00172999869828	1.27797759932e-07	3.59274770125e-07	4.5838274	4.5375508	4.5550138	4.5377143
2199.2521917463182035	-0.00038894713314698996275	-2.2539014634941190174	-481.26010440320237649	-115.50787390028999368	-39.44140147	0.00243935175195	-0.00173368936079	-1.65135270293e-07	-2.11909210238e-07	4.5588279	4.5543133	4.5374333	4.5467175
2203.2526504849556659	-0.00034519399495056842615	-2.2553668580173611424	-483.78753112937488368	-118.60880624392937932	-39.43165084	0.00243488524624	-0.00173852715219	-5.10389731647e-07	-8.80770202776e-07	4.5366707	4.5619823	4.5259486	4.5497511
2207.25310922364406	-0.00026684300598218654074	-2.256589992557235469	-486.31915881899993792	-121.70630997504517268	-39.42192288	0.00242804240668	-0.00174425035727	-8.91520955625e-07	-1.62682212852e-06	4.5218273	4.5633797	4.519897	4.5490275
2211.2535679623870237	-0.00017432751130775896316	-2.2574735640331211606	-488.85406141838672056	-124.80113434615306289	-39.41222723	0.00241871042959	-0.00175086235106	-1.30401196791e-06	-2.41799809729e-06	4.5155841	4.560692	4.5180843	4.5506152
2215.2540267011636388	-9.1423900368279358507e-05	-2.2580079358430902303	-491.39114679915161332	-127.89416966895257133	-39.40257395	0.00240684622222	-0.00175829166229	-1.70847154199e-06	-3.21525180588e-06	4.5157616	4.5555786	4.5191056	4.5489834
2219.2544854399429823	-3.7181277706009123712e-05	-2.2582685307153398391	-493.92943160705908667	-130.98622081066321243	-39.39297358	0.00239230559841	-0.00176675473862	-2.09955392768e-06	-3.9849210645e-06	4.5185172	4.5496154	4.5216375	4.5457845
2223.2549441787159594	-1.9063220907291574576e-05	-2.2583836586217502784	-496.46826039698282784	-134.0778253258366135	-39.38343667	0.00237505120016	-0.00177633173265	-2.45679634631e-06	-4.71669453138e-06	4.5215494	4.5438977	4.5240171	4.5418869
2227.255402917486208	-3.0722390967329022251e-05	-2.2584842025301608004	-499.00739272878320207	-137.16918054784457581	-39.37397471	0.00235491820385	-0.00178730177104	-2.80687078022e-06	-5.41697902897e-06	4.5245327	4.5388396	4.5238639	4.5375973
2231.2558616562546376	-5.5083299549052772604e-05	-2.2586547548723912016	-501.54693202497958282	-140.26020145437999531	-39.36459923	0.00233183743636	-0.00179961919662	-3.13806317221e-06	-6.11450420904e-06	4.5277223	4.5343803	4.5244274	4.5327797
2235.2563203950153365	-7.0205427710547544458e-05	-2.2589022596807937227	-504.08712793435353205	-143.35068277300965178	-39.35532262	0.00230567121446	-0.00181346679799	-3.49830566094e-06	-6.83885184196e-06	4.531376	4.5302462	4.525848	4.5270893
2239.256779133766031	-5.3707138483929211506e-05	-2.2591451219587139754	-506.62811504713721433	-146.44051359919407673	-39.34615587	0.00227655233289	-0.00182856465343	-3.86942673446e-06	-7.64399772123e-06	4.5353745	4.5262377	4.5282896	4.5203918
2243.2572378725226372	1.5893144949053545007e-05	-2.2592142461768833783	-509.16963960152617119	-149.52990238206689355	-39.33711059	0.00224447073573	-0.00184461380457	-4.26427361045e-06	-8.58245818133e-06	4.5393225	4.5225282	4.5314258	4.5157372
2247.2576966113233539	0.00015677733509979947823	-2.258861741087284436	-511.71080011985640112	-152.61959058114095455	-39.32820188	0.00220897265699	-0.00186112942226	-4.68363152929e-06	-9.66512319239e-06	4.5422157	4.5202592	4.5341115	4.516954
2251.2581553502191127	0.0003778722049276123855	-2.257786210758782719	-514.24983593081196886	-155.71102482929649113	-39.31944402	0.00216983361404	-0.00187778107571	-5.16668602003e-06	-1.08924858026e-05	4.5413975	4.5219153	4.5341278	4.5205682
2255.2586140892103685	0.00067071860670251781233	-2.2556866799243779909	-516.78403243259424471	-158.80642662897781747	-39.31084797	0.00212751557777	-0.00189418083557	-5.72074400817e-06	-1.22730795375e-05	4.533047	4.5309877	4.5292672	4.5304346
2259.2590728281134034	0.0009936907966971756604	-2.252362404236448068	-519.30985201575617793	-161.90866626826232277	-39.30242677	0.00208194495343	-0.00191033064402	-6.34109769246e-06	-1.37336414595e-05	4.5135807	4.5520118	4.5135735	4.551178
2260.2591875127832282	0.0010571984787884703208	-2.2513365178041708781	-519.93953991321654939	-162.68566205113268097	-39.3003539	0.00206990949055	-0.00191445523791	-6.50597605609e-06	-1.407383417e-05	4.5064815	4.5597704	4.5072506	4.5586558
2261.2593021974739713	0.0011192339849277052263	-2.2502481767706692395	-520.56840594519371734	-163.46332315831506321	-39.29828656	0.0020577779271	-0.00191861011844	-6.66958471074e-06	-1.44054693142e-05	4.4983097	4.5686889	4.4999354	4.5671982
2262.259416882165624	0.0011812694898673703914	-2.2490977931170186288	-521.1964010951887758	-164.24168770260388328	-39.29623875	0.00204530700852	-0.00192287194869	-6.86088101026e-06	-1.47316820575e-05	4.4889615	4.5788252	4.4917858	4.5768684
2263.2595315668568219	0.0012512226828801094151	-2.2478853668432208224	-521.82347623958469285	-165.0207936153554158	-39.29419666	0.0020327008244	-0.00192720350292	-7.06499892688e-06	-1.50561374839e-05	4.4783414	4.5902279	4.4827872	4.5877304
2264.2596462514557061	0.0012595143415460462091	-2.2466287238727953302	-522.44958572402754271	-165.80067576311833477	-39.29217486	0.00201961506243	-0.00193178226038	-7.22591609745e-06	-1.52845142874e-05	4.4663904	4.6029415	4.4722426	4.5998421
2265.259760936146904	0.0012626390768542472207	-2.2453675025374919549	-523.07471241028849818	-166.58134590861686775	-39.29015913	0.00200641488813	-0.00193645899998	-7.37808376824e-06	-1.54827370155e-05	4.453093	4.6169846	4.4593195	4.6132209
2266.2598756208381019	0.0012657638114820632304	-2.2441031561086353108	-523.69885278050878696	-167.36280483111465855	-39.28816501	0.00199280743468	-0.00194148453134	-7.59399174692e-06	-1.56633124098e-05	4.4384654	4.6323658	4.4435713	4.6278671
2267.2599903055292998	0.0012848474061739553493	-2.2428356845862245095	-524.322003394823696	-168.14505323188609509	-39.28617692	0.00197908293015	-0.00194665775932	-7.8340865019e-06	-1.58405228942e-05	4.4225617	4.6490971	4.4256076	4.6437843
2268.2601049900240469	0.0011840028560858319694	-2.2415986260403282238	-524.94416748059859401	-168.92808650406524862	-39.28421041	0.00196494006954	-0.00195235887457	-7.98790965019e-06	-1.58338005341e-05	4.4054483	4.6671884	4.4062319	4.6609732
2269.26021967471479	0.0011521781414217935596	-2.2404706772193452302	-525.56540412038430077	-169.71185580293928297	-39.28225019	0.00195072347791	-0.00195826674627	-8.11820015283e-06	-1.57671547773e-05	4.3872217	4.6865751	4.3860318	4.6793593
2273.260678318232749	0.00040948883045120054334	-2.2373676020201105352	-528.04295297966950784	-172.85278062327773796	-39.27456832	0.00189209510095	-0.00198829751371	-8.86435882641e-06	-1.47316213443e-05	4.3042101	4.7742702	4.2964792	4.7610647
2277.2611371283378503	-0.0013797919753776954985	-2.2389993230154670023	-530.51726720589670094	-175.99625556814348215	-39.26711637	0.00183225385615	-0.00203297799294	-9.65241492627e-06	-1.17217695421e-05	4.213596	4.867127	4.2021136	4.8480984
2278.2612518130290482	-0.0019562514607540477593	-2.240667536030205742	-531.13753153272170948	-176.78079448685764419	-39.26529339	0.00181738323888	-0.00204758082226	-9.89528721506e-06	-1.06126327835e-05	4.1932565	4.8880184	4.1806232	4.8620834
2279.2613664977202461	-0.0024780072007796406959	-2.2429122746419043466	-531.75932954437632816	-177.56411829906747357	-39.2634764	0.00180253458211	-0.00206281850536	-1.01992530817e-05	-9.48865656125e-06	4.1748433	4.9074318	4.1609616	4.8763416
2280.2614811845428449	-0.0033581368673273074774	-2.2458174503929275723	-532.38312436835747121	-178.34585271406942297	-39.26168132	0.00178776635305	-0.00208038126387	-1.02361558386e-05	-7.83513873709e-06	4.1587291	4.9256381	4.1436371	4.8986788
2281.2615958692340428	-0.0043039817356798010586	-2.2496489490582840531	-533.00954264159554441	-179.12548615652855233	-39.25989241	0.00177304602219	-0.00209861012153	-1.01192044136e-05	-5.90022833882e-06	4.145497	4.9422813	4.1294741	4.930022
2282.2617105539256954	-0.0052498266031192281425	-2.2544264010654075925	-533.6393108003397856	-179.90241571902816986	-39.25812616	0.00175850183311	-0.00211928850505	-1.01596287474e-05	-3.92937511172e-06	4.1358918	4.9552939	4.1195466	4.9452738
2283.2618252386168933	-0.006131680684425844588	-2.2601498064142937494	-534.27314921079437227	-180.67602771500580161	-39.25636591	0.00174396700791	-0.00214064050677	-1.02500213845e-05	-1.92222341482e-06	4.1308261	4.962244	4.1149471	4.9135969
2284.2619399296199845	-0.0074218775911537885823	-2.2669099424064036441	-534.91178375293554836	-181.44568445198351014	-39.25462776	0.00172946675938	-0.00216447988182	-9.9659183662e-06	7.24100704318e-07	4.1321201	4.9607764	4.1168035	4.8346989
2285.2620546143111824	-0.0088007131125769876012	-2.2750221679996815993	-535.55611548035471969	-182.21057694094591284	-39.25289619	0.00171494282984	-0.00218900449828	-9.46425480104e-06	3.76714435045e-06	4.142195	4.9484978	4.1265263	4.7998613
2286.2621692990023803	-0.010179548634557996495	-2.2845133872458522895	-536.20715387545112662	-182.96976787830456601	-39.25118901	0.00170033109604	-0.00221606984752	-9.03477455521e-06	6.89709388439e-06	4.163473	4.922964	4.1455569	4.9145477
2287.2622839836935782	-0.011501202148070826733	-2.2953836001449161586	-536.86588673480866873	-183.72229066924322183	-39.24948837	0.00168564163285	-0.00224377682456	-8.63538750909e-06	1.01052010432e-05	4.1979382	4.8818828	4.1749996	5.2265719
2288.2623986788257753	-0.013186338188178403988	-2.3077129136660543551	-537.53328618157456731	-184.46713608051243227	-39.24781206	0.00167066277328	-0.00227387266343	-7.82273498032e-06	1.39725790551e-05	4.2475793	4.823279	4.2160499	5.5837196
2289.2625133635165184	-0.014952575394789235225	-2.3217839840089951053	-538.21045108107466604	-185.20311201342343566	-39.24614253	0.00165559264745	-0.00230453764263	-6.80452898644e-06	1.82626867294e-05	4.3143587	4.7451338	4.2715486	5.7999897
2290.2626280482081711	-0.016718812602369067383	-2.3376214941193182995	-538.8985443370648909	-185.9288779139833423	-39.24449838	0.00164018131702	-0.0023373303883	-5.74531305364e-06	2.26878316882e-05	4.4001375	4.6468748	4.3456453	5.8341136
2291.262742732899369	-0.018472885163305804296	-2.3552254439970021771	-539.59867445246106854	-186.64303571807025151	-39.2428612	0.00162465350014	-0.00237060131355	-4.69595915393e-06	2.72361030966e-05	4.5065532	4.5327674	4.4422768	5.7474894
2292.262857420745604	-0.020307001032650099509	-2.3746147210143146999	-540.31188796139292663	-187.34412382458953061	-39.24125022	0.00160868838163	-0.00240566737199	-3.44525219482e-06	3.20664590151e-05	4.6341698	4.4078331	4.5638384	5.5957717
2293.2629721054372567	-0.022155420335515728369	-2.395848366593288592	-541.03919008033312821	-188.03058097926972891	-39.23964643	0.00159258735205	-0.00244112030385	-2.1508858197e-06	3.70975048796e-05	4.7831689	4.2775127	4.7123802	5.4315429
2294.2630867901279998	-0.024003839637812163232	-2.4189306434599884277	-541.78152037505367389	-188.70075312330422435	-39.23806977	0.00157597397354	-0.0024780316467	-6.92017426734e-07	4.22936410235e-05	4.9495753	4.1503589	4.8864877	5.2656338
2295.2632014748196525	-0.025919858902425974706	-2.4438615516144559514	-542.53972097137614128	-189.35291064021996021	-39.23650055	0.00155920812512	-0.00251520120078	7.75761907816e-07	4.76344111516e-05	5.1249241	4.0357405	5.0809073	5.0748884
2296.2633161418275449	-0.027326034926663220898	-2.4704980079597316234	-543.31450208324599771	-189.98527483209267075	-39.2349595	0.00154186510517	-0.00255334820798	1.86906913179e-06	5.21887633477e-05	5.3012207	3.9416244	5.2890793	4.8696569
2297.2634308265187428	-0.028683922106403841185	-2.4985061982187701801	-544.10627058255045085	-190.59623034490655868	-39.23342602	0.00152436309972	-0.0025916199801	2.81498742208e-06	5.65608652638e-05	5.4742944	3.8688985	5.5020843	4.7364327
2298.2635455112099407	-0.030041809286031520565	-2.5278724313860947426	-544.91523488860343605	-191.18422205611511799	-39.23192129	0.00150625673878	-0.0026303660242	4.01820121499e-06	6.10589680996e-05	5.6409098	3.8172105	5.7092405	4.7267445
2299.2636601959011386	-0.031489482606087346173	-2.5585967074617053107	-545.74149498224312538	-191.74764459468514133	-39.23042434	0.00148804957567	-0.00266911618748	5.25995565605e-06	6.5665833414e-05	5.7996741	3.7919985	5.8881343	4.7662924
2300.2637748683564496	-0.031789006416484390238	-2.5902447573539206793	-546.58496635787014384	-192.28495450335117312	-39.22895702	0.00146945762292	-0.00270788207483	5.36328424115e-06	6.77686654378e-05	5.9466428	3.8001913	6.0179511	4.8003249
2301.2638895530481022	-0.032066630856025075957	-2.6221762376222108593	-547.44509037261082085	-192.79518099894661987	-39.22749764	0.00145067636481	-0.00274650149482	5.3764669069e-06	6.95949898205e-05	6.0725509	3.8496392	6.1032194	4.8548413
2302.2640042377388454	-0.032347565335784658758	-2.6543853741693763659	-548.32113177067753895	-193.27756505971862566	-39.22606868	0.00143116943619	-0.00278455945659	5.71010797822e-06	7.14428671777e-05	6.1670574	3.9417423	6.1683679	4.9480782
2303.26411891818816	-0.032557071026482163612	-2.6868704173585347128	-549.21231561216052341	-193.73136323754860655	-39.2246478	0.00141156188555	-0.00282236107797	6.02535893881e-06	7.31269252443e-05	6.2212183	4.0706076	6.227964	5.083717
2304.2642336028793579	-0.031634260586736982768	-2.7189697640466858886	-550.11772950601584853	-194.15606216786750338	-39.22325807	0.00139156699057	-0.0028591759175	5.07496696744e-06	7.15721290315e-05	6.2306269	4.2285278	6.2599103	5.2593724
2305.2643482875705558	-0.030711450147031107288	-2.7501461944628982081	-551.03612686863584713	-194.551908921353089	-39.22187623	0.00137144953524	-0.00289559112032	4.23526342481e-06	6.99407734413e-05	6.1937237	4.4023502	6.2395624	5.4442255
2306.2644629722617537	-0.02981176970713162247	-2.7803997086071721156	-551.9662497605667113	-194.91936572039628572	-39.22052488	0.00135085828949	-0.00293046141884	3.71836394396e-06	6.82103384086e-05	6.1204485	4.5782104	6.1708272	5.5993006
2307.2645776344261321	-0.028722043871431488654	-2.8097158227809728714	-552.90690744264225032	-195.25895499051205206	-39.21918161	0.00133019303904	-0.00296482907148	3.11434947991e-06	6.59804689862e-05	6.024497	4.7492545	6.0698702	5.6908366
2308.2646923191177848	-0.027085444369117694929	-2.8376227670335190112	-553.85691479649051416	-195.57144577989876666	-39.21786965	0.00130924049087	-0.00299724537493	2.06527396983e-06	6.19371305695e-05	5.9189481	4.9127716	5.9669953	5.6889083
2309.264807003808528	-0.025448844866991494201	-2.8638929240909232199	-554.81504104640987407	-195.85809180911107319	-39.21656585	0.00128823991757	-0.00302905486094	1.13503953546e-06	5.77789371021e-05	5.81024	5.066537	5.8129304	5.5779665
2310.2649216885001806	-0.023817382547159468564	-2.8885262939532321269	-555.78015518946369866	-196.1202625401361388	-39.21529383	0.00126705211118	-0.00305849857896	4.69793606396e-07	5.3486383346e-05	5.7006421	5.2090722	5.5992589	5.4286603
2311.2650363698016918	-0.022151614038274959617	-2.9115191555830941539	-556.75124173077131218	-196.35937808275104999	-39.21402995	0.00124585244449	-0.00308726586532	-1.23619450325e-07	4.90148346275e-05	5.5918445	5.3390862	5.408169	5.3445607
2312.2651510544928897	-0.020437402467643528414	-2.9328161059900952345	-557.72738907224004379	-196.57692794237513567	-39.21279792	0.00122460634173	-0.00311338474976	-5.8522258257e-07	4.42523933781e-05	5.4853775	5.4558216	5.3160195	5.3685137
2313.2652657391840876	-0.018723190896481358564	-2.9523986482323882896	-558.70778172905443171	-196.77448212143625028	-39.21157415	0.00120338851022	-0.00313877391195	-9.56387429595e-07	3.9394974153e-05	5.3830602	5.5591055	5.3398231	5.4704528
2314.2653804238752855	-0.016991472501262708944	-2.9702667823099724309	-559.69170419414399475	-196.95364503465444272	-39.21038285	0.0011822818405	-0.00316129382613	-1.18580562686e-06	3.44340725654e-05	5.2871153	5.6487189	5.4395552	5.613887
2315.2654951160106975	-0.01537012088323855101	-2.9864343396571784162	-560.67853453866575819	-197.11604411894040823	-39.20919976	0.00116125600883	-0.00318303986325	-1.25658129421e-06	2.96319250132e-05	5.1995966	5.7243588	5.5741424	5.758664
2316.2656098007023502	-0.013861193342388606134	-3.0010516729620460019	-561.66774782005859379	-197.26324688316108791	-39.20804909	0.00114054939086	-0.00320173001042	-1.1155813932e-06	2.5163920105e-05	5.1224045	5.7855265	5.7167988	5.8630348
2317.2657244853935481	-0.012352265801170152215	-3.0141599056750161267	-562.6589083536483713	-197.3967229259889109	-39.20690653	0.00111996744607	-0.00321963544381	-9.33111279878e-07	2.06369112849e-05	5.0572059	5.8319237	5.8662527	5.9110721
2318.265839170084746	-0.010816254540486716987	-3.0257590377960958961	-563.65164367697491343	-197.51794480113434815	-39.20579613	0.00109987992437	-0.00323442889582	-7.7263148727e-07	1.60502522232e-05	5.0052415	5.8636529	6.0252577	5.9235966
2319.2659538618340775	-0.0094494711930266320904	-3.0358708822669271399	-564.64563684235542951	-197.62839136846992005	-39.20469383	0.00107994124367	-0.00324846717394	-4.61188397549e-07	1.17931552359e-05	4.9678934	5.8808318	6.2033295	5.9247224
2320.2660685465252755	-0.0082440430868528386671	-3.044718653994490154	-565.6406316030763719	-197.7294274094936668	-39.20362379	0.00106059536955	-0.00325949773198	-3.01453387378e-08	8.11672400863e-06	4.9483695	5.8855786	6.410392	5.9286757
2321.2661832312169281	-0.0070386149808225554475	-3.0523608593718192239	-566.63642640060675149	-197.82225646571617972	-39.20256166	0.00104139248003	-0.00326980923988	3.99667081169e-07	4.41475128861e-06	4.9507086	5.883557	6.6205143	5.9318798
2322.2662979159076713	-0.0058053951497616454458	-3.0587974983989041355	-567.63285068790264631	-197.90807352047758627	-39.20153117	0.00102276152896	-0.00327724454722	6.83602436973e-07	6.95592445213e-07	4.9744995	5.8809466	6.7787637	5.9288752
2323.2664126044596742	-0.0047482525168222114442	-3.0640503160897361035	-568.62975944488960067	-197.98807359054777066	-39.20050824	0.00100427655003	-0.00328403695689	1.07928350799e-06	-2.64550398132e-06	5.0094263	5.8808282	6.8593404	5.917001
2324.2665272891508721	-0.0038767034421110110019	-3.068363288644430753	-569.62703833115506313	-198.06332419845227832	-39.19951569	0.000986377985085	-0.00328824665312	1.5073306746e-06	-5.29605204203e-06	5.0445878	5.8809606	6.8987035	5.8982355
2325.26664197384207	-0.0030051543676261572788	-3.07180461217122458	-570.62460175970295495	-198.1347076726245291	-39.19853048	0.000968611976882	-0.0032919021433	1.90967677449e-06	-7.95353834498e-06	5.0764667	5.8783882	6.9397872	5.8748617
2326.2667566585332679	-0.0021093156330959121278	-3.0743742866701175842	-571.6223754432143096	-198.20309266788433433	-39.19757484	0.000951380798308	-0.00329332156607	2.11294885638e-06	-1.06138351204e-05	5.108167	5.8715674	7.0058834	5.8490427
2327.2668713443681554	-0.0013661865538787051899	-3.0760904082981523899	-572.62029306195790923	-198.26934644058377444	-39.19662614	0.000934272422575	-0.00329430234302	2.39689167074e-06	-1.29154815788e-05	5.1420629	5.8608561	7.0795113	5.822788
2331.2673300848641702	0.00068834323389210642658	-3.0772974054514476983	-576.61251278164354517	-198.52595562816742358	-39.19302508	0.000868940151246	-0.00328709229248	3.21662213504e-06	-1.89133029062e-05	5.2807931	5.7756024	7.2075788	5.7293177
2333.267559454246566	0.0011744901807848170602	-3.0754343583984402599	-578.60849890807503471	-198.65616987750806288	-39.19132284	0.000837352735618	-0.00327943883937	3.52557734314e-06	-2.01589461569e-05	5.3437539	5.7079571	7.2563367	5.6844507
2334.2676741389377639	0.0014284929159410974468	-3.0741381828467000403	-579.60638390282520049	-198.722914013334929	-39.19050008	0.000821698578813	-0.00327486710676	3.53283195172e-06	-2.07968598477e-05	5.3726691	5.6746328	7.2788311	5.6637697
2335.2677888231137331	0.0016048705571861459577	-3.0726063678921486932	-580.60417328751873356	-198.7910721433403296	-39.18968324	0.00080606655621	-0.00327021202998	3.56759993616e-06	-2.12548567358e-05	5.3995232	5.644727	7.2981462	5.6446152
2336.2679035078053857	0.0016395355009153139095	-3.0709839788211543699	-581.60185292966923498	-198.86081807351953898	-39.18889086	0.000790525807857	-0.00326521326897	3.625587789e-06	-2.12319310441e-05	5.4241831	5.6201537	7.3175732	5.6270918
2337.2680181924961289	0.0016742004434311878562	-3.0693269208315250296	-582.59941686187482901	-198.93219982764745168	-39.1881044	0.000774997827004	-0.00326018068183	3.66392485911e-06	-2.12117738918e-05	5.4466262	5.6001218	7.3402638	5.6111441
2338.2681328771877816	0.0017143266614562909563	-3.0676351939232580079	-583.5968598698623282	-199.0052517940919472	-39.18734245	0.000759522727142	-0.00325500799216	3.61748359182e-06	-2.12041652439e-05	5.4668275	5.5825147	7.3655628	5.5966867
2339.2682475615838484	0.0017142383290650459182	-3.065912429166634201	-584.59417658893255521	-199.08000804476262147	-39.18658633	0.00074407438475	-0.00324985123974	3.57928430196e-06	-2.11037368602e-05	5.48476	5.5659158	7.3905445	5.5838201
2340.2683622462750463	0.0016307398051625659335	-3.0642397482904755179	-585.59136432541276918	-199.1564656639400539	-39.18585446	0.000728737357244	-0.00324476078853	3.54516999486e-06	-2.07262567051e-05	5.5004412	5.5505745	7.4128305	5.5730557
2341.268476930966699	0.0015472412812111014779	-3.0626505755143438314	-586.58842605026154615	-199.23454952183288924	-39.18512855	0.000713448203724	-0.00323972354704	3.50111143014e-06	-2.03496543425e-05	5.5139634	5.5368861	7.4325613	5.564793
2342.2685916156574422	0.001464788006457989596	-3.0611449108382404738	-587.58536576373467142	-199.31417615847115599	-39.18442755	0.000698359095071	-0.00323490864611	3.42366585185e-06	-1.99739903746e-05	5.5254285	5.5249023	7.4505994	5.5579457
2343.2687063003022558	0.0013744443728919378701	-3.0597234382613782699	-588.58218785732810829	-199.39526208714465838	-39.18373222	0.000683300444325	-0.00323015056868	3.34265049168e-06	-1.9582769143e-05	5.5349392	5.5144186	7.4675285	5.5502932
2344.2688209849934537	0.0012663535401794441537	-3.0584028878754643266	-589.57889771062571072	-199.47771635024619741	-39.18306069	0.000668369629448	-0.003225630987	3.25047796925e-06	-1.91417176566e-05	5.5426115	5.5052463	7.4833135	5.5403352
2345.2689356696846517	0.0011582627070213038795	-3.0571904407185486185	-590.57550234772770636	-199.5614328796484358	-39.18239483	0.000653462002857	-0.00322118674683	3.15343925096e-06	-1.87028170848e-05	5.5485797	5.4972886	7.497852	5.529399
2346.2690503543758496	0.0010427091585771090798	-3.0560860967906315899	-591.57200934973332096	-199.64630381588574437	-39.18175291	0.000638652134081	-0.00321706013348	3.04628101672e-06	-1.82697917508e-05	5.5529797	5.4904718	7.5111635	5.5194547
2350.2695090964998599	0.0006533603651943457576	-3.0526722353954589551	-595.55721763742042185	-199.99525858441296577	-39.17931332	0.000580169295838	-0.00320237375918	2.56298941606e-06	-1.67249856826e-05	5.5576339	5.4725582	7.5549883	5.4935244
2354.2699678386497908	0.00036064381470799964074	-3.0506257002832866121	-599.54147100758962097	-200.35496622759603724	-39.17710446	0.000523169670493	-0.00319097428334	2.0754921648e-06	-1.55306693109e-05	5.5476723	5.4647609	7.5882263	5.4780636
2358.2704265791480793	0.00016765874864618296935	-3.0495567057105716913	-603.52517150764776943	-200.72075156076365943	-39.17512282	0.0004673935736	-0.00318242796102	1.61899740237e-06	-1.46989339303e-05	5.5299003	5.4620265	7.6153903	5.4688015
2362.2708853184590225	5.1878114570024983073e-05	-3.0491110067568460984	-607.50860313756561482	-201.08945510143496449	-39.17336365	0.000412538841053	-0.00317628553762	1.22778877217e-06	-1.41861950708e-05	5.5088619	5.4610871	7.6390669	5.4624855
2366.271344057287024	-1.6053573588628430928e-05	-3.0490360970959771159	-611.49194438250128769	-201.45913420269673111	-39.17182287	0.000357976374294	-0.00317209984957	8.40082728096e-07	-1.39258238396e-05	5.4865921	5.460129	7.6647567	5.4572431
2370.2718027960004292	-5.8305955318226392796e-05	-3.0491824071946433961	-615.47530193249724562	-201.82863754544248991	-39.17050044	0.000303338482287	-0.00316963298061	4.56668594668e-07	-1.38412588538e-05	5.4642136	5.4581428	7.6400202	5.450544
2374.2722615346988277	-8.4765042347031703041e-05	-3.0494657159642901689	-619.45874072159460866	-202.19726395092212101	-39.16939666	0.00024807814496	-0.00316876856233	2.70689013085e-08	-1.39028287407e-05	5.4432487	5.4545337	7.6150732	5.4427299
2378.2727202733781269	-9.6426010138714535668e-05	-3.049824686795788331	-623.44229952594730548	-202.56459105437983226	-39.16851508	0.000192274218721	-0.0031696498239	-4.34127325635e-07	-1.40890705172e-05	5.4254126	5.449049	7.5916888	5.4335861
2382.2731790120401456	-9.113900049433917112e-05	-3.0501959629728605528	-627.42599427721484062	-202.93044083971895475	-39.16785989	0.000135393944129	-0.00317245237022	-9.43474687278e-07	-1.44014118205e-05	5.4116034	5.4417153	7.5749833	5.4223592
2386.2736377507058023	-6.6916966704498549376e-05	-3.0505070821223765343	-631.40981599997689955	-203.29490547787315791	-39.16743558	7.69763039883e-05	-0.00317738004455	-1.50852106137e-06	-1.48456108008e-05	5.4020795	5.4327433	7.6236523	5.4179351
2390.2740964894005629	-1.9522159682110538763e-05	-3.0506726079356529802	-635.39372743119827192	-203.65838834029514715	-39.16724612	1.71713954544e-05	-0.00318460243411	-2.12704224349e-06	-1.54612797867e-05	5.3969125	5.4225323	7.6676653	5.4148988
2394.2745552282053723	6.0750017724049651141e-05	-3.0505795906281969465	-639.37765621513301539	-204.02168099224482489	-39.16729833	-4.44362495141e-05	-0.00319449492101	-2.82256363776e-06	-1.6290413386e-05	5.3953516	5.4119366	7.7146201	5.4118202
2398.2750139673485137	0.00018946438826049000269	-3.0500666760175452197	-643.3614807080493847	-204.38611503684987269	-39.1676029	-0.000108567433118	-0.00320745353398	-3.58884226445e-06	-1.73647784581e-05	5.3955056	5.4024008	7.7299345	5.4084554
2402.2754727071692287	0.00037974617597643414149	-3.0489168263329968767	-647.34500814138141322	-204.75378000869517336	-39.16817322	-0.000175941287	-0.00322405080334	-4.4792201666e-06	-1.86860541521e-05	5.395314	5.3965956	7.6921025	5.4067203
2406.275931447750736	0.00063385277988647274576	-3.0468851243600947321	-651.32795271428517481	-205.12770128566256744	-39.16902023	-0.000246560198388	-0.00324509935214	-5.49421211357e-06	-2.02557856704e-05	5.3907437	5.3993034	7.6534262	5.4114151
2410.2763901879657169	0.000928983617786314597	-3.0437692222348493587	-655.30992510143983054	-205.51182763268656117	-39.17015506	-0.000320484548375	-0.00327111314413	-6.60747001692e-06	-2.20095851505e-05	5.375463	5.4128053	7.600777	5.4263081
2412.2766195568342482	0.0010533283850688135008	-3.0417842039918574493	-657.30040054904804947	-205.70911855624149212	-39.17083515	-0.000358723233882	-0.00328622445626	-7.20607915402e-06	-2.28530937957e-05	5.3606072	5.4243384	7.5658716	5.4395904
2413.2767342415254461	0.0011122883339224393009	-3.0407012714506085338	-658.29548427155611989	-205.80930672909204304	-39.17119761	-0.000378109987454	-0.00329417880305	-7.50693468293e-06	-2.32607388717e-05	5.3507802	5.4317115	7.5485184	5.4471755
2414.276848926216644	0.001173716341630329273	-3.0395593721995366465	-659.29045592203976867	-205.9106017861170983	-39.17159238	-0.000397830749246	-0.00330271760946	-7.80870965799e-06	-2.36733676424e-05	5.3392892	5.4403351	7.5280052	5.4549195
2415.2769636108155282	0.0012171136191074071863	-3.0383601561244613087	-660.28530824330107407	-206.013062127429464	-39.17199381	-0.00041763330385	-0.00331138488078	-8.1142378426e-06	-2.40443676322e-05	5.3261647	5.4501835	7.5012012	5.4631962
2416.2770782955071809	0.0012241037623735046436	-3.0371394074485356107	-661.28003548111155396	-206.1167297727167238	-39.17242829	-0.000437842129745	-0.00332069024737	-8.43798700091e-06	-2.42906953151e-05	5.3114429	5.4611608	7.4718677	5.4725938
2417.2771929801983788	0.0012310939052894277843	-3.0359116678279041146	-662.27463505830064605	-206.22161512893734425	-39.17286965	-0.00045812862135	-0.00333010934356	-8.75719858836e-06	-2.45365834015e-05	5.2951768	5.4731054	7.4513433	5.4834766
2418.2773076648895767	0.0012424728978036060894	-3.0346769372625668204	-663.26910474240116855	-206.32772499117484699	-39.17334528	-0.000478802799642	-0.00334009614781	-9.05488379209e-06	-2.4779763405e-05	5.277414	5.4857582	7.4492607	5.495677
2419.2774223494084254	0.0012209976787083999528	-3.0334381026634997802	-664.26344230052666262	-206.4350659205262275	-39.17382767	-0.000499528987313	-0.00335020612946	-9.36130776072e-06	-2.49446539068e-05	5.2580916	5.4988477	7.4452128	5.5089433
2420.2775370340996233	0.0011275786021695544115	-3.0322636798499620348	-665.25764884390730458	-206.54361368262473775	-39.17434392	-0.000520516085106	-0.00336093404256	-9.69313776184e-06	-2.486382215e-05	5.2370897	5.5122788	7.3961091	5.5232845
2421.2776517187908212	0.0011222951221821582043	-3.031182686825991901	-666.25173235369175018	-206.65328255102619437	-39.17486722	-0.000541572251977	-0.00337175339031	-1.00207188973e-05	-2.47810327146e-05	5.2144016	5.5262078	7.2626489	5.5390851
2425.2781103765723856	0.00042734890911605731209	-3.028188285185137385	-670.22705495281957155	-207.10101930028886841	-39.17720216	-0.000628039918426	-0.00341783416873	-1.12554321439e-05	-2.32356403236e-05	5.1117911	5.5903411	6.3054148	5.6077422
2429.2785691610602044	-0.001211964901080265361	-3.0295508397900503539	-674.20189334897156641	-207.55304422209400173	-39.17988452	-0.000717130351725	-0.00346621112478	-1.24162884121e-05	-1.90164490214e-05	5.0085051	5.6512355	5.6001672	5.6561833
2430.2786838457514023	-0.0016912936536524322741	-3.0310045587408649403	-675.19581364676946578	-207.6641821889967332	-39.18061938	-0.000740029632846	-0.00347793991338	-1.25892831627e-05	-1.75956064339e-05	4.9866372	5.6588969	5.4488962	5.6678986
2431.2787985307199961	-0.0022137930718034389867	-3.0329437024911061194	-676.18992087378512679	-207.77363487265850495	-39.18136174	-0.000763007275768	-0.00348951925931	-1.27724515469e-05	-1.6043059039e-05	4.9677955	5.6619983	5.2810659	5.6783539
2432.278913215411194	-0.0029837713630232027238	-3.0355427827491090476	-677.18427132273893676	-207.88085428933703724	-39.18214294	-0.000786390065876	-0.00350032595477	-1.29755478237e-05	-1.36169597845e-05	4.9525931	5.6606948	5.1151825	5.6851193
2433.2790279001023919	-0.0037537496546243779433	-3.0389119296031181783	-678.17893710834357535	-207.98510595845118587	-39.18293192	-0.00080985484486	-0.00351087166417	-1.31637624105e-05	-1.1177086125e-05	4.9414867	5.6550651	4.9814022	5.6855271
2434.2791425847935898	-0.0045226881804104343901	-3.0430511430531330674	-679.17398702351374595	-208.08562272295841922	-39.18376132	-0.000833745685691	-0.00352006113827	-1.31239848872e-05	-8.73691767041e-06	4.9349325	5.6450254	4.9073448	5.6807976
2435.2792572696885145	-0.0053126429021159819743	-3.0479609752345790952	-680.16948122782707742	-208.18163658421616447	-39.18459863	-0.000857739761939	-0.00352885314007	-1.30751539408e-05	-6.22014270001e-06	4.9333088	5.6303065	4.8912446	5.6776611
2436.2793719543792577	-0.0064073951462635270887	-3.0538216663132184969	-681.16547519879839001	-208.27231473867266232	-39.18547729	-0.000882273054931	-0.00353556907403	-1.30101577856e-05	-2.63268685547e-06	4.9370064	5.6105909	4.9108778	5.682319
2437.2794866390709103	-0.0075021473907835468237	-3.0607772351875754957	-682.16202921078240706	-208.35660856697302279	-39.18636417	-0.00090692976665	-0.00354172039177	-1.29244285205e-05	9.64858550334e-07	4.9466467	5.5855877	4.9435183	5.6836029
2438.2796013237621082	-0.0085968996350870036799	-3.0688276818576412097	-683.159186941011626	-208.43342288776611326	-39.18729427	-0.000932234426682	-0.00354490747437	-1.25025380375e-05	4.54839840786e-06	4.9628439	5.5551786	4.9722261	5.6533291
2439.2797160084533061	-0.0096890354681678052262	-3.0779730063234187476	-684.1569674645734267	-208.50166097350032146	-39.1882328	-0.000957705317057	-0.00354735967918	-1.20522599742e-05	8.13211137298e-06	4.9860656	5.5193198	4.9959809	5.5683592
2440.279830693153599	-0.011119654081269941814	-3.0883785338805580523	-685.15536469797825703	-208.56017011010993656	-39.18921578	-0.000984053414309	-0.00354593389253	-1.15444702196e-05	1.28627198353e-05	5.0168352	5.4792935	5.0163561	5.4941345
2441.2799453778447969	-0.012550314602894010671	-3.1002148755141276659	-686.15434953149576813	-208.60757268972213296	-39.19020749	-0.00101057419749	-0.00354361131394	-1.10295219424e-05	1.75900418407e-05	5.0558826	5.4372443	5.0356166	5.565467
2442.2800600625364495	-0.013980975124234081008	-3.1134820417440809415	-687.15384914676974404	-208.64243280072480502	-39.19124551	-0.00103801096688	-0.00353653183899	-1.01403963227e-05	2.22580998963e-05	5.1036099	5.3951183	5.0599741	5.8589259
2443.2801747472271927	-0.015395819326836580193	-3.1281800325703996712	-688.15373680761513242	-208.66331434285731916	-39.1922925	-0.00106560936182	-0.00352844445208	-9.24780899987e-06	2.68948575784e-05	5.1602093	5.3544451	5.0978792	6.1851159
2444.2802894325204761	-0.017138257462686976029	-3.1444484616015668799	-689.15382575246962915	-208.6687384270136647	-39.19338738	-0.00109406952437	-0.00351498300184	-8.32218607377e-06	3.24822013326e-05	5.2259369	5.3164208	5.158197	6.32701
2445.280404117211674	-0.018882652207597466765	-3.1624609819601734451	-690.15385826826798166	-208.6570208261742323	-39.19449153	-0.00112270024271	-0.00350040121794	-7.44396524573e-06	3.80712407468e-05	5.3013118	5.2818931	5.2441018	6.3047341
2446.2805188019028719	-0.020627046952232927501	-3.1822180971188536169	-691.15348844926666061	-208.62642108969353671	-39.19564537	-0.00115224508017	-0.00347981483879	-6.2876100932e-06	4.35236247752e-05	5.3869235	5.2509339	5.3475204	6.2054322
2447.2806334865940698	-0.022356677265137937793	-3.2037198070776065073	-692.15227172482752849	-208.5752076972792679	-39.19680858	-0.00118193564391	-0.00345805176179	-5.18294910873e-06	4.88857617909e-05	5.4833476	5.2231223	5.4585607	6.100601
2448.2807481721997647	-0.024361917383197123632	-3.2270812776375383812	-693.14965315306392313	-208.501626625667285	-39.1980223	-0.00121241133211	-0.00342994903075	-4.20476654968e-06	5.49056879795e-05	5.5908624	5.1980909	5.5701173	6.0173837
2449.2808628568914173	-0.026369249449988179518	-3.2524497700982935022	-694.14494189237530009	-208.40376927462571643	-39.19924546	-0.00124300073402	-0.00340065875257	-3.33879650279e-06	6.08484220608e-05	5.7081116	5.1759292	5.6912691	5.9683302
2450.2809775415826152	-0.028376581516944721084	-3.279825824836060999	-695.13729974167961245	-208.27970151465351023	-39.20051982	-0.00127420600135	-0.00336493680317	-2.43406443645e-06	6.6537933757e-05	5.8329714	5.1577267	5.8367568	5.9544277
2451.2810922262738131	-0.030383251829837025493	-3.3092094418508497533	-696.1257327448279284	-208.12752526471427927	-39.20180387	-0.00130545473816	-0.0033280357537	-1.64571648374e-06	7.2059801247e-05	5.9631247	5.1449657	6.0202344	5.9680222
2452.2812069109709228	-0.032488357222785292644	-3.3406488492966821546	-697.10907786634538752	-207.94537323345579694	-39.20314074	-0.0013369401422	-0.00328471515936	-1.06470323869e-06	7.7607688193e-05	6.0971542	5.1387703	6.224268	6.0003823
2453.2813215956621207	-0.034593471791077322341	-3.3741936104329357526	-698.08598093081218394	-207.73137325657305041	-39.20448701	-0.00136848720456	-0.0032402601389	-6.34633362179e-07	8.2944662359e-05	6.2342824	5.1393315	6.4069066	6.0391695
2454.2814362803533186	-0.036703603621727455553	-3.4098437275616393372	-699.05489113001692658	-207.4837112458705235	-39.20588476	-0.00140037173612	-0.00318959616112	-4.33912375384e-07	8.79130658117e-05	6.3733422	5.1465039	6.5326803	6.0722243
2455.2815509581423612	-0.038759108851054407952	-3.4475963195760050972	-700.01405481540837172	-207.20066423921090859	-39.20729205	-0.00143220435726	-0.00313787276056	-3.42909941557e-07	9.24979522447e-05	6.5119505	5.1593134	6.6106766	6.0925744
2456.2816656428331044	-0.040519098886677380744	-3.4872399694432245632	-700.96153518216192424	-206.88069651986927511	-39.2087519	-0.00146375135465	-0.00308032015936	-1.59081635767e-07	9.57655569441e-05	6.6468604	5.1759462	6.663784	6.1058982
2457.281780327524757	-0.042279088922427883468	-3.5286438111901268222	-701.89526939931840843	-206.52260866915270299	-39.21022093	-0.00149526527442	-0.00302181960022	-1.51560966304e-07	9.87978531984e-05	6.7743185	5.1947996	6.7130428	6.119649
2458.2818950122159549	-0.044117986644145942843	-3.5718078448166568073	-702.81302646942663159	-206.12537315792687309	-39.21174081	-0.00152659622421	-0.00295807538188	-6.15650066133e-07	0.000101433983614	6.8903072	5.2142037	6.76879	6.1385324
2459.282009599326102	-0.045447256305468190785	-3.616672321696415171	-703.71240062299750662	-205.68812294465061541	-39.21326983	-0.00155785065965	-0.00289351145877	-7.23605558669e-07	0.000102798275542	6.9904463	5.2322578	6.8391009	6.1508915
2460.2821242840177547	-0.046171353385551672233	-3.6624868801679553165	-704.59099925321459068	-205.21050501531246368	-39.21484973	-0.00158867959211	-0.00282438908696	-2.86434039815e-07	0.000101879833793	7.0696754	5.2475314	6.9318257	6.1392383
2461.2822389687084979	-0.046895450465368304638	-3.709025618762257448	-705.4466119968141129	-204.6928413227683734	-39.21643853	-0.00161938622404	-0.00275457885734	9.64744123164e-09	0.000100835556103	7.1242611	5.2590663	7.0550819	6.111027
2462.2823536534001505	-0.047827483488399366585	-3.7562885374794050541	-706.27701156590785558	-204.13563421585374158	-39.21807716	-0.00164940908479	-0.00268092287726	-2.77453408596e-07	9.95435222626e-05	7.1513151	5.2659606	7.2069648	6.1086881
2463.2824681706415504	-0.047480452484935486979	-3.8040185953362768423	-707.07997154308372956	-203.53956812740136684	-39.21972457	-0.00167927558275	-0.00260675190486	7.31749519354e-07	9.58762624765e-05	7.1489967	5.2676308	7.2876274	6.1647347
2464.2825828553327483	-0.046755002269230995504	-3.8511417263953533485	-707.8537442756459086	-202.90606985409849017	-39.2214214	-0.00170826316474	-0.00252968615823	2.13309690156e-06	9.06456479256e-05	7.1165733	5.2643307	7.2157346	6.2348314
2465.2826975400239462	-0.046029552054278569106	-3.8975393240412459228	-708.59706150863758012	-202.23709343454933673	-39.22312669	-0.00173709109686	-0.00245228860064	3.46556467094e-06	8.55157979715e-05	7.0561747	5.2569378	7.1117224	6.2541207
2466.2828122247151441	-0.045415686216255669871	-3.9432113882739563415	-709.30880790063849872	-201.53461738558152661	-39.22487986	-0.00176501678752	-0.00237301585456	4.2122536513e-06	8.04371560921e-05	6.9718443	5.2463787	6.9940546	6.2097537
2467.2829268786699686	-0.043693111303043409566	-3.9877805783455575472	-709.98808750669195433	-200.80069434200129308	-39.22664131	-0.00179276251125	-0.00229356546287	6.47216421692e-06	7.34381704503e-05	6.868157	5.2333814	6.838164	6.1221123
2468.2830415633611665	-0.041928452364291594889	-4.030596269920640573	-710.63466236729721004	-200.03779360346891281	-39.22844975	-0.00181948565785	-0.00221310568389	8.44588181332e-06	6.63330847994e-05	6.7493279	5.2191658	6.6612944	6.0791374
2469.2831562480523644	-0.040164840856263761548	-4.0716471001779046546	-711.24869108960024278	-199.24845359359511576	-39.23026601	-0.00184601821376	-0.00213266577158	1.04058824259e-05	5.95127254815e-05	6.618865	5.2051004	6.4950168	6.1352984
2470.2832709311405779	-0.038380941266214808893	-4.1109325111356467275	-711.83052995985974576	-198.43508757979284951	-39.23212693	-0.00187146193213	-0.00205233935683	1.18744716112e-05	5.29430567836e-05	6.480301	5.1924669	6.3530016	6.1654354
2471.2833856158317758	-0.036319649602014079937	-4.1482870900768311628	-712.38076410702831254	-197.60000946471561178	-39.23399572	-0.00189676334054	-0.00197223464112	1.3858686975e-05	4.61213292739e-05	6.3372875	5.1823661	6.229981	6.1080083
2472.2835003005229737	-0.034258357939159753136	-4.183580140955902138	-712.90031198928295453	-196.74549465780640389	-39.23590969	-0.00192124729414	-0.00189340340589	1.53523105348e-05	3.9688145121e-05	6.1930634	5.1760147	6.1200966	6.0259582
2473.2836149852141716	-0.032192882188800245324	-4.216811663772859653	-713.39028593291982361	-195.87367881393345215	-39.23783101	-0.00194557785959	-0.0018149459671	1.68593701156e-05	3.35907374285e-05	6.05113	5.17436	6.0195943	5.9837815
2474.2837296742536637	-0.030162248800161328699	-4.2479842632488136189	-713.851939993828978	-194.98653513265753645	-39.23979483	-0.00196902250103	-0.0017386474647	1.79073997709e-05	2.79206651289e-05	5.9148638	5.1780844	5.9256866	5.9822911
2475.2838443589453163	-0.028235513394114196417	-4.2771864930106806568	-714.28661845272802111	-194.08586153124363705	-39.24176577	-0.00199237153199	-0.00166289588256	1.87672071285e-05	2.27544816821e-05	5.7866527	5.1877175	5.8412367	6.0005608
2476.2839590436360595	-0.026308777987407851867	-4.3044617663989201972	-714.69569494873383064	-193.17326973308510674	-39.24377802	-0.00201516530395	-0.00159032054634	1.93193624618e-05	1.7953715742e-05	5.6676851	5.2032531	5.7752418	6.0281511
2477.2840737283277122	-0.024368615627388932193	-4.3298100834135810899	-715.08062231803194209	-192.25022762037011148	-39.24579715	-0.00203784207041	-0.00151842062714	1.99088681657e-05	1.34469763445e-05	5.5584057	5.224417	5.700059	6.0678043
2478.2841884227586888	-0.022526154366934503237	-4.3532404450917692174	-715.44292995021737624	-191.31807055252517102	-39.24785645	-0.00205983556894	-0.00145046488842	2.01436961099e-05	9.39631782202e-06	5.4585964	5.2508262	5.5848758	6.1233497
2479.2843031074498867	-0.020878270180493898461	-4.3749451462771142829	-715.78413006958146525	-190.37797875324014285	-39.24992223	-0.00208176509984	-0.00138330352557	2.00008332116e-05	5.89776948337e-06	5.3674762	5.2815471	5.445416	6.2043805
2480.2844177921410846	-0.019230385994183415294	-4.3950017742887679262	-716.10562841701153047	-189.43096520436003516	-39.25202615	-0.00210331901042	-0.00132080676794	1.97752092303e-05	2.68514520849e-06	5.2844177	5.3149207	5.3033668	6.3270637
2481.2845324768322826	-0.017568979758404767999	-4.4134103291267283709	-716.40885570597504284	-188.47794141438521365	-39.25413637	-0.00212483193098	-0.00125918903252	1.96175842227e-05	-3.10137153587e-07	5.2088666	5.349269	5.1739381	6.4755394
2482.284647168596166	-0.016007162985839182984	-4.430179800048540173	-716.69527849157407218	-187.51973061967220247	-39.2562838	-0.00214610281529	-0.00120276171391	1.93568351269e-05	-2.95652027546e-06	5.1403086	5.3836172	5.0617499	6.562789
2483.2847618532878187	-0.014652041217004724283	-4.4455111602206507371	-716.96630576237578225	-186.55704998385522231	-39.25843744	-0.00216733648433	-0.00114724137822	1.86980094316e-05	-5.16213512746e-06	5.0782564	5.4170395	4.9700104	6.491614
2484.2848765379790166	-0.013296919448346097153	-4.4594872432124459394	-717.22319801102867132	-185.59049968957990018	-39.260628	-0.00218834917658	-0.00109710652483	1.81688640498e-05	-7.16198045209e-06	5.0225563	5.4486647	4.8990474	6.2204227
2485.2849912226702145	-0.011933021710460286341	-4.4721080490239328853	-717.46721467487009249	-184.62061723739861918	-39.26282454	-0.00220935291549	-0.00104787967113	1.77225498283e-05	-9.01848788951e-06	4.9732575	5.4782525	4.8448856	5.8787854
2486.2851059106319553	-0.010641375742755008332	-4.4833790682677898687	-717.69963069814423307	-183.64788830110151707	-39.26505675	-0.00223030319255	-0.00100407462332	1.73656344936e-05	-1.06494569093e-05	4.9303859	5.5056265	4.8034284	5.6496256
2487.2852205953231532	-0.0095587567765841752881	-4.4934802928506378805	-717.92165900901409259	-182.67273482330290335	-39.26729481	-0.00225126004695	-0.000961147360061	1.66108276096e-05	-1.19516169693e-05	4.8938496	5.5305282	4.7722891	5.6008328
2488.2853352800148059	-0.0084761378113096339654	-4.5024987743080417957	-718.13435517610696479	-181.69550253662555406	-39.26956798	-0.00227225639713	-0.000923491044645	1.6129321871e-05	-1.31321322261e-05	4.863578	5.5527964	4.7510838	5.6572409
2489.2854499647055491	-0.0073895135163931204361	-4.5104345126399918442	-718.33875985127235708	-180.71650158642768247	-39.27184696	-0.00229325190607	-0.000886636320447	1.57358233724e-05	-1.4226298776e-05	4.8395051	5.5723251	4.7395334	5.7351828
2490.2855646503749085	-0.0063450478528187812324	-4.5172898252324369395	-718.53591994102771423	-179.73601529749493011	-39.27416097	-0.00231424233483	-0.00085462227331	1.55656760781e-05	-1.51876531786e-05	4.8212587	5.5889517	4.7366232	5.7636403
2491.2856793350661064	-0.0055140524390911811389	-4.5232200554069912357	-718.72682766764387452	-178.75429197079373012	-39.27648063	-0.00233520860974	-0.000823321164919	1.49738908874e-05	-1.5900297616e-05	4.8082108	5.6021217	4.7406598	5.7456088
2492.2857940197573043	-0.0046830570253549065607	-4.5283191948655066028	-718.91231869511000241	-177.77153040609891832	-39.27883451	-0.00235602819422	-0.00079634985525	1.46731324862e-05	-1.65482347688e-05	4.7999019	5.6109427	4.7501818	5.7064342
2493.2859087044485022	-0.0038509628007764745185	-4.5325872436079839289	-719.09320490754305411	-176.78791053980916104	-39.28119419	-0.00237683118458	-0.000769985641216	1.44449147816e-05	-1.71466613387e-05	4.7959184	5.6144842	4.764238	5.6709515
2494.2860233892829456	-0.0030378373605936003811	-4.5360247927701360382	-719.27030042189801406	-175.8036008449345502	-39.28358926	-0.00239753282071	-0.00074732947209	1.44427016808e-05	-1.76632063366e-05	4.7958507	5.6120091	4.7821011	5.6460896
2495.2861380739745982	-0.0024447772756298071471	-4.5387664144744803707	-719.44437327074444966	-174.8187519231074134	-39.28598993	-0.00241817905245	-0.000725187771047	1.3973771871e-05	-1.79797636038e-05	4.7995237	5.6028784	4.8030768	5.6251876
2496.2862527586653414	-0.0018517171917820179038	-4.5409149080793316244	-719.61603761014816882	-173.83348020836797332	-39.28842494	-0.0024384849429	-0.000706206373946	1.37404345158e-05	-1.82545999699e-05	4.8075359	5.586355	4.8265126	5.6010794
2497.286367443356994	-0.0011309405381285139551	-4.5424702735846924639	-719.7858770180960164	-172.84789218291714974	-39.29086556	-0.00245874672905	-0.00068766224743	1.35627799747e-05	-1.85028346705e-05	4.8206272	5.5635228	4.8517592	5.5709371
2501.2868262157071513	0.00051553631886712468577	-4.543798778921260606	-720.45764382684842531	-168.9042395342404177	-39.30085474	-0.00253730969883	-0.00063029640749	1.25979849989e-05	-1.87393423395e-05	4.9272991	5.4683458	4.9597317	5.4340992
2504.2871702408979218	0.0011170435712213526262	-4.5412793365057932959	-720.96432575717733471	-165.9469886055574932	-39.30855465	-0.00259285061285	-0.000599552703933	1.1608790132e-05	-1.83561784419e-05	5.0341392	5.420707	5.0376306	5.3440158
2505.2872849255895744	0.0012782177714040087076	-4.5400815684849709086	-721.13519810660409348	-164.96157909519146756	-39.31114884	-0.00261084573411	-0.000590697235739	1.12515981174e-05	-1.81715964366e-05	5.0646431	5.4027017	5.0616095	5.3165558
2506.2873996102807723	0.0014456106222926086696	-4.5387226077792677259	-721.30733002554757149	-163.97638884399808035	-39.31377427	-0.00262831689534	-0.000583174930947	1.10416826203e-05	-1.79705494597e-05	5.0900674	5.3802646	5.0842697	5.2901375
2507.2875142949537803	0.001466259300846242588	-4.5372663467509761759	-721.48086004542983574	-162.99144390240570601	-39.31640434	-0.00264568221887	-0.000575815385163	1.05009424827e-05	-1.76890882501e-05	5.110965	5.3523816	5.1055128	5.2650938
2508.287628979645433	0.0014862553994309606574	-4.5357899200968399001	-721.65583422542295011	-162.00675449087711399	-39.31906396	-0.00266237437167	-0.000569491052758	1.00629785224e-05	-1.73990509413e-05	5.1284519	5.3190025	5.1253501	5.241595
2509.2877436643361762	0.0015062515000364286137	-4.5342934950495701329	-721.83227187894090093	-161.02232625565403623	-39.3217281	-0.00267898073892	-0.000563298116871	9.64274246214e-06	-1.71074917836e-05	5.143425	5.2821665	5.1437524	5.2196291
2510.2878583490278288	0.0015296301710599074803	-4.5327770716091615455	-722.01019229781968534	-160.03816492974803509	-39.32442117	-0.00269503825375	-0.000557945850547	9.33231093769e-06	-1.68075832374e-05	5.1562849	5.2444084	5.1605663	5.1991714
2511.287973033705839	0.0014877929558601049771	-4.5312680758421874927	-722.18960631513789394	-159.05427479201742358	-39.32711841	-0.00271100325024	-0.000552692768632	8.87942213268e-06	-1.64760529728e-05	5.1673724	5.2103017	5.1756438	5.1802299
2512.288087718397037	0.00144549646955568112	-4.5298012629277160102	-722.37048412453691526	-158.07065269930936324	-39.32984242	-0.00272637280811	-0.0005480780274	8.5137487657e-06	-1.61485363092e-05	5.1768829	5.1853801	5.1891894	5.1627901
2513.2882024030882349	0.0014031999826966160775	-4.528376751350545959	-722.55278373067210396	-157.08729311757238634	-39.33257056	-0.0027416548428	-0.000543537814805	8.15966602305e-06	-1.58206033919e-05	5.1848078	5.171247	5.2017751	5.1468163
2514.2883170877794328	0.0013623165237088719765	-4.5269945411106782274	-722.7364631661371277	-156.1041903313519299	-39.33532539	-0.00275637023249	-0.000539480117509	7.88777233421e-06	-1.54878118403e-05	5.1911318	5.1623245	5.2138598	5.1322624
2515.2884317724651737	0.0012958069951284692523	-4.5256652766884055694	-722.92147723778464297	-155.12133783553053945	-39.33808404	-0.00277099349707	-0.000535464961828	7.5604910319e-06	-1.51439044466e-05	5.1959035	5.1529322	5.224399	5.1190793
2516.2885464571568264	0.0012290893879630076894	-4.5244026837131317009	-723.10776488706710552	-154.13872592771596715	-39.34086754	-0.00278501675516	-0.000531726877693	7.28569418816e-06	-1.48045150095e-05	5.1992249	5.1425197	5.2314123	5.1072045
2517.2886611418480243	0.0011623717803844664	-4.5232068159966152265	-723.29526025294637748	-153.15634374592505651	-39.34365469	-0.00279897254499	-0.000528016687985	7.0156898538e-06	-1.44661242626e-05	5.2012002	5.1329281	5.2334105	5.0965713
2518.2887758265392222	0.0010965261531697488139	-4.522077673538859699	-723.48389751736442577	-152.17418018585451023	-39.34646579	-0.00281248627721	-0.000524489264882	6.78751397461e-06	-1.41314917661e-05	5.2019161	5.1251638	5.231584	5.087112
2519.2888905112276916	0.001013363273214835502	-4.5210218533348527359	-723.67360888798623364	-151.19222352415039268	-39.34928033	-0.00282591364407	-0.000520980525938	6.52362090314e-06	-1.37909339093e-05	5.2014558	5.1187833	5.2280142	5.0787548
2523.2893492524599424	0.0006932271894936922578	-4.5176131900525575702	-724.44161549663090227	-147.26617965823461986	-39.36068618	-0.00287614562766	-0.000507386412285	5.64058944177e-06	-1.2469746283e-05	5.189831	5.10111	5.2096406	5.0547494
2527.2898079937108378	0.00041297603777172488693	-4.5154107862971386567	-725.22058525874433599	-143.34229513745972895	-39.3722827	-0.00292196284857	-0.000493650035678	4.89143562037e-06	-1.12255283749e-05	5.1673372	5.0937004	5.1794155	5.042009
2531.2902667338012179	0.0001854797956761234897	-4.5142216287670473562	-726.00613752527226552	-139.41972253109929625	-39.38405558	-0.00296285494737	-0.000479852859493	4.24078723284e-06	-1.00293749782e-05	5.1397674	5.0920771	5.1399676	5.0351615
2535.2907254731885587	1.9865159206050317587e-05	-4.5138272295203449858	-726.79472000760085848	-135.49775777208702721	-39.39598364	-0.00299961699127	-0.000466043407276	3.60850248016e-06	-8.93285409595e-06	5.1120625	5.092656	5.0790713	5.0458648
2539.2911842117514425	-6.6581392443839772862e-05	-4.5139365024287334549	-727.58375777504011239	-131.57588455855426446	-39.40805078	-0.00303256366096	-0.000452777373217	3.04833777067e-06	-7.93758361393e-06	5.0881753	5.0928455	5.019548	5.058431
2543.2916429502265601	-9.0608087993407777612e-05	-4.5142604151577785387	-728.37186031828173327	-127.65382331965464857	-39.42024227	-0.00306177260511	-0.000440793148429	2.59085975379e-06	-7.02669837861e-06	5.0707982	5.0912688	4.9533579	5.0702672
2547.2921016888553822	-8.0246488690083263469e-05	-4.5146067602547086395	-729.15860025091478747	-123.73148852530557917	-39.43254324	-0.00308756733539	-0.000430277260185	2.15964031438e-06	-6.19101148394e-06	5.0613305	5.0875733	4.9838557	5.0807131
2551.2925604275960723	-5.552735735823090984e-05	-4.514879758591154868	-729.94410465901137286	-119.80890610477865721	-39.44494086	-0.00311008744817	-0.000421557151437	1.75362267023e-06	-5.41154530171e-06	5.0596598	5.0819787	5.0303078	5.0898968
2555.2930191663722326	-2.8651373028613207614e-05	-4.5150477651792915168	-730.72874011979729403	-115.8861497681788677	-39.45742272	-0.0031294530316	-0.000414683937211	1.36207479237e-06	-4.6830769969e-06	5.0633304	5.0748997	5.0791863	5.0981959
2559.2934779051456644	-5.8649164218885093097e-06	-4.5151156511280703398	-731.51291773677041874	-111.96330187675319223	-39.46997613	-0.00314605446919	-0.000409611286336	9.97832538473e-07	-4.0132625482e-06	5.0669814	5.0667517	5.1286863	5.1060272
2563.2939366439090918	1.0606802525762844204e-05	-4.5151048503897168729	-732.29699153805495371	-108.04043323321677406	-39.48259082	-0.00316002945906	-0.000406208853552	6.69557717151e-07	-3.39340931852e-06	5.0647815	5.0578684	5.1808987	5.1137263
2567.2943953826661527	2.0855033033852274479e-05	-4.5150407669016408008	-733.08122046476307787	-104.11759559885645388	-39.49525663	-0.00317163334079	-0.000404260011605	3.82595178686e-07	-2.82528161077e-06	5.0560564	5.0484857	5.1808448	5.1215725
2571.2948541214227589	2.6037556295297094181e-05	-4.5149461008353064528	-733.86576757252487369	-100.19482158748348866	-39.50796441	-0.00318110845923	-0.000403504451956	1.29733022241e-07	-2.30826538466e-06	5.0454231	5.0387554	5.1480208	5.1315082
2575.2953128601811841	2.7575789258267366903e-05	-4.5148382724896976015	-734.6507167953463977	-96.272128020220662847	-39.52070624	-0.00318860521427	-0.00040376695521	-8.59067149288e-08	-1.83762011156e-06	5.0356964	5.0287692	5.1156364	5.1113881
2579.2957715989423377	2.6721164894468329586e-05	-4.514729298305537597	-735.43609451243059993	-92.349520221034964607	-39.53347438	-0.00319437699911	-0.000404839816529	-2.71895316541e-07	-1.41566753042e-06	5.0259673	5.018581	5.0832693	5.0876315
2583.2962303377053104	2.4381866713788320148e-05	-4.514626858958823874	-736.22188890841619013	-88.426995871358414547	-39.54626247	-0.00319856879326	-0.000406590587052	-4.27998877361e-07	-1.03711512802e-06	5.0156902	5.0082225	5.0495426	5.0636915
2587.2966890764687378	2.1111058340486740131e-05	-4.5145357197566919893	-737.0080642285616932	-84.504547850609952775	-39.55906447	-0.00320136586014	-0.000408880931622	-5.59047176603e-07	-7.01818664061e-07	5.0048128	4.9977182	5.0261565	5.040164
2591.2971478152330747	1.7181664755799374124e-05	-4.5144590103874149278	-737.79456961399478132	-80.582165998801642104	-39.57187513	-0.00320295793138	-0.000411595620784	-6.68046947839e-07	-4.0765331624e-07	4.9933412	4.987099	5.0064034	5.0180104
2595.2976065539969568	1.2713236654546867206e-05	-4.5143991056278176544	-738.58134363349404339	-76.659838021948004894	-39.58469003	-0.00320347346726	-0.000414649624209	-7.55213489034e-07	-1.51050492508e-07	4.9813254	4.9763303	4.9864783	4.9964747
2599.2980652927622032	7.8473756386387360725e-06	-4.514357904995115689	-739.36831647781446009	-72.737549931994195163	-39.59750505	-0.00320308778097	-0.000417956252308	-8.26030357576e-07	6.81312373321e-08	4.9688462	4.9652868	4.9663022	4.9751532
2603.2985240315269948	2.8899634031265210811e-06	-4.514336433238802293	-740.15541240342395213	-68.815286539025123602	-39.61031697	-0.00320192633486	-0.000421445603819	-8.78168844801e-07	2.53631189412e-07	4.955989	4.9538135	4.9459267	4.9539536
2607.2989827702922412	-1.7126041097272295592e-06	-4.5143341864536115082	-740.94255444740247185	-64.89303240101357062	-39.62312295	-0.0032001332713	-0.000425045753921	-9.13453985518e-07	4.07111664882e-07	4.9428013	4.9417965	4.9271856	4.9328013
2611.2994415090570328	-5.5481807713394716466e-06	-4.514348897251118764	-741.72967109682701903	-60.970773166788092112	-39.6359207	-0.00319783056294	-0.000428694634848	-9.28538612847e-07	5.30675354905e-07	4.9292968	4.9292073	4.9097624	4.9116236
2615.2999002478213697	-8.4428982104303496498e-06	-4.5143770854283333804	-742.51670239532199957	-57.048496805453495995	-39.64870842	-0.00319513527733	-0.000432329456376	-9.29214020868e-07	6.26786547604e-07	4.9154874	4.9161122	4.8922168	4.8903589
2619.3003589865861613	-1.058465830902198212e-05	-4.5144152816201703615	-743.30360247667613294	-53.126194116906667375	-39.66148471	-0.00319214500188	-0.000435896051466	-9.12050285606e-07	6.97888569769e-07	4.9014093	4.9026496	4.8814094	4.8689669
2623.3008177253514077	-1.2511541524364652603e-05	-4.5144614790767629842	-744.09033667808591872	-49.203858152963341865	-39.6742486	-0.0031889566415	-0.000439345426827	-8.83687869172e-07	7.46575798652e-07	4.8871322	4.8889885	4.8708602	4.847422
2627.3012764641175636	-1.4960044332747397526e-05	-4.5145162486301870786	-744.87687342980893845	-45.281482590277946088	-39.68699943	-0.00318564558062	-0.000442628033037	-8.4458157155e-07	7.75191174056e-07	4.8727551	4.8752304	4.8587241	4.8253477
2631.301735202884629	-1.8518989531074997451e-05	-4.5145829293905208601	-745.66317337651560138	-41.359059549804548794	-39.69973689	-0.00318229090714	-0.000445708202659	-7.99077644885e-07	7.8608357333e-07	4.8583947	4.8614116	4.8451	4.8079527
2635.3021939416503301	-2.3151352296353306466e-05	-4.5146660771818121205	-746.44918093305591356	-37.43657790773232108	-39.71246092	-0.00317895586359	-0.000448542239687	-7.47224492748e-07	7.80764443796e-07	4.8441699	4.8476082	4.8318325	4.7909075
2639.3026526804142122	-2.8083641349793136982e-05	-4.5147685875646166309	-747.23482490898243213	-33.514023427596740135	-39.72517175	-0.00317570274923	-0.000451098557546	-6.8808726088e-07	7.60926697521e-07	4.8301694	4.8339344	4.8189485	4.7735698
2643.3031114191758206	-3.2308498573116287177e-05	-4.5148896303071426317	-748.02002964629230064	-29.591380999141371433	-39.73786981	-0.00317258743907	-0.00045333664186	-6.18459827638e-07	7.27247503789e-07	4.8164237	4.8204924	4.8065119	4.7544249
2647.3035701579378838	-3.5313685585388169023e-05	-4.515025178284719054	-748.80472955362574794	-25.668637552076830843	-39.7505558	-0.00316965504531	-0.000455220976157	-5.3752572943e-07	6.81438449338e-07	4.8029227	4.8073292	4.7945898	4.752511
2651.3040288967026754	-3.7481517371952994015e-05	-4.5151709006608182762	-749.58887656932563459	-21.745783546380142326	-39.76323049	-0.00316695886134	-0.00045672046104	-4.45304499256e-07	6.24380837701e-07	4.7896472	4.7944183	4.7832315	4.756535
2655.3044876354706503	-3.9868354081259902669e-05	-4.5153254253293768627	-750.37243474842102842	-17.822811883381945108	-39.77589492	-0.00316453695875	-0.000457807148824	-3.4488960389e-07	5.58167835858e-07	4.7765916	4.7816399	4.7724732	4.7601167
2659.3049463742390799	-4.3322015182105175896e-05	-4.5154914742344791634	-751.15536540868049542	-13.89971493517695933	-39.78855025	-0.00316241812293	-0.000458449340984	-2.41496498182e-07	4.84681618415e-07	4.763775	4.7689263	4.7623529	4.7629825
2663.3054051129997788	-4.7283095477749019465e-05	-4.5156726555364938847	-751.93761580869181671	-9.9764822899650429378	-39.80119777	-0.00316063336897	-0.000458626074063	-1.33474475395e-07	4.05018183775e-07	4.7512379	4.7564912	4.7529539	4.7651475
2667.305863851749109	-4.9548987992969494346e-05	-4.5158669177924526394	-752.71912791040551838	-6.053102509073680082	-39.81383883	-0.00315920233871	-0.000458313508797	-1.62425582868e-08	3.19102723643e-07	4.7389574	4.7445533	4.7444964	4.7663334
2671.3063225904920728	-4.7764389359325527969e-05	-4.5160625857121505788	-753.49987006681544699	-2.1295694386505510387	-39.82647492	-0.00315814630688	-0.000457489941538	1.19131797643e-07	2.27590569394e-07	4.7268183	4.7330152	4.7326274	4.7667524
2675.3067813292423125	-4.1285200104658715755e-05	-4.5162416154552040837	-754.27987092858290907	1.7941110699345756974	-39.83910751	-0.00315747263365	-0.000456134488867	2.69650725658e-07	1.30662468336e-07	4.714673	4.7214317	4.7185368	4.7514324
2679.3072400680007377	-3.1515654711962011957e-05	-4.5163875780855633479	-755.05922952313051155	5.7179192040332535996	-39.85173823	-0.00315719533543	-0.000454264709318	4.30097157636e-07	3.05361560118e-08	4.7023829	4.7092545	4.7051867	4.7360641
2683.3076988067609818	-2.0073497075065176474e-05	-4.516490677759942507	-755.83809700339111259	9.6418248545975746566	-39.86436861	-0.0031573177164	-0.00045191212149	5.85979993189e-07	-7.1571349625e-08	4.689818	4.6963815	4.6923806	4.7200713
2687.3081575455180428	-5.5086058439108155803e-06	-4.5165424929157582667	-756.61665694206806165	13.565791538808673167	-39.87700031	-0.00315784173889	-0.000449155047023	7.36420160374e-07	-1.74757953965e-07	4.6766887	4.6830777	4.6797344	4.7037482
2691.3086162842919293	1.8327314321315078913e-05	-4.5165193633011400109	-757.39514969249785281	17.489771553690605543	-39.88963488	-0.00315876493549	-0.000446074869961	8.92772001197e-07	-2.81102021998e-07	4.6624935	4.6693117	4.6672287	4.6873563
2695.3090750231240236	5.8499783944982433257e-05	-4.5163697089086296543	-758.17396105498369252	21.413688340759851059	-39.90227397	-0.00316008302511	-0.000442756517033	1.07820445808e-06	-3.91827159172e-07	4.6467114	4.6547111	4.6458866	4.6712866
2699.3095337619961356	0.00011641475662287134455	-4.5160235887256465759	-758.9537216957230612	25.337416580945131273	-39.91491907	-0.00316178248833	-0.000439255974068	1.30274673358e-06	-5.07063902033e-07	4.6287997	4.6395466	4.6239838	4.6561821
2703.3099925007536513	0.00018437030696997995104	-4.5154234058249480555	-759.73532412770123301	29.260778312531677159	-39.92757179	-0.00316385900331	-0.000435574123027	1.56084666868e-06	-6.21003695192e-07	4.6078847	4.6257509	4.6000873	4.642993
2707.3104512391610115	0.00024748594084310864124	-4.5145576899140449356	-760.5198060947062686	33.183565225305450497	-39.9402335	-0.00316628361035	-0.000431645598816	1.829627161e-06	-7.2658862304e-07	4.5821964	4.6147574	4.5732765	4.6328406
2711.3109099770813373	0.00028869266364520140833	-4.5134800827791972111	-761.30812583760837242	37.10558263400685064	-39.95290568	-0.00316904705609	-0.000427265688681	2.09357062533e-06	-8.13276382629e-07	4.5503446	4.605778	4.5426738	4.6217039
2715.3113687145510085	0.00029235781781702312003	-4.5123100767251456134	-762.1009000095208421	41.026702041428031009	-39.96558939	-0.00317208629521	-0.000422158218508	2.33732973111e-06	-8.74932087739e-07	4.5125928	4.5967823	4.5055684	4.6090378
2719.3118274517587452	0.00024415557637643553468	-4.5112266918318004727	-762.89815776677028225	44.946912319344860975	-39.97828567	-0.00317535896875	-0.000415815225107	2.56442345456e-06	-9.05331162072e-07	4.4700362	4.586973	4.4623208	4.6012467
2723.3122861891361026	0.00012826583452182259643	-4.5104684228938669577	-763.69911145480421055	48.866369238248488216	-39.99099525	-0.0031788028399	-0.000407512070404	2.7781254246e-06	-9.00546920496e-07	4.4226606	4.5771241	4.4153111	4.5972829
2727.312744927685344	-7.5366872157479723607e-05	-4.5103450066891532799	-764.50190479804814458	52.785449861913413372	-40.00371879	-0.00318237382564	-0.000396278390361	2.97077617024e-06	-8.56384651343e-07	4.3709838	4.5671706	4.3662224	4.5951917
2731.3132036693391456	-0.0003911096535290737382	-4.5112550911843225521	-765.30329951987118875	56.704816581534366549	-40.01645681	-0.00318605293075	-0.000380942113005	3.11892115062e-06	-7.70801917731e-07	4.3196912	4.5543962	4.3189254	4.5916737
2735.3136624167727859	-0.0008504093000851909584	-4.5136963358845658689	-766.09830055737734256	60.625484312233766104	-40.02920994	-0.00318983673169	-0.000360152552347	3.18675913168e-06	-6.44909744702e-07	4.2776192	4.5349286	4.261916	4.5817642
2737.3138917861551818	-0.001133510389111650786	-4.5156804830990822097	-766.49126852157075973	62.586731975048117249	-40.0355923	-0.00319178270676	-0.000347267954935	3.18023081555e-06	-5.70199826181e-07	4.2631292	4.5220504	4.238339	4.5718109
2738.3140064708468344	-0.0012742755391299406213	-4.5168849068742451536	-766.68615416335182999	63.567674811416033265	-40.03878545	-0.00319276484018	-0.000339900784307	3.22299238356e-06	-5.35548376565e-07	4.2580535	4.514896	4.2280247	4.565315
2739.3141211555389418	-0.0014540488612646662418	-4.5182492169187309372	-766.87978287514465592	64.548866509970537209	-40.04197871	-0.00319374823182	-0.000332475406102	3.14859876619e-06	-4.90577708889e-07	4.2546058	4.5073703	4.2190238	4.5581953
2740.3142358402301397	-0.0016338569734616272162	-4.5197933469037971932	-767.07198451412250506	65.530338727470279991	-40.04517385	-0.00319475288904	-0.000324066248001	3.11666600671e-06	-4.48924428858e-07	4.2529306	4.4995522	4.2115512	4.5500335
2741.3143505249213376	-0.0018136650857912752378	-4.5215173056222290882	-767.26258212337711484	66.512123676484193879	-40.04836911	-0.00319575820534	-0.000315594336002	3.08693431817e-06	-4.10309110006e-07	4.253145	4.4915558	4.2056319	4.5390656
2742.3144652096125355	-0.0019927273021977148955	-4.5234210930740275103	-767.45139858159791402	67.494252703390472448	-40.05156634	-0.00319677480813	-0.000306047763518	3.10071952104e-06	-3.75171552664e-07	4.2553571	4.4834997	4.2013013	4.5236097
2743.3145798943055524	-0.0022058374671707404492	-4.5255206072533269435	-767.63825150282866616	68.476757156757670941	-40.05476369	-0.00319779266076	-0.000296434597372	3.01253020358e-06	-3.33900414467e-07	4.2596273	4.4755085	4.1990423	4.5061395
2744.3146945789962956	-0.0024189839018260231307	-4.5278332831359762167	-767.82293647008930293	69.45967139489390263	-40.05796296	-0.00319883220376	-0.000285665736144	2.96476835556e-06	-2.98231179614e-07	4.2660016	4.4676938	4.1996619	4.4927606
2745.3148092636879483	-0.0026321303374734752664	-4.5303591298984091651	-768.00524296492642407	70.443029515129126139	-40.06116234	-0.00319987220473	-0.000274825984517	2.91882152422e-06	-2.67200595464e-07	4.2745256	4.4601514	4.2033977	4.4883896
2746.3149239483791462	-0.002844662963923222463	-4.5330981475406222359	-768.18496019905819594	71.426864091112221899	-40.06436377	-0.00320092026135	-0.00026273928894	2.91215019964e-06	-2.41900340031e-07	4.2852251	4.4529198	4.2086163	4.4893702
2747.3150386330721631	-0.0030826990478073162082	-4.5360621602551756126	-768.36187331816086044	72.41120671360906158	-40.06756531	-0.00320196932195	-0.000250578843869	2.82942588788e-06	-2.15788252822e-07	4.2981252	4.4460095	4.2135352	4.4885681
2748.315153317763361	-0.0033207682837694623389	-4.5392642611107989481	-768.53575081044823492	73.396090029277573308	-40.07076882	-0.00320303628465	-0.000237103359119	2.78200503419e-06	-1.97757936226e-07	4.313233	4.4393916	4.22151	4.4819193
2749.3152680024545589	-0.0035588375200888999229	-4.5427044585055558201	-768.70635639415831974	74.381545320394721443	-40.07397245	-0.00320410332167	-0.000223550531805	2.73585864996e-06	-1.86241699927e-07	4.3305255	4.4329887	4.2409643	4.471349
2750.3153826871462115	-0.0037964510686688251323	-4.5463827524394480051	-768.87345341531749909	75.367601525806733775	-40.07717815	-0.00320517170264	-0.000208599432345	2.72142945767e-06	-1.83281003642e-07	4.3499256	4.4267193	4.2782841	4.4591152
2751.3154973718396832	-0.0040513476141977337527	-4.5503070950694697316	-769.03680229461951967	76.354285488587834152	-40.08038395	-0.00320624075492	-0.000193569456757	2.65560798786e-06	-1.844325816e-07	4.371114	4.4205162	4.328986	4.4433299
2752.3156120565308811	-0.0043062714425535723178	-4.5544863838434812564	-769.1961519720035767	77.341623124298820358	-40.08359175	-0.00320732211477	-0.000177093418822	2.6171660875e-06	-1.96518372086e-07	4.3937075	4.4143117	4.3853262	4.4193844
2753.315726741222079	-0.0045611952714886801544	-4.5589206256820800078	-769.35124793898842199	78.329637792486082049	-40.08679966	-0.00320840279136	-0.000160535904053	2.57928057012e-06	-2.17139310377e-07	4.4173217	4.4080562	4.4394829	4.3864779
2754.3158414259132769	-0.0048158100017295889239	-4.5636098205852677623	-769.50183524857959583	79.318349586608448476	-40.09000964	-0.00320947076292	-0.000142463360569	2.56144476229e-06	-2.49096285996e-07	4.4415454	4.4017719	4.4851025	4.3565277
2755.3159561106062938	-0.0050812867831176783059	-4.5685589315318377857	-769.64765692876403591	80.307775368775693892	-40.09321974	-0.00321053834182	-0.000124309394492	2.51109258428e-06	-2.89197227825e-07	4.4658943	4.3954954	4.5205037	4.3434617
2756.3160707952974917	-0.0053467837561746306418	-4.5737735647717272514	-769.78844859897014885	81.297929307053223624	-40.0964318	-0.00321159851393	-0.000104619552929	2.47640515324e-06	-3.43146043255e-07	4.4898727	4.3893037	4.5449045	4.3463518
2757.3161854799886896	-0.0056122807296261068011	-4.5792537254332339458	-769.92394351923246631	82.288821836931447251	-40.09964397	-0.003212657005	-8.48473235614e-05	2.44143467417e-06	-4.07738224527e-07	4.5129838	4.3833244	4.5575776	4.3479904
2758.3163001646803423	-0.0058776654717154000473	-4.5849994135163596454	-770.05387451330216209	83.280459153450081544	-40.10285814	-0.00321368332273	-6.3498283147e-05	2.41126760102e-06	-4.86849518615e-07	4.534896	4.377686	4.5617426	4.3346523
2759.3164148493719949	-0.0061468010036084073239	-4.5910123343554056774	-770.17797344197435905	84.272843063393025886	-40.1060724	-0.00321470824199	-4.20690015674e-05	2.36931330216e-06	-5.77394939623e-07	4.5555494	4.3725128	4.5669583	4.3166088
2760.3165295340636476	-0.0064159443050778889803	-4.5972944273869993381	-770.29596936177983935	85.265970978552985571	-40.10928852	-0.00321570599926	-1.90812331284e-05	2.32825203553e-06	-6.846758747e-07	4.57491	4.3679236	4.5834228	4.3123495
2761.3166442187548455	-0.0066850876052905426616	-4.6038456945859378422	-770.40759029588764406	86.259835442197825728	-40.11250474	-0.00321670054559	3.98668337214e-06	2.28600940726e-06	-8.04557796794e-07	4.5929484	4.3640008	4.6208168	4.328654
2762.3167589034460434	-0.0069544553319543442327	-4.6106661359522203014	-770.51256393596577254	87.254423819319114841	-40.11572281	-0.00321763179058	2.86346616573e-05	2.23054690031e-06	-9.41756866478e-07	4.6097456	4.3607667	4.6765198	4.3525629
2763.3168735881358771	-0.0072164187264522373921	-4.6177523894479692856	-770.6106187654642099	88.24971797047082589	-40.11894096	-0.00321855996107	5.33581217035e-05	2.19610492161e-06	-1.09212116911e-06	4.6254846	4.3582359	4.736337	4.3696266
2764.3169882728266202	-0.0074783663538106242077	-4.625100624621633294	-770.70148780616636941	89.24569372275756507	-40.12216077	-0.0032194265972	7.95923109098e-05	2.14465618312e-06	-1.26119397221e-06	4.6403483	4.3563867	4.7854731	4.373339
2765.3171029575182729	-0.0077403139808539783012	-4.6327108374639127675	-770.78490523534435397	90.242321079182090671	-40.12538066	-0.00322028882306	0.000105899087273	2.09134218285e-06	-1.44430994853e-06	4.6545086	4.3551574	4.8107146	4.3651222
2766.3172176422094708	-0.0080029344367476204503	-4.6405830279747988243	-770.86060513593542964	91.239564149869579524	-40.12860205	-0.00322106141685	0.000133681090855	2.00891866477e-06	-1.6476752743e-06	4.6680492	4.3544829	4.8133141	4.3468954
2767.3173323268933927	-0.0082424986364492362073	-4.6487066871907707366	-770.928324954301047	92.23738072014681677	-40.1318235	-0.00322182939412	0.000161531003803	1.99416776796e-06	-1.86237569875e-06	4.6810031	4.3542905	4.802037	4.3223882
2768.3174470115845907	-0.0084820175948577165859	-4.6570699043296164277	-770.98781711024730612	93.235721461525216114	-40.13504629	-0.0032225020782	0.000190782687682	1.94277294454e-06	-2.09655438986e-06	4.6933869	4.3545161	4.7857491	4.2964483
2769.3175616962757886	-0.008721536552625662464	-4.6656726678952145093	-771.03883830364975438	94.234530778454342226	-40.13826913	-0.00322316908648	0.000220096860262	1.88870085938e-06	-2.34504420301e-06	4.7051749	4.3550987	4.7713783	4.2739208
2770.3176763809669865	-0.0089621074187675991291	-4.6745149778875658697	-771.08114550820573641	95.233746954205656721	-40.14149309	-0.00322371707496	0.000250721401969	1.78495369166e-06	-2.61414901424e-06	4.7162473	4.3559774	4.7610884	4.2596212
2771.3177910656477252	-0.0091624910146900183372	-4.6835783318030861366	-771.11450205905316579	96.23330179316064914	-40.14471708	-0.00322425875497	0.00028140186586	1.8008991896e-06	-2.88749643621e-06	4.7264624	4.3571018	4.7563394	4.2566601
2772.3179057503389231	-0.0093628121490258679055	-4.6928420456691508633	-771.13869787146018098	97.233120172745131526	-40.14794195	-0.00322466601598	0.000313273902421	1.75981894675e-06	-3.17920863422e-06	4.7356508	4.3584751	4.7584408	4.2588011
2773.318020435030121	-0.0095631332836089277122	-4.702306103643517865	-771.15353057230993272	98.233121126615699836	-40.15116684	-0.00322506640923	0.000345194647646	1.71528693142e-06	-3.48397704317e-06	4.7436383	4.3601171	4.7659533	4.257022
2774.3181351197213189	-0.0097646035097853460527	-4.7119705057261880299	-771.15879850053670452	99.233218045049724765	-40.15439229	-0.00322531807263	0.000378170239885	1.5994054106e-06	-3.80795929854e-06	4.7502514	4.3620507	4.7748062	4.2513306
2775.3182498044020576	-0.0099115333285340889713	-4.7218097156486145138	-771.15430913428997428	100.23331861937535336	-40.15761777	-0.00322556324509	0.000411186644172	1.64825647627e-06	-4.12388397911e-06	4.7553064	4.3643104	4.7807908	4.2504422
2776.3183644890937103	-0.010058409634117766035	-4.7317958322531996629	-771.13990648578862874	101.23332543641863879	-40.1608436	-0.00322566551385	0.000445101561319	1.61997138976e-06	-4.45381183295e-06	4.7586201	4.3669581	4.7808537	4.2618582
2777.3184791737844535	-0.010205285939348586466	-4.741928842007998135	-771.11544510690612242	102.23313665111029991	-40.16406943	-0.00322576078073	0.000479048825677	1.58763873807e-06	-4.79387926406e-06	4.7601634	4.3700167	4.7774273	4.283851
2778.3185938584761061	-0.010353057542273282413	-4.7522087449130285819	-771.08078065407369195	103.23264600567368632	-40.16729529	-0.00322569929622	0.000513720250175	1.46536043776e-06	-5.14798726287e-06	4.7599531	4.3734915	4.7745187	4.3113455
2779.3187085431613923	-0.010436214456238875753	-4.7626045795863456433	-771.03578014081983838	104.23174326229299425	-40.17052113	-0.00322563018065	0.000548415322068	1.54138070705e-06	-5.47793717382e-06	4.7579984	4.3773982	4.776018	4.3392953
2780.3188232278525902	-0.010519344904658492132	-4.7730835609076516235	-770.98035428304422112	105.23031634624607022	-40.17374671	-0.00322538730224	0.000583648856766	1.52095535705e-06	-5.81571560556e-06	4.7543478	4.3817891	4.7810078	4.3629304
2781.3189379125437881	-0.010602475354330009871	-4.7836456822118789134	-770.91442615177618336	106.22825099611101507	-40.17697225	-0.00322513729932	0.000618896979946	1.49613099487e-06	-6.15940639384e-06	4.7491438	4.3866335	4.782323	4.3810087
2782.319052597234986	-0.01068595210763634111	-4.7942909434990239603	-770.83792013983702418	107.22543040176798002	-40.18019717	-0.00322472224515	0.000654483069613	1.36851597304e-06	-6.51024586901e-06	4.7425404	4.3918232	4.7728468	4.3951809
2783.3191672819257292	-0.0106973901333037337	-4.8049838416394816676	-770.75077374826423693	108.22173625774289007	-40.18342205	-0.00322430013194	0.000690074947977	1.46638422003e-06	-6.81769121495e-06	4.7347288	4.3972608	4.7507285	4.4071907
2784.3192819666164723	-0.010708824756727677516	-4.8156881765672210349	-770.65297345365661386	109.21705275724906414	-40.18664608	-0.00322371159325	0.000725803302209	1.45629155242e-06	-7.1239090479e-06	4.7258822	4.4028967	4.7173257	4.4188236
2785.319396651308125	-0.010720261617093310505	-4.8264039474292852461	-770.54451908063549581	110.21126473684456926	-40.18987006	-0.00322311533419	0.000761528910355	1.4417595393e-06	-7.43087996605e-06	4.7161621	4.4086747	4.67542	4.4311669
2786.3195113359984134	-0.010731276338742684606	-4.8371311531008718276	-770.42541171378695708	111.20425679427621901	-40.19309267	-0.00322233378601	0.000797188612455	1.32172181288e-06	-7.73679830399e-06	4.705734	4.4144635	4.63468	4.4423552
2787.3196260206896113	-0.010665157398497361607	-4.8478305968911605817	-770.29566672701071184	112.19591504132608861	-40.19631521	-0.0032215451538	0.000832836192103	1.44564681177e-06	-7.97904342528e-06	4.6947539	4.4201262	4.6068381	4.4497683
2788.3197407053808092	-0.010599038456325968194	-4.8584639141574132992	-770.1553519089331985	113.18613305264719315	-40.19953618	-0.00322058339775	0.000868187516075	1.45821576113e-06	-8.21130481494e-06	4.6833211	4.4255781	4.5966858	4.4509195
2789.3198553900720071	-0.01053293751990965442	-4.8690311048996317567	-770.00454859938599839	114.17480814427163693	-40.20275707	-0.00321961511602	0.00090351941824	1.46652457005e-06	-8.4386014903e-06	4.6715102	4.4307535	4.5936916	4.4461474
2790.3199700747554743	-0.010465605447232345995	-4.8795321599748939789	-769.84333901078662166	115.16183988623929224	-40.20597605	-0.00321848439122	0.000938367856132	1.37565991251e-06	-8.65291925921e-06	4.6593968	4.435596	4.5856959	4.4391991
2791.320084759447127	-0.01032136640002347637	-4.8899268378722586803	-769.67181960609593716	116.14713246724144824	-40.20919494	-0.00321734700169	0.000973189030795	1.52817647801e-06	-8.78731617456e-06	4.6471301	4.4400643	4.5720945	4.4340475
2792.3201994441378702	-0.010177127351403334604	-4.9001772601796211859	-769.49013876552862712	117.13060219060277234	-40.21241157	-0.00321604057039	0.00100731871082	1.57986463084e-06	-8.90251935833e-06	4.6349021	4.4441709	4.564917	4.4343288
2793.3203141288295228	-0.01003292656066459565	-4.9102834268970001474	-769.29845744066108182	118.11217192274794741	-40.21562809	-0.00321472742998	0.00104141403179	1.62757784385e-06	-9.00747600989e-06	4.6229096	4.4479618	4.5748839	4.4401215
2794.3204288135052593	-0.0098870053222503348489	-4.9202453184267200825	-769.09693679738120409	119.09176905475081298	-40.21884193	-0.00321324084706	0.00107462110739	1.58715298944e-06	-9.09059526536e-06	4.6114784	4.4514942	4.5970784	4.449622
2795.3205434981964572	-0.009673808376074012963	-4.9300268469389436632	-768.88575019136249011	120.06932806827123272	-40.22205566	-0.00321174790656	0.00110778855916	1.75939859685e-06	-9.08898325936e-06	4.6009875	4.4548382	4.6188972	4.4610164
2796.3206581828881099	-0.0094606114302297639879	-4.9395951540547615721	-768.66511577577580283	121.0447983169357542	-40.2252664	-0.0032100873901	0.00113991158662	1.8494789123e-06	-9.06105617817e-06	4.5917102	4.4581095	4.632195	4.4725095
2797.320772867578853	-0.0092474572707729914278	-4.9489502397741595985	-768.43526173187603945	122.0181375210093222	-40.22847703	-0.00320842067366	0.00117199028625	1.93625079326e-06	-9.01892035597e-06	4.5837148	4.4614259	4.6437018	4.4816144
2798.3208875522545895	-0.0090327567196274612116	-4.9580920820353133749	-768.19641570412636611	122.98930948903718274	-40.23168432	-0.00320658727277	0.00120287724956	1.95704993625e-06	-8.94784698675e-06	4.5770274	4.4648956	4.6629621	4.4849718
2799.3210022369457874	-0.0087711904007940731665	-4.9669950765156798411	-767.94881325677715722	123.95828616766937103	-40.23489148	-0.00320474777552	0.00123371528376	2.12514931913e-06	-8.80508944113e-06	4.5715889	4.4686349	4.6894808	4.4791567
2800.3211169216369854	-0.0085096240814608800629	-4.975636474679038912	-767.69272034248899672	124.92505375994063854	-40.23809496	-0.00320274104643	0.00126321112549	2.2307133806e-06	-8.63146807642e-06	4.5671964	4.4727927	4.7082715	4.4607606
2801.3212316063281833	-0.008248081340065077649	-4.9840162765253923638	-767.42840898065549027	125.88960704170402494	-40.24129829	-0.00320072770772	0.00129265499777	2.33347577066e-06	-8.44187297147e-06	4.5636381	4.4774729	4.7052832	4.4302266
2802.3213462910116505	-0.0079857730086644890949	-4.9921344698496366021	-767.1561500493286303	126.85194739907082351	-40.24449752	-0.00319852929982	0.00132064372558	2.38838163562e-06	-8.22108856147e-06	4.560785	4.482664	4.6874392	4.396746
2803.3214609757028484	-0.0077030595328249074072	-4.9999797857550847269	-766.87621697028646395	127.81208370368291583	-40.24769659	-0.00319632407361	0.00134857841108	2.50615950775e-06	-7.957539964e-06	4.5585535	4.4883425	4.6741756	4.3707933
2804.321575660394501	-0.007420346058482261975	-5.0075423557623208737	-766.588895384071634	128.77003512280441555	-40.25089115	-0.0031939238993	0.00137496792778	2.58627426036e-06	-7.66344185984e-06	4.5568397	4.4944853	4.6796338	4.360029
2805.3216903450856989	-0.007137628408718128814	-5.014822179871337049	-766.29447257739695942	129.72582807946852768	-40.25408554	-0.0031915186759	0.00140130329211	2.66434148662e-06	-7.35374703638e-06	4.5555071	4.5010297	4.6932229	4.3620204
2806.3218050297778063	-0.0068550419492653799289	-5.0218192602453841644	-765.99323439818715542	130.67949513927163707	-40.2572754	-0.00318896597693	0.00142605695587	2.72044978037e-06	-7.01005724686e-06	4.5544102	4.5079021	4.6973184	4.3721001
2807.3219197144690042	-0.0065758166846513789461	-5.0285354597190421444	-765.68546462598146718	131.63107455789204892	-40.26046507	-0.00318640530609	0.00145075443796	2.76383863835e-06	-6.65674922755e-06	4.5533895	4.5150309	4.6840676	4.3860921
2808.3220343991602022	-0.0062965914200928067151	-5.0349724019056170121	-765.37144337713391451	132.58060948829725589	-40.26364936	-0.00318360666606	0.00147377483763	2.78921625242e-06	-6.27488008957e-06	4.5522552	4.522364	4.6673349	4.4027054
2809.3221490838514001	-0.0060173442996790046933	-5.0411300868051078794	-765.05144882821116425	133.52814825299699919	-40.26683346	-0.00318080040127	0.00149673909054	2.81278145382e-06	-5.87963443168e-06	4.5508147	4.5298552	4.6635026	4.4216398
2810.3222637685480549	-0.0057387991179085016957	-5.0470085257363486164	-764.72575772104619318	134.47374425807134912	-40.27001181	-0.00317776141502	0.00151798964685	2.82500732865e-06	-5.45714739198e-06	4.5489084	4.5374569	4.6742146	4.4425926
2811.3223784532397076	-0.0054787150106396908383	-5.0526179260393897508	-764.39464204666523983	135.41745457904283967	-40.27318997	-0.00317471474625	0.00153918480768	2.77688831519e-06	-5.05074815672e-06	4.5464242	4.5451234	4.6809492	4.4652743
2812.3224931379304508	-0.0052186309044882726177	-5.0579672124077799111	-764.05836041597808617	136.35933655794767105	-40.27636198	-0.00317142821221	0.00155865039826	2.72794674137e-06	-4.61746142771e-06	4.5432691	4.5528517	4.6648601	4.4895462
2813.3226078226221034	-0.0049585210929389304454	-5.0630563848415297556	-763.71716745115054437	137.29945069165412974	-40.27953378	-0.00316813344459	0.00157806140361	2.67749496708e-06	-4.17356577663e-06	4.5394082	4.5606623	4.626099	4.5153461
2814.3227225073178488	-0.004699288281459112343	-5.0678854566210898014	-763.37131652907692114	138.23786135781804774	-40.2826989	-0.00316457557663	0.00159572816246	2.62901842642e-06	-3.70589288765e-06	4.534855	4.5685747	4.5815827	4.542611
2815.3228371920090467	-0.0044648689083847800316	-5.0724680607100491869	-763.02105540804257089	139.17463495860349099	-40.28586379	-0.00316100893664	0.00161334194248	2.5005057485e-06	-3.26869395046e-06	4.529633	4.5766028	4.5472193	4.57127
2816.3229518767002446	-0.00423044953505642609	-5.0768162185417775589	-762.6666147110665861	140.10983525740888922	-40.28902144	-0.00315715526776	0.00162922220541	2.38090913175e-06	-2.80921735907e-06	4.5238297	4.584744	4.523908	4.601053
2817.3230665613914425	-0.0039960078356812388234	-5.0809299301162749174	-762.30822039730207962	141.04352765203285003	-40.29217885	-0.00315329301974	0.00164505176052	2.26000910228e-06	-2.34186757153e-06	4.5175629	4.5930036	4.5039708	4.6302537
2818.3231812460862784	-0.0037623965990343844791	-5.0848092069349801747	-761.94609743639148292	141.97578034808077518	-40.2953285	-0.00314914316612	0.00165918139647	2.15163001088e-06	-1.85445327731e-06	4.5109496	4.6013919	4.4809669	4.6564757
2819.3232959307774763	-0.0035548246698626144273	-5.0884682371561913428	-761.58046530490764781	142.90666240878326221	-40.29847791	-0.00314498452866	0.00167326276568	1.95996766509e-06	-1.40362838726e-06	4.5041105	4.6099133	4.4563674	4.6774477
2820.3234106154686742	-0.0033472527391255114428	-5.0919196716419863336	-761.21152596645993071	143.83623873921214908	-40.30161901	-0.00314052402717	0.00168568540746	1.78780574563e-06	-9.32954301265e-07	4.4971833	4.6185573	4.4346328	4.6936282
2821.3235253001598721	-0.0031396632963674622578	-5.0951635103923642589	-760.83947679584571233	144.76457484216479088	-40.30475985	-0.00313605468789	0.0016980615185	1.6142921579e-06	-4.5673222684e-07	4.4902935	4.6273125	4.4186928	4.7079122
2822.3236399848533438	-0.0029327926560910573886	-5.098199762401673496	-760.46451443048033525	145.69173817115449765	-40.30789175	-0.0031312738161	0.001708797421	1.4543452685e-06	3.68946922018e-08	4.483513	4.6361668	4.4063068	4.7232612
2823.3237546695445417	-0.0027512150577772265768	-5.1010420921929569005	-760.08683047028853252	146.61779623375755932	-40.31102337	-0.0031264835542	0.00171948863861	1.21374104512e-06	4.91823263326e-07	4.4769061	4.6450994	4.3941686	4.7405956
2824.3238693542361943	-0.0025696374597356311242	-5.1037028235622301509	-759.70659985014356153	147.5428116216844785	-40.31414541	-0.00312135356272	0.00172856317959	9.87766479821e-07	9.64151788205e-07	4.4705347	4.6540672	4.380734	4.7575671
2825.3239840389269375	-0.002388046142388922273	-5.1061819565094888063	-759.32399324660525508	148.46684682508561082	-40.31726717	-0.00311621360751	0.00173759508113	7.60365067873e-07	1.44007524468e-06	4.4644268	4.6630214	4.3679187	4.7716511
2826.3240987236199544	-0.002207074355823326374	-5.1084794980623184912	-758.9391808180115504	149.38996563504321102	-40.32037845	-0.00311070342078	0.00174504259097	5.45393921383e-07	1.92908525456e-06	4.4586044	4.671897	4.3578868	4.7822424
2827.3242134083111523	-0.0020504421538130694624	-5.1106085004529129279	-758.55232812283873045	150.31223132177933621	-40.32348944	-0.00310518259884	0.00175244958494	2.53251766061e-07	2.37835873274e-06	4.4530803	4.6806115	4.3509944	4.7902234
2828.3243280930023502	-0.0018938099529209324705	-5.1125808526791596265	-758.16358496271084277	151.23370178451776269	-40.32658911	-0.00309925562709	0.00175830931026	-2.3680103168e-08	2.83912818067e-06	4.4478748	4.689063	4.3464284	4.796399
2829.3244427776940029	-0.001737165801661150373	-5.1143965547410603634	-757.7730972012101347	152.15443432756475772	-40.32968849	-0.0030933194137	0.00176413122392	-3.01948479559e-07	3.30206879177e-06	4.4430123	4.6971357	4.343536	4.8009736
2830.3245574623856555	-0.001581104011189288271	-5.116055612748241721	-757.38101036142688827	153.07448707776075025	-40.33277613	-0.00308702020902	0.00176846797973	-5.6342491382e-07	3.77879143096e-06	4.4385177	4.7047098	4.3422235	4.8039361
2831.3246721470773082	-0.0014499982448703601853	-5.1175713376871252436	-756.98746547819303032	153.99391712724613512	-40.33586347	-0.00308071040813	0.00177276849968	-9.03364738436e-07	4.21287437736e-06	4.4344201	4.711666	4.3425087	4.805287
2832.3247868317685061	-0.0013188924786835690226	-5.1189559418232741805	-756.59258767815083502	154.91277551989844596	-40.33893809	-0.00307397221739	0.00177560405555	-1.22794425412e-06	4.65880623801e-06	4.430768	4.7178842	4.3443217	4.8050533
2833.324901516459704	-0.0011877741422650944011	-5.1202094251566894201	-756.19649820189022194	155.83111226551065442	-40.3420124	-0.00306722563057	0.00177840699848	-1.553605547e-06	5.10586902934e-06	4.4276162	4.7232437	4.3474872	4.8032744
2834.3250162011513567	-0.0010572900223066348472	-5.1213317941067639794	-755.79931808690935213	156.74897785140805695	-40.34507359	-0.0030601293713	0.00177985170851	-1.85442720723e-06	5.56853229762e-06	4.425016	4.7276666	4.3518319	4.8002865
2838.3254749399247885	-0.00065072343819122090841	-5.1247467267329547269	-754.20181519011350701	160.41662546311980009	-40.35725812	-0.00302989742907	0.00178008212215	-3.33810568431e-06	7.27000662094e-06	4.4210358	4.734949	4.3787404	4.7802123
2842.3259336786973108	-0.00038803298506627449584	-5.1268225462068182097	-752.59442419508206967	164.07995162089531505	-40.36931324	-0.00299568662551	0.00177004598432	-5.06993599844e-06	8.81587296619e-06	4.4305294	4.720792	4.4163914	4.7184467
2846.3263924174693784	-0.00030196600574138883879	-5.1282003042990593755	-750.98092490171814006	167.74059194966724817	-40.38122288	-0.00295717434716	0.0017506628568	-7.11521564987e-06	1.01618792001e-05	4.4566522	4.681099	4.4608597	4.6452665
2850.3268511562428102	-0.00041394892795169392109	-5.1296297794574776674	-749.36253054469182189	171.3990707450394666	-40.39296777	-0.00291370505438	0.00172266658922	-9.56164001444e-06	1.12794977241e-05	4.4973803	4.6289665	4.5059773	4.6130988
2854.3273098950207896	-0.00070892026112675556298	-5.1318737204717104206	-747.73764285012680375	175.05466965009543401	-40.40452384	-0.00286430833837	0.00168615761167	-1.24907954466e-05	1.21671665614e-05	4.5509392	4.5887392	4.5584799	4.6052862
2857.327653949094838	-0.0010274095219532284294	-5.1344785347301185041	-746.51228356518379314	177.79338357532458303	-40.41306319	-0.00282378368942	0.00165361643655	-1.49663923275e-05	1.27596587334e-05	4.6003903	4.5701203	4.6046529	4.5916579
2858.3277686337860359	-0.0011339991540565458501	-5.1355591731760528162	-746.10208427109171225	178.70550518142090368	-40.41587253	-0.00280922589021	0.00164123891789	-1.5838554269e-05	1.29748275438e-05	4.6186204	4.5653728	4.6224695	4.5851029
2859.3278833184776886	-0.0012516974948251695203	-5.136752158301897353	-745.69084920892771606	179.61716026287180625	-40.41868144	-0.00279465610533	0.00162884318546	-1.67395826829e-05	1.31746630627e-05	4.6376927	4.5611276	4.6421379	4.5775479
2860.3279980031688865	-0.0013693958345854509093	-5.138062855266001705	-745.2784732270774839	180.52829981799791881	-40.42146086	-0.00277927072358	0.00161520805014	-1.76973364787e-05	1.33874733582e-05	4.6577261	4.5573484	4.6635712	4.5687312
2861.3281126878600844	-0.0014871330082484909407	-5.1394912640683685368	-744.8648497840881646	181.43887373584152556	-40.42423984	-0.00276387281657	0.00160155138702	-1.86529598674e-05	1.36035825981e-05	4.6788746	4.5540471	4.6865586	4.5582446
2862.3282273725490086	-0.0016036952936048290679	-5.1410373645490654582	-744.44987254084708184	182.3488314661014158	-40.42698751	-0.00274757935396	0.00158635548679	-1.97084636674e-05	1.38312117563e-05	4.7013172	4.5512033	4.7109491	4.5460082
2863.3283420572402065	-0.001691531663177982172	-5.1426851669837576608	-744.03344042057040042	183.25812429319455532	-40.42973474	-0.00273127519922	0.00157113658815	-2.06830646433e-05	1.41075913532e-05	4.7253127	4.5487181	4.7367952	4.5327841
2864.3284567419318591	-0.0017793680317404175079	-5.1444208158605677639	-743.61547062808301689	184.16671131929382454	-40.43244866	-0.00271416575801	0.00155418554604	-2.17648127635e-05	1.43877536158e-05	4.751119	4.5464919	4.7641749	4.5193525
2865.3285714266226023	-0.001867305212763058133	-5.1462443111794957673	-743.19588460760758153	185.0745530878784848	-40.43516215	-0.00269704634449	0.00153721052597	-2.28452018897e-05	1.46710159474e-05	4.7788965	4.5442851	4.7932628	4.5040929
2866.3286861113060695	-0.0019519209326990080884	-5.148155600784602548	-742.77460400543384367	185.98160971911431716	-40.43784147	-0.00267913357695	0.00151832792644	-2.40451570753e-05	1.49718891261e-05	4.8085488	4.5417322	4.8245	4.4832797
2867.3288007959972674	-0.001946436246367305202	-5.1501050029151347331	-742.35156623349746496	186.88784815865264477	-40.44052035	-0.00266120819984	0.00149941717843	-2.50042015449e-05	1.54110590825e-05	4.8399112	4.538543	4.8583444	4.4555967
2868.3289154806884653	-0.0019409515605200591912	-5.1520489197306877927	-741.92676512620232643	187.7932613719438848	-40.44316162	-0.00264221990925	0.00147813368014	-2.61463379158e-05	1.58369974272e-05	4.8727428	4.5347859	4.8946032	4.4314368
2869.3290301653796632	-0.0019355410525410984661	-5.1539873512312617265	-741.5002072552597383	188.69784826775534725	-40.44580246	-0.00262322238824	0.00145682062697	-2.72908121266e-05	1.62626577616e-05	4.9067674	4.5306333	4.9318552	4.424461
2870.3291448500649494	-0.0019265213664741438326	-5.1559202594927455721	-741.07189918565143216	189.6016077870011145	-40.44840504	-0.00260339759005	0.00143285871881	-2.86173503138e-05	1.66890364232e-05	4.9417089	4.5263732	4.9685447	4.4380987
2871.3292595347561473	-0.0017631072858140207568	-5.1577652853908713126	-740.64187283532953643	190.50455099495212608	-40.45100721	-0.0025835641508	0.00140886462837	-2.95474757337e-05	1.73325346975e-05	4.9775116	4.5224966	5.0042704	4.4602076
2872.3293742194478	-0.0015996932052175373128	-5.1594468784672384842	-740.21025497570542484	191.40673455169212502	-40.45356938	-0.00256290404908	0.00138179176577	-3.07055286671e-05	1.79598467236e-05	5.0144373	4.5196023	5.0404529	4.4782272
2873.3294889041389979	-0.0014362791246176260553	-5.1609650387218435341	-739.77719427725799051	192.3082264384256348	-40.45613113	-0.00254223628319	0.00135468385259	-3.18728155431e-05	1.85782205921e-05	5.0527744	4.5181458	5.0785465	4.4895611
2874.3296035888301958	-0.001273261003009137568	-5.1623197661546873505	-739.34283907510132394	193.20909534558236942	-40.45865145	-0.00252078239297	0.00132398075239	-3.33015309959e-05	1.91779175736e-05	5.0928236	4.5184693	5.1186835	4.4982795
2878.3300623275949874	0.0002200550774194463485	-5.1644060651426260122	-737.59746584619847454	196.80872529926332959	-40.46855747	-0.00243214662774	0.00118359735497	-3.8167553803e-05	2.24257743163e-05	5.2671751	4.5419376	5.2874239	4.5317075
2880.3302916970292245	0.0014840329450594581372	-5.1627019967868736927	-736.72495816636921973	198.60862720634108314	-40.4733774	-0.00238614080262	0.00109864311655	-4.03864520956e-05	2.439470755e-05	5.3489027	4.5694555	5.3709316	4.5580069
2881.3304063817204224	0.0021162392260942329732	-5.1609016542535011141	-736.29042418225060374	199.50940982632263854	-40.47576455	-0.00236288904597	0.00105343925619	-4.16786612929e-05	2.52942220842e-05	5.3843913	4.5887163	5.4093027	4.5801824
2882.3305210664116203	0.0027258481801004513789	-5.1584690329346729598	-735.85779770845442727	200.41111001091834964	-40.47810622	-0.00233930776228	0.00100230025127	-4.32955867377e-05	2.61212715489e-05	5.4156464	4.6127023	5.4458652	4.6051027
2883.330635751389309	0.0036367463454822232874	-5.1552885958124852195	-735.42768287111425707	201.31401076125737859	-40.48044761	-0.00231572427207	0.000951121251695	-4.43509681511e-05	2.71271404137e-05	5.4427209	4.6422065	5.482331	4.6315572
2884.3307504360809617	0.0045528094582397496404	-5.1511933483022911417	-735.00085502768081369	202.2184697020237536	-40.48274251	-0.00229178749413	0.000893538662655	-4.56546349013e-05	2.80440681848e-05	5.4654425	4.6781104	5.5187879	4.6611831
2885.3308651207721596	0.0054688725717411670532	-5.1461819326205038294	-734.57815004327051156	203.12486243378401696	-40.48503715	-0.0022678495308	0.00083591709402	-4.70036324371e-05	2.88554469411e-05	5.4834699	4.7212495	5.5505849	4.695802
2886.3309798054633575	0.0063510112328542308452	-5.1402543487671232825	-734.16040904627004693	204.03355320192505928	-40.48728571	-0.00224369789929	0.000771269453287	-4.8662657633e-05	2.95457269869e-05	5.4964329	4.7718931	5.5722177	4.7365586
2887.3310944917820962	0.0075440465358392301901	-5.1333094413029600744	-733.74850492522955392	204.94490404294205632	-40.48953404	-0.00221954471094	0.000706586214943	-4.98274510818e-05	3.02891698908e-05	5.5039646	4.8301466	5.5787997	4.7844006
2888.3312091764732941	0.008752130413605471379	-5.1251604183673329374	-733.34348904137016234	205.85933609574300363	-40.4917344	-0.00219507059093	0.000634564783364	-5.11421225825e-05	3.08769225032e-05	5.5060513	4.8962338	5.5724926	4.8403165
2889.331323861164492	0.0099602142917810717465	-5.1158031730049540187	-732.94649306733413141	206.77727742227216368	-40.49393456	-0.0021705947236	0.000562512215199	-5.25164888616e-05	3.12905158976e-05	5.5030098	4.9702791	5.5607051	4.905113
2890.3314385458556899	0.011128404477095238043	-5.1052377052158206538	-732.55866096864428982	207.69912683470749926	-40.49608606	-0.0021456983327	0.000482966108715	-5.40855628134e-05	3.14864640308e-05	5.4951341	5.0523164	5.5506479	4.9801447
2891.3315532352758055	0.012594168741046171678	-5.0933814098720313623	-732.18116931634676803	208.62525734122505128	-40.49823739	-0.00212080038763	0.000403393733029	-5.52530370424e-05	3.15778825844e-05	5.4832109	5.1421672	5.5429562	5.0689906
2892.3316679199674581	0.01408938057784999906	-5.0800381051153324918	-731.8153736799795297	209.55606778999882067	-40.50033811	-0.00209545328962	0.000316229557676	-5.63840941422e-05	3.13978949062e-05	5.469225	5.2397589	5.5223797	5.1755961
2893.3317826046586561	0.015584592414308763922	-5.0651994170442842247	-731.46273059059387833	210.49193844237203166	-40.50243868	-0.00207010437547	0.000229044967616	-5.75907831344e-05	3.09570520584e-05	5.4550143	5.3444353	5.4882202	5.296774
2894.3318972893503087	0.017042392945046488939	-5.0488653456588741264	-731.12471723654607558	211.43318979749511755	-40.50448687	-0.00204409892428	0.000134480461296	-5.88140067414e-05	3.01731115284e-05	5.4419883	5.4550675	5.463147	5.4240743
2895.3320119824688845	0.01875204603345611773	-5.030974219428356875	-730.80284492146108732	212.38007992371407795	-40.50653495	-0.00201809144847	3.9901464381e-05	-5.97574180481e-05	2.91132686208e-05	5.4305133	5.5703325	5.4490759	5.5536475
2896.3321266671600824	0.020501371848578621437	-5.011345259604572	-730.49878828446026091	213.33283740850217214	-40.50852854	-0.00199110743592	-6.16668291579e-05	-6.04832363153e-05	2.76334805969e-05	5.4200714	5.6888071	5.4318553	5.6898635
2897.3322413518517351	0.022250697662770158036	-4.9899667733450288054	-730.21433011569502014	214.29162561958415267	-40.51052205	-0.00196412225297	-0.000163244358926	-6.13031093434e-05	2.57982225584e-05	5.410008	5.8088947	5.3976289	5.8378508
2898.332356036542933	0.023978457707373133923	-4.9668387606497468312	-729.95127762281470041	215.25650290682179389	-40.51246041	-0.00193628970683	-0.000271508918829	-6.19633778799e-05	2.35104945593e-05	5.3999949	5.9292841	5.3411828	5.9948792
2899.3324707286860757	0.025846336799650707766	-4.9419289078318699993	-729.71146623559673117	216.22741390022602559	-40.51439873	-0.0019084560591	-0.00037977734562	-6.25356509424e-05	2.08070710082e-05	5.3909352	6.0491583	5.2862265	6.1472255
2900.3325854133777284	0.02774123027037138367	-4.9151320514599250444	-729.49683129244033353	217.20419502572732995	-40.51627635	-0.00187902621198	-0.000493648894396	-6.27233779474e-05	1.75502876412e-05	5.3838903	6.1677455	5.2599159	6.2804788
2901.3327000980689263	0.029636123741474222626	-4.8864400843018911402	-729.30937651444708081	218.18655008754751634	-40.51815397	-0.00184959636487	-0.000607520443172	-6.30226378028e-05	1.38619553656e-05	5.3805512	6.2842097	5.2663324	6.3919181
2902.332814782760579	0.031538741310086250424	-4.8558530063577443059	-729.15111708296876714	219.17402431522651796	-40.51996994	-0.00181868997381	-0.000726219968654	-6.29705339484e-05	9.6316555588e-06	5.3830317	6.3975511	5.2937921	6.4877438
2903.3329294641671368	0.033390105526250976609	-4.8233830848487526666	-729.02406866063972757	220.16599215799479339	-40.52178591	-0.00178778358274	-0.000844919494136	-6.30995706029e-05	4.98176231545e-06	5.3928922	6.5057616	5.3321255	6.5746349
2904.3330441488583347	0.035232739554511185998	-4.7890677273136086356	-728.93021083560529405	221.16164367292967086	-40.52353659	-0.0017553824621	-0.000967577777151	-6.28048480166e-05	-2.0512725174e-07	5.4105047	6.6060972	5.3754012	6.6596927
2905.3331588335499873	0.03707537358269032135	-4.7529095244283183774	-728.87148788463468918	222.15997829684110343	-40.52528723	-0.0017229803099	-0.00109023879223	-6.26291424395e-05	-5.84412745926e-06	5.4359363	6.6960973	5.4187456	6.7512806
2906.3332735182411852	0.038963865541640399504	-4.7149084761929147547	-728.84981481350143895	223.15979792758506051	-40.52696989	-0.00168880398757	-0.00121556147527	-6.19604733353e-05	-1.20129221134e-05	5.4689362	6.7736359	5.460085	6.8388277
2907.3333881849148383	0.040507528326100057658	-4.675161074291953156	-728.86703916825501892	224.15969843405190431	-40.52865246	-0.00165462521474	-0.00134088783465	-6.18357195051e-05	-1.83042820572e-05	5.5088796	6.837306	5.501549	6.8475515
2908.3335028696055815	0.042018145677588533693	-4.6338935050745044819	-728.92474541665694687	225.15807583066720099	-40.53026456	-0.00161842415818	-0.00146762396078	-6.1319273601e-05	-2.49122477069e-05	5.5553132	6.8864473	5.5459045	6.7989629
2909.3336175542967794	0.043528763030175152138	-4.5911151452602840806	-729.02434262387953368	226.15314228623375925	-40.53187651	-0.00158221890891	-0.00159436300971	-6.09109034866e-05	-3.19031875905e-05	5.6078321	6.9212722	5.6003009	6.8211836
2910.3337322389884321	0.045090031537224191382	-4.5468259948492901756	-729.16714998336874487	227.14292607570337168	-40.53341494	-0.00154404975966	-0.00172135966039	-5.99625285638e-05	-3.92698111526e-05	5.665945	6.9435363	5.6713429	6.9163142
2911.3338469135178457	0.046014700644824067799	-4.5012654075622631211	-729.35431080225839651	228.12528405571822532	-40.53495316	-0.00150587517776	-0.00184835702366	-5.99337740312e-05	-4.60306823592e-05	5.7289638	6.956461	5.7445129	6.9592715
2912.3339615982085888	0.046926672955243768637	-4.4547893912860043741	-729.58646467516598477	229.09798849729875769	-40.53641434	-0.00146566414711	-0.00197415597859	-5.94270500132e-05	-5.28502299653e-05	5.7962921	6.9638664	5.8090957	6.933923
2913.3340762829002415	0.047841063587765388088	-4.4074012981097272501	-729.86399619324402011	230.05872700125763686	-40.53787524	-0.00142544606992	-0.00209995078679	-5.89914418613e-05	-5.98990029573e-05	5.8666729	6.9702552	5.8779388	6.9276111
2914.3341909630266855	0.048710145105736513127	-4.3591024197215020308	-730.18715709436412453	231.00508950338812042	-40.53925464	-0.00138335228311	-0.00222340051075	-5.8020358545e-05	-6.69866510411e-05	5.938623	6.9794943	5.9537123	7.0010982
2915.3343056477178834	0.048987982551372516449	-4.310247753653234426	-730.55593767149343876	231.9346223647561942	-40.5406337	-0.00134125070249	-0.00234684049059	-5.79161388606e-05	-7.28958149878e-05	6.0108148	6.9924522	6.0198174	7.094337
2916.3344203324090813	0.049265819997898925575	-4.2611152182748659456	-730.96979820696719798	232.84497814272498317	-40.54192742	-0.00129705781976	-0.00246628693694	-5.72100257732e-05	-7.87056707282e-05	6.0824355	7.0088741	6.0755867	7.1178017
2917.3345350171002792	0.049561981457168995113	-4.2117048135863965896	-731.42799238221516589	233.73384483750015761	-40.54322073	-0.0012528547921	-0.00258571401064	-5.65254391037e-05	-8.45810799903e-05	6.1527257	7.0284328	6.1379472	7.0624499
2918.3346496732501691	0.049723218250841354215	-4.1620287221573315506	-731.92964752529326233	234.59892623643895604	-40.54442661	-0.00120702534823	-0.0027001627377	-5.54127448838e-05	-9.00331834222e-05	6.2209735	7.0508091	6.2212394	7.0241345
2919.3347643579418218	0.049604612010013343637	-4.1123591113359863058	-732.47366077046626742	235.43801702542288012	-40.54563201	-0.00116118688124	-0.00281458384563	-5.46595679608e-05	-9.46859250506e-05	6.2868376	7.0758026	6.313052	7.0590041
2920.3348790426330197	0.049486005768970116325	-4.0628081203582562253	-733.05861545511720578	236.24909825492068194	-40.5467455	-0.00111361420535	-0.00292245249668	-5.33845448469e-05	-9.90347904269e-05	6.3501616	7.103658	6.3879221	7.1136564
2921.3349937273237629	0.049379978819324488182	-4.0133757492241430853	-733.68297957781783225	237.03024815393882818	-40.54785842	-0.00106603069817	-0.00303028022329	-5.20950442525e-05	-0.000103356344479	6.4106436	7.1346466	6.4406397	7.1333651
2922.3351083971815569	0.049197355445306414912	-3.9640729582833031941	-734.34513413013314675	237.77963332694773158	-40.54887617	-0.00101696957325	-0.00313053139456	-5.04091048972e-05	-0.00010717714904	6.4678698	7.1687993	6.4882204	7.130092
2923.3352230818727548	0.048958034310350243001	-3.914989634945192698	-735.04334235466956216	238.49554803089884558	-40.54989327	-0.000967898187094	-0.00323072995085	-4.87704933641e-05	-0.000110737874014	6.521551	7.2060125	6.5452176	7.1335659
2924.3353377665644075	0.048718713175387687309	-3.8661456601884767181	-735.77575429731530221	239.17643222647140533	-40.55081167	-0.000917774431946	-0.00332234324475	-4.67068624556e-05	-0.000113906898979	6.5715639	7.246203	6.6084012	7.1608259
2925.3354524512551507	0.048470258357737411314	-3.8175410340132209797	-736.54046024197077713	239.82083683813823427	-40.55172932	-0.000867642632281	-0.00341389091121	-4.46161688862e-05	-0.000117029462033	6.6178297	7.2893394	6.6688383	7.2198096
2926.335567143512435	0.048277803683918367461	-3.769164639932263583	-737.33550127491821513	240.42742078610916678	-40.55254649	-0.000816251055332	-0.00349564625616	-4.21642698077e-05	-0.000119840909568	6.6602859	7.3352086	6.7180914	7.3098255
2927.3356818282040877	0.048102528224472689	-3.7209689473037954599	-738.15889329542562791	240.9949252926244867	-40.55336282	-0.000764848965637	-0.00357731988494	-3.96689667521e-05	-0.00012271020702	6.6989944	7.3831717	6.7516489	7.4080984
2928.3357965128952856	0.047927252764723288214	-3.6729485502362857474	-739.00862427661945731	241.52217708216653591	-40.55407682	-0.000712749110698	-0.00364866515702	-3.69133883181e-05	-0.000125131641922	6.7341138	7.4325284	6.7673096	7.487967
2929.3359111975869382	0.047731629597436438239	-3.6251034487296891484	-739.88264285906700479	242.00810928733480409	-40.5547899	-0.000660642943337	-0.00371991699234	-3.41373535235e-05	-0.000127524290418	6.76581	7.4825473	6.7630782	7.5252797
2930.3360258928883013	0.047681866235936426479	-3.5773948462239824053	-740.77886769501651543	242.45175410129127158	-40.55539858	-0.00060792727519	-0.00378003962144	-3.10683146689e-05	-0.000129842900408	6.7941946	7.5321164	6.754128	7.5365531
2931.3361405775794992	0.047649139720292450761	-3.5297238767423264605	-741.69522220938335977	242.85217185896911474	-40.55600625	-0.000555205664835	-0.00384005374853	-2.79690727922e-05	-0.000132292280857	6.8192286	7.5799108	6.7795366	7.5682422
2932.3362552622711519	0.04761641320460176241	-3.4820856375295825558	-742.62961106758996266	243.20848309693812439	-40.55650721	-0.00050186459316	-0.00388879381899	-2.47790254731e-05	-0.000134299390903	6.8409333	7.6247193	6.8195671	7.6263752
2933.3363699469623498	0.047576664163285369014	-3.434480128585789771	-743.57990252198328562	243.51990989114403874	-40.55700706	-0.00044851704628	-0.00393741604217	-2.15845734924e-05	-0.000136298732645	6.8593651	7.6654421	6.8337176	7.6827452
2934.3364846333201967	0.047617621561937051311	-3.3868780043341626396	-744.54393534763505613	243.78576931708803954	-40.55740055	-0.000394755149935	-0.00397437858429	-1.83129201618e-05	-0.000138092870693	6.87451	7.7013528	6.8437615	7.7302135
2935.3365993180118494	0.047660617708278736615	-3.3392334212212899658	-745.51953128740262855	244.00543439982911309	-40.55779286	-0.000340988630445	-0.00401121103233	-1.50412975006e-05	-0.000139920640832	6.8862239	7.7320835	6.8693044	7.7802709
2936.3367140027030473	0.047703678575433748621	-3.2915458370311574399	-746.50448557438528496	244.17836472446205676	-40.55807857	-0.000287136903327	-0.00403647352684	-1.17994499181e-05	-0.000141286751729	6.8942132	7.7578115	6.8971629	7.8329393
2937.3368286872691897	0.047744052488984112248	-3.2438152849897772256	-747.49656616729396319	244.3041248139677748	-40.55836301	-0.000233284165373	-0.00406159876439	-8.5631282183e-06	-0.000142639127175	6.8981995	7.7796109	6.91834	7.8675329
2938.3369433719599328	0.047688607565828142199	-3.1960934826298199596	-748.49351754573228845	244.38240330123144872	-40.55854184	-0.000179485694597	-0.00407524721366	-5.42361689937e-06	-0.000143129919003	6.897997	7.7986072	6.9374021	7.8649597
2939.3370580566511308	0.047633162642111294416	-3.1484271315519727352	-749.49306746922798084	244.41306213024259364	-40.55871934	-0.00012568790595	-0.00408875140162	-2.27908579893e-06	-0.000143613275334	6.8936567	7.815696	6.9374475	7.8294105
2940.3371727413427834	0.047585446423736070531	-3.1008162317562364407	-750.49294361081797433	244.39608699720301388	-40.5587914	-7.21227401293e-05	-0.00409134774971	7.02606263892e-07	-0.000143653482055	6.8853869	7.8316839	6.9073097	7.7745559
2941.3372874134447557	0.047469448319133002168	-3.0532654845942186483	-751.49088085700509509	244.33157201150072524	-40.55886206	-1.85606629418e-05	-0.00409379926973	3.68701623934e-06	-0.000143471292091	6.8735497	7.8469474	6.8897885	7.7243962
2942.3374020981364083	0.047117200947118749454	-3.0059667361407571562	-752.48463607614451121	244.21979774356930193	-40.55882875	3.46923334213e-05	-0.00408596517198	6.47635441407e-06	-0.000141871876107	6.8585997	7.8612944	6.8868408	7.7137612
2943.3375167828271515	0.046764953575369631877	-2.9590202754565555487	-753.47202438336341856	244.06133632771312136	-40.55879399	8.79410069756e-05	-0.00407798721944	9.30019759706e-06	-0.00014027219351	6.8411968	7.8745532	6.8533483	7.7641233
2944.3376314675183494	0.0464454454294137703	-2.9124261025415494331	-754.45092570518738739	243.85688428440951725	-40.55865609	0.000140434728426	-0.00406010451588	1.18895441923e-05	-0.000138285629609	6.8220324	7.8873086	6.8139608	7.8506031
2945.3377461100112669	0.045912556592290557078	-2.8662086778265112308	-755.41928786011010288	243.60723235314827662	-40.55851668	0.000192917355408	-0.00404207625613	1.45404039915e-05	-0.000135708115074	6.8017693	7.900304	6.8024395	7.9378907
2946.3378607947024648	0.045113105706280576257	-2.8206906270522886793	-756.37517900021771311	243.31341468096192671	-40.5582758	0.000244612783463	-0.00401500170583	1.69648317263e-05	-0.000131595345387	6.7811175	7.9137252	6.7720347	7.9965321
2947.3379754793932079	0.044313654820420288194	-2.7759721188487223031	-757.31684815143012202	242.97678146992487314	-40.55803336	0.000296296083804	-0.00398778778691	1.94664768702e-05	-0.000127520601668	6.7612747	7.9266128	6.7207087	8.0130693
2948.3380901640848606	0.043569824023523315293	-2.732053153215750374	-758.2426811228705219	242.59875776103706357	-40.55769075	0.000347023814157	-0.00395240987372	2.16346238478e-05	-0.000123192665628	6.7436168	7.9378702	6.680603	7.9770462
2949.3382047959171359	0.042491509294835007327	-2.6889862644828212979	-759.15119766007330782	242.1808193759306107	-40.55734653	0.000397736142892	-0.00391690037548	2.39659521338e-05	-0.000118042194842	6.7295449	7.9464538	6.6714053	7.9047674
2950.3383194806087886	0.041217668709964301599	-2.6471268753997181378	-760.04114758616890413	241.7246697656137826	-40.55690502	0.000447145066083	-0.00387408748735	2.60586701765e-05	-0.00011172897676	6.7206572	7.9512225	6.6747963	7.8743574
2951.3384341652999865	0.039943828126099679976	-2.6065414729910476588	-760.91154703451320529	241.23223003114483731	-40.55646188	0.000496532052575	-0.00383115168101	2.8269581302e-05	-0.000105520603166	6.71889	7.9509081	6.6657333	7.9341839
2952.3385488499907297	0.038718326194548118024	-2.5672300572568089727	-761.76158870428116643	240.7054191212810963	-40.55592343	0.000544572598687	-0.00378200287213	3.00932389907e-05	-9.92152614551e-05	6.7256398	7.944376	6.645486	8.0083873
2953.3386635025381111	0.037197686028865126207	-2.5292502127864269212	-762.59063549970483109	240.14614229988077909	-40.55538331	0.000592589523038	-0.00373274506321	3.21478631219e-05	-9.22908497768e-05	6.741549	7.9305804	6.6511316	8.0133887
2954.338778187229309	0.035581815941431296779	-2.4928562884539138267	-763.39831373231584166	239.5564179112413683	-40.55475159	0.00063917064159	-0.0036782680589	3.38960593974e-05	-8.48051948699e-05	6.7669324	7.9085621	6.6991069	7.9679111
2955.3388928719209616	0.033965945853760941275	-2.4580784195244924639	-764.18450294099034181	238.93832803400707121	-40.5541182	0.000685725544588	-0.00362369576029	3.57848956754e-05	-7.74925094222e-05	6.8013729	7.8773251	6.7631934	7.9250342
2956.3390075566117048	0.032366864077995938231	-2.4249166059982085741	-764.94924970378815487	238.29389021087536094	-40.55339033	0.00073093516005	-0.0035649538016	3.71868216396e-05	-7.02839396316e-05	6.8440296	7.8361931	6.817929	7.9125485
2957.3391222334785198	0.030660811249768171044	-2.3933945503407594302	-765.69275657844684702	237.62505234839412083	-40.55266066	0.000776119250029	-0.00350613272779	3.87796815802e-05	-6.30066349898e-05	6.8930535	7.7852323	6.8665195	7.9006273
2958.3392369181701724	0.028931295603522880211	-2.3635950797628226816	-766.41541143408926473	236.93373091627123017	-40.55184439	0.000820025988227	-0.00344440322967	3.99947538083e-05	-5.56970403558e-05	6.9462969	7.7245558	6.9198225	7.8524846
2959.3393516028613703	0.027201779956719709247	-2.335525323180493551	-767.11776640577386388	236.22178906504586848	-40.55102643	0.000863907574631	-0.00338261646301	4.13505616409e-05	-4.85992523718e-05	7.0019489	7.6543922	6.9824316	7.7459567
2960.3394662875521135	0.025456990189091640436	-2.309185280593770706	-767.80049824512263967	235.49100264925201031	-40.55012302	0.000906406378409	-0.00331901411663	4.22850018861e-05	-4.16706447812e-05	7.0583322	7.5754318	7.0546733	7.5914502
2961.3395809775461203	0.023811063813756330049	-2.2845523186596392584	-768.46439231846716211	234.74305648654541301	-40.54921787	0.000948876962134	-0.00325537471761	4.32898782957e-05	-3.51835861741e-05	7.1135568	7.4885464	7.1367182	7.4132381
2962.3396956622373182	0.022184659206108091334	-2.2615518196469630574	-769.11028999087784541	233.97951114993765032	-40.54822933	0.000990088655704	-0.00319099814966	4.38539140362e-05	-2.90034873541e-05	7.1656434	7.3963875	7.2266775	7.3206555
2963.3398103469289708	0.020558254598324221529	-2.2401779117659001983	-769.73909103703851997	233.20182191590581056	-40.54723903	0.001031273753	-0.00312660600773	4.45403944485e-05	-2.30324903513e-05	7.213823	7.302434	7.308762	7.4589758
2964.3399250316201687	0.018899806326392390443	-2.2204305950164697769	-770.35177224646622562	232.41136722962218641	-40.54616819	0.00107132303026	-0.00306249471263	4.48834173357e-05	-1.72678022652e-05	7.2578016	7.2098343	7.3625878	7.8378935
2965.3400397251448339	0.017443950375549622384	-2.2022657812490513685	-770.94937203841527662	231.60944680622029068	-40.54509559	0.00111134749397	-0.00299838955302	4.51923153484e-05	-1.21268691974e-05	7.2968771	7.1213323	7.3935239	8.1138816
2966.3401544098364866	0.016035130688611603372	-2.1855243209480379463	-771.53289112934760396	230.79722055154533678	-40.54394529	0.0011503418088	-0.00293549403453	4.51130520817e-05	-7.41095185288e-06	7.3300021	7.0384752	7.4214218	8.0771606
2967.3402690945276845	0.014626311002202210115	-2.1701918419036663188	-772.10331117100895426	229.97573971725884689	-40.54279324	0.00118931287626	-0.00287262581401	4.5134235244e-05	-2.87226278205e-06	7.3566823	6.9610314	7.4484223	7.8854594
2968.3403837792188824	0.01318337119723456477	-2.1562683441159280484	-772.6616549609922231	229.14600154587688507	-40.54156513	0.00122729003813	-0.00281174867047	4.48993262221e-05	1.47492830013e-06	7.3766743	6.888446	7.4677967	7.7242965
2969.3404984713815793	0.011948925577602151002	-2.1437130077559212182	-773.20897617125410761	228.30894973516612367	-40.54033525	0.0012652440533	-0.00275091789641	4.45854137822e-05	5.26449339455e-06	7.389671	6.8196667	7.4729644	7.6271976
2970.3406131560727772	0.010781084685242588173	-2.1323466992322606117	-773.74625368486567822	227.46541462297210501	-40.53903117	0.00130232632901	-0.00269278992853	4.39547865691e-05	8.60901121963e-06	7.3952018	6.7536329	7.4634636	7.5587959
2971.3407278407639751	0.009613243791902908314	-2.1221483655351560671	-774.27440543172144771	226.61613466688675089	-40.53772531	0.00133938767313	-0.00263472685855	4.34039822515e-05	1.18173621043e-05	7.3926785	6.6899175	7.4424133	7.5025649
2972.3408425254556278	0.0084149644944924214401	-2.1131180066646035876	-774.79436810991910534	225.76181540761214706	-40.53634734	0.00137559464548	-0.00257977681035	4.2746431749e-05	1.48735832086e-05	7.3813957	6.6284242	7.4129014	7.4600599
2973.3409572149985252	0.0073994300410474746904	-2.10522421779224711	-775.3070922080200944	224.90313142243024913	-40.53496759	0.00141178048496	-0.00252490376269	4.19965921067e-05	1.74934349027e-05	7.3600988	6.5690838	7.3761879	7.4300484
2974.3410718996892683	0.0064680738237426283269	-2.0982896706645663976	-775.81344425396196129	224.0406738996164222	-40.53351905	0.00144735301349	-0.00247375031897	4.10704881954e-05	1.97155955055e-05	7.3271316	6.5119787	7.3325143	7.4012656
2975.341186584380921	0.0055367176064416573356	-2.0922865865664070917	-776.31420691762320985	223.17495851206479074	-40.53206876	0.00148290992732	-0.00242269157521	4.02084415471e-05	2.18425654214e-05	7.281226	6.4573449	7.2820699	7.3623626
2976.3413012690721189	0.0045792874698035767114	-2.0872149654977789623	-776.81016837069000758	222.30648313851233411	-40.53054963	0.00151761153668	-0.00237536373551	3.93610578679e-05	2.38571361067e-05	7.2246002	6.4053689	7.2256324	7.3148627
2977.3414159562416899	0.0037793322319248658613	-2.0830510786971219162	-777.30212154488617671	221.43573058421642941	-40.52902869	0.00155229074953	-0.0023281335911	3.84134438631e-05	2.55379713747e-05	7.1608866	6.3561902	7.1642313	7.2677775
2978.341530640932433	0.0030817653311136349731	-2.0796201364842481496	-777.79077444429572097	220.56312142509352725	-40.52744192	0.00158623156266	-0.00228483901181	3.73634484954e-05	2.68486017976e-05	7.0937437	6.3099632	7.0988511	7.228177
2979.3416453256236309	0.0023841984290470233029	-2.0768868411730894152	-778.27673562924212547	219.68901017023722488	-40.52585338	0.00162015250385	-0.00224165034715	3.63619805524e-05	2.80989267658e-05	7.0264057	6.2669307	7.0301584	7.1951415
2980.3417600103152836	0.0016648527354090768195	-2.0748511927636466012	-778.76061120826489059	218.81374251946746767	-40.52419995	0.00165340721272	-0.00220225045572	3.5482862786e-05	2.92838531665e-05	6.9620702	6.2273276	6.9587751	7.1655623
2981.3418746957390795	0.0010742464799099605676	-2.0734951398604009043	-779.24300763171413564	217.93765866539123977	-40.52254472	0.00168664350694	-0.00216295528588	3.44987154655e-05	3.02169125586e-05	6.9016748	6.1913693	6.8853445	7.1370022
2985.3423334343983697	-0.00072114590215143425326	-2.0729073593668996267	-781.16719896625932051	214.43035825848068043	-40.51553859	0.00181506389742	-0.00202763368124	3.05955290696e-05	3.2193715755e-05	6.634652	6.0896278	6.5823321	7.0237001
2987.3425628037803108	-0.0012579874681762053933	-2.0748867197127425221	-782.13144130584180402	212.67788773717884965	-40.51184698	0.00187653327328	-0.00196986482711	2.86017543543e-05	3.22570531506e-05	6.4636215	6.0620413	6.4320452	6.9819642
2988.3426774884719634	-0.001538110986604029895	-2.0762790772350716573	-782.61509779019741018	211.80249889444408495	-40.50994126	0.00190614858554	-0.00194399729676	2.78302224584e-05	3.2251698274e-05	6.3734445	6.0490744	6.3585238	6.9637792
2989.3427921726224668	-0.0017421693450776064727	-2.0779311078259858903	-783.1000891953633527	210.92784896910708881	-40.50803374	0.00193573014348	-0.00191822057792	2.69787085062e-05	3.2131053981e-05	6.2846792	6.033921	6.2864492	6.9436705
2990.3429068573141194	-0.0018526268406505990577	-2.0797287120529626137	-783.58659700048588093	210.05404162836757109	-40.50607025	0.00196436874946	-0.00189485350879	2.60882313809e-05	3.17998808844e-05	6.2008208	6.0145876	6.2160565	6.9206561
2991.3430215420048626	-0.0019630843369194917944	-2.0816367864435543211	-784.0747229858867513	209.1811372227031427	-40.50410501	0.00199297784627	-0.00187156184832	2.52089354101e-05	3.14635500875e-05	6.1251945	5.989736	6.1474467	6.895431
2992.3431362266960605	-0.0020830465446328508272	-2.0836553309977636772	-784.56456180209625018	208.30919285691410892	-40.50208558	0.00202059599015	-0.00185051045023	2.45060677575e-05	3.11196963099e-05	6.05852	5.960153	6.08077	6.8687172
2993.343250910815641	-0.0021403857598176214382	-2.0857773466924522943	-785.05620712337872646	207.43826583054701018	-40.50006441	0.00204818239532	-0.00182953080431	2.37254176214e-05	3.06913313735e-05	5.9975848	5.9271169	6.0162909	6.8403692
2994.3433655955068389	-0.0021149413255051145721	-2.0879052542457370301	-785.54970947904007517	206.56838973013287841	-40.49799093	0.00207471015455	-0.00181041892906	2.29034547946e-05	3.00891648116e-05	5.9390005	5.8915281	5.9542374	6.8094416
2995.3434802801984915	-0.0020894968926850623035	-2.0900077144469206836	-786.04505067948105079	205.69955941917754672	-40.49591575	0.0021012032288	-0.00179136824856	2.20849449892e-05	2.94878353149e-05	5.8817094	5.8537698	5.8943198	6.7751151
2996.3435949648892347	-0.0020700856068729149226	-2.0920847272960014784	-786.54220642565326216	204.83176613330803661	-40.49379015	0.00212656963229	-0.00177404003084	2.14195074106e-05	2.88822544334e-05	5.8264322	5.8141763	5.8359273	6.7383064
2997.3437096492284581	-0.0020107320094141832925	-2.0941318770984502784	-787.04115208599034759	203.96500073180203572	-40.49166287	0.00215189829272	-0.00175676951501	2.06979666053e-05	2.82284072674e-05	5.7738105	5.7729321	5.7787737	6.7017021
2998.3438243339201108	-0.0018972876784322948232	-2.0960861110373185667	-787.54183572665669999	203.0992380875619574	-40.48948764	0.00217612698545	-0.00174080930644	1.99514770629e-05	2.74711307706e-05	5.7238038	5.7301444	5.7243855	6.6679997
2999.3439390186113087	-0.0017838433489204838858	-2.0979268876356202966	-788.04416126312935376	202.2344270356619802	-40.48731076	0.00220031801881	-0.00172489395861	1.92032146001e-05	2.67174469008e-05	5.6760775	5.6859913	5.6748388	6.6374931
3000.3440537033020519	-0.0016707533178258093722	-2.0996542068933554681	-788.5480288722038722	201.37051351779768993	-40.48508837	0.00222345165927	-0.00171003280592	1.85279167895e-05	2.59708651326e-05	5.6303555	5.6407054	5.6309974	6.6077961
3001.3441683879773336	-0.0015553197114178982183	-2.1012678092139109864	-789.05333900753305443	200.50744293399503704	-40.48286438	0.0022465483174	-0.00169520852373	1.78464452667e-05	2.52250014837e-05	5.5865315	5.5945311	5.5907935	6.5763771
3002.3442830726685315	-0.0014367261344058915133	-2.1027640037078061397	-789.55999080804133428	199.64515925157698462	-40.48059657	0.0022685210076	-0.00168136913149	1.72266096533e-05	2.44760653576e-05	5.5445201	5.5476944	5.5518751	6.5416714
3003.3443977573601842	-0.0013181325564959054178	-2.1041415910234477771	-790.06788109984881885	198.78360445017295888	-40.4783272	0.00229045355609	-0.0016675649139	1.66042431588e-05	2.37303869044e-05	5.5041865	5.5003861	5.5136233	6.5049354
3004.3445124420509273	-0.001196951924208544682	-2.1054005711608341223	-790.57690673027150297	197.92271992947860326	-40.47601656	0.00231134346424	-0.00165454935933	1.60220506148e-05	2.29933312913e-05	5.4653665	5.4527935	5.4765325	6.4679393
3005.3446271268257988	-0.0010928232430108349073	-2.1065428481835346552	-791.08696495806839266	197.06244678796102221	-40.47370442	0.00233219536335	-0.00164156255516	1.54642633722e-05	2.22790525925e-05	5.4279037	5.4050921	5.4409048	6.432046
3006.3447418115174514	-0.0010008601948066815374	-2.1075950213641179154	-791.59796478484577165	196.20273261029299761	-40.47135374	0.00235212035682	-0.00162921984831	1.49824402608e-05	2.16215829462e-05	5.3916693	5.3574384	5.4065358	6.3951382
3010.3452005659669339	-0.00072414664709093416912	-2.1110193687065006429	-793.6499634881813563	192.76864528266835919	-40.46179527	0.00242735601196	-0.00158247015893	1.31933508851e-05	1.91043288542e-05	5.2571051	5.1698114	5.2783056	6.178857
3014.3456593138707831	-0.00057937088125626463528	-2.1136043472109222741	-795.7121187288796591	189.3406463089745273	-40.45194952	0.00249347547427	-0.00154055505455	1.16863873438e-05	1.6838181565e-05	5.1357511	4.992307	5.1621103	5.9518517
3018.3461180574895479	-0.00052934831789714807335	-2.1158070188437632098	-797.7823619284004053	185.91752540200650401	-40.44185555	0.00255203207151	-0.00150314937555	1.02794388248e-05	1.48423904022e-05	5.025298	4.8314025	5.0554502	5.7539462
3022.3465767985944694	-0.00053465771675540038014	-2.1179270476823699454	-799.85993194893103464	182.49884628043287194	-40.43154124	0.00260300715536	-0.00147061299165	8.90425519342e-06	1.30180213566e-05	4.9252463	4.6933357	4.9573932	5.5097912
3026.3470355382000889	-0.0005654877001060811155	-2.1201240855706284805	-801.9448446934192134	179.08464029211208413	-40.42103638	0.00264697433885	-0.00144348266044	7.5950677213e-06	1.13263123992e-05	4.8352369	4.5829758	4.8680814	5.2980837
3030.3474942769294103	-0.00060363835429562580619	-2.1224613882985292612	-804.03748298317032095	175.67516411200969628	-40.41036906	0.0026844572566	-0.00142161135703	6.34412723711e-06	9.74412078297e-06	4.7541499	4.5031089	4.7890521	5.3306125
3034.3479530149443235	-0.00063834508584577017744	-2.1249458718433036353	-806.1383380902539102	172.27074496815089333	-40.39956548	0.00271595790922	-0.00140497843593	5.20580853835e-06	8.25278499071e-06	4.6815109	4.4562678	4.6957509	4.2694627
3038.3484117522798442	-0.0006610953666322648024	-2.1275470387803041561	-808.24785574037298375	168.87168680732105486	-40.38864763	0.00274135895322	-0.00139311026712	4.1732893165e-06	6.80873667855e-06	4.618183	4.4434526	4.6008957	4.4427886
3042.3488704893106842	-0.00066565203439134792637	-2.1302043368825063219	-810.36632270476218309	165.47819915827892601	-40.37763952	0.00276094541221	-0.00138548010781	3.22903379324e-06	5.41332918101e-06	4.5657185	4.4610416	4.5163374	4.495541
3046.3493292267003199	-0.00065132616960200174529	-2.1328424313533544954	-812.49378830272837604	162.0903457127383831	-40.36656422	0.00277524417857	-0.0013815491218	2.34759416773e-06	4.07298857359e-06	4.5252085	4.4994351	4.4408847	4.5523222
3050.3497879649885363	-0.00062441680956163011455	-2.1353969201176727921	-814.63005743796475144	158.70803650161960263	-40.35544201	0.00278437299139	-0.00138087667776	1.5328668467e-06	2.78450717008e-06	4.496344	4.5462714	4.4098131	4.6082184
3054.3502467043135766	-0.00059616945166000986575	-2.1378390274803149573	-816.7747726274373008	155.33107648961825475	-40.34429338	0.00278861095541	-0.00138308500896	7.78183111931e-07	1.56915197965e-06	4.4776595	4.5948689	4.4187336	4.6542506
3058.3507054444885398	-0.0005788516147088181539	-2.1401878921054535709	-818.92756005175249356	151.95925664445354641	-40.33313635	0.00278834393598	-0.00138794563546	9.02858120581e-08	4.32134793523e-07	4.4674874	4.6459415	4.4362274	4.6909646
3062.3511641852783214	-0.00058262769304947615613	-2.1425081339033948957	-821.08819049365445153	148.59245712051190935	-40.3219886	0.00278381508351	-0.00139527901928	-5.16934671507e-07	-6.16042816523e-07	4.4647388	4.6993551	4.462867	4.7207527
3066.3516229266069786	-0.00061478905139979980656	-2.1448993955023407665	-823.25671491875448282	145.23073668120463253	-40.31086727	0.00277528943488	-0.00140515141472	-1.06048800543e-06	-1.56419456181e-06	4.4692451	4.749813	4.4829717	4.7628635
3070.352081668673236	-0.00068121687530167381128	-2.1474872401399207611	-825.43356371270203908	141.8744008046741385	-40.29978784	0.00276294829408	-0.00141758260657	-1.53142844933e-06	-2.41089956167e-06	4.4815368	4.7910118	4.4804819	4.7933325
3074.3525404119545783	-0.00078863289875469300399	-2.1504218210126020416	-827.61962635301517821	138.52405921547625667	-40.2887655	0.00274693691908	-0.0014327945674	-1.95796451085e-06	-3.14561664707e-06	4.5020404	4.8198324	4.4915638	4.8143554
3078.3529991570831044	-0.00095013537043476094593	-2.1538833949730284978	-829.81633793222931672	135.18069079879987271	-40.27781436	0.00272745624633	-0.00145101551022	-2.32334354337e-06	-3.75772031018e-06	4.5305078	4.8348546	4.5146602	4.8450654
3080.3532285264650454	-0.0010459713309771698567	-2.1558809264893716851	-830.91931124477912363	133.51204881461561058	-40.27236971	0.00271646415333	-0.00146139386647	-2.49731115733e-06	-4.01786532956e-06	4.5474853	4.8369258	4.5354139	4.8539743
3081.3533432111917136	-0.0011009946537866382131	-2.1569533834660337135	-831.47208781209508288	132.67858174670598714	-40.26965322	0.00271075461026	-0.00146681158144	-2.576686314e-06	-4.13654510104e-06	4.556589	4.8365907	4.5440491	4.8570968
3082.3534578958829115	-0.0011650302216766924689	-2.1580865258427905928	-832.02578240215655114	131.8457242700388008	-40.26694784	0.00270466543433	-0.00147262976324	-2.63612874114e-06	-4.23438683175e-06	4.5660689	4.8353564	4.5476021	4.8591328
3083.3535725805736547	-0.0012290657896609797229	-2.1592837111315419385	-832.58044702812617288	131.01351250866952114	-40.26424319	0.00269855113564	-0.00147847444652	-2.69682020847e-06	-4.3311358676e-06	4.5758978	4.8332372	4.5475187	4.8599479
3084.3536872652653074	-0.0012918942575189972573	-2.1605449393322895268	-833.13613419148543926	130.18198317880839454	-40.26155039	0.00269207156626	-0.00148475768369	-2.76856454941e-06	-4.42170297834e-06	4.5860428	4.8302776	4.5472926	4.8595394
3085.3538019500006158	-0.001362497471244474706	-2.1618711284463110189	-833.69289634805522837	129.35117325052036108	-40.25885839	0.002685567538	-0.00149107028686	-2.82743187127e-06	-4.50310673151e-06	4.5964674	4.8265272	4.5495642	4.857923
3086.3539166346922684	-0.0014421859306708356609	-2.1632736309743760827	-834.25079070447873164	128.52112318839010641	-40.2561789	0.00267870334971	-0.00149785690436	-2.87218985945e-06	-4.56315799087e-06	4.6071304	4.8220441	4.5545354	4.8549965
3087.3540313193834663	-0.0015218743883644240533	-2.1647558310999506226	-834.80988169864576776	127.69187867701293726	-40.25350027	0.00267181476177	-0.00150467563476	-2.91889480566e-06	-4.62178193946e-06	4.617997	4.8168969	4.5619571	4.850494
3088.3541460040742095	-0.0016005339969054268191	-2.1663177288230346385	-835.37023418979424605	126.86348609806955778	-40.25083483	0.00266458819105	-0.00151194425373	-2.97099302891e-06	-4.67454347716e-06	4.6290276	4.8111551	4.5706793	4.8441705
3089.3542606888117916	-0.0016858191797801869074	-2.1679601067893243815	-835.93191290444372044	126.03599218316678332	-40.2481703	0.00265733845717	-0.00151924370515	-3.01240083682e-06	-4.71887710034e-06	4.6401771	4.804897	4.5785625	4.8362733
3090.3543753735029895	-0.0017788392583742214815	-2.1696926346800200491	-836.49498649984866461	125.20944680722817566	-40.24551958	0.00264975782505	-0.00152696817918	-3.02960627073e-06	-4.74462506167e-06	4.6514045	4.7982029	4.5838448	4.8274256
3091.3544900581946422	-0.0018718593365252486627	-2.1715181933168672401	-837.05952965563778889	124.38390448245624498	-40.24286982	0.00264215425456	-0.00153472211643	-3.04807167851e-06	-4.76865750213e-06	4.66267	4.7911448	4.5877896	4.8179471
3092.3546047428853853	-0.001964226763516695954	-2.1734367826998637341	-837.62561728939692784	123.55942048224278551	-40.24023473	0.00263420739871	-0.00154299659497	-3.0790975993e-06	-4.78464877379e-06	4.6739315	4.7837914	4.5929662	4.8060132
3093.3547194276125083	-0.0020607963824791912695	-2.1754488994375562605	-838.19332406458511286	122.73605053958901578	-40.23760067	0.00262623647488	-0.00155130756903	-3.10477772599e-06	-4.79414066436e-06	4.6851504	4.7762096	4.6012583	4.7888824
3094.354834112304161	-0.0021622667092295157557	-2.1775606731437657793	-838.76272694417832554	121.91385264886260131	-40.23498157	0.00261798277494	-0.00156006125068	-3.11258243298e-06	-4.79139497708e-06	4.6963056	4.7684586	4.6120612	4.7660944
3095.3549487969953589	-0.002263737036808732752	-2.1797739288142921055	-839.33390649558475616	121.09288803679103808	-40.23236352	0.00260970902588	-0.00156884632075	-3.12171929863e-06	-4.78672909195e-06	4.7073834	4.7605743	4.6242259	4.7455301
3096.3550634816870115	-0.0023650646347830425915	-2.1820886664491379037	-839.90694323175125646	120.27321869191958115	-40.2297615	0.00260108916246	-0.00157813317715	-3.13569651632e-06	-4.77284587913e-06	4.7183798	4.7525879	4.6378455	4.736905
3097.3551781663873044	-0.002467310996248778688	-2.184504994693585278	-840.48191727188668665	119.45490716870546066	-40.22716064	0.00259244448523	-0.00158745600788	-3.15001040362e-06	-4.75553599443e-06	4.7293082	4.7445212	4.6553456	4.7437375
3098.3552928510785023	-0.0025706273376819156577	-2.1870242527478316319	-841.0589088791073209	118.63801700552103568	-40.22457612	0.00258349418331	-0.00159720599715	-3.1521902453e-06	-4.73041071484e-06	4.7401849	4.7363766	4.6793743	4.7572891
3099.3554075357701549	-0.0026739436789359545717	-2.1896468389922723041	-841.63799872538368163	117.82261295894899433	-40.22199278	0.00257452172813	-0.0016069869491	-3.15544142824e-06	-4.70297942833e-06	4.75103	4.7281529	4.7115609	4.7676925
3100.3555222204613528	-0.0027776367888382971945	-2.192372753426903742	-842.21926707953866753	117.00876047623562215	-40.2194266	0.0025652386695	-0.00161725427978	-3.15995628292e-06	-4.66680130937e-06	4.7618668	4.7198411	4.7524955	4.7712981
3101.3556369051229922	-0.0028789054467154352214	-2.1952017090975943781	-842.80279368717367561	116.19652564957941365	-40.21686168	0.00255593285015	-0.00162755725182	-3.17061916004e-06	-4.63072459385e-06	4.772716	4.7114251	4.8008637	4.7703316
3102.3557515898146448	-0.0029773564166306457947	-2.198130175841172651	-843.38865628828853005	115.38597418279047702	-40.21431408	0.00254638760118	-0.00163824754018	-3.17531355362e-06	-4.59633779607e-06	4.7835832	4.7028869	4.8454111	4.7670158
3103.3558662745058427	-0.003075807386613587345	-2.2011571048452562849	-843.9769298515408309	114.57717084847485012	-40.21176777	0.00253682461668	-0.00164896651863	-3.18070432974e-06	-4.55973600144e-06	4.7944667	4.694186	4.8717448	4.761856
3104.3559809591974954	-0.0031750146563719263033	-2.2042824961098492764	-844.56768862121373331	113.77018098212909081	-40.20923982	0.00252696329763	-0.00166011842704	-3.18008706241e-06	-4.51397350561e-06	4.805352	4.6852707	4.8769698	4.7545776
3105.3560956438213907	-0.0032693575790951837773	-2.2075057731776039915	-845.16100622924125219	112.9650705968187907	-40.20671324	0.00251707964221	-0.00167130274904	-3.18925951835e-06	-4.471085926e-06	4.8162038	4.6760913	4.8766241	4.744575
3106.3562103285125886	-0.0033580632516927743682	-2.2108198636249829505	-845.7569527734347048	112.16190424822595162	-40.2042053	0.00250694080125	-0.00168283190574	-3.19462462777e-06	-4.43345062275e-06	4.8269786	4.6666084	4.8859083	4.7301715
3107.3563250132042413	-0.0034467689257227647308	-2.2142226699188833905	-846.35559332954198908	111.36074390100245068	-40.20169876	0.002496782651	-0.00169438715528	-3.20014691463e-06	-4.39351203061e-06	4.837608	4.65679	4.9019601	4.7095363
3108.3564396978954392	-0.0035363631304558638263	-2.2177141920593022029	-846.95699203935521382	110.56165194244417194	-40.19921138	0.00248634371441	-0.00170629297488	-3.19422977315e-06	-4.34842754633e-06	4.8480126	4.6466234	4.91242	4.6842532
3109.3565543825002351	-0.0036202460054491438814	-2.2212937521365132554	-847.56121239942785905	109.76469142210208929	-40.19672546	0.00247588330714	-0.00171822560126	-3.19889477256e-06	-4.30775168594e-06	4.8581119	4.6361239	4.9105409	4.6611715
3110.3566690671909782	-0.0036975340591473555667	-2.2249530617874890837	-848.16831387635727424	108.96992349175917525	-40.19425916	0.00246514276646	-0.00173050229725	-3.21129045868e-06	-4.27562528338e-06	4.8678189	4.625316	4.9035105	4.6470483
3111.3567837518821761	-0.0037748221132108072083	-2.2286896683560910581	-848.778350199570923	108.17740604519968883	-40.19179437	0.002454380581	-0.00174280557811	-3.22438280898e-06	-4.24141564828e-06	4.8770406	4.6142695	4.9004767	4.6407499
3112.3568984365738288	-0.003852880288427211735	-2.2325035718423196229	-849.39137410898274538	107.38719730278755549	-40.18934983	0.00244336801247	-0.00175538815095	-3.22185540055e-06	-4.20197531691e-06	4.8856999	4.6030848	4.905305	4.6351006
3113.3570131211831722	-0.0039259917941529935692	-2.2363941839985330695	-850.00743771329939591	106.59935610288141561	-40.18690686	0.00243233589731	-0.00176799252724	-3.22796809947e-06	-4.16635099457e-06	4.8937418	4.591866	4.9149515	4.6237551
3114.3571278058739153	-0.0039934157442389345283	-2.2403543418852116531	-850.62658959717202833	105.81393964009158992	-40.18448471	0.00242102717587	-0.00178085071664	-3.23838168507e-06	-4.13657613288e-06	4.9011105	4.5807385	4.9262615	4.6056569
3115.357242490565568	-0.004060839693648494661	-2.2443819314541424426	-851.24887337488564754	105.03100226684583163	-40.18206419	0.00240969663876	-0.00179372892404	-3.24929914166e-06	-4.10476737641e-06	4.9077684	4.5698393	4.9409399	4.5815451
3116.3573571752567659	-0.0041287787574731255047	-2.2484769527053201088	-851.87433174536010938	104.25059864590416225	-40.17966497	0.00239809583838	-0.00180682971185	-3.24535010297e-06	-4.06767011388e-06	4.9136945	4.5592904	4.964158	4.553056
3117.3574718598902109	-0.0041934117207381976095	-2.2526390116732106783	-852.50300680729446867	103.47278401172712847	-40.17726744	0.00238647350549	-0.00181994823316	-3.24709198923e-06	-4.03266402363e-06	4.918869	4.5491784	4.998762	4.5238647
3118.3575865445814088	-0.0042542612494243384549	-2.2568633325676579204	-853.13493815077595173	102.69761262923077538	-40.17489155	0.00237462077163	-0.00183326751684	-3.24296950368e-06	-4.00210662104e-06	4.9232745	4.5395875	5.033079	4.4977937
3119.357701229272152	-0.0043151107779725132729	-2.2611485099693382494	-853.7701619105108648	101.92513698105899778	-40.17251741	0.00236274949581	-0.00184660295725	-3.23887525526e-06	-3.96978874641e-06	4.926892	4.5306199	5.0500266	4.4754257
3120.3578159139638046	-0.0043762527042781858636	-2.2654945438782574385	-854.40871343087553669	101.15540990994253434	-40.17016553	0.00235063898561	-0.00186011499521	-3.22804942198e-06	-3.93275350642e-06	4.9296985	4.5223924	5.040719	4.4539995
3121.357930598619987	-0.0044355195129414234576	-2.269901210362124111	-855.05062747262843459	100.38848479825676918	-40.16781546	0.00233850902982	-0.00187364138748	-3.22105144917e-06	-3.89623906732e-06	4.9316602	4.5150223	5.020222	4.4306032
3122.3580452833116397	-0.0044926511240631523958	-2.2743658076427664128	-855.69593714313521104	99.624414676965926674	-40.16548816	0.00232610554761	-0.00188731310811	-3.2166695423e-06	-3.85951033009e-06	4.93274	4.5086277	5.0074415	4.4027507
3123.3581599680023828	-0.0045497827347467535014	-2.2788875430865167537	-856.34467336847171737	98.863251758639549394	-40.16316272	0.00231367961174	-0.00190099675867	-3.21333871923e-06	-3.82095733582e-06	4.9328945	4.5033241	5.0066469	4.3733507
3124.3582746526935807	-0.0046071241101973648899	-2.2834664166933813512	-856.996866374693127	98.105048673976170903	-40.16086037	0.00230103021439	-0.00191477660055	-3.19085964124e-06	-3.77946551511e-06	4.932076	4.4992241	5.0060916	4.3490277
3125.358389337358858	-0.0046631214304746620991	-2.2881022675891462548	-857.65254579485554132	97.349858572629997866	-40.15855994	0.00228836229259	-0.00192856441646	-3.17023758691e-06	-3.73806770974e-06	4.9302382	4.4964397	4.9954662	4.3364664
3126.3585040220500559	-0.0047175961631066654425	-2.2927931642981373983	-858.31173991244475019	96.597734471342178608	-40.1562834	0.00227542922592	-0.00194244866545	-3.1465254107e-06	-3.69300021894e-06	4.9273439	4.4950823	4.9798363	4.3420361
3127.3586187067407991	-0.0047720708940572655055	-2.2975385419864466918	-858.97447529029830093	95.848728914292365744	-40.15400887	0.00226247396476	-0.00195634098657	-3.12351562729e-06	-3.64596050912e-06	4.9233586	4.4952173	4.9706429	4.3639335
3128.3587333914324518	-0.0048267964243249800518	-2.3023384006540812408	-859.64077780985360278	95.102894874682974091	-40.15175841	0.00224929349746	-0.00197032484259	-3.10077070194e-06	-3.59490245379e-06	4.9182525	4.4968587	4.9726036	4.3914264
3129.3588480760904531	-0.0048799163823410257948	-2.3071925476756667273	-860.31067273633368586	94.360285821414507268	-40.14950999	0.00223609399628	-0.00198431643493	-3.08183450398e-06	-3.54429938309e-06	4.9120067	4.500018	4.9745457	4.4133409
3130.358962760781651	-0.0049312271922876778005	-2.3120986820569635611	-860.98418383416264987	93.620954923015318627	-40.14728604	0.00222266949031	-0.00199834793732	-3.06254597666e-06	-3.49464398801e-06	4.9046039	4.5047185	4.9637189	4.4209967
3131.3590774454733037	-0.0049825380032027764832	-2.3170561331331414046	-861.66133293894370127	92.88495463501843119	-40.14506418	0.00220922578483	-0.00201238284521	-3.04409506496e-06	-3.44340553503e-06	4.8960436	4.511048	4.9415035	4.420232
3132.3591921301640468	-0.0050342085655589469823	-2.3220649009041944844	-862.34214117676526712	92.152337794698141238	-40.14286742	0.00219554330924	-0.00202652944902	-3.02641711554e-06	-3.38610199358e-06	4.8863424	4.5191173	4.9221533	4.4221663
3133.359306814806132	-0.005083578106459865284	-2.3271247086439581508	-863.02662903850659859	91.423157696436049946	-40.14067282	0.00218184026543	-0.00204068567458	-3.01354269777e-06	-3.33017519828e-06	4.8755198	4.5290358	4.9163884	4.4378366
3134.3594214994977847	-0.0051303691382598567636	-2.3322322679581870553	-863.71481514272261393	90.697466926155925648	-40.13850357	0.00216793203218	-0.0020548491901	-2.99531211982e-06	-3.27677057419e-06	4.8636061	4.5408297	4.9142721	4.470784
3135.3595361841889826	-0.0051771601702086623639	-2.337386623670353103	-864.40671564645379021	89.975316761014326516	-40.13633653	0.00215400595636	-0.00206901333952	-2.97724571178e-06	-3.2218572056e-06	4.8506331	4.5543741	4.8993658	4.5108639
3136.3596508688797257	-0.0052244228420482725223	-2.3425877757804571822	-865.10234596067789425	89.256758765013756829	-40.13419553	0.00213982795014	-0.00208313178115	-2.95133301952e-06	-3.16002286355e-06	4.8366455	4.569528	4.8668933	4.5464777
3137.3597655535045305	-0.0052686715777550234552	-2.3478353609366231503	-865.8017208617968663	88.541844899620585352	-40.13205682	0.00212562783149	-0.00209724621092	-2.93034654176e-06	-3.10071902656e-06	4.8217106	4.5861254	4.8321206	4.5682981
3138.3598802381957285	-0.0053095618465150229773	-2.3531250842293660597	-866.50485291037966817	87.830625965331577731	-40.12994436	0.00211123544256	-0.00211140159501	-2.92379817259e-06	-3.0440787273e-06	4.8059004	4.6038449	4.8102384	4.5813159
3139.3599949228873811	-0.0053504521142854772481	-2.3584557024799992497	-867.21175170902267837	87.12315080498163411	-40.12783422	0.00209682602067	-0.00212556060718	-2.91887763972e-06	-2.98591204578e-06	4.7893246	4.6223061	4.7963953	4.5961403
3140.360109607578579	-0.0053918668791345615229	-2.3638272156885178354	-867.92242610212088039	86.419468430221272115	-40.12575098	0.0020821770811	-0.00213960035964	-2.88735960481e-06	-2.91962926867e-06	4.7721156	4.6411306	4.7744513	4.6231299
3141.3602242921924699	-0.0054299329119131259022	-2.3692392191654736422	-868.63688432754599944	85.719628173246974256	-40.12367015	0.0020675067271	-0.00215362944951	-2.85931182458e-06	-2.85652943098e-06	4.7544199	4.6599826	4.735436	4.6634938
3142.3603389768841225	-0.0054642880355050566649	-2.3746869543393183122	-869.35513230277661023	85.023677920071534686	-40.12161594	0.0020527114506	-0.00216771930555	-2.85141517148e-06	-2.80084011052e-06	4.7364171	4.6785827	4.6899874	4.7068899
3143.3604536615753204	-0.0054986431588316597371	-2.3801690485766582306	-870.07717283124190999	84.33166321447025382	-40.11956413	0.0020379049029	-0.00218181464425	-2.84546700484e-06	-2.74412044371e-06	4.7182878	4.6966629	4.651231	4.7426463
3144.3605683462669731	-0.005533471768069332837	-2.3856855018774978383	-870.80300798947166641	83.643629662167327865	-40.11753992	0.00202286770047	-0.00219576141614	-2.82813968034e-06	-2.67907018241e-06	4.7002	4.7140485	4.6232502	4.7682504
3145.3606830308872304	-0.0055652798136136636536	-2.3912359483883722788	-871.53263929955994627	82.959623108107493294	-40.11551823	0.00200780949788	-0.00220969466163	-2.81488101273e-06	-2.61697381589e-06	4.6823134	4.7306515	4.6043097	4.7888413
3146.3607977155784283	-0.005593757888650854708	-2.3968161071250664307	-872.26606622202780272	82.279688010842377821	-40.11352379	0.00199265960464	-0.00222361505269	-2.81394616167e-06	-2.56196627495e-06	4.6647707	4.746388	4.5938186	4.8094274
3147.360912400270081	-0.0056222359639308177107	-2.4024247472026929451	-873.00328546626394655	81.60386662433522531	-40.11153185	0.00197750128802	-0.00223753426284	-2.81422097897e-06	-2.50612282318e-06	4.6476769	4.7611465	4.5939792	4.8294807
3148.3610270849612789	-0.0056510252921931122122	-2.4080618686212460489	-873.74429308943433625	80.93220120447364252	-40.10956827	0.00196214418473	-0.00225142794195	-2.80101385694e-06	-2.43956574993e-06	4.6311294	4.7747945	4.6063822	4.8445383
3149.3611417696042736	-0.0056778303997371826206	-2.4137272305844814646	-874.48908465496549525	80.264734178215007887	-40.10760732	0.00194676865585	-0.00226531925458	-2.79000321332e-06	-2.37438256517e-06	4.6151977	4.7871967	4.6212165	4.8508619
3150.3612564542959262	-0.0057024577555129614057	-2.4194180272344780747	-875.2376542674362554	79.601507053890074417	-40.10567423	0.00193127631712	-0.00227904856327	-2.77955929535e-06	-2.31369547703e-06	4.5999319	4.7981993	4.6214232	4.8513062
3151.3613711389871241	-0.0057270851110176263302	-2.4251334540646904969	-875.98999413523870317	78.942559876149431375	-40.10374375	0.00191577305499	-0.00229276272228	-2.76940418996e-06	-2.2522929249e-06	4.5853713	4.8076409	4.5988954	4.851964
3152.3614858236787768	-0.0057517632312983155846	-2.4308735110751245045	-876.74609591191017444	78.287932700167175426	-40.10184212	0.00190016679733	-0.00230644244032	-2.75535604456e-06	-2.18035241823e-06	4.5715336	4.8153662	4.5689244	4.8573976
3153.361600508362244	-0.0057761179065207966798	-2.4366381589561241228	-877.50595080535890702	77.637665713814769219	-40.09994321	0.00188455082312	-0.00232011890921	-2.74205572594e-06	-2.10732265139e-06	4.5584326	4.8212526	4.5494914	4.8638318
3154.3617151930529872	-0.0058001187954541313235	-2.4424269411157921716	-878.26954942183181174	76.991799053956484045	-40.09807266	0.00186882931032	-0.00233371484015	-2.74012965902e-06	-2.03352241527e-06	4.5460754	4.8251887	4.5417634	4.8647038
3155.3618298777446398	-0.0058241196837955280102	-2.4482397269164830611	-879.03688169420433951	76.350372713710470407	-40.09620481	0.00185309775382	-0.00234730310661	-2.73989644592e-06	-1.95897009068e-06	4.5344632	4.8270629	4.5333206	4.8542184
3156.3619445624358377	-0.0058478469814407033067	-2.4540765163581887975	-879.8079370916316293	75.713426784313639928	-40.09436558	0.00183731043241	-0.00236083783157	-2.73388543634e-06	-1.8822367903e-06	4.5235951	4.826758	4.5151787	4.8357671
3157.3620592471706914	-0.0058733168959439344473	-2.4599375214241923082	-880.58270465008081374	75.081001492566400657	-40.09252908	0.00182151775791	-0.00237436741687	-2.72582774605e-06	-1.8018687732e-06	4.5134613	4.8241527	4.4931221	4.8188141
3158.3621739318614345	-0.0059006888724168118227	-2.4658251994574271748	-881.36117376582728866	74.453138188197215186	-40.09072145	0.00180559338041	-0.00238775545175	-2.72166315635e-06	-1.714119253e-06	4.5040514	4.8191318	4.4763489	4.8127053
3159.3622886165526324	-0.005928060849286034481	-2.471740252606540178	-882.14333454495499609	73.829879829401789948	-40.0889166	0.00178965625103	-0.0024011297813	-2.71905094752e-06	-1.62549152616e-06	4.4953621	4.8118406	4.4692988	4.818827
3160.3624033012442851	-0.005954852348623248387	-2.4776826808715313177	-882.92917668259326547	73.211269633987143379	-40.08714114	0.0017736764887	-0.00241447666383	-2.71997869971e-06	-1.52993278341e-06	4.4873965	4.8027531	4.4708341	4.828605
3161.3625179860287062	-0.0059853406789817887798	-2.4836529341196365017	-883.71868939522232722	72.597351000839253743	-40.08536855	0.00175769256312	-0.00242782086608	-2.71758456028e-06	-1.42688146098e-06	4.480163	4.7923641	4.4792088	4.8328602
3162.3626326707203589	-0.0060198607723330370758	-2.4896562232515493385	-884.51186305632734275	71.988169646981347682	-40.08362512	0.00174160194578	-0.00244110213699	-2.72540571443e-06	-1.31046489923e-06	4.4737037	4.7811353	4.4909205	4.8261511
3163.362747355411102	-0.0060543808645666264551	-2.4956940364352431239	-885.30868991393140277	71.383774657832759658	-40.08188456	0.00172550082091	-0.00245437721012	-2.73604116809e-06	-1.19300281075e-06	4.4680761	4.769456	4.5018117	4.8113874
3164.3628620401022999	-0.0060881326321905607571	-2.5017663736707258515	-886.10916178499076068	70.784215575921948016	-40.08017345	0.00170933731983	-0.00246759701564	-2.74247634108e-06	-1.07169019394e-06	4.4633383	4.7577054	4.5077194	4.7926117
3165.3629767249199176	-0.0061267777443490155018	-2.5078738303674197319	-886.91326989357662569	70.18954220077192474	-40.07846526	0.00169316762369	-0.00248081133211	-2.74381664774e-06	-9.40846345252e-07	4.4595496	4.7462399	4.5047461	4.772093
3166.3630914096111155	-0.0061707608092407785147	-2.514023304813914006	-887.72100696593633984	69.599807470225258044	-40.07678663	0.00167692106812	-0.00249396791579	-2.73979217276e-06	-7.91294188411e-07	4.4567928	4.7353157	4.4933472	4.7446163
3167.3632060943018587	-0.006214743873995153163	-2.5202167673695372585	-888.53236814405761379	69.015068875759070011	-40.07511095	0.00166066681495	-0.00250711871742	-2.73756278912e-06	-6.40336769918e-07	4.4551728	4.7251577	4.4775067	4.7029753
3168.3633207789935113	-0.0062579461595301654614	-2.5264542180342979272	-889.34734802541902354	68.435384536984557258	-40.07346464	0.00164439592721	-0.00252022135348	-2.7485468332e-06	-4.89811179782e-07	4.4547951	4.7160177	4.4613151	4.6423125
3169.3634354638170407	-0.0063061217338930093332	-2.5327362617334494566	-890.16594044153691812	67.860812914483958025	-40.07182129	0.00162812335959	-0.00253331912545	-2.75659751289e-06	-3.29650648225e-07	4.4557656	4.7083728	4.4488653	4.5774859
3170.3635501485086934	-0.0063597268438596744194	-2.5390699123118554148	-890.98814051077908971	67.291415790342767878	-40.07020789	0.00161176546926	-0.00254632815847	-2.75211855127e-06	-1.48938363295e-07	4.4581802	4.7028069	4.4432775	4.5330577
3171.3636648331994365	-0.0064133319539313960941	-2.5454571741477556301	-891.81394552645610929	66.727259732077001786	-40.06859753	0.00159539889105	-0.00255932815576	-2.74898017943e-06	3.35241315572e-08	4.4620972	4.6998819	4.4445898	4.5321144
3172.3637795178906345	-0.0064662964090691299815	-2.5518980472411585403	-892.64335204172448357	66.168412027328329827	-40.06701732	0.00157889995338	-0.00257241766319	-2.7757824691e-06	2.23317642764e-07	4.4675667	4.6998686	4.4522327	4.5733227
3173.363894202694155	-0.0065233420257362244657	-2.5583930278611743958	-893.47635564003485342	65.614940373551334574	-40.06544021	0.00156238742747	-0.00258551635987	-2.80287350679e-06	4.2236357139e-07	4.4746391	4.7027866	4.4656368	4.6342778
3174.3640088873853529	-0.0065848461507029493536	-2.5649478736035677962	-894.31295255076747708	65.066915364846607872	-40.06389256	0.00154585904569	-0.00259850458784	-2.80934555594e-06	6.31800491572e-07	4.4833669	4.7086432	4.4840937	4.6918373
3175.3641235720770055	-0.0066463502744590697083	-2.5715642305239492238	-895.15314033968911644	64.524411712295488996	-40.06234797	0.00152932902282	-0.00261148138221	-2.81633981548e-06	8.42385440368e-07	4.4937945	4.7172944	4.5050071	4.7309184
3176.3642382567677487	-0.0067074395066697321474	-2.5782420986223106851	-895.99691559472660174	63.987504844665650694	-40.06083386	0.0015126893427	-0.00262450469638	-2.83359870196e-06	1.06217899301e-06	4.5059575	4.7282856	4.524432	4.7534494
3177.3643529415339799	-0.0067711715847619674546	-2.5849817993175960851	-896.8442737325252665	63.456270637675721957	-40.05932294	0.00149603822082	-0.00263753286449	-2.85105156471e-06	1.28915110965e-06	4.5198915	4.7411228	4.5383869	4.7634848
3178.3644676262256326	-0.0068377898568868127407	-2.5917870604082580144	-897.69520999277779083	62.930787047694387581	-40.05784204	0.00147936323031	-0.00265053852925	-2.86700575101e-06	1.52744408603e-06	4.5356342	4.7552234	4.5429001	4.7653191
3179.3645823109168305	-0.006904408129243826478	-2.5986589474112733456	-898.54971985362180931	62.411134910090218852	-40.05636431	0.00146268572922	-0.00266354182704	-2.8853160681e-06	1.76756664108e-06	4.5532228	4.7694842	4.5373904	4.7648404
3180.3646969956075736	-0.006970870774340380549	-2.6055974603266420786	-899.407797582784724	61.897395695687492889	-40.05491701	0.00144589003354	-0.00267648364088	-2.90589127166e-06	2.01424512581e-06	4.5726875	4.7826147	4.5290935	4.7685156
3181.3648116803287849	-0.0070383244005131290547	-2.6126027197966390503	-900.2694361031921062	61.389651318784636658	-40.05347293	0.00142908180618	-0.00268941893584	-2.92773826695e-06	2.26498697581e-06	4.5940567	4.7933391	4.5263287	4.7824216
3182.3649263650199828	-0.007106857762009534743	-2.6196761219957607203	-901.13462733524124815	60.8879847520830495	-40.05205881	0.00141233139364	-0.00270236904166	-2.93736273663e-06	2.51972683057e-06	4.6173366	4.8006358	4.5344847	4.8045567
3183.3650410497111807	-0.0071753911231896439632	-2.6268180654159962728	-902.00336232961467431	60.392480321730893422	-40.05064789	0.00139558715979	-0.00271532073033	-2.94792116149e-06	2.77612625067e-06	4.6424881	4.8037251	4.5532315	4.8251983
3184.3651557344028333	-0.0072440590681942087017	-2.6340285500573488164	-902.87563073458943563	59.903222844899886468	-40.04926759	0.00137869623253	-0.00272825203012	-2.94964002459e-06	3.04029889115e-06	4.6694661	4.8018821	4.5815659	4.8358807
3185.3652704190672011	-0.0073118707239988858446	-2.6413074714393274256	-903.75142072602352528	59.420297532660249828	-40.04789058	0.00136178950407	-0.00274118113371	-2.95327531445e-06	3.30528050112e-06	4.6981818	4.7946222	4.6174323	4.8365418
3186.3653851037583991	-0.007378754247773322214	-2.6486536263200428643	-904.63071869071609399	58.943789428189141688	-40.04654358	0.00134491987975	-0.00275405355655	-2.95238750165e-06	3.56739964526e-06	4.7284742	4.7815478	4.6570411	4.8299432
3187.3654997884500517	-0.0074456377709834365569	-2.6560666723947239376	-905.51350908410688589	58.473783126755876083	-40.04519984	0.00132805428356	-0.00276691982598	-2.95286039571e-06	3.83105653098e-06	4.760173	4.7627686	4.6964906	4.8174301
3188.3656144731412496	-0.0075130379815652511416	-2.6635466096633639843	-906.39977483102791211	58.010363506058567395	-40.04388673	0.00131115699487	-0.0027796823235	-2.93105571734e-06	4.10109656154e-06	4.793056	4.7393142	4.7347163	4.7977776
3189.3657291577274009	-0.0075771552836142183965	-2.6710930360056415189	-907.28949732017247243	57.553615733161578305	-40.04257697	0.00129425623867	-0.00279243346726	-2.91173879923e-06	4.36707143933e-06	4.8268302	4.7123417	4.774538	4.7696845
3190.3658438424190535	-0.0076377459322118992913	-2.6787013590716579614	-908.18265531511121935	57.103623118078779441	-40.04129766	0.00127732670605	-0.00280502473549	-2.89599560956e-06	4.62543296538e-06	4.8611923	4.6833898	4.8191222	4.7343004
3191.3659585271102515	-0.00769833658112833389	-2.6863702797353572471	-909.07922450836815642	56.660466078092881048	-40.04002171	0.00126039400053	-0.00281759837578	-2.88188783601e-06	4.88554866264e-06	4.8958135	4.6542571	4.8731867	4.694436
3192.3660732118019041	-0.0077599988047233198207	-2.6940997979967460374	-909.97917902296819648	56.22422500453169647	-40.0387764	0.00124348514944	-0.00283006940411	-2.8587981968e-06	5.15196107975e-06	4.9303415	4.6265258	4.9431339	4.6505805
3193.3661878962698211	-0.0078148661488770289341	-2.7018890767795555874	-910.88249148138595501	55.794980403196298369	-40.03753451	0.00122657894885	-0.00284252903111	-2.84223717042e-06	5.40719172101e-06	4.9644261	4.6009605	5.0344025	4.5944792
3194.366302580961019	-0.0078625302147840268885	-2.7097286739400998634	-911.78913092134803264	55.372808417311922824	-40.03632279	0.00120968270093	-0.00285484788744	-2.81457266962e-06	5.63899769086e-06	4.9977931	4.5781418	5.1337704	4.5163053
3195.3664172656526716	-0.0079101942801138701994	-2.7176159406325250956	-912.69906198912565287	54.957778720583803533	-40.03511444	0.00119278756735	-0.00286715098265	-2.7859431162e-06	5.87184355734e-06	5.0302294	4.5587095	5.2126694	4.4264853
3196.3665319503438695	-0.0079596897555898431242	-2.7255508768568232902	-913.61224786189268343	54.54996050595441659	-40.03393657	0.00117592026055	-0.00287919176158	-2.75640893711e-06	6.10737178213e-06	5.0615345	4.5433697	5.2453869	4.3616158
3197.3666466346476227	-0.0079976025219315530213	-2.7335320448357025569	-914.52865041301868132	54.149422820632352682	-40.03276214	0.00115905609307	-0.00289120294689	-2.73737837645e-06	6.32131871288e-06	5.0916253	4.5328581	5.2388205	4.3545791
3198.3667613193383659	-0.0080234510234128749578	-2.7415434902930346794	-915.44822693663991231	53.756226877217685001	-40.03161796	0.0011421256011	-0.00290309063605	-2.69991865189e-06	6.49650286994e-06	5.1204802	4.528119	5.2192165	4.3999967
3199.3668760040295638	-0.0080492995251539595919	-2.7495807872165847208	-916.37092895480202515	53.370422543634070678	-40.03047722	0.00112518756993	-0.00291496428723	-2.65928299777e-06	6.67237222052e-06	5.148068	4.5302023	5.212983	4.4750486
3200.3669906887212164	-0.0080779073271592428951	-2.7576439356063526809	-917.29670683596270919	52.992058594249201064	-40.02936733	0.00110830093682	-0.00292648874649	-2.61835530989e-06	6.85548008686e-06	5.1742913	4.5401583	5.2330756	4.5566285
3201.3671053728235165	-0.0080891176572749131507	-2.7657307559965937926	-918.22551007472907258	52.621183311665475912	-40.02826097	0.00109142019019	-0.00293797321374	-2.59113156708e-06	7.00504160067e-06	5.1989186	4.5590368	5.265315	4.6216293
3202.3672200575142597	-0.0080825903882939271333	-2.7738175373430897785	-919.15728278670860618	52.257832868103520241	-40.02718448	0.00107453740179	-0.00294922270595	-2.55896434039e-06	7.09117609672e-06	5.2216873	4.5872171	5.2921897	4.654009
3203.3673347422059123	-0.0080760631191102855153	-2.7818977906717679005	-920.09196217805754259	51.902026213004546662	-40.02611143	0.0010576543778	-0.00296044508565	-2.52341057901e-06	7.17678393429e-06	5.2423234	4.622541	5.2988261	4.6630912
3204.3674494268971102	-0.0080732160460549318159	-2.7899715159826166122	-921.02948490080325428	51.553780475701806552	-40.02506903	0.00104087137103	-0.00297129235662	-2.47885757296e-06	7.2677983362e-06	5.260584	4.6622537	5.2911898	4.663987
3205.3675641108111449	-0.0080472415593971051428	-2.7980357865767828685	-921.9697874480370956	51.21311189541040676	-40.02403018	0.00102409999059	-0.00298209602372	-2.44921207305e-06	7.31229815221e-06	5.2762409	4.7036009	5.2850525	4.671783
3206.3676787955023428	-0.0079982385388423296591	-2.806059446711266947	-922.91280070885181885	50.880020306934369501	-40.02302131	0.00100728355602	-0.00299252033634	-2.43245237234e-06	7.27546651918e-06	5.2890488	4.7438705	5.2961024	4.7014731
3207.367793480193086	-0.0079492355181356218891	-2.8140340982052558516	-923.85844825376091194	50.554482593996389994	-40.02201596	0.000990461845461	-0.00300290022533	-2.41249024064e-06	7.23750848127e-06	5.2988259	4.7817018	5.3285587	4.7576538
3208.3679081648847387	-0.0079044444189255401445	-2.8219597410587606845	-924.80665399032488949	50.236473116403665529	-40.02104079	0.000973714650993	-0.00301297301391	-2.37440690552e-06	7.20243334478e-06	5.305542	4.8179922	5.3654908	4.8268511
3209.3680228487128261	-0.0078332686816720564771	-2.8298330025174287528	-925.75734264223251557	49.925964979952759393	-40.02006919	0.000956976246781	-0.00302300957553	-2.34992754974e-06	7.11253721811e-06	5.3091832	4.8538578	5.3876708	4.8937295
3210.3681375334044787	-0.0077364372209372846145	-2.8376187482722583511	-926.71043413419738499	49.622912281842296522	-40.01912711	0.000940271166922	-0.0030326344525	-2.33709587454e-06	6.92765579467e-06	5.3097785	4.8903639	5.3785624	4.9441553
3211.3682522180952219	-0.00763960576007454914	-2.8453076514611748138	-927.66584195063524021	49.32724294104517071	-40.01818854	0.000923570046902	-0.00304221041015	-2.31934288167e-06	6.74055256351e-06	5.3078476	4.9276446	5.3443332	4.9783561
3212.3683669027864198	-0.0075466982553839285358	-2.8528997120841892432	-928.62348097361382315	49.038881917645710473	-40.01727971	0.000906922290963	-0.00305131698085	-2.2900174384e-06	6.55262773841e-06	5.3041636	4.9651809	5.3026605	5.0062988
3213.3684815867181896	-0.0074292778338819771139	-2.8603917682579673709	-929.58326796760491106	48.757752712395621586	-40.01637445	0.000890280922231	-0.00306036737009	-2.27130710426e-06	6.31206734232e-06	5.2994991	5.002442	5.2712412	5.0381294
3214.3685962714093876	-0.007288524095729476647	-2.8677515131760071831	-930.54511687492390593	48.483760838156563011	-40.01549904	0.000873721750469	-0.00306900835541	-2.269900984e-06	5.99076167445e-06	5.29457	5.0389807	5.2601119	5.0808717
3215.3687109561001307	-0.0071477703576705853283	-2.8749704882136928319	-931.50893751866556158	48.216787421098835864	-40.01462724	0.000857172488079	-0.00307759998446	-2.26350544679e-06	5.66762998583e-06	5.2899766	5.0746244	5.2609563	5.1284463
3216.3688256407917834	-0.0070096854863952650846	-2.8820486933710345312	-932.4746420840092469	47.956710703668186113	-40.01378463	0.000840727634993	-0.00308578113607	-2.24417599901e-06	5.34144371425e-06	5.2863014	5.1092659	5.2627877	5.1713945
3217.3689403250068608	-0.0068549631550750902975	-2.8889839674568715822	-933.44214550369258632	47.703407513157472408	-40.01294558	0.000824295459602	-0.00309391244625	-2.22852850342e-06	4.97792381664e-06	5.284087	5.1427726	5.2553417	5.2037895
3218.3690550096985135	-0.0066846658808710135088	-2.8957545583689188184	-934.4113625611723819	47.456742037177605198	-40.01213567	0.000807957006063	-0.00310158597546	-2.22075161795e-06	4.55623490884e-06	5.2832702	5.1749838	5.2396402	5.2255609
3219.3691696943897114	-0.0065143686061239353124	-2.9023548324759551598	-935.38220710436519312	47.216561637647636474	-40.01132933	0.000791630013865	-0.00310920352217	-2.20718311945e-06	4.13205165222e-06	5.2832919	5.2057493	5.2259647	5.2375291
3220.3692843790804545	-0.0063449057516413399568	-2.9087847897779810502	-936.35459592496715686	46.982711433640652388	-40.01055204	0.000775373631032	-0.00311634200543	-2.19847923359e-06	3.70770249444e-06	5.2836701	5.2349457	5.2222185	5.244988
3221.3693990636384115	-0.0061702480876446542599	-2.9150437524072407847	-937.32844896397568846	46.755035401498290071	-40.00977832	0.000759125944471	-0.00312342148707	-2.18820065606e-06	3.27021807332e-06	5.2841526	5.2624683	5.2294781	5.2564231
3222.3695137483296094	-0.0059907794909251780094	-2.9211249635383853551	-938.30368844042527599	46.533372902186904696	-40.00903311	0.000743021725673	-0.00313009560128	-2.1800165305e-06	2.81189453138e-06	5.2845418	5.288222	5.2470371	5.2780077
3223.369628433021262	-0.0058113108946002576746	-2.9270266854906594745	-939.28023857551943365	46.317557441783044681	-40.00829143	0.000726935301326	-0.00313671943735	-2.16649539304e-06	2.35109696048e-06	5.2848424	5.31214	5.2673656	5.3049653
3224.3697431177120052	-0.0056310602593097440483	-2.932748918264054705	-940.25802660967406155	46.107421263393241873	-40.00757805	0.0007109651936	-0.00314293040237	-2.15134236425e-06	1.88765921694e-06	5.2851754	5.334163	5.2791154	5.3294067
3225.3698578025141614	-0.0054556754680706604638	-2.9382922980923087408	-941.23698281592692183	45.902795831466349341	-40.0068682	0.000695009614171	-0.00314908979855	-2.1286822814e-06	1.43236613889e-06	5.285647	5.3543234	5.2778265	5.3454894
3226.3699724872058141	-0.005284775196580197669	-2.943663139307267862	-942.21704108527580956	45.70351520822631386	-40.00618699	0.000679228683786	-0.00315482213303	-2.10595166892e-06	9.98054219022e-07	5.286339	5.3728197	5.2716901	5.3511699
3227.370087171897012	-0.005113874924965784545	-2.9488630606509294019	-943.19813900858639499	45.509417311302392761	-40.00550937	0.000663469720128	-0.00316050075322	-2.07897889594e-06	5.62613989105e-07	5.2873326	5.3898757	5.2700119	5.3453768
3228.3702018565886647	-0.0049414081913918455127	-2.9538920621232969133	-944.18021687369127903	45.320339704713290985	-40.00485954	0.000647879656179	-0.00316589043389	-2.0449731986e-06	1.25549554444e-07	5.2886764	5.4058741	5.2779389	5.3361622
3229.3703165414740397	-0.0047786880608555615951	-2.9587514181073961694	-945.1632175465626915	45.136119479432586843	-40.00421323	0.000632310983569	-0.00317124352003	-2.0012520312e-06	-2.9233711691e-07	5.2903888	5.4213254	5.2967422	5.338911
3230.3704312261652376	-0.004624951299904843556	-2.9634537770145481517	-946.14708760245230224	44.956599974856978008	-40.00359403	0.000616858363067	-0.00317610895072	-1.97605297315e-06	-6.83727222993e-07	5.2924884	5.4366926	5.3263121	5.3653222
3231.3705459108568903	-0.00447121453873678288	-2.9680023815291991518	-947.13177755294509552	44.78163323699754983	-40.00297829	0.000601420542366	-0.00318091219207	-1.94994910992e-06	-1.07727418416e-06	5.2949625	5.4521966	5.356532	5.4062759
3232.3706605955480882	-0.0043159085567062716038	-2.9723972316513456171	-948.11724011574176529	44.611071488937632523	-40.0023903	0.000586190904668	-0.00318543937852	-1.91243350096e-06	-1.46555032232e-06	5.2977792	5.4679811	5.3724863	5.4457934
3233.3707752804093616	-0.0041703703512543117277	-2.9766396027166575067	-949.10343005166123476	44.444766670481200777	-40.00180588	0.00057098799864	-0.00318993111825	-1.86559820019e-06	-1.83319944317e-06	5.3008984	5.4840624	5.3644034	5.4744662
3234.3708899651010142	-0.0040338655730646185218	-2.9807421911288600747	-950.09030519641430601	44.282577187914853312	-40.00124808	0.000555900604626	-0.00319409899687	-1.83221258895e-06	-2.17165365026e-06	5.304258	5.5002022	5.3419528	5.4957636
3235.3710046497922121	-0.0038973607945636356935	-2.9847082591077556124	-951.07782667922981545	44.12437038534537237	-40.00069373	0.000540828144409	-0.00319822500561	-1.797788952e-06	-2.51167348594e-06	5.307798	5.5161302	5.3193819	5.514364
3236.3711193344834101	-0.0037595584194585855708	-2.9885378066533450081	-952.06595736234703509	43.970013936850236291	-40.00016599	0.000525959628805	-0.00320203294699	-1.77116675745e-06	-2.85283837951e-06	5.3114568	5.5316741	5.3066112	5.5307542
3237.3712340192978445	-0.0036298381325890445928	-2.9922318867342583282	-953.05466169564772372	43.819375341605940832	-39.99964171	0.000511117659381	-0.00320579948755	-1.73923556933e-06	-3.17744976573e-06	5.3151682	5.5467379	5.303259	5.5421242
3238.3713487039890424	-0.0035076307718899736761	-2.9958010304657167744	-954.04390648864375635	43.672327525451592578	-39.9991434	0.000496349642095	-0.00320927858459	-1.70622153518e-06	-3.47849573285e-06	5.3188713	5.561234	5.3074129	5.5469964
3239.3714633886802403	-0.0033854234110507579192	-2.9992479528212032669	-955.03366107757449299	43.528750905237878044	-39.9986485	0.000481591315885	-0.00321272001353	-1.67053990283e-06	-3.78087565717e-06	5.3225189	5.5751322	5.3151409	5.5507402
3240.371578073371893	-0.0032620434847252196588	-3.0025726538007204702	-956.02389614998560319	43.388526219341571277	-39.99817987	0.000467069035192	-0.003215949103	-1.65038404339e-06	-4.08045204194e-06	5.3260746	5.588421	5.3192875	5.5607295
3241.3716927581594973	-0.0031459719858907414514	-3.0057760833104247844	-957.01458363328049472	43.251534111542888184	-39.9977147	0.000452577895555	-0.0032191501789	-1.62696042446e-06	-4.3643558103e-06	5.3295033	5.6011059	5.3127003	5.5793906
3242.3718074428502405	-0.0030367328166917870007	-3.0088677902424683097	-958.00569733211898438	43.117660209099234692	-39.99727464	0.000438153291368	-0.00322212910985	-1.60981795237e-06	-4.62993498385e-06	5.3327879	5.613217	5.2953134	5.6005644
3243.3719221275418931	-0.0029274936478580265362	-3.0118502454774693788	-958.9972130726970363	42.986797008457173774	-39.99683791	0.00042373752392	-0.00322507853718	-1.59127624581e-06	-4.89705418361e-06	5.3359323	5.6247805	5.2747139	5.6172501
3244.372036812233091	-0.0028168934698934327589	-3.0147234490154235509	-959.98910773456179868	42.85883735003516648	-39.99642682	0.000409507423106	-0.00322778356865	-1.58064114317e-06	-5.16159679153e-06	5.3389419	5.6358204	5.2584581	5.6267731
3245.3721514970216049	-0.0027147820031042458125	-3.0174885016397254844	-960.98135916293438186	42.733674064121544234	-39.99601915	0.000395302145586	-0.00323045592483	-1.56609838287e-06	-5.40766713378e-06	5.3418352	5.6463565	5.2485091	5.6347352
3246.372266181712348	-0.0026206496042575464119	-3.0201565233895135698	-961.97394685827418925	42.611205879474169933	-39.99563625	0.000381237563612	-0.00323302874382	-1.55398597557e-06	-5.62743624401e-06	5.3446457	5.6564016	5.2426744	5.6476573
3247.372380866403546	-0.0025265172055882281245	-3.0227304019450937922	-962.9668521474377485	42.491339632864644216	-39.99525668	0.000367191917188	-0.00323558816658	-1.54042926945e-06	-5.84813843759e-06	5.3474157	5.6659481	5.238879	5.6685406
3248.3724955510951986	-0.002430529488671706248	-3.0252101373064661516	-963.96005716510467209	42.373982643880090393	-39.99490172	0.000353259297612	-0.00323802929804	-1.53309406832e-06	-6.07087237734e-06	5.3501887	5.6749626	5.2368032	5.6930365
3249.3726102359005381	-0.0023461205986432024338	-3.0275972278896579049	-964.95354477429054896	42.259042320408433113	-39.9945501	0.000339341990208	-0.00324045440413	-1.52166836352e-06	-6.26877784634e-06	5.3530087	5.6834078	5.2370323	5.7158823
3250.3727249205912813	-0.0022726485222834685862	-3.0299068773013222433	-965.94729945028063867	42.146434230855973624	-39.99422277	0.000325537008526	-0.00324270167385	-1.50884266987e-06	-6.42759172515e-06	5.3559243	5.6912275	5.2400266	5.7339321
3251.3728396052829339	-0.0021991764471494109831	-3.0321430462109923987	-966.94130752091643899	42.036085142778468082	-39.99389876	0.000311747343988	-0.00324492469316	-1.49469372453e-06	-6.58700313918e-06	5.3589721	5.6983364	5.2454542	5.7479905
3252.3729542899741318	-0.0021232380320008433297	-3.0343057346186643741	-967.93555590544133338	41.927922568201445586	-39.99359883	0.000298126626729	-0.00324706409141	-1.48691832117e-06	-6.74752032004e-06	5.362181	5.7046464	5.2526997	5.7592868
3253.3730689747990255	-0.0020626998609351953999	-3.0363969319652475143	-968.93003203031889825	41.821874206265000851	-39.99330222	0.000284529098312	-0.00324919201226	-1.47531773061e-06	-6.87444683397e-06	5.3655713	5.7100719	5.2614842	5.7686035
3254.3731836594902234	-0.0020167688156436380797	-3.0384369002299127516	-969.92472493248340015	41.717878696520585891	-39.99302955	0.00027107318403	-0.00325123710241	-1.46649589755e-06	-6.94566172006e-06	5.3691408	5.7145213	5.2728476	5.7759786
3255.3732983441809665	-0.0019708377699206641384	-3.0404309321815166101	-970.91962557779118015	41.615889691846582821	-39.99276019	0.000257636833397	-0.0032532707497	-1.45769849162e-06	-7.01699922881e-06	5.3728933	5.7178906	5.2881593	5.7813693
3256.3734130288726192	-0.0019218904446996953536	-3.0423790278200608661	-971.91472532467116707	41.515861895892982147	-39.9925143	0.000244315442724	-0.00325518398568	-1.44526628889e-06	-7.09044678317e-06	5.3768229	5.7201134	5.3072045	5.7847717
3257.3735277137120647	-0.0018917854861332757729	-3.044283617731731173	-972.91001583082629622	41.417750283260460265	-39.99227168	0.000231010036273	-0.00325708047947	-1.42831812533e-06	-7.12261415897e-06	5.3808937	5.721162	5.3255081	5.7862216
3258.3736423984037174	-0.0018796137817687994659	-3.0461695336266387812	-973.90549031521095458	41.321523275529308705	-39.99205205	0.000217817340644	-0.00325891341007	-1.41395362105e-06	-7.09069808868e-06	5.3850787	5.7209974	5.3379346	5.7857495
3259.3737570830944605	-0.0018674420775388559518	-3.0480432764211471408	-974.90114393285682581	41.227167758681325438	-39.99183565	0.000204640417442	-0.00326073744581	-1.4003912682e-06	-7.05939537061e-06	5.3893597	5.7195648	5.3425897	5.7834404
3260.3738717677856584	-0.0018519182738158306099	-3.049904846115257584	-975.89697203946809623	41.134671943831868646	-39.99164243	0.000191596712675	-0.00326250293346	-1.39132201708e-06	-7.02700213097e-06	5.393701	5.7168097	5.3436968	5.7794223
3261.3739864526378369	-0.0018573415879132803251	-3.0517569418438537099	-976.8929700885477132	41.044024368874893582	-39.99145247	0.000178571769593	-0.00326426017555	-1.38007003963e-06	-6.94799933717e-06	5.3980653	5.7126762	5.3461537	5.7737598
3262.3741011373290348	-0.0018827530426431700588	-3.0536272036247931183	-977.88913493242966979	40.955228564971655203	-39.99128532	0.000165676184421	-0.00326590888962	-1.3598341919e-06	-6.79319490252e-06	5.4024259	5.7070863	5.3530034	5.7661268
3263.3742158220206875	-0.0019081644957123975164	-3.0555228797741467162	-978.88546520599720679	40.868308665216034115	-39.9911214	0.000152798933441	-0.00326754222176	-1.33951995754e-06	-6.6383687574e-06	5.406764	5.6999389	5.3630065	5.7560397
3264.3743305067114306	-0.0019303019905975488026	-3.057443970291912283	-979.88195953764386559	40.783290303024763546	-39.99097978	0.000140018817735	-0.00326915936553	-1.32357226257e-06	-6.48658564199e-06	5.4110608	5.6911437	5.374321	5.7434479
3265.3744451915677018	-0.0019729023713763319328	-3.0593931101940836648	-980.8786164374001828	40.70019944893621755	-39.99084135	0.000127252556626	-0.00327077420033	-1.30703248443e-06	-6.28965355533e-06	5.4152943	5.680653	5.3861378	5.7297506
3266.3745598762593545	-0.0020350590512973297519	-3.0613973207315430258	-981.87543545601363348	40.619076752689764476	-39.9907251	0.000114589020865	-0.00327229272321	-1.29246280381e-06	-6.0195501344e-06	5.4194481	5.6684158	5.400559	5.7166265
3267.3746745609505524	-0.0020972157312906525295	-3.0634636950773002084	-982.87241750779435279	40.53998304213283177	-39.99061203	0.000101940229594	-0.00327379742215	-1.27998026561e-06	-5.7494978064e-06	5.423524	5.6544085	5.4202139	5.7046475
3268.3747892456412956	-0.0021568385591262569101	-3.0655922332313552126	-983.86956325119558642	40.462980631114390917	-39.99052108	8.94175388555e-05	-0.0032752031717	-1.2619362281e-06	-5.47891068956e-06	5.4275226	5.6387011	5.4455976	5.6922717
3269.3749039304766484	-0.0022322987641789633455	-3.067784974449111246	-984.86687297283503995	40.388132111526473977	-39.99043332	7.69130615332e-05	-0.00327659462944	-1.24358907621e-06	-5.17281162988e-06	5.4314374	5.6213767	5.4699172	5.6777408
3270.3750186151678463	-0.0023228969906321579771	-3.0700628335321789031	-985.86434737908018633	40.315511460718255421	-39.99036721	6.4541283182e-05	-0.00327794975721	-1.22101048065e-06	-4.81102780364e-06	5.4352715	5.6026012	5.4848299	5.6602389
3271.3751332998594989	-0.0024134952179364617224	-3.0724313012323150041	-986.86198778558571121	40.245208301082620039	-39.99030424	5.21887912533e-05	-0.0032792996048	-1.19995721996e-06	-4.44935446144e-06	5.4390424	5.5826409	5.4847852	5.6401419
3272.3752479845502421	-0.0025030968018412741612	-3.0748903775495164403	-987.85979496326842764	40.177313421666880799	-39.99026268	3.99101573946e-05	-0.00328054958033	-1.17902858297e-06	-4.08996833068e-06	5.4427639	5.5617724	5.4756708	5.6178725
3273.3753626693073784	-0.0025989263946210217245	-3.0774408649780382596	-988.85776903390046755	40.111917743962443694	-39.99022426	2.76423249137e-05	-0.00328178495005	-1.15989765054e-06	-3.71682984261e-06	5.4464486	5.5403532	5.4663246	5.5933455
3274.375477353999031	-0.0027006991207225408864	-3.0800909816287243004	-989.85590971771853219	40.049116689555617654	-39.99020734	1.54802683847e-05	-0.00328292977821	-1.13963811787e-06	-3.3193172545e-06	5.4501117	5.5188064	5.4635443	5.5660439
3275.3755920386902289	-0.0028024718453469165541	-3.0828428826764411319	-990.85421636372450394	39.989011849181395064	-39.99019359	3.33377698798e-06	-0.003284061283	-1.12135976566e-06	-2.92137340518e-06	5.4537659	5.4975433	5.4662701	5.5355328
3276.3757067233818816	-0.0029052858656966797785	-3.0856965681211923069	-991.85268752604451947	39.931705289745210052	-39.99020079	-8.67937771373e-06	-0.00328511375571	-1.09998790568e-06	-2.52588635543e-06	5.4574222	5.476919	5.4715627	5.5023668
3277.375821407993044	-0.0030015959650717518106	-3.0886511985852744822	-992.85132089747389728	39.877299000265601592	-39.99021109	-2.06727905611e-05	-0.00328615452692	-1.08014377444e-06	-2.14511330212e-06	5.4610854	5.4572562	5.4777039	5.4676569
3278.3759360926842419	-0.0030917229134810246365	-3.0916982074296823768	-993.85011304653050956	39.825890327450125028	-39.99024203	-3.26024575858e-05	-0.00328709763544	-1.057777336e-06	-1.79169244869e-06	5.4647334	5.4388442	5.4872667	5.4319101
3279.3760507773758945	-0.0031818498616650865533	-3.094835353558673674	-994.84905935704045987	39.777570239340391822	-39.99027605	-4.45226284023e-05	-0.00328802619515	-1.03687195184e-06	-1.43866998776e-06	5.4683328	5.4217595	5.5037651	5.3919803
3280.3761654620670924	-0.0032747273575144644937	-3.098062636972244821	-995.84815435040241027	39.732429253335048713	-39.99033093	-5.63482665514e-05	-0.00328884036782	-1.01543721866e-06	-1.0840910585e-06	5.4718497	5.4059974	5.527784	5.3433642
3281.3762801465222765	-0.0033504375451708801742	-3.101377836683939293	-996.84739167565783191	39.690557613137073645	-39.99038894	-6.81597360454e-05	-0.00328963739604	-9.94936277425e-07	-7.67536330584e-07	5.4752499	5.3915098	5.5506065	5.2851749
3282.3763948312139291	-0.0034099213197494857887	-3.1047584037710787008	-997.84676363038204272	39.652033256288504504	-39.99046738	-7.98545593988e-05	-0.00329034782515	-9.7443354124e-07	-5.14608427919e-07	5.4784863	5.378092	5.5616507	5.2304563
3283.376509515905127	-0.0034694050941071175563	-3.108198461454658279	-998.84626113658748636	39.61691728802480128	-39.99054891	-9.15317932547e-05	-0.00329104519566	-9.55270146597e-07	-2.6179424119e-07	5.4815226	5.3655175	5.5551795	5.1955441
3284.3766242005967797	-0.0035321038441474784594	-3.1116980097346806922	-999.84587445411023054	39.585269584182860569	-39.9906505	-0.000103143053176	-0.00329162830004	-9.30136345597e-07	-1.20968599335e-08	5.4843986	5.3535817	5.5391853	5.1888745
3285.3767388849933013	-0.0035747548965486273045	-3.1152544470023237899	-1000.845593213861207	39.557149668249842023	-39.99075514	-0.000114744304343	-0.00329219406937	-9.03704242712e-07	1.92351166027e-07	5.4871675	5.3421295	5.5240813	5.1994207
3286.3768535696840445	-0.0035985945169042994098	-3.1188415330457215369	-1001.8454060741016747	39.53260268228149954	-39.99087987	-0.000126258945117	-0.00329261856063	-8.75823757848e-07	3.23624156324e-07	5.4898797	5.3310269	5.5174873	5.2132254
3287.3769682543756971	-0.0036224341368489010318	-3.1224524614434292502	-1002.8453007965747474	39.511654181382404261	-39.99100766	-0.000137760367134	-0.00329302148959	-8.48533228882e-07	4.54810148014e-07	5.4926045	5.3201836	5.5179865	5.2183457
3288.3770829390668951	-0.0036485944461651579999	-3.1260872321954416009	-1003.8452648431295984	39.494328278336581661	-39.99115538	-0.000149146677614	-0.00329331829613	-8.23519201421e-07	5.8584161686e-07	5.4954177	5.3096278	5.5223445	5.2129289
3289.377197623540269	-0.0036602977062651113546	-3.129743962950111591	-1004.8452854128776153	39.480648802698702582	-39.99130617	-0.000160515313848	-0.00329359880863	-7.97737413893e-07	6.84531289919e-07	5.4983865	5.2994251	5.5283966	5.198321
3290.3773123082314669	-0.0036585420943394540878	-3.1334038025298549535	-1005.8453493476893073	39.470629203586966582	-39.99147658	-0.000171826409537	-0.00329377741133	-7.64519262043e-07	7.29712268054e-07	5.501535	5.2896499	5.5379169	5.1762398
3291.3774269929226648	-0.0036567864825739941972	-3.1370618862963821627	-1006.8454432498629103	39.464268858985654731	-39.99165002	-0.000183128617593	-0.0032939402732	-7.3048247878e-07	7.74654688728e-07	5.5048664	5.2803868	5.5535778	5.1525013
3292.3775416776138627	-0.0036559755985306305499	-3.1407182142496936628	-1007.8455537254114915	39.461566098043711293	-39.99184286	-0.000194347467269	-0.00329393834658	-7.00496454304e-07	8.1766891306e-07	5.5083743	5.2717187	5.5764509	5.1354845
3293.3776563622168396	-0.0036492848611525807029	-3.1443720183646006738	-1008.84566739972081	39.462519102355265943	-39.99203872	-0.000205553364845	-0.00329391081537	-6.70286387888e-07	8.47239663404e-07	5.5120176	5.2637282	5.6008724	5.133339
3294.3777710469075828	-0.0036371616850982948013	-3.1480156594596571118	-1009.8457709398783209	39.467121808254155724	-39.99225395	-0.000216653137499	-0.00329377868879	-6.41218268942e-07	8.55759368074e-07	5.5157415	5.2564912	5.6194015	5.1458424
3295.3778857315987807	-0.0036250385097498574738	-3.1516471759886459658	-1010.8458511243758267	39.475362431152539955	-39.99247221	-0.000227736322844	-0.00329363021396	-6.12295891152e-07	8.64275328299e-07	5.5194906	5.250078	5.6269525	5.1628886
3296.3780004162904333	-0.0036129135033214506388	-3.1552665679515636832	-1011.8458948641223287	39.487228736941958118	-39.99270958	-0.000238768547834	-0.00329339438925	-5.78371606406e-07	8.72018610708e-07	5.5232331	5.2445541	5.6296852	5.1747803
3297.378115100982086	-0.0036007998798304238081	-3.1588738368393491918	-1012.8458892023800217	39.502708445374643986	-39.99294996	-0.000249792760702	-0.00329314483117	-5.43437693215e-07	8.79671157734e-07	5.5269439	5.2399589	5.6371075	5.1781669
3298.3782297856737387	-0.0035886967022496544209	-3.1624689973928625797	-1013.8458213143296689	39.521789238931305022	-39.99320925	-0.00026071643595	-0.0032927370093	-5.11860517155e-07	8.86183793284e-07	5.5305991	5.2363215	5.6563793	5.1722534
3299.3783444703644818	-0.0035765935243158406172	-3.1660520533805898147	-1014.8456785066064185	39.54445876657765524	-39.99347152	-0.000271624211478	-0.00329230415848	-4.80591707866e-07	8.92518980771e-07	5.5341798	5.2336583	5.6796722	5.1609346
3300.3784591550556797	-0.0035641454884939882154	-3.1696230048025380022	-1015.845448217122339	39.570704634541328915	-39.99375253	-0.000282443233892	-0.0032917539157	-4.52503360149e-07	8.97715539134e-07	5.537669	5.2319621	5.6932664	5.1572246
3301.37857383977871	-0.0035538406362824520243	-3.1731821330487446353	-1016.8451180136111134	39.600514442766126422	-39.99403652	-0.000293248138105	-0.00329118499904	-4.25127446713e-07	9.07526481284e-07	5.5410499	5.2312209	5.6853735	5.1738848
3302.3786885244699079	-0.0035454916950908642141	-3.1767322063068212934	-1017.8446755424927233	39.633877273863362234	-39.99433918	-0.000304012424528	-0.00329052935892	-3.9243930161e-07	9.25401774546e-07	5.5443099	5.2314017	5.6608986	5.207871
3303.378803209160651	-0.0035371427541815952771	-3.1802739296663982138	-1018.8441084889723243	39.670784217230952606	-39.99464482	-0.000314770212105	-0.00328985984304	-3.58646406077e-07	9.4336513703e-07	5.5474394	5.2324557	5.6332931	5.2456236
3304.3789178938523037	-0.0035284357303078418833	-3.1838073031274789493	-1019.8434046245164382	39.711226464821272941	-39.99496882	-0.000325410300647	-0.0032890564888	-3.28010819942e-07	9.59997538252e-07	5.5504289	5.2343298	5.6144211	5.2755209
3305.3790325785757886	-0.0035219528617328760972	-3.1873326192770989884	-1020.842551809109068	39.755195205577201989	-39.99529576	-0.000336031448031	-0.00328823159611	-2.98241466735e-07	9.81386163408e-07	5.5532683	5.2369476	5.6040067	5.2970782
3306.3791472632674413	-0.0035174904449434131297	-3.1908527445886289975	-1021.8415379166996217	39.802683167564083533	-39.99564087	-0.000346579163114	-0.00328727459424	-2.73454094323e-07	1.00907734438e-06	5.5559489	5.2402239	5.5963845	5.3134117
3307.3792619479586392	-0.0035130280280909107447	-3.1943684069716051788	-1022.8403507868234783	39.853685155603798762	-39.99598893	-0.00035711499252	-0.0032862962093	-2.49269080786e-07	1.03652985087e-06	5.5584639	5.2440626	5.5867142	5.3271607
3308.3793766326493824	-0.0035083296815472089954	-3.1978796064260266441	-1023.8389783018938033	39.908196081724369719	-39.9963551	-0.000367599946964	-0.00328523234095	-2.18575042081e-07	1.06424277198e-06	5.5608052	5.248347	5.5754556	5.3398085
3309.3794913173619534	-0.0035050960864490836484	-3.2013865359571940239	-1024.8374083920862176	39.966210842086873356	-39.99672422	-0.000378076619438	-0.0032841545567	-1.87118551598e-07	1.0952670319e-06	5.5629642	5.252957	5.5651225	5.3526285
3310.3796060020531513	-0.0035031878672146417319	-3.2048910798054008886	-1025.8356289721723442	40.027725330686145355	-39.99711124	-0.000388444436715	-0.00328296968706	-1.59659095166e-07	1.13104996618e-06	5.5649332	5.2577671	5.5581656	5.3656524
3311.379720686744804	-0.0035012796476976944596	-3.2083937152154216044	-1026.833627905089088	40.092736789888846261	-39.99750119	-0.000398794431792	-0.00328176728498	-1.32727093915e-07	1.16677611009e-06	5.5667044	5.2626444	5.5564697	5.377388
3312.3798353714355471	-0.0034992865932402042461	-3.2118944421872490658	-1027.8313930710107797	40.161242517501705152	-39.99790885	-0.000409075737569	-0.00328041501659	-1.06597819242e-07	1.20172105603e-06	5.5682696	5.2674601	5.5616358	5.3862028
3313.3799500561344757	-0.0034978200109602366336	-3.215393330195932986	-1028.828912372317518	40.233239778817960541	-39.99831942	-0.00041934573306	-0.00327903807142	-8.07176315132e-08	1.23771179097e-06	5.5696202	5.2721167	5.5747413	5.3901128
3314.3800647408261284	-0.0034968281090892675694	-3.2188910553454816998	-1029.8261737059181087	40.308726170310215764	-39.9987475	-0.000429542217889	-0.0032775924432	-4.90798918649e-08	1.27467649299e-06	5.5707475	5.2765308	5.5908117	5.3869862
3315.3801794255173263	-0.0034958362065506064752	-3.2223877884790046444	-1030.8231649485846901	40.387699744491371234	-39.99917848	-0.00043972652973	-0.00327613544142	-1.64339872417e-08	1.31150096609e-06	5.5716428	5.2806541	5.6009801	5.3779819
3316.3802941102080695	-0.0034948847079066909169	-3.225883529596498267	-1031.8198739883180224	40.470158546717875936	-39.99962696	-0.00044981965267	-0.00327457098469	1.30089343923e-08	1.34935200889e-06	5.5722973	5.2845243	5.5968895	5.3721213
3317.3804087948960841	-0.0034936825725135965508	-3.2293782455752721994	-1032.8162887273206252	40.55610057629411358	-40.00007836	-0.000459897589686	-0.0032729886332	4.20132022589e-08	1.38682079942e-06	5.5727032	5.2881934	5.5796014	5.3790264
3318.3805234795872821	-0.0034922552390546776277	-3.2328716150712710764	-1033.8123970977751469	40.645523613840673249	-40.00054697	-0.000469907009149	-0.00327125151632	7.2781732659e-08	1.42280855135e-06	5.5728526	5.2917513	5.55789	5.3983538
3319.3806381642789347	-0.0034908279058996466958	-3.2363635570700295396	-1034.808187069812675	40.738425162557824422	-40.00101846	-0.000479904953854	-0.00326948848059	1.03849458121e-07	1.45869816611e-06	5.5727378	5.2953207	5.5404808	5.4210779
3320.3807528489701326	-0.0034895254518155049799	-3.2398540715715395955	-1035.8036466337371166	40.834802668160946837	-40.00150686	-0.000489810692548	-0.00326766851349	1.40212950504e-07	1.4928180927e-06	5.5723529	5.2990231	5.5309727	5.4384254
3321.3808675336499618	-0.0034874486408746577931	-3.2433430560900045059	-1036.7987638001272899	40.934653522134908599	-40.0019981	-0.000499700902592	-0.00326583895842	1.7775390745e-07	1.52493109075e-06	5.5716933	5.3029491	5.5284614	5.4483532
3322.3809822183416145	-0.0034846785133745695855	-3.2468295194652108115	-1037.7935266556864917	41.03797452944354518	-40.00250625	-0.000509515892624	-0.00326387097465	2.10271792201e-07	1.55416628678e-06	5.5707545	5.3071687	5.5318026	5.4533526
3323.3810969030328124	-0.0034819083862423789305	-3.2503132123956892663	-1038.7879233899150222	41.144761728658444611	-40.00301726	-0.000519318143782	-0.0032618795473	2.41916187139e-07	1.5833761503e-06	5.5695345	5.3117502	5.5380188	5.455753
3324.3812115877244651	-0.003479311255144410496	-3.2537941348814425346	-1039.7819422305542503	41.255011068899989368	-40.00354503	-0.000529058724479	-0.00325976019796	2.72246774494e-07	1.61282978273e-06	5.5680347	5.3167407	5.542396	5.4557152
3325.3813262723997468	-0.0034756418603283552315	-3.2572721447908192793	-1040.7755714408506265	41.368718442027102355	-40.00407566	-0.000538788802781	-0.00325761906368	3.02789617285e-07	1.63996893406e-06	5.5662569	5.3221768	5.5403422	5.4522716
3326.3814409570909447	-0.0034710159481950541953	-3.2607458720326882862	-1041.76879940698268	41.485878947455582022	-40.00462266	-0.000548434322774	-0.00325539514457	3.37650022954e-07	1.6612999607e-06	5.5642073	5.3280812	5.5317798	5.4446771
3327.3815556417825974	-0.0034663900355909856368	-3.2642149728317275681	-1042.7616146780924282	41.606486645673051328	-40.00517246	-0.000558065362669	-0.00325315704905	3.73221209488e-07	1.68228414012e-06	5.5618968	5.3343837	5.5212322	5.4336855
3328.3816703264737953	-0.0034619595973545509368	-3.2676794471879335724	-1043.7540058639690415	41.730535492040942813	-40.00573873	-0.000567602570589	-0.00325078980739	4.07810065959e-07	1.70393253183e-06	5.559336	5.3409768	5.5134034	5.4206474
3329.3817850111486223	-0.0034563181002108386494	-3.2711391343135942655	-1044.7459616299861409	41.858019385610916174	-40.00630784	-0.000577123621508	-0.00324840032795	4.42775898566e-07	1.7230496843e-06	5.5565412	5.3477546	5.5113346	5.406121
3330.3818996958393654	-0.0034496004255869351998	-3.2745924895778961705	-1045.7374708071504301	41.988931341138012954	-40.00689321	-0.000586584476304	-0.00324590941043	4.77773176947e-07	1.73836670325e-06	5.5535358	5.3546211	5.5154146	5.3868431
3331.3820143805305634	-0.0034428827505416019321	-3.2780391263972092908	-1046.7285224406978159	42.123263213786117376	-40.0074814	-0.000596034908793	-0.00324340092999	5.1275582143e-07	1.75376953112e-06	5.5503429	5.3614839	5.5257913	5.3583975
3332.382129065222216	-0.0034363674650550054233	-3.2814790447715309618	-1047.7191056601143373	42.261006749512205261	-40.00808539	-0.000605416463175	-0.00324078710855	5.47409123934e-07	1.76609221523e-06	5.5469888	5.3682653	5.5412209	5.3202116
3333.3822437498956788	-0.0034285988474649412537	-3.2849120780223928229	-1048.7092096723285977	42.402153641663417716	-40.00869213	-0.000614786026631	-0.00323815494839	5.82630630621e-07	1.77516030404e-06	5.5435087	5.3749404	5.5568949	5.285553
3334.3823584345864219	-0.0034197209463706504731	-3.2883366306181023297	-1049.6988238871595058	42.546694676729543971	-40.00931485	-0.000624063739436	-0.00323540694079	6.1921800734e-07	1.78088361928e-06	5.5399382	5.3814969	5.5674408	5.2707697
3335.3824731192780746	-0.0034108430450207069887	-3.2917523042943250822	-1050.687937970926896	42.694619452784650093	-40.00994037	-0.000633325374654	-0.00323263865519	6.5604093558e-07	1.78680632735e-06	5.5363128	5.3879222	5.5690882	5.2840335
3336.3825878039692725	-0.0034021661151332985989	-3.2951590990510530865	-1051.6765416971934428	42.84591746181754246	-40.01058169	-0.000642514902579	-0.00322977261534	6.91919482702e-07	1.79341886124e-06	5.5326721	5.3942	5.5648473	5.3117131
3337.38270248864319	-0.0033922452060070017177	-3.2985568491681616088	-1052.6646249387242733	43.000578148683842983	-40.01122579	-0.000651691740088	-0.00322688937137	7.28314686119e-07	1.79747803244e-06	5.5290567	5.4003132	5.5595219	5.3367368
3338.3828171733343879	-0.0033812278335712490224	-3.3019439740948466344	-1053.6521778032554266	43.158590066021496057	-40.01188525	-0.000660800726501	-0.00322391208485	7.65922626204e-07	1.79481620826e-06	5.5255063	5.4062481	5.5577297	5.3509229
3339.3829318580255858	-0.0033702104617219855176	-3.3053200803859712487	-1054.6391906898161324	43.319940598215204375	-40.01254743	-0.000669897706794	-0.00322091815769	8.03762451471e-07	1.79176114858e-06	5.5220558	5.4119953	5.5623121	5.358615
3340.3830465427167837	-0.0033593912982631648004	-3.3086851680415363397	-1055.6256541261609527	43.484617030719192599	-40.01322504	-0.000678917243428	-0.00321778517534	8.40334018106e-07	1.7887610226e-06	5.5187381	5.4175457	5.5751181	5.3647645
3341.3831612273916107	-0.0033473458344356332717	-3.3120390734086799789	-1056.611558759886293	43.652606608162550117	-40.01390539	-0.000687923002514	-0.0032146274545	8.77413782726e-07	1.78316047421e-06	5.5155858	5.4228911	5.5977643	5.3694125
3342.3832759120828086	-0.0033342240523964203174	-3.3153802414888793315	-1057.5968955031535188	43.82389570415525526	-40.01460103	-0.00069686255816	-0.00321139913979	9.12763979354e-07	1.77396262753e-06	5.5126237	5.4280249	5.625506	5.3688363
3343.3833905967735518	-0.0033211022701340191417	-3.3187082862821770668	-1058.5816555910780608	43.998469552605214972	-40.01529941	-0.000705790272541	-0.00320815819852	9.47842231247e-07	1.76492496708e-06	5.5098672	5.4329414	5.6464853	5.3605604
3344.3835052814652045	-0.0033081846820877270493	-3.322023207788579402	-1059.5658304074947864	44.176313296751317239	-40.01601272	-0.000714632224233	-0.00320482182751	9.85608945807e-07	1.75406002346e-06	5.5073313	5.4376363	5.648515	5.3510156
3345.3836199661395767	-0.0032940043608535953847	-3.3253248371919137405	-1060.5494114754988004	44.357412044936339157	-40.01672872	-0.000723458753994	-0.00320146829623	1.02466689672e-06	1.74020382575e-06	5.5050261	5.4421052	5.6264411	5.350261
3346.3837346508312294	-0.0032787204947500626917	-3.3286115765152888279	-1061.532390617446481	44.541750018788434318	-40.01745975	-0.00073221946088	-0.00319799609154	1.06372572297e-06	1.72316699466e-06	5.5029499	5.446345	5.5909642	5.3643033
3347.3838493355219725	-0.0032634366287737741341	-3.3318830302197297577	-1062.5147600178493121	44.729310280076390427	-40.01819349	-0.000740968268191	-0.00319450243287	1.10283459434e-06	1.70640076548e-06	5.5010983	5.450354	5.5549737	5.3858504
3348.3839640202131704	-0.0032483933325801964825	-3.3351391983052409707	-1063.4965120298759302	44.920075805423714144	-40.01894187	-0.00074964811352	-0.00319093858549	1.13753447381e-06	1.68811952429e-06	5.4994648	5.4541307	5.5282874	5.4049597
3349.384078704885269	-0.0032318630599705460739	-3.3383798816181298186	-1064.4776391654049803	45.114029539841482119	-40.01969292	-0.000758315425416	-0.00318736198173	1.17241231393e-06	1.66644669844e-06	5.498035	5.4576723	5.5100191	5.4165219
3350.3841933895764669	-0.0032140388868203998915	-3.3416032022149138037	-1065.4581342961332666	45.311153397195880643	-40.02045856	-0.000766904350271	-0.00318370708861	1.21053510918e-06	1.63958240355e-06	5.4967916	5.4609757	5.4969576	5.4232016
3351.3843080742681195	-0.0031962147143975300212	-3.3448086965946273175	-1066.4379907307927624	45.511427942581981654	-40.02122686	-0.000775478953187	-0.00318003789141	1.24929008575e-06	1.61277144789e-06	5.495716	5.4640384	5.4862604	5.4281572
3352.3844227589588627	-0.0031787036733728455014	-3.3479963647572659191	-1067.4172019711847952	45.714833651106438595	-40.02200968	-0.000783981544958	-0.00317626546871	1.28662502599e-06	1.58654152169e-06	5.4947877	5.4668585	5.4771036	5.4310351
3353.3845374436250495	-0.0031592580559234831501	-3.3511659471340986549	-1068.3957617003129599	45.921350966805817961	-40.02279517	-0.000792470910192	-0.00317247408622	1.32498266687e-06	1.55637852158e-06	5.4939857	5.4694336	5.469358	5.4285668
3354.3846521283167021	-0.0031381363402898702041	-3.3543150054396355664	-1069.3736640602110128	46.130959006897363395	-40.02359485	-0.000800906364923	-0.00316860948784	1.36069335216e-06	1.51863310325e-06	5.493288	5.4717633	5.4629228	5.4186547
3355.3847668130079001	-0.0031170146248811966827	-3.3574429396072926757	-1070.3509037563017046	46.343635153659455739	-40.02439715	-0.00080933186559	-0.00316473137083	1.3959172682e-06	1.48078824893e-06	5.4926745	5.4738507	5.4579608	5.4078388
3356.3848814976986432	-0.0030962788745190002355	-3.3605497496370682065	-1071.327475719731865	46.55935668303315822	-40.02521357	-0.000817668596801	-0.00316078098473	1.43244213497e-06	1.44254865555e-06	5.4921267	5.4757	5.4547761	5.406284
3357.3849961823607373	-0.0030731596736481257837	-3.3636351151629830802	-1072.303375090499685	46.778100842265551762	-40.02603261	-0.000825988851588	-0.00315681718482	1.47082532958e-06	1.39928527402e-06	5.4916269	5.4773156	5.4537862	5.4200994
3358.3851108670519352	-0.0030479843204463149924	-3.3666960381606592101	-1073.27859757896681	46.999843259435003517	-40.02686566	-0.000834226265095	-0.00315277085822	1.50933579157e-06	1.34839852426e-06	5.4911616	5.478705	5.4565455	5.4424536
3359.3852255517435879	-0.0030228089667694866063	-3.3697317829178481396	-1074.2531395987484757	47.22455744692731372	-40.02770134	-0.000842448222126	-0.00314870913385	1.54783363599e-06	1.29769650265e-06	5.4907184	5.4798777	5.4652663	5.4639465
3360.385340236434331	-0.0029980373329394930867	-3.3727423494345498689	-1075.2269978263852863	47.452216796684716371	-40.0285507	-0.000850637805856	-0.00314458084431	1.58518697061e-06	1.24506676485e-06	5.4902853	5.4808433	5.48158	5.4781684
3361.3854549210950609	-0.0029707737273597378813	-3.375727402176301073	-1076.2001691774858045	47.682794682043450507	-40.02940263	-0.000858821317935	-0.00314044007039	1.62410691999e-06	1.18695512591e-06	5.4898542	5.4816109	5.5004439	5.4866392
3362.3855696057867135	-0.0029413693328343738786	-3.3786838127224503303	-1077.1726512037146222	47.916262801207025745	-40.03026833	-0.000866917700174	-0.00313624648733	1.66183653145e-06	1.121668652e-06	5.4894174	5.4821912	5.5125885	5.4921713
3363.3856842904779114	-0.0029119649382922572177	-3.3816108155020399018	-1078.1444422354693415	48.152590664621335748	-40.03113661	-0.000874997656296	-0.00313204294845	1.69931860769e-06	1.05673901178e-06	5.4889651	5.4825964	5.5094854	5.4962927
3364.3857989751695641	-0.0028828899811200333313	-3.3845084105150751164	-1079.1155408966421874	48.391747669476956162	-40.03201842	-0.000882993854907	-0.00312777437066	1.73574256407e-06	9.91198767674e-07	5.4884877	5.4828368	5.4928349	5.4976771
3365.3859136598366604	-0.002851782426182489661	-3.3873763236247476094	-1080.0859460754786596	48.63370321467595403	-40.03290279	-0.000890974181504	-0.00312349346804	1.77356969458e-06	9.21456544473e-07	5.4879758	5.4829224	5.4714087	5.4946321
3366.3860283445278583	-0.0028189357119049740508	-3.3902120078660415992	-1081.0556572625562239	48.878425354958316973	-40.03380041	-0.000898903633659	-0.00311916828456	1.81240516333e-06	8.43198003529e-07	5.4874186	5.4828634	5.4538808	5.4873876
3367.3861430292195109	-0.0027860889973941047396	-3.3930148416259933164	-1082.0246746691959743	49.12588038795861678	-40.03470056	-0.000906823395445	-0.00311483466664	1.85150551724e-06	7.64780553407e-07	5.4868041	5.4826695	5.4436998	5.4797499
3368.3862577139107088	-0.0027534099081711884902	-3.3957848249045992084	-1082.9929988115461583	49.376034537090987442	-40.03561409	-0.000914680575727	-0.00311042478573	1.88808553152e-06	6.87496427558e-07	5.4861206	5.4823499	5.4391737	5.4758748
3369.3863723985900833	-0.0027196969987755550621	-3.3985218180517251518	-1083.9606304818764784	49.628854055131760958	-40.03653019	-0.000922525774506	-0.00310600030394	1.92524362684e-06	6.08495197844e-07	5.4853566	5.4819127	5.4383995	5.4772023
3370.386487083281736	-0.0026851028611244529692	-3.4012245279055925984	-1084.9275709258367897	49.88430454252342372	-40.03745934	-0.000930304624938	-0.00310155686773	1.9623922178e-06	5.2521256438e-07	5.4845001	5.4813643	5.4396487	5.4809387
3371.3866017679729339	-0.0026505087232719048117	-3.403892639654076735	-1085.8938219020969882	50.14235074001214798	-40.03839101	-0.000938070707678	-0.00309710978403	1.99978767601e-06	4.41982487478e-07	5.483539	5.4807117	5.4414378	5.4839213
3372.3867164526645865	-0.0026158780678358813099	-3.4065261532971793379	-1086.8593854595767425	50.402957380217337402	-40.03933563	-0.000945768221864	-0.00309260780699	2.03784435403e-06	3.5798262546e-07	5.4824611	5.4799617	5.4423089	5.4833907
3373.3868311373585129	-0.0025814725461791180119	-3.409125099290758687	-1087.8242639167085599	50.666089253031344697	-40.04028277	-0.000953452473818	-0.00308809521271	2.07631209572e-06	2.74555910847e-07	5.4812549	5.479119	5.4416713	5.4779124
3374.3869458220492561	-0.0025472582479736018829	-3.4116897587813483916	-1088.7884598167670447	50.93171135413319206	-40.04124275	-0.000961088112308	-0.00308351242902	2.11233347829e-06	1.9118992374e-07	5.4799103	5.4781883	5.4407187	5.4663202
3375.3870605067409087	-0.0025130439507537009891	-3.4142202000504053849	-1089.7519759100562169	51.199788930201371784	-40.04220523	-0.000968714300404	-0.0030789160006	2.14834111698e-06	1.0795285594e-07	5.478418	5.4771732	5.4408637	5.448249
3376.3871751914321067	-0.0024786124440391442587	-3.4167164230979225614	-1090.7148151997785135	51.470287294929150335	-40.04318032	-0.00097628865629	-0.00307431387971	2.18637879023e-06	2.29418926123e-08	5.476769	5.4760761	5.4435621	5.4291597
3377.387289876136947	-0.0024455196092929079588	-3.4191786092683149612	-1091.676980935269512	51.743171839505670562	-40.04415787	-0.000983852885026	-0.00306971064661	2.2243394409e-06	-5.93863609456e-08	5.474956	5.4748982	5.4504196	5.4170874
3378.3874045608276901	-0.0024135600517256531987	-3.4216084277297729166	-1092.6384763566991296	52.018408910025371483	-40.04514815	-0.000991356250875	-0.00306506039884	2.25970825467e-06	-1.36662066296e-07	5.4729734	5.47364	5.4630737	5.4195964
3379.3875192455188881	-0.0023816004935776546522	-3.4240062829683624024	-1093.5993046064443206	52.295966071296405175	-40.04614094	-0.0009988476651	-0.00306040091883	2.29521129876e-06	-2.13521139577e-07	5.4708167	5.4723037	5.4820394	5.435221
3380.3876339302105407	-0.0023493269644052189836	-3.4263721749840869713	-1094.5594690312846069	52.575811016302047562	-40.04714621	-0.00100628824936	-0.00305569069964	2.33128751167e-06	-2.91023148619e-07	5.4684828	5.470894	5.5014228	5.4545014
3381.3877486149199285	-0.0023189878305491283886	-3.4287063661658048197	-1095.5189731911809758	52.857911522387354353	-40.04815394	-0.00101371880195	-0.00305097046669	2.36653324043e-06	-3.64423486056e-07	5.465969	5.4694163	5.5130674	5.46877
3382.3878632996106717	-0.0022902811014838351383	-3.4310112649381383498	-1096.4778204808467308	53.142236714410351794	-40.04917387	-0.00102110536941	-0.00304622597186	2.39924035343e-06	-4.34482756954e-07	5.4632739	5.467878	5.5099122	5.4772183
3383.3879779843023243	-0.002261574372407790072	-3.4332874536891266892	-1097.4360140017031426	53.428757441883448109	-40.05019623	-0.00102848321254	-0.00304147666477	2.43217164548e-06	-5.04840228431e-07	5.4603981	5.4662869	5.4957956	5.4825172
3384.3880926689935222	-0.0022325677711341929306	-3.4355349324187716142	-1098.3935570150413241	53.717444710592729962	-40.0512309	-0.00103579839968	-0.00303669460165	2.46380897165e-06	-5.75277956574e-07	5.4573422	5.4646504	5.4808343	5.4866528
3385.3882073537015458	-0.0022054081036599567679	-3.4377539519746345142	-1099.3504529622618975	54.008269603434648332	-40.05226802	-0.00104310109708	-0.003031906009	2.49422261062e-06	-6.41729933937e-07	5.4541063	5.462977	5.4718909	5.489281
3386.3883220383927437	-0.0021798021813052093423	-3.4399468085755278146	-1100.3067050935078441	54.301204482223973002	-40.05331734	-0.00105036143519	-0.00302709742743	2.52319540996e-06	-7.02885091608e-07	5.4506906	5.4612736	5.4676235	5.4895818
3387.3884367230834869	-0.0021541962598438510121	-3.4421140563179943861	-1101.2623163440348435	54.596223344156811663	-40.05436911	-0.00105761328741	-0.00302228484147	2.55256087217e-06	-7.63909538427e-07	5.4470967	5.4595445	5.4655521	5.4873183
3388.3885514077751395	-0.0021283951891782541647	-3.4442556952020351169	-1102.2172897802390708	54.893300331440642026	-40.05543283	-0.00106484053692	-0.00301743190996	2.58242129269e-06	-8.26924357563e-07	5.4433286	5.4577924	5.4646026	5.4831917
3389.3886660924763419	-0.0021037956725299313682	-3.4463718886325360735	-1103.1716286230041533	55.192409646656820144	-40.05649895	-0.00107206283326	-0.00301257085587	2.61180686839e-06	-8.87696804914e-07	5.439392	5.4560196	5.4647289	5.4778917
3390.3887807771675398	-0.0020802038058420385842	-3.4484641282923162997	-1104.1253359992458627	55.493526331953475506	-40.05757705	-0.00107922187747	-0.00300768531329	2.63792362775e-06	-9.45591264457e-07	5.4352908	5.4542251	5.4664298	5.4705493
3391.3888954618587377	-0.0020566119395057738152	-3.4505327733794959322	-1105.0784148599923356	55.796626498636314295	-40.05865756	-0.00108636812439	-0.00300279481617	2.66390670819e-06	-1.00345351328e-06	5.4310229	5.4524054	5.4718802	5.4590326
3392.3890101465499356	-0.0020329675417308803141	-3.4525778238940740827	-1106.0308682780632807	56.101686362171136579	-40.05974993	-0.00109347226712	-0.00299788996517	2.68988986601e-06	-1.06249436007e-06	5.4265842	5.4505563	5.4832826	5.4421864
3393.389124831243862	-0.0020096464739549411808	-3.4545993238655836599	-1106.9826994658151307	56.408682179635015075	-40.06084471	-0.00110056784926	-0.00299298219574	2.71589926061e-06	-1.12093698056e-06	5.4219623	5.4486714	5.4965618	5.4254248
3394.3892395159355146	-0.0019865956881288757835	-3.4565976741005814965	-1107.9339117054296366	56.717590458713324608	-40.06195123	-0.00110764705833	-0.00298805038372	2.73953121095e-06	-1.17990194482e-06	5.4171373	5.4467435	5.5017824	5.4167755
3395.3893542006267126	-0.0019635449006999614562	-3.4585729709052484004	-1108.8845083254043402	57.028388018874835552	-40.06306015	-0.00111472292207	-0.00298311365933	2.76300897511e-06	-1.23899011452e-06	5.4120887	5.4447647	5.4917109	5.4205865
3396.3894688853174557	-0.0019405619915221273587	-3.4605252142795852599	-1109.8344927814682706	57.341051732939675389	-40.06418082	-0.00112175379667	-0.00297814505011	2.78534315097e-06	-1.29864764766e-06	5.4067931	5.4427261	5.4715601	5.4304014
3397.3895835700059251	-0.0019171614292395593865	-3.4624543472720703541	-1110.7838686631969267	57.655558501589027287	-40.0653039	-0.0011287754341	-0.00297316989429	2.80801766899e-06	-1.35907773021e-06	5.4012267	5.4406188	5.4498601	5.4380401
3398.389698254697123	-0.0018934128962838491384	-3.464359852941878426	-1111.7326397821520914	57.971884984392310969	-40.06643855	-0.00113575815778	-0.00296820172984	2.83210876479e-06	-1.4225025389e-06	5.3953664	5.4384331	5.433706	5.440527
3399.3898129393887757	-0.001869664360829590647	-3.4662416073540716077	-1112.6808101986230213	58.290007521652896116	-40.0675756	-0.00114273285267	-0.00296323500787	2.85665854538e-06	-1.48610252156e-06	5.389196	5.4361587	5.4227224	5.4398079
3400.3899276240795189	-0.0018460360205252946894	-3.4680996105086481229	-1113.628384110753359	58.609902466652151531	-40.06872417	-0.00114969884992	-0.00295825049185	2.87467986273e-06	-1.55133508127e-06	5.3827017	5.4337878	5.4141082	5.4377289
3401.3900423087652598	-0.0018216683748972955278	-3.4699337614527787643	-1114.5753658494591036	58.931546196087431611	-40.06987512	-0.00115666304391	-0.00295326228663	2.89218687118e-06	-1.61819162761e-06	5.375871	5.431325	5.4055969	5.434731
3402.3901569934569125	-0.0017966868485615201251	-3.4717431465495711684	-1115.5217600390406005	59.254914635451157778	-40.07103767	-0.00116358567349	-0.00294826348811	2.91105036893e-06	-1.68741472855e-06	5.3687025	5.4287792	5.3983608	5.430818
3403.3902716781481104	-0.0017717053223333431144	-3.4735275472549429487	-1116.467571646152237	59.5799831220590832	-40.07220263	-0.00117049964383	-0.00294326248264	2.93029381209e-06	-1.75648056202e-06	5.3611981	5.426165	5.3949351	5.4251821
3404.3903863628388535	-0.0017468099072785578298	-3.4752869635688941052	-1117.4128057806740344	59.906726990320763093	-40.07337894	-0.00117740262138	-0.00293827197893	2.95102607354e-06	-1.8279679656e-06	5.3533609	5.4235037	5.3970854	5.4158351
3405.3905010475268682	-0.001721384999386078949	-3.477021323087349014	-1118.3574676830976387	60.235121603430883397	-40.07455763	-0.0011843032977	-0.00293328367367	2.97276564307e-06	-1.9008132995e-06	5.3452018	5.420817	5.4003432	5.4015195
3406.3906157322180661	-0.0016955219155507909607	-3.4787299724782285715	-1119.301562841178793	60.565142014429042661	-40.07574774	-0.00119118262036	-0.00292829736427	2.98774424966e-06	-1.97617902819e-06	5.3367351	5.4181215	5.3972261	5.387541
3407.3907304169097188	-0.0016696588327548781555	-3.4804127558195978587	-1120.2450970246177349	60.896762868995914175	-40.07694026	-0.00119805745126	-0.00292331147471	3.00145147616e-06	-2.05154724301e-06	5.3279751	5.4154321	5.3811434	5.3823217
3408.3908451016009167	-0.0016437700885528945278	-3.4820696731114524347	-1121.1880761390459611	61.229958822530932139	-40.07814415	-0.00120491228002	-0.00291832330035	3.01511153482e-06	-2.12809273512e-06	5.3189388	5.4127577	5.3548635	5.3896231
3409.3909597862930241	-0.0016180390759993827209	-3.483700745951843647	-1122.1305062128894861	61.564704571865355831	-40.07935045	-0.00121176288108	-0.00291333464307	3.02891198249e-06	-2.20437352841e-06	5.3096449	5.4100948	5.3266703	5.4027066
3410.3910744709846767	-0.0015924381558492148835	-3.4853061686642425876	-1123.0723933593824313	61.900974955597042992	-40.08056802	-0.00121861149031	-0.00290835894578	3.04362598722e-06	-2.28211676943e-06	5.3001099	5.4074372	5.3031086	5.4136581
3411.3911891556758746	-0.0015668372369431647021	-3.486885987521162189	-1124.0137437635805782	62.238744982415646234	-40.081788	-0.00122545967652	-0.00290338600086	3.0588500218e-06	-2.36006668191e-06	5.290341	5.4047691	5.2837117	5.4197581
3412.3913038403675273	-0.001541041944394956056	-3.4884402025226042277	-1124.9545637240312317	62.577989707072674719	-40.08301922	-0.00123230850285	-0.0028984273476	3.0688835412e-06	-2.43985805993e-06	5.2803432	5.4020657	5.266329	5.4230709
3413.3914185250655464	-0.0015164410718422041604	-3.4899689774352435911	-1125.8948596462778369	62.918684242297636899	-40.08425286	-0.00123915746579	-0.00289347174403	3.07708695801e-06	-2.51751171281e-06	5.2701164	5.399301	5.2496451	5.4255278
3414.3915332097567443	-0.0014928221927595502778	-3.4914737816255816405	-1126.8346377641078107	63.260804517983672213	-40.08549781	-0.00124599999834	-0.00288852841956	3.08478965864e-06	-2.59261176769e-06	5.2596528	5.3964443	5.23369	5.4271841
3415.391647894448397	-0.0014692033128944513229	-3.4929549642281991773	-1127.7739040541828217	63.604327495377141588	-40.0867452	-0.00125284115218	-0.00288358772779	3.09294964194e-06	-2.66771209807e-06	5.248945	5.3934621	5.2186677	5.4273992
3416.3917625791395949	-0.0014451772060359053141	-3.4944125252430926487	-1128.7126645702151109	63.949230233829432279	-40.08800385	-0.00125967840286	-0.00287866172282	3.10298595902e-06	-2.74435873927e-06	5.2379838	5.3903257	5.2054685	5.4258464
3417.3918772638444352	-0.0014236527913446741112	-3.4958468080972715519	-1129.6509254486149985	64.295489869259398574	-40.08926492	-0.0012665148127	-0.00287373888173	3.11154291332e-06	-2.81630747546e-06	5.2267588	5.3870174	5.1954775	5.4229006
3418.3919919485360879	-0.0014041790298567453053	-3.4972608861623917242	-1130.5886923182865758	64.643085200080989239	-40.0905372	-0.00127336287884	-0.00286884777829	3.11686761556e-06	-2.88342495967e-06	5.2152617	5.3835194	5.1891153	5.4189894
3419.3921066332272858	-0.0013847052681876671331	-3.4986554882327900451	-1131.525970123487923	64.991997132089380784	-40.0918119	-0.00128021346791	-0.00286396354425	3.12237199146e-06	-2.95087931277e-06	5.2034902	5.3798195	5.1819912	5.4137513
3420.3922213179189384	-0.0013645692172602982319	-3.5000306143084700672	-1132.4627638365745952	65.342206732243127476	-40.09309788	-0.00128708207156	-0.00285908444263	3.12803463206e-06	-3.01963847866e-06	5.1914433	5.3759122	5.1682594	5.4061111
3421.392336002632419	-0.0013485006922866458502	-3.5013868233892835313	-1133.3990784798975255	65.693695164375483841	-40.09438631	-0.00129395459273	-0.00285420645713	3.13039201034e-06	-3.08070381997e-06	5.1791231	5.3717928	5.145643	5.3955419
3422.3924506873231621	-0.0013357573609846455209	-3.5027291063373380275	-1134.3349181542648694	66.046446261093791463	-40.09568604	-0.00130082955225	-0.00284933440473	3.13172834563e-06	-3.13179295585e-06	5.1665403	5.3674561	5.1191015	5.3848765
3423.3925653720148148	-0.001323014028341657107	-3.5040586444921681952	-1135.2702857511133061	66.400447241264643594	-40.09698823	-0.00130770504451	-0.00284446364864	3.13409987769e-06	-3.18309630056e-06	5.1537105	5.3628941	5.0942955	5.3781512
3424.3926800567060127	-0.0013093156261904034809	-3.5053754378537713698	-1136.2051841286324816	66.755685558058189599	-40.09830173	-0.00131458442888	-0.00283960204159	3.13706802891e-06	-3.23591788459e-06	5.1406544	5.358097	5.0732205	5.3771923
3425.3927947414285882	-0.0013014815697022469147	-3.5066802931416005684	-1137.1396161539546483	67.11214878290475383	-40.09961772	-0.00132146466761	-0.00283474244286	3.13507868128e-06	-3.27776695872e-06	5.1273974	5.3530512	5.0544368	5.3790598
3426.3929094261193313	-0.0012984302856235432032	-3.5079803981544155356	-1138.0735832848922655	67.469828304227988269	-40.100945	-0.00132838439163	-0.00282989799407	3.12988708605e-06	-3.30532960282e-06	5.1139692	5.3477389	5.0365519	5.3801976
3427.3930241108105292	-0.0012953790017023289645	-3.5092774515332449958	-1139.0070851536061127	67.828720354035056062	-40.10227478	-0.00133531282369	-0.00282505688642	3.12568576304e-06	-3.33331180236e-06	5.1004099	5.3421335	5.0194132	5.3783632
3428.3931387955021819	-0.0012910601215942426115	-3.5105714532780916137	-1139.940121284825409	68.188821479840981965	-40.10361592	-0.00134226067437	-0.00282017947147	3.12527581737e-06	-3.36284030882e-06	5.0867621	5.3362012	5.0034009	5.3741152
3429.3932534802338523	-0.0012945230676142086175	-3.5118634747643064919	-1140.8726911623293745	68.550128367354687953	-40.10495959	-0.00134921282757	-0.00281529401201	3.11866013562e-06	-3.37791736727e-06	5.073067	5.3299074	4.9888147	5.3683687
3430.393368164925505	-0.0013043199012428069103	-3.5131630452725430835	-1141.8047923231058576	68.912642736507805807	-40.10631461	-0.00135617493067	-0.0028104011751	3.10568489143e-06	-3.37386185294e-06	5.0593666	5.3232088	4.9757161	5.361737
3431.3934828496162481	-0.0013141167379549750609	-3.5144724137396816666	-1142.7364198010384371	69.276372694020238896	-40.10767216	-0.00136313924858	-0.00280550669598	3.09345911086e-06	-3.37039399757e-06	5.0457094	5.3160487	4.9641247	5.3542068
3432.393597534307446	-0.0013223612112599305354	-3.5157915801657204646	-1143.6675684350661868	69.641326744323222897	-40.10904116	-0.00137014457758	-0.00280059240356	3.08888081094e-06	-3.36886298681e-06	5.0321448	5.308369	4.953873	5.3456855
3433.3937122190500304	-0.0013401341888034678552	-3.5171218572984037642	-1144.5982329633557129	70.007513542031588827	-40.11041271	-0.00137715907785	-0.00279567368031	3.077059305e-06	-3.34988120204e-06	5.0187231	5.300114	4.9445426	5.3359285
3434.3938269037412283	-0.0013656498444976977128	-3.5184749044706200571	-1145.5284056587199757	70.374947871859788506	-40.11179588	-0.00138420957957	-0.00279070542438	3.05700893068e-06	-3.30554133849e-06	5.0055003	5.2912269	4.9357876	5.3243729
3435.3939415884319715	-0.0013911654973382296067	-3.5198534702238997163	-1146.4580756397695041	70.743652293397687458	-40.11318166	-0.00139126816947	-0.00278572604034	3.03769145371e-06	-3.26155022146e-06	4.9925427	5.2816426	4.9281982	5.310415
3436.3940562731236241	-0.0014149539253216767472	-3.5212575545582409653	-1147.3872317307177582	71.113649829692249682	-40.11457888	-0.00139835760485	-0.00278068981019	3.02451945301e-06	-3.22097368716e-06	4.9799179	5.271299	4.9229449	5.2943669
3437.3941709578753034	-0.0014493427907185461433	-3.5226886187434147679	-1148.3158625836515512	71.484963646849863039	-40.11597868	-0.00140545400198	-0.00277564075002	3.002410458e-06	-3.1615331172e-06	4.967693	5.2601399	4.921003	5.2784009
3438.3942856425669561	-0.0014923332897046647557	-3.5241596254657774345	-1149.2439540098498583	71.857623688694033603	-40.11739011	-0.0014126043025	-0.00277052650521	2.97530223964e-06	-3.0756441515e-06	4.9559334	5.2481037	4.920609	5.2648961
3439.3944003272576992	-0.0015353237868626047006	-3.5256736276170070887	-1150.1714882008286622	72.231668493544773924	-40.11880417	-0.00141976682477	-0.00276539748081	2.94985837776e-06	-2.99061247729e-06	4.9447083	5.2351255	4.9180447	5.254698
3440.3945150119488972	-0.0015766193959519973419	-3.5272306251971063951	-1151.0984469477300536	72.60713708345504358	-40.12023001	-0.00142697129006	-0.00276018596525	2.93010903475e-06	-2.90681273469e-06	4.9340869	5.2211531	4.909797	5.2455978
3441.3946296967073977	-0.0016283156939441243566	-3.5288320527079046762	-1152.0248117854782777	72.984068584066079666	-40.12165854	-0.00143418530884	-0.00275495566043	2.90112222074e-06	-2.80432729997e-06	4.9241235	5.2061362	4.8964465	5.2350465
3442.3947443813985956	-0.0016884405329614094165	-3.5304906210121704824	-1152.9505613311512207	73.362508713976765762	-40.12309889	-0.00144144382961	-0.00274964494461	2.86057151077e-06	-2.67575342323e-06	4.9148669	5.1900328	4.8819141	5.2217185
3443.3948590660897935	-0.0017485653731843097281	-3.5322093210513654249	-1153.875670502476396	73.742511552706275779	-40.12454195	-0.00144871253303	-0.00274431582966	2.82000527508e-06	-2.54809959999e-06	4.9063743	5.1728131	4.870063	5.2061209
3444.3949737507809914	-0.0018073122426016277435	-3.5339881528254895038	-1154.8001137154471962	74.124131605605086293	-40.12599689	-0.00145604337156	-0.00273886360363	2.7861092581e-06	-2.4226404664e-06	4.8986846	5.1544487	4.8617865	5.1888944
3445.3950884355349444	-0.001874513862148868967	-3.5358282831388110345	-1155.7238650351569049	74.507423399968146782	-40.12745456	-0.0014633884922	-0.0027333830798	2.7447253749e-06	-2.28261879737e-06	4.8918208	5.134934	4.8554452	5.1702068
3446.3952031202261423	-0.0019485571272873747177	-3.5377400378571928208	-1156.6468959694743717	74.892446739758085528	-40.12892416	-0.0014707888407	-0.00272780250265	2.695718391e-06	-2.12286141883e-06	4.8858097	5.1142832	4.8494153	5.1496848
3447.395317804917795	-0.002022600392345909933	-3.5397258443326120592	-1157.5691748144349731	75.279268127445021719	-40.13039651	-0.0014782019413	-0.0027221988232	2.64686898745e-06	-1.96438590183e-06	4.8806655	5.0925057	4.8438184	5.1269464
3448.3954324896085382	-0.0020958824292771510191	-3.5417857025650687497	-1158.4906692866850335	75.667954333109022969	-40.13188101	-0.00148566834558	-0.00271648414533	2.59839362394e-06	-1.80717678134e-06	4.876385	5.0696379	4.8403197	5.1021099
3449.3955471743397538	-0.002173834274815152328	-3.5439202575156714126	-1159.4113466572919151	76.058572025998671506	-40.13336832	-0.00149314711341	-0.00271074372185	2.54445359488e-06	-1.64238543104e-06	4.8729629	5.0457405	4.8404858	5.0757263
3450.3956618590314065	-0.0022555578139381335205	-3.5461352075519001481	-1160.3311725004534765	76.451190660109887176	-40.13486794	-0.00150069467944	-0.00270487361739	2.48511075067e-06	-1.46587824979e-06	4.8703753	5.0208746	4.8433401	5.0482232
3451.3957765437226044	-0.0023372813539981242975	-3.5484318905000722388	-1161.2501103142847114	76.845883245767851122	-40.13637043	-0.00150825827498	-0.00269897329814	2.42512803056e-06	-1.29025366122e-06	4.8685845	4.995126	4.8458194	5.0184046
3452.3958912284142571	-0.0024190743118499336874	-3.5508103063601894611	-1162.1681229903115309	77.242722807388489059	-40.13788511	-0.0015158741206	-0.00269295273053	2.36278492773e-06	-1.1176876649e-06	4.8675512	4.9685995	4.8450465	4.9840023
3453.3960059131009075	-0.0025004415195306831793	-3.553270396267374398	-1163.0851729019132108	77.641782123410152394	-40.13940264	-0.00152350219495	-0.00268690401969	2.29937005544e-06	-9.47369053783e-07	4.8672151	4.9414018	4.841796	4.9434754
3454.3961205977921054	-0.0025814657563796115231	-3.5558116413138169953	-1164.0012220022799738	78.043133453243584086	-40.14093256	-0.0015311911006	-0.00268074538966	2.23527440843e-06	-7.79908125036e-07	4.8675005	4.9136569	4.8395879	4.9016675
3455.3962352824837581	-0.002662489993519227046	-3.5584339198895631462	-1164.9162318413409594	78.446848456418351248	-40.1424654	-0.0015388943073	-0.00267456091833	2.16991522081e-06	-6.13627592623e-07	4.8683288	4.8854979	4.841635	4.8666524
3456.396349967174956	-0.0027444294596843895641	-3.5611372319946084097	-1165.8301634108709095	78.852998502104881595	-40.1440109	-0.0015466653535	-0.00266826105653	2.10054132664e-06	-4.47073733053e-07	4.8696062	4.8570579	4.847411	4.844723
3457.396464651802944	-0.0028207576003863648814	-3.563920800682403911	-1166.742977162002262	79.261654582979502948	-40.14555939	-0.00155445241978	-0.00266193394567	2.03513074769e-06	-2.91306176216e-07	4.8712297	4.8284741	4.8542611	4.8310293
3458.3965793364945966	-0.0028925813338762157087	-3.5667777977656656141	-1167.6546345435697276	79.672883863069586141	-40.14712042	-0.0015622923363	-0.0026554862352	1.97083111152e-06	-1.52217643415e-07	4.8730924	4.7998879	4.8600661	4.8164693
3459.3966940211857946	-0.0029644050676542435703	-3.5697066268197148453	-1168.5650984456585775	80.08674875711189145	-40.14868442	-0.00157014478898	-0.00264900991833	1.90394493163e-06	-1.4367894052e-08	4.8750842	4.7714399	4.8666321	4.7954621
3460.3968087058774472	-0.0030377416733716141629	-3.5727072878445542692	-1169.4743313281526298	80.503311114290411865	-40.15026112	-0.00157805032551	-0.00264243771073	1.83204613883e-06	1.21929808511e-07	4.8770954	4.7432584	4.8774283	4.7696128
3461.3969233904540488	-0.003101806531813480327	-3.5757784947525039776	-1170.3822951547933826	80.92263233463791039	-40.15184084	-0.00158596850969	-0.0026358426564	1.7679912482e-06	2.40670173311e-07	4.8790184	4.7154683	4.8952818	4.7412645
3462.3970380751452467	-0.0031584613821162596352	-3.5789089876879169871	-1171.2889540155570103	81.344767710882365463	-40.15343347	-0.0015939533114	-0.00262916161101	1.71221715938e-06	3.36098515808e-07	4.8807669	4.6881731	4.9165567	4.7107403
3463.3971527598368993	-0.00321511623255774006	-3.5820961419708887696	-1172.194274890441875	81.76976494538996576	-40.1550292	-0.00160195405577	-0.00262245998658	1.65436410519e-06	4.31011192373e-07	4.8822622	4.6614661	4.9339278	4.6768478
3464.3972674445280973	-0.0032734289312190919564	-3.585339957601413996	-1173.098224501526829	82.197671016960782708	-40.15663789	-0.00161001278937	-0.00261565793336	1.58626740773e-06	5.25604529966e-07	4.8834279	4.6354333	4.9406032	4.6388842
3465.3973821290860542	-0.003321586088547180942	-3.588639022968260317	-1174.0007691746470755	82.628532466107373011	-40.1582497	-0.00161808546223	-0.00260883173944	1.52607982584e-06	6.01687529969e-07	4.8842263	4.6101305	4.9382281	4.5983567
3466.3974968137767974	-0.0033616680937789398566	-3.5919810332926682683	-1174.9018777949320338	83.062389246640066176	-40.15987452	-0.001626202682	-0.00260193439223	1.47551809708e-06	6.51787638025e-07	4.8846421	4.5856109	4.9347777	4.5572823
3467.3976114984679953	-0.0034017500977431966089	-3.5953631302187285534	-1175.8015226653005811	83.499273140047122865	-40.16150248	-0.00163433065711	-0.00259501986589	1.42300212136e-06	7.0133957701e-07	4.8846532	4.5619359	4.9380195	4.5139838
3468.3977261831596479	-0.0034431686426583418305	-3.5987853137464411724	-1176.6996759815649511	83.939215212198575955	-40.16314359	-0.00164251232468	-0.00258805553941	1.36378183934e-06	7.51040303528e-07	4.8842651	4.5391652	4.948506	4.4614319
3469.3978408677380685	-0.0034764038906311685133	-3.6022464438896535377	-1177.5963096589741781	84.382246173368159248	-40.16478789	-0.00165070701278	-0.00258107913629	1.31153311353e-06	7.86130449604e-07	4.8835086	4.5173584	4.9601354	4.3944804
3470.3979555524288116	-0.0035031673218450911159	-3.6057366297207775752	-1178.4913977810317647	84.82839146465285296	-40.16644548	-0.00165895812001	-0.00257404033841	1.26328627476e-06	8.01947297749e-07	4.8824102	4.4965841	4.9667473	4.3292242
3471.3980702371204643	-0.0035299307530931730258	-3.6092535820526010504	-1179.3849173048570265	85.277670010875567641	-40.16810631	-0.00166722296911	-0.00256698634318	1.2125551459e-06	8.17705703785e-07	4.8809921	4.476921	4.9680264	4.2930315
3472.3981849218116622	-0.0035574449231274020942	-3.6127973008851168579	-1180.2768451528293099	85.730100171022158406	-40.16978042	-0.00167553272668	-0.00255988015381	1.15882566728e-06	8.33514862306e-07	4.8792796	4.4584472	4.970238	4.3009452
3473.3982996064378312	-0.0035803646994434249959	-3.6163671447892382638	-1181.1671580546678797	86.185700058127252987	-40.17145778	-0.00168385347043	-0.00255276119592	1.10923383992e-06	8.41152615046e-07	4.8772981	4.4412382	4.9799314	4.3332905
3474.3984142911290292	-0.0035996703862199120813	-3.619957574052210969	-1182.0558339602735032	86.644484803753499591	-40.17314853	-0.00169221099469	-0.00254562299976	1.06270091797e-06	8.38053410295e-07	4.8750627	4.4253717	4.9980236	4.364456
3475.3985289758197723	-0.0036189760728996592763	-3.6235673112160964315	-1182.9428524421643942	87.106465873948820899	-40.17484256	-0.00170057755609	-0.00253848007668	1.01487871348e-06	8.34853281147e-07	4.872573	4.4109353	5.0157857	4.3807858
3476.398643660511425	-0.0036384701329705906869	-3.6271963562809035331	-1183.8281930224063672	87.571654375272331094	-40.17655012	-0.0017089888711	-0.00253131108059	9.60765697095e-07	8.32965121527e-07	4.8698269	4.3980261	5.0235468	4.3875982
3477.3987583451857972	-0.0036568118930331151677	-3.6308445480419657692	-1184.7118350697649021	88.040061255358878611	-40.17826102	-0.00171741123021	-0.00252413565032	9.06186941283e-07	8.29234251174e-07	4.8668217	4.3867418	5.0168565	4.3916488
3478.3988730298774499	-0.0036742517733574500335	-3.6345105002553803608	-1185.5937581636410414	88.511696621752392389	-40.17998535	-0.00172586652479	-0.0025169303074	8.52539377054e-07	8.22131085319e-07	4.8635512	4.3771774	5.0050773	4.3950479
3479.398987714568193	-0.0036916916539916659265	-3.6381938943495453209	-1186.4739421964984558	88.986569573142276113	-40.18171302	-0.00173432998238	-0.00250971755068	7.98438558252e-07	8.14686686078e-07	4.8600079	4.3694265	4.9998304	4.3956298
3480.3991023992593909	-0.0037089957438710087143	-3.6418947303244659786	-1187.3523669438582147	89.464689018626899042	-40.18345434	-0.0017428360884	-0.0025024864199	7.46868554362e-07	8.0850707186e-07	4.8561826	4.3635827	5.0070045	4.3913734
3481.3992170839633218	-0.003727130149586770861	-3.6456131245586660405	-1188.229012027538829	89.946063745139539947	-40.18519907	-0.0017513528106	-0.00249525071539	6.94726595748e-07	8.038467979e-07	4.8520608	4.3597434	5.0152583	4.3830138
3482.3993317686545197	-0.0037459114273859931213	-3.6493500738686903695	-1189.1038566464405903	90.430702900918461751	-40.18695749	-0.00175989953513	-0.00248800798051	6.3816416666e-07	8.02246635437e-07	4.8476277	4.3580073	5.0100202	4.3727542
3483.3994464533452629	-0.0037646927046172773239	-3.6531058066102901627	-1189.9768795016686909	90.918616111493292919	-40.18871935	-0.00176845376025	-0.00248076348803	5.8059643301e-07	8.00717709289e-07	4.8428777	4.3584638	4.9823276	4.3615711
3484.3995611380369155	-0.0037832962488230912658	-3.6568803227834689729	-1190.8480591140887555	91.409812892752484004	-40.19049492	-0.00177705482172	-0.00247347011531	5.26627435631e-07	7.99635012252e-07	4.8378332	4.3611632	4.9424202	4.3445586
3485.3996758227444843	-0.0038029861730297428307	-3.6606737749224422807	-1191.7173738351323209	91.90430262858842525	-40.19227393	-0.00178566764278	-0.00246616446982	4.72014214508e-07	8.00261039581e-07	4.8325229	4.3661444	4.9046466	4.3150779
3486.399790507436137	-0.0038235188407456108597	-3.664487464750982415	-1192.5848014853440873	92.402095197723667752	-40.19406662	-0.00179430256225	-0.00245885614182	4.18044232642e-07	8.03048806084e-07	4.8269797	4.3734091	4.8777063	4.2742378
3487.3999051921273349	-0.0038440515104030976296	-3.6683216896031098919	-1193.4503192549416326	92.903201122312879079	-40.19586277	-0.00180294305403	-0.00245154713739	3.6442820138e-07	8.05520711133e-07	4.8212462	4.3828658	4.8568478	4.2431774
3488.400019876818078	-0.0038645297401001766843	-3.6721764494788229349	-1194.3139041294778053	93.407630808649756204	-40.19767284	-0.00181160740947	-0.00244421178312	3.11177149291e-07	8.09670388686e-07	4.8153663	4.3944072	4.835425	4.2458104
3489.4001345615147329	-0.0038853406052647230379	-3.6760517911603085572	-1195.1755329149943918	93.915394500435184	-40.19948643	-0.00182027780817	-0.00243686975599	2.57345151361e-07	8.14564859133e-07	4.8093864	4.4078533	4.8112105	4.2876593
3490.4002492462059308	-0.0039064084482609024579	-3.6799481124841908475	-1196.0351821245028532	94.426502467235195581	-40.20131393	-0.00182898327865	-0.00242949649536	2.0543901605e-07	8.21195184132e-07	4.8033576	4.4229196	4.7894854	4.3473796
3491.4003639308975835	-0.0039274762904504649519	-3.6838655040670746921	-1196.8928279471147107	94.940965047379961561	-40.20314496	-0.00183769766876	-0.00242211529126	1.5389207205e-07	8.27841230287e-07	4.7973314	4.4393121	4.7760061	4.4018714
3492.4004786155883266	-0.0039486629861095216484	-3.6878039659089583147	-1197.7484463815742401	95.458792416516857315	-40.20498973	-0.00184643389663	-0.00241470775741	1.02446110792e-07	8.330274843e-07	4.7913581	4.4567022	4.7691606	4.4417388
3493.4005933002681559	-0.0039691237157810478967	-3.6917633957371109865	-1198.6020132526907673	95.979994558054883669	-40.20683802	-0.0018551757021	-0.00240729349865	5.16573112142e-08	8.36432675678e-07	4.7854863	4.4747231	4.7589754	4.4729347
3494.4007079849598085	-0.0039890259180888586188	-3.6957429268929611332	-1199.4535044654926423	96.504580849366718098	-40.2087004	-0.00186394512095	-0.00239982345248	6.09674723845e-09	8.4054552336e-07	4.7797637	4.4930109	4.7357966	4.5019062
3495.4008226696510064	-0.0040089281211607508473	-3.6997423625341805398	-1200.3028960737724447	97.032559963590003349	-40.21056641	-0.00187272162261	-0.00239233909689	-3.87035417096e-08	8.4503750516e-07	4.7742312	4.5112782	4.7014695	4.5298201
3496.4009373543422043	-0.0040291288732377016427	-3.7037617026607718707	-1201.1501639819653064	97.563940361906745125	-40.21244634	-0.00188151225103	-0.0023848550399	-8.66556482793e-08	8.4963975751e-07	4.7689257	4.5293034	4.666629	4.5532358
3497.4010520390042984	-0.0040475067061532532531	-3.7078006900121383005	-1201.9952839448642408	98.098730293638368494	-40.21432987	-0.00189030651835	-0.00237737105982	-1.33362442073e-07	8.51135024755e-07	4.7638801	4.5468775	4.6395942	4.5690606
3498.4011667236954963	-0.0040644881176754524971	-3.7118571525847907644	-1202.8382322217460114	98.636936772122382422	-40.21622743	-0.00189912908414	-0.0023698239968	-1.7155260212e-07	8.49460370256e-07	4.7591135	4.5639219	4.6196239	4.5804661
3499.4012814083866942	-0.0040814695291089770138	-3.7159305985163526564	-1203.6789857507324086	99.17856533762459037	-40.21812863	-0.00190795897019	-0.00236226061545	-2.08587136165e-07	8.478205265e-07	4.7546404	4.5804465	4.6040145	4.5949075
3500.4013960930783469	-0.0040989063216209089754	-3.7200210278068266412	-1204.5175213826009895	99.723621281544467365	-40.22004377	-0.00191678890721	-0.00235465749744	-2.51674102499e-07	8.45643888738e-07	4.7504674	4.596469	4.5914656	4.6189776
3501.4015107777240701	-0.0041135636343771703541	-3.7241280474719595794	-1205.3538158607871082	100.27210967917277173	-40.22196253	-0.00192561885748	-0.00234704405687	-2.92956882683e-07	8.38750173501e-07	4.7465931	4.6120587	4.582185	4.6506317
3502.401625462415268	-0.0041261014751524643235	-3.7282483525081784315	-1206.1878468431407327	100.82403384782487876	-40.22389542	-0.00193448556959	-0.00233941184012	-3.29130063527e-07	8.27357619222e-07	4.7430138	4.6273145	4.5766318	4.6831897
3503.4017401471069206	-0.0041386393159174019937	-3.7323811968232223357	-1207.0195931708851731	101.37939499620217987	-40.225832	-0.00194336187173	-0.00233177472524	-3.65422512032e-07	8.16231438634e-07	4.7397248	4.6423311	4.5762134	4.710477
3504.4018548317981185	-0.0041517401543798432284	-3.7365265804170841868	-1207.8490336736851987	101.93819406787702064	-40.22778262	-0.00195223396343	-0.00232409425914	-4.01633579347e-07	8.05513165517e-07	4.7367217	4.6571556	4.5825958	4.7303095
3505.401969516432473	-0.0041614060100826858607	-3.7406840166813632997	-1208.6761471299585082	102.50043180433667089	-40.22973693	-0.00196110495212	-0.00231640243644	-4.33459312492e-07	7.89410639683e-07	4.7340124	4.6718136	4.5941502	4.7422779
3506.4020842011241257	-0.0041684650782428970747	-3.7448494298801020541	-1209.5009135596067154	103.06610686374956742	-40.23170532	-0.00196998374418	-0.00230866636556	-4.62175734323e-07	7.66496058084e-07	4.7316211	4.686326	4.6042039	4.7469214
3507.4021988858153236	-0.0041755241466671973866	-3.7490219029563935926	-1210.3233145596643681	103.63521540042151514	-40.23367741	-0.00197886458906	-0.00230091865448	-4.917945176e-07	7.43646698524e-07	4.7295713	4.7006714	4.6067039	4.7504043
3508.4023135705069762	-0.004183178546919294645	-3.7532014359102396917	-1211.1433317947330579	104.20775331242786876	-40.23566361	-0.00198779004872	-0.00229314900929	-5.23227423627e-07	7.21836564605e-07	4.7278906	4.714812	4.6040855	4.760974
3509.4024282551381475	-0.0041872021195537342114	-3.7573875133656451375	-1211.9609469402901141	104.7837163283296178	-40.23765354	-0.00199672729416	-0.00228537356983	-5.50360195431e-07	6.94643439328e-07	4.7266089	4.728712	4.602892	4.7845709
3510.4025429398288907	-0.0041884837800689623394	-3.7615758365968772203	-1212.7761430805330747	105.36309804472642782	-40.23965752	-0.00200564340501	-0.00227757500261	-5.74590800837e-07	6.60207176795e-07	4.7257527	4.7423474	4.6094508	4.8157279
3511.4026576245205433	-0.0041897654385333561386	-3.7657654416346475479	-1213.5889050659964141	105.94588949495062025	-40.24166523	-0.00201455390949	-0.00226977030028	-5.99828054432e-07	6.25864875388e-07	4.7253214	4.7556997	4.624014	4.8454641
3512.4027723092117412	-0.0041915842955005232912	-3.7699563284789499029	-1214.3992178834414517	106.5320814911913061	-40.24368701	-0.00202345702243	-0.00226194713773	-6.28385571519e-07	5.91976083841e-07	4.7252891	4.7687503	4.6404484	4.8673967
3513.402886993849279	-0.0041901281567029513911	-3.7741480313456539086	-1215.2070665884357368	107.12166472351908908	-40.24571254	-0.00203235816643	-0.00225411905783	-6.53371850796e-07	5.53232948829e-07	4.7256285	4.7814795	4.6523293	4.8824211
3514.4030016785400221	-0.0041862108408100380183	-3.7783366811636258653	-1216.0124375940811206	107.71462801361364825	-40.24775218	-0.00204130015421	-0.00224627245258	-6.7471692038e-07	5.08744584469e-07	4.7263114	4.7938702	4.6568757	4.8926887
3515.40311636323122	-0.004182293525567828095	-3.7825214132163345049	-1216.8153189956312872	108.31095793732535526	-40.24979559	-0.00205025306698	-0.00223842089213	-6.96659421841e-07	4.64578672065e-07	4.7273089	4.8059061	4.6596627	4.8997093
3516.4032310479228727	-0.0041787690168305757082	-3.7867022275037789392	-1217.6156990693109492	108.9106409062831915	-40.25185304	-0.00205918748627	-0.0022305607997	-7.21570026765e-07	4.20836415834e-07	4.7285928	4.8175691	4.6674318	4.9039257
3517.4033457325745076	-0.0041728506519482311612	-3.7908787829189134477	-1218.4135662036926533	109.51366326444359345	-40.25391426	-0.00206811693837	-0.00222269841565	-7.43900669922e-07	3.73678383291e-07	4.7301367	4.8288411	4.685546	4.9056026
3518.4034604172661602	-0.0041651416587457053622	-3.7950482571946158039	-1219.2089098616063438	110.12001002934904648	-40.25598967	-0.00207704380614	-0.00221481255502	-7.60731300446e-07	3.2366591022e-07	4.7319287	4.839704	4.7095233	4.9031782
3519.4035751019569034	-0.0041574326669784585422	-3.7992100215932924634	-1220.0017208185940945	110.72966462444951219	-40.25806889	-0.00208596997693	-0.00220692036271	-7.77190676649e-07	2.74286054491e-07	4.7339619	4.8501405	4.7305982	4.8932346
3520.4036897866481013	-0.0041499130279622521711	-3.8033640761149452025	-1220.7919900432584654	111.34261037795464233	-40.26016217	-0.00209490499987	-0.00219903394673	-7.97311695665e-07	2.25648595793e-07	4.7362294	4.8601334	4.7402167	4.8731737
3521.4038044713211093	-0.0041412398072647842173	-3.8075102560956426423	-1221.579708638684906	111.95883060162476852	-40.26225925	-0.0021038424201	-0.00219114909507	-8.16693623461e-07	1.75602953849e-07	4.7387266	4.8696667	4.7371344	4.8504046
3522.4039191560123072	-0.0041317074110299974524	-3.8116472040949624933	-1222.3648683151523073	112.57830799303079061	-40.26437034	-0.00211277794434	-0.00218325502884	-8.33412097904e-07	1.23807101013e-07	4.7414508	4.8787263	4.7287951	4.8385556
3523.4040338407030504	-0.0041221750153661749702	-3.8157746186049910087	-1223.1474615053500656	113.2010245105858246	-40.26648524	-0.002121712953	-0.00217535845689	-8.49879598102e-07	7.22719618735e-08	4.7443984	4.8872994	4.7231464	4.8484404
3524.404148525394703	-0.004112615873187295927	-3.8198924996257335174	-1223.9274808139625748	113.82696208520921743	-40.26861426	-0.0021306422894	-0.00216745190822	-8.63590972831e-07	2.27980604304e-08	4.747565	4.8953759	4.727015	4.8736329
3525.4042632100886294	-0.004103219621924417311	-3.8240008704449262034	-1224.7049189794563517	114.45610266924984444	-40.27074714	-0.00213957007701	-0.00215954263544	-8.766601549e-07	-2.57671185944e-08	4.7509389	4.9029467	4.7388691	4.9013549
3526.4043778947802821	-0.0040939442183358897009	-3.8280999224097587152	-1225.4797688053627098	115.08842832057410988	-40.27289402	-0.00214848490297	-0.00215163104628	-8.91034819973e-07	-7.314367856e-08	4.7545053	4.9100033	4.7533904	4.9207566
3527.4044925794710252	-0.0040846688154198094317	-3.8321896979072351819	-1226.2520231432501987	115.7239212205924872	-40.27504473	-0.00215739617529	-0.00214371882205	-9.05561249071e-07	-1.20175520565e-07	4.7582494	4.9165412	4.7652476	4.9306661
3528.4046072641622231	-0.0040751839004733603905	-3.836270196937359156	-1227.0216749712492401	116.36256357616836965	-40.27720948	-0.00216632447957	-0.00213578782947	-9.18076314387e-07	-1.6540875812e-07	4.7621578	4.9225568	4.7718508	4.9329125
3529.4047219488743394	-0.0040669746389084115296	-3.8403416021292708926	-1227.7887173818644442	117.00433763389845865	-40.2793781	-0.0021752574725	-0.00212785167023	-9.31780910493e-07	-2.082173127e-07	4.766221	4.9280472	4.7774814	4.9299091
3530.4048366335655373	-0.0040597085022541588156	-3.8444054097028677042	-1228.5531430377250217	117.64922632403899172	-40.28156059	-0.00218416324026	-0.00211991981858	-9.43468972929e-07	-2.48329056518e-07	4.7704306	4.9330096	4.7874807	4.9265311
3531.40495131825719	-0.0040524423653959763467	-3.8484619503063810519	-1229.3149440415297704	118.2972133929922478	-40.28374691	-0.00219306148275	-0.00211198915759	-9.53815977389e-07	-2.88292456336e-07	4.7747795	4.9374409	4.8067991	4.9283004
3532.4050660029479332	-0.0040448452772929403831	-3.8525112239398064951	-1230.0741125662993909	118.94828264187097489	-40.28594719	-0.00220194459653	-0.0021040340194	-9.60549246142e-07	-3.26716846017e-07	4.779259	4.9413383	4.8335535	4.9386218
3533.4051806876709634	-0.0040392627907684048108	-3.8565535193854869611	-1230.8306408685366478	119.60241790957809371	-40.28815133	-0.0022108235116	-0.00209607208798	-9.69176990424e-07	-3.61795084298e-07	4.7838592	4.9447002	4.8600674	4.9533996
3534.405295372362616	-0.0040351651404785136498	-3.8605911963579297996	-1231.5845204135096083	120.25960407447104217	-40.29036933	-0.0022196994254	-0.00208807686765	-9.80720351358e-07	-3.92277700782e-07	4.7885715	4.9475242	4.8784805	4.9668757
3535.4054100570538139	-0.0040310674904377903627	-3.8646247752095752581	-1232.3357416689436832	120.91982725779267582	-40.2925912	-0.00222857450286	-0.00208007237105	-9.91909562369e-07	-4.22496937008e-07	4.7933885	4.9498082	4.8836447	4.9744127
3536.4055247417445571	-0.0040265922275168940583	-3.8686542559404233366	-1233.0842951183080913	121.58307363932007661	-40.29482699	-0.00223742305774	-0.00207204977599	-1.00076995267e-06	-4.50391186063e-07	4.7982997	4.9515574	4.8822348	4.9749308
3537.4056394264725895	-0.0040244151040795860322	-3.8726799683563029042	-1233.8301712942097765	122.24932941747040616	-40.29706667	-0.0022462641919	-0.0020640221172	-1.01239242707e-06	-4.74402904302e-07	4.8032939	4.9527785	4.8841525	4.9680555
3538.4057541111637875	-0.0040239269437750578226	-3.8767046008908923049	-1234.5733597632797682	122.91858193473275662	-40.29932005	-0.00225507509276	-0.00205596717281	-1.02316130226e-06	-4.9424087009e-07	4.8083608	4.9534826	4.8963318	4.9551673
3539.4058687958554401	-0.0040234387842847801897	-3.8807287452097249947	-1235.3138488894348939	123.590819903606004	-40.30157727	-0.00226387750052	-0.00204790456338	-1.03238529929e-06	-5.14103591546e-07	4.8134893	4.9536967	4.9132863	4.9426629
3540.405983480546638	-0.0040226003917763130877	-3.8847524013127991971	-1236.0516270095979507	124.26603207654441974	-40.3038482	-0.00227265652094	-0.00203978665382	-1.04220082862e-06	-5.33215181433e-07	4.8186675	4.9534509	4.9262775	4.9378208
3541.4060981652710325	-0.0040238930743606007509	-3.8887758753718162374	-1236.7866824792470197	124.94420719385250607	-40.30612301	-0.00228142894492	-0.00203165314677	-1.05544088958e-06	-5.49202699009e-07	4.8238832	4.9527853	4.9294006	4.9441008
3542.4062128499626851	-0.0040267476083382823179	-3.8928016573558514857	-1237.5190027152814309	125.62533501118518586	-40.30841148	-0.00229019398544	-0.00202350276156	-1.06805551719e-06	-5.60258684912e-07	4.8291236	4.9517648	4.9280712	4.9551681
3543.406327534653883	-0.0040296021451551545731	-3.896830294202601852	-1238.24857397514279	126.30940650344103915	-40.31070382	-0.00229895693507	-0.0020153475967	-1.07929829436e-06	-5.71056020813e-07	4.8343774	4.9504564	4.9305323	4.9631501
3544.4064422193455357	-0.0040321926503635715719	-3.9008617859120708893	-1238.9753824650567822	126.99641265101493559	-40.31300981	-0.00230767497531	-0.0020071252235	-1.08556554603e-06	-5.80572630803e-07	4.839633	4.9489335	4.944071	4.9632611
3545.4065569040617447	-0.0040363893747192621658	-3.9048963635114222193	-1239.6994143881620403	127.68634438681436905	-40.31531967	-0.0023163802468	-0.00199888374148	-1.09295108337e-06	-5.87603744918e-07	4.8448788	4.9472837	4.9649374	4.9578619
3546.4066715887529426	-0.0040417599806113341243	-3.9089359014095204081	-1240.4206552114183069	128.37919335828664202	-40.31764309	-0.00232506271289	-0.00199059667575	-1.10404744342e-06	-5.90752813231e-07	4.8501042	4.9455958	4.9823009	4.9503047
3547.4067862734445953	-0.0040471305879031423125	-3.9129808105300791787	-1241.1390894982250757	129.07495207675418669	-40.31997037	-0.00233373866892	-0.00198229659766	-1.11532240586e-06	-5.93681381872e-07	4.8552995	4.943947	4.9853532	4.9412737
3548.4069009581357932	-0.0040523597112655622421	-3.9170310908730923138	-1241.8547017570451771	129.77361301754336864	-40.32231097	-0.00234237868599	-0.00197395033387	-1.12518764059e-06	-5.9748197813e-07	4.8604562	4.9423928	4.9712515	4.9258552
3549.4070156428401788	-0.0040584493578014711745	-3.9210868663582076898	-1242.5674764833463541	130.47516857556448144	-40.3246554	-0.00235100840291	-0.00196559083319	-1.13607272769e-06	-6.0046142624e-07	4.8655667	4.940986	4.9493091	4.8984931
3550.4071303275318314	-0.0040651660417857756261	-3.9251491398852809134	-1243.2773977608540008	131.17961146664299577	-40.32701339	-0.00235960238662	-0.00195713419468	-1.1440934899e-06	-5.99153768565e-07	4.8706243	4.9397581	4.9298697	4.8615429
3551.4072450122230293	-0.0040718827255092852196	-3.9292181308659759331	-1243.9844491716353332	131.88693480501612498	-40.32937529	-0.0023681860883	-0.00194864960532	-1.15085409246e-06	-5.97130510753e-07	4.8756231	4.9386997	4.9213504	4.8324377
3552.4073596969142272	-0.004078587106974869772	-3.9332938393002954136	-1244.6886142579076022	132.59713162929068631	-40.33175039	-0.00237673963067	-0.00194014240571	-1.15619199515e-06	-5.95616292376e-07	4.8805583	4.9377968	4.9208844	4.8300992
3553.4074743816067894	-0.0040853662876194733744	-3.9373762759733827998	-1245.389876550744475	133.31019487333435336	-40.33412929	-0.00238528446035	-0.00193162867425	-1.16132016186e-06	-5.94233566369e-07	4.8854259	4.9370255	4.9215041	4.8595154
3554.4075890662975326	-0.0040921997985584107269	-3.9414655279372428076	-1246.0882195354047326	134.02611740021316677	-40.33652148	-0.00239379023462	-0.00192299585932	-1.16694548478e-06	-5.91519521251e-07	4.8902216	4.9363448	4.9163849	4.9017539
3555.4077037509887305	-0.0040990333081486664962	-3.9455616141947005282	-1246.7836266440174313	134.74489200838021929	-40.33891752	-0.00240228468143	-0.00191432850595	-1.17275137015e-06	-5.88541312719e-07	4.8949454	4.935713	4.9042808	4.936734
3556.4078184356803831	-0.0041059584647820373399	-3.9496645347457559616	-1247.4760812968395385	135.46651139085955151	-40.34132661	-0.0024107461944	-0.00190561756334	-1.17421664055e-06	-5.85607855749e-07	4.8996021	4.9351005	4.8910654	4.9597012
3557.4079331203629408	-0.0041123264775419950123	-3.9537742091448930815	-1248.1655669137994664	136.19096812439590849	-40.34373951	-0.00241919811756	-0.00189689392824	-1.17359534925e-06	-5.8348122922e-07	4.9041968	4.9344862	4.8830695	4.9761525
3558.408047805053684	-0.0041182912041465170178	-3.9578899899490491698	-1248.8520671815633705	136.91825441804766683	-40.34616557	-0.00242759419293	-0.00188808375783	-1.17253150983e-06	-5.8031741971e-07	4.9087363	4.9338523	4.8836799	4.9905448
3559.4081624897453366	-0.0041242559309831788514	-3.9620117361634581421	-1249.5355661131889065	137.64836206555304443	-40.34859546	-0.00243597394202	-0.00187924829012	-1.17175768881e-06	-5.76649516406e-07	4.9132322	4.9331926	4.8886092	5.0025749
3560.4082771744365346	-0.00413037570148728269	-3.9661394477881128928	-1250.2160477415204696	138.38128274057837075	-40.3510382	-0.00244432245585	-0.00187031557381	-1.17010832853e-06	-5.73665040378e-07	4.9176972	4.9325036	4.8923327	5.0107895
3561.4083918591127258	-0.0041355531624319681952	-3.9702729885631300455	-1250.8934961148306684	139.11700800170729053	-40.3534847	-0.0024526618025	-0.00186135431621	-1.1667215847e-06	-5.7213372673e-07	4.9221438	4.9317791	4.890566	5.014371
3562.4085065438039237	-0.0041400510284175604664	-3.9744112652007079767	-1251.5678957546526817	139.85552887541712153	-40.35594405	-0.00246094370829	-0.00185232795996	-1.1616029625e-06	-5.71241458417e-07	4.9265851	4.931009	4.8861018	5.0134162
3563.4086212284946669	-0.0041445488925481947101	-3.9785540402193997345	-1252.2392317564863333	140.5968357785505134	-40.3584072	-0.00246920868955	-0.00184328242286	-1.15662748652e-06	-5.70135063561e-07	4.9310339	4.9301833	4.8842118	5.0081293
3564.4087359131863195	-0.004149226923426704676	-3.9827013136192106479	-1252.9074892638407164	141.340919008269708	-40.36088316	-0.00247743154329	-0.00183415478882	-1.14942560503e-06	-5.67432231276e-07	4.9355017	4.9292867	4.8885007	4.9990718
3565.408850597860237	-0.004152810268205230429	-3.9868529268621917261	-1253.572653452724353	142.08776875735475187	-40.3633629	-0.00248564193571	-0.00182500287051	-1.13979173032e-06	-5.6565552335e-07	4.9399984	4.928301	4.8999151	4.9870073
3566.4089652825518897	-0.0041556071532136565697	-3.9910076119968116437	-1254.2347100708582275	142.8373746392293242	-40.36585505	-0.00249381143542	-0.00181577969267	-1.12815058468e-06	-5.67566653238e-07	4.9445324	4.927209	4.9185096	4.9719027
3567.4090799672426328	-0.0041584040379726173314	-3.9951650943371350699	-1254.8936455546518118	143.5897256012237051	-40.36835088	-0.00250196879168	-0.00180653535369	-1.11665652935e-06	-5.70082878208e-07	4.9491084	4.9259949	4.9388871	4.9511108
3568.4091946519338308	-0.0041613775314238779512	-3.9993253738831699984	-1255.5494464101891481	144.34481048238237122	-40.37085937	-0.00251008144894	-0.00179719869267	-1.10358839648e-06	-5.70036098647e-07	4.9537291	4.924643	4.9529705	4.9214457
3569.409309336608203	-0.0041632782480228950478	-4.0034882950225005871	-1256.2020991918634536	145.10261803355774646	-40.37337164	-0.00251818078053	-0.0017878345086	-1.08827075838e-06	-5.70548577789e-07	4.9583957	4.9231387	4.9571986	4.8815605
3570.4094240212994009	-0.0041644113027287481266	-4.0076526173272659648	-1256.8515910379060188	145.86313646134021837	-40.37589633	-0.00252620846972	-0.00177839845677	-1.07297548313e-06	-5.71568096714e-07	4.963105	4.9214741	4.9579627	4.8404338
3571.4095387059901441	-0.004165544358312131025	-4.0118180728165215854	-1257.49790978496344	146.62635334629956674	-40.37842475	-0.00253421471754	-0.00176894089614	-1.05840893496e-06	-5.72246524549e-07	4.9678522	4.9196443	4.9626647	4.8106322
3572.4096533906817967	-0.0041668375846826777656	-4.0159846614902710016	-1258.1410433539076621	147.39225617825456993	-40.38096527	-0.00254217355112	-0.00175940586126	-1.04399058153e-06	-5.74186658621e-07	4.9726295	4.9176449	4.9753547	4.8032477
3573.4097680753575332	-0.0041671581412475742004	-4.0201522420270316971	-1258.7809797274762786	148.16083237655448102	-40.38350942	-0.00255011813917	-0.00174984754935	-1.02796581399e-06	-5.77662535371e-07	4.9774277	4.9154786	4.9980241	4.8151179
3574.4098827600491859	-0.0041667854885654893871	-4.0243196917294179471	-1259.4177074421352245	148.93206888521240217	-40.38606584	-0.00255799663645	-0.00174021747421	-1.01354345735e-06	-5.80585950125e-07	4.9822355	4.9131524	5.028016	4.835009
3575.4099974447403838	-0.0041664128352330801613	-4.0284867687364691591	-1260.051215691812331	149.70595210169315692	-40.38862595	-0.00256585519971	-0.00173056575414	-1.00025467318e-06	-5.82884837501e-07	4.9870392	4.9106742	5.051394	4.8516791
3576.410112129431127	-0.0041661889584663526487	-4.032653473048185333	-1260.6814937643696339	150.48246835179432424	-40.39119804	-0.00257365290329	-0.00172085434127	-9.84894448295e-07	-5.84902920089e-07	4.9918246	4.9080555	5.0538066	4.8583807
3577.4102268141082277	-0.0041650618803740976914	-4.0368196732194272514	-1261.3085310215435584	151.26160390732050587	-40.39377375	-0.00258143217947	-0.00171112485431	-9.6733954407e-07	-5.87867256484e-07	4.9965781	4.9053131	5.0364108	4.8549104
3578.4103414987994256	-0.0041632937592794181866	-4.0409843286065454393	-1261.9323173613568088	152.04334461823663105	-40.39636127	-0.00258913991495	-0.00170132129577	-9.52356938926e-07	-5.92578457093e-07	5.0012862	4.9024647	5.0107814	4.8415785
3579.4104561834910783	-0.0041615256396919427656	-4.0451472156708012662	-1262.5528433141976166	152.82767584923581694	-40.39895238	-0.00259682590515	-0.00169149522266	-9.38755202769e-07	-5.9738325349e-07	5.0059345	4.8995291	4.9886921	4.8203104
3580.4105708681818214	-0.004159913516588529224	-4.0493083344121894029	-1263.1700995135304311	153.61458291088928263	-40.40155534	-0.00260445596494	-0.0016816039387	-9.26772950328e-07	-6.00296510802e-07	5.0105094	4.8965273	4.9787492	4.7995525
3581.4106855528575579	-0.0041573546169979026799	-4.0534675468114125252	-1263.7840766789474856	154.40405107425272035	-40.40416192	-0.00261206895866	-0.00167169275692	-9.13608098065e-07	-6.03669352345e-07	5.0150003	4.8934809	4.977645	4.7893959
3582.4108002375492106	-0.0041541265750387867256	-4.0576237640069416912	-1264.3947661066576984	155.1960651938096305	-40.40678004	-0.00261961147705	-0.001661720529	-8.97234786753e-07	-6.08702753514e-07	5.0193964	4.8904119	4.979268	4.79897
3583.4109149222404085	-0.0041508985315771860028	-4.061776752789782563	-1265.002159769821219	155.99060964371702198	-40.40940169	-0.00262713240839	-0.00165172960227	-8.80503398463e-07	-6.13774934455e-07	5.0236865	4.8873413	4.9776095	4.8251197
3584.4110296069311516	-0.0041478581959442893667	-4.0659265131599342524	-1265.6062497576283477	156.78766875933789038	-40.41203487	-0.00263458364517	-0.00164167471658	-8.67748661712e-07	-6.17539275559e-07	5.0278614	4.8842887	4.9709874	4.8561619
3585.4111442916046144	-0.0041436789626162363193	-4.0700728788039075567	-1266.2070282599042912	157.58722685023283816	-40.4146716	-0.00264201345198	-0.00163160016452	-8.54166440298e-07	-6.22102032387e-07	5.0319148	4.8812737	4.9635479	4.8808448
3586.4112589762958123	-0.0041386982813280013757	-4.074214542356733304	-1266.8044881638711558	158.38926775686513793	-40.41731957	-0.00264939908912	-0.00162147053066	-8.38697310527e-07	-6.28642456426e-07	5.0358401	4.8783119	4.9598465	4.8959836
3587.411373660987465	-0.0041337175992722692552	-4.0783512246566573367	-1267.3986231742742348	159.19377477710236235	-40.41997101	-0.00265677109268	-0.00161132389503	-8.23399483604e-07	-6.35222071573e-07	5.0396301	4.8754168	4.9637832	4.9040971
3588.4114883456786629	-0.0041289789574044831119	-4.0824829257036778785	-1267.9894271316084087	160.00073118461662602	-40.42263365	-0.00266405470206	-0.00160112591069	-8.11278421967e-07	-6.40889433774e-07	5.0432811	4.8726014	4.9739977	4.9077681
3589.4116030303462139	-0.0041227721870056507902	-4.0866094307224116733	-1268.5768939952386063	160.8101202426981331	-40.42529976	-0.00267131092283	-0.00159091201613	-7.97463303869e-07	-6.47769325705e-07	5.0467914	4.8698743	4.9865923	4.9088591
3590.4117177150378666	-0.0041155369086143811508	-4.0907290576739505639	-1269.161018621116682	161.62192464609699982	-40.42797699	-0.00267851338731	-0.00158065970021	-7.81915339341e-07	-6.54878444552e-07	5.050158	4.8672417	4.9976566	4.9087104
3591.4118323997290645	-0.0041083016291480903628	-4.0948414485172239807	-1269.7417969157500011	162.43612643028936304	-40.43065767	-0.00268569913192	-0.00157039543406	-7.66809741795e-07	-6.61323655465e-07	5.0533782	4.8647103	5.0055473	4.9085465
3592.4119470844207171	-0.004101387000873451226	-4.0989466032522372529	-1270.3192249487465233	163.2527076231699823	-40.43334912	-0.00269280169859	-0.00156009821239	-7.53892701003e-07	-6.68408700492e-07	5.0564516	4.8622833	5.0142702	4.9080832
3593.4120617690805375	-0.0040925280146728408581	-4.1030442369036812522	-1270.8932989320028355	164.07165026142098441	-40.43604392	-0.00269987829566	-0.00154979070143	-7.38070742024e-07	-6.77610272382e-07	5.0593784	4.8599606	5.0286965	4.9059104
3594.4121764537717354	-0.0040823132599383509661	-4.1071321263053448547	-1271.4640162604941906	164.89293566894147602	-40.43874947	-0.0027069047006	-0.00153944046859	-7.20398157209e-07	-6.88405467836e-07	5.0621575	4.857743	5.0533757	4.9005741
3595.4122911384633881	-0.0040720985038363681496	-4.1112097997799192939	-1272.0313757147919205	165.71654434192828376	-40.44145838	-0.00271391537504	-0.00152907684647	-7.03462296336e-07	-6.98734848573e-07	5.0647867	4.8556304	5.0858255	4.8903405
3596.412405823154586	-0.0040623151133506851113	-4.1152772573274010171	-1272.595376274997534	166.54245678984432288	-40.44417787	-0.00272083556345	-0.00151871067459	-6.91584667197e-07	-7.08006832924e-07	5.0672645	4.8536198	5.1167508	4.8732491
3597.4125205078053114	-0.0040499168193982018268	-4.1193341149435909188	-1273.1560170940629177	167.37065355554176449	-40.44690068	-0.00272772728527	-0.00150834370056	-6.76422863059e-07	-7.19443866589e-07	5.0695893	4.8517085	5.136578	4.8476596
3598.4126351924960545	-0.004035704109628592863	-4.1233773890568148346	-1273.7132989114591055	168.20111426856962566	-40.44963395	-0.00273454585846	-0.00149795972244	-6.57767276631e-07	-7.32779114092e-07	5.0717578	4.8498943	5.1381228	4.8177768
3599.4127498771872524	-0.0040214914008149839353	-4.1274064488306008158	-1274.2672243232971141	169.03381749755840247	-40.45237052	-0.00274134133209	-0.0014875703746	-6.39806361388e-07	-7.45434550455e-07	5.0737645	4.8481761	5.1284523	4.7928205
3600.4128645618789051	-0.0040078494073965279312	-4.1314212942649488625	-1274.8177961737001169	169.86874185133152082	-40.45511729	-0.00274806810733	-0.00147717401319	-6.28090075353e-07	-7.5767861424e-07	5.075604	4.846553	5.119859	4.7817192
3601.4129792465164428	-0.0039907488915205836105	-4.1354214164330533876	-1275.365017518222885	170.70586600515443365	-40.45786729	-0.00275477310624	-0.00146677542858	-6.11840512207e-07	-7.72988989315e-07	5.077271	4.8450241	5.1200104	4.7845679
3602.413093931207186	-0.0039712608454795820731	-4.1394028778623521703	-1275.9088935111781211	171.54516747990317072	-40.46062738	-0.00276139507379	-0.00145641356414	-5.91042553408e-07	-7.91200487328e-07	5.0787579	4.8435908	5.1286571	4.793432
3603.4132086158988386	-0.0039517728006680016145	-4.1433648490106902429	-1276.4494317593630512	172.38662245575392262	-40.46339069	-0.00276799062227	-0.0014460633834	-5.71209593766e-07	-8.08669985156e-07	5.0800547	4.8422571	5.1443049	4.8001136
3604.4133233005900365	-0.0039330001076895758708	-4.1473073298780631646	-1276.9866401777962892	173.23020718898422388	-40.46616384	-0.00277450862221	-0.00143572659137	-5.57844300934e-07	-8.25850906881e-07	5.0811526	4.8410279	5.1610437	4.799044
3605.4134379852157508	-0.0039098938061426884161	-4.1512296814273215162	-1277.520526937455088	174.07589804741380135	-40.46894013	-0.0027810018546	-0.00142539407544	-5.38300224711e-07	-8.46803478403e-07	5.0820428	4.839909	5.1705498	4.7892845
3606.4135526699069487	-0.0038838116184560737137	-4.1551269810492792445	-1278.0511028508988147	174.92367001945132188	-40.47172628	-0.00278740017698	-0.00141508069795	-5.16551274421e-07	-8.70559562058e-07	5.0827159	4.838909	5.1685116	4.7703665
3607.4136673545981466	-0.0038577294312007550693	-4.1589981954920718366	-1278.5783818103234353	175.77349649134890797	-40.47451558	-0.00279376807283	-0.00140477345592	-4.97154305329e-07	-8.93150398646e-07	5.0831633	4.8380402	5.160799	4.7438104
3608.4137820392893445	-0.0038324751100011233453	-4.1628433247556957397	-1279.1023780813122812	176.62535097314543009	-40.47731436	-0.00280006108946	-0.00139454964924	-4.81921575839e-07	-9.1550362051e-07	5.0833771	4.8373149	5.1548594	4.7182653
3609.4138967239073281	-0.0038022071915470713292	-4.1666616279614645535	-1279.623106230183339	177.4792071450366393	-40.48011618	-0.00280633001096	-0.00138435269096	-4.58384819674e-07	-9.42069244524e-07	5.0833496	4.8367458	5.1578374	4.7039816
3610.414011408598526	-0.0037685147610646077543	-4.1704474230605335094	-1280.1405839063293115	178.33503717640780906	-40.48292745	-0.00281251034501	-0.00137420634227	-4.35357279019e-07	-9.7267486563e-07	5.0830797	4.8363484	5.1698094	4.7095248
3611.4141260932892692	-0.0037348223284834774528	-4.174199521863648954	-1280.6548323422052817	179.19281147963437206	-40.48574177	-0.00281866206598	-0.00136407634012	-4.16061006894e-07	-1.00220875433e-06	5.0825726	4.8361401	5.183641	4.7306275
3612.4142407779809218	-0.0037020063704975010414	-4.1779179243708171043	-1281.1658732014557245	180.05250065034508111	-40.48856528	-0.00282473234465	-0.00135403994425	-4.01209995375e-07	-1.03058214972e-06	5.0818335	4.8361373	5.1918769	4.7571038
3613.4143554625975412	-0.0036638841127248043816	-4.1816018448111957895	-1281.6737284859700594	180.91407552307853734	-40.49139177	-0.00283077621967	-0.00134403389563	-3.77467632218e-07	-1.06290116207e-06	5.0808684	4.8363563	5.1884811	4.7789678
3614.4144701472891938	-0.0036221564085997691104	-4.1852452828704711507	-1282.1784235024556438	181.77750543708114606	-40.49422732	-0.00283673114991	-0.00133412225484	-3.49876534661e-07	-1.0995786033e-06	5.0796854	4.8368102	5.177011	4.7917896
3615.414584831979937	-0.003580428707646694797	-4.1888469884418899625	-1282.6799873836823735	182.6427579865194275	-40.49706582	-0.00284265713651	-0.00132424133542	-3.24821166021e-07	-1.13514534385e-06	5.0782904	4.8375099	5.1650076	4.796636
3616.4146995166711349	-0.003539546401992998536	-4.192406961525458442	-1283.178449731766932	183.50980101527594002	-40.49991316	-0.00284849946229	-0.00131447609241	-3.09022876682e-07	-1.16949377107e-06	5.0766894	4.8384659	5.159982	4.7948131
3617.414814201293666	-0.0034935474503693681597	-4.1959244429252695596	-1283.6738405103133118	184.37860267720586194	-40.50276338	-0.00285431446244	-0.00130474863209	-2.86144812227e-07	-1.20737009756e-06	5.0748871	4.8396864	5.1647891	4.7887941
3618.4149288859848639	-0.0034440893256094894624	-4.1993936591339178221	-1284.1661929239342044	185.24912980495574288	-40.50562232	-0.0028600451363	-0.00129516644783	-2.5734379641e-07	-1.24885407098e-06	5.072883	4.8411768	5.1728003	4.7835365
3619.4150435706765165	-0.0033946312022663568259	-4.2028134115464137466	-1284.65554391266528	186.1213476777251401	-40.50848411	-0.00286574816473	-0.00128563189071	-2.30243906735e-07	-1.28903574548e-06	5.0706724	4.8429461	5.1762356	4.7843256
3620.4151582553672597	-0.0033458990398914771093	-4.2061837001627537802	-1285.1419308961669685	186.99522188951061707	-40.51135446	-0.00287136022748	-0.00127623085577	-2.10824106418e-07	-1.3270516686e-06	5.0682502	4.8450028	5.167977	4.7948546
3621.4152729400029784	-0.0032927742700572765026	-4.2095038720194963844	-1285.6253916587636468	187.87071840847647763	-40.51422762	-0.00287694235743	-0.00126687375711	-1.85103290192e-07	-1.36746301193e-06	5.0656116	4.847353	5.1494343	4.8110141
3622.4153876246946311	-0.0032366935589191259473	-4.2127689803487822218	-1286.1059668356758721	188.74780220906396266	-40.51710903	-0.00288244557232	-0.00125768700478	-1.54764358917e-07	-1.41179432264e-06	5.0627491	4.8500053	5.1279996	4.8263117
3623.415502309385829	-0.0031806128476086770185	-4.2159780015351451254	-1286.583700329857038	189.62643707789169412	-40.51999315	-0.00288792272351	-0.00124855651363	-1.25982870026e-07	-1.45518773355e-06	5.0596518	4.8529713	5.1111729	4.8347582
3624.4156169940765722	-0.003125050159086410588	-4.2191309355785815427	-1287.0586365009801284	190.50658717150236043	-40.5228855	-0.00289329739305	-0.00123959541287	-1.03927296304e-07	-1.49590285451e-06	5.05631	4.8562593	5.1036116	4.8370237
3625.4157316787313903	-0.0030663537834279756648	-4.2222273158888441458	-1287.5308200530419072	191.38821706921808641	-40.52578059	-0.00289863809025	-0.00123069046448	-7.76237602164e-08	-1.53764921955e-06	5.0527192	4.8598751	5.1006635	4.838468
3626.4158463634225882	-0.0030055573667344295634	-4.2252636196417778791	-1288.0002978157692723	192.27129081721233206	-40.52868356	-0.00290391287046	-0.00122198317609	-4.56012273959e-08	-1.58166966348e-06	5.0488738	4.8638265	5.0957726	4.8444895
3627.4159610481142408	-0.0029447609513185402617	-4.2282391200062461323	-1288.4671190354556529	193.15577179123721407	-40.53158917	-0.00290916571873	-0.00121334165324	-1.37721940254e-08	-1.62467246601e-06	5.0447661	4.8681206	5.0826475	4.8564183
3628.416075732804984	-0.002884205150149927576	-4.2311538169822444644	-1288.9313333576014884	194.04162377522018801	-40.53450255	-0.0029143349419	-0.00120489062128	1.43348980124e-08	-1.66595456181e-06	5.0403942	4.8727593	5.061155	4.8693174
3629.4161904174802658	-0.0028221940878263040466	-4.2340074935783418297	-1289.3929907290339543	194.92881100188327537	-40.53741853	-0.00291947623875	-0.00119650320311	4.44562686758e-08	-1.70715464068e-06	5.0357626	4.8777439	5.0374636	4.8781
3630.4163051021719184	-0.0027592113060838957712	-4.2367985163265187154	-1289.8521422251644708	195.81729771356344827	-40.54034215	-0.00292452300745	-0.00118832298086	7.75353216063e-08	-1.74769993474e-06	5.0308756	4.8830713	5.0176496	4.8822077
3631.4164197868631163	-0.0026962285250582275313	-4.2395265490698870181	-1290.3088401790907938	196.70704809489893705	-40.54326832	-0.00292953809267	-0.00118021220551	1.10838147901e-07	-1.7868642297e-06	5.025744	4.8887362	5.0034525	4.883999
3632.416534471554769	-0.0026331851556988783956	-4.2421915918084502906	-1290.7631372364940034	197.59802675578737308	-40.54620189	-0.00293447603262	-0.00117229920315	1.42785008798e-07	-1.8248001337e-06	5.0203835	4.8947315	4.9937896	4.8848495
3633.4166491562491501	-0.002570508162336843181	-4.2447936992391976929	-1291.2150862853736726	198.49019875454612816	-40.54913793	-0.00293938802046	-0.00116445273273	1.73962835678e-07	-1.86138839886e-06	5.0148107	4.9010437	4.9874207	4.8820024
3634.416763840940348	-0.0025080750459519542822	-4.2473332820607083704	-1291.6647402370251712	199.38352969474343013	-40.55208124	-0.00294421942078	-0.00115681661655	2.05806039067e-07	-1.8957446182e-06	5.0090517	4.9076572	4.9823558	4.8717691
3635.4168785256320007	-0.0024456419285075908267	-4.2498104246057160083	-1292.1121519843061378	200.27798573025069118	-40.555027	-0.00294902361165	-0.00114925152403	2.38570052862e-07	-1.92884946994e-06	5.003136	4.9145532	4.9763002	4.856753
3636.4169932103231986	-0.0023828904300304933409	-4.2522251268742188302	-1292.5573746310660681	201.17353343491603823	-40.55797982	-0.00295371430271	-0.001141887512	2.71589596071e-07	-1.96057786595e-06	4.9970947	4.9217081	4.9676978	4.849275
3637.4171078950312221	-0.0023220639202597903247	-4.2545776765609186754	-1293.0004614603328719	202.0701398050396449	-40.56093503	-0.00295836653169	-0.00113459164082	3.01264714587e-07	-1.98978305475e-06	4.9909656	4.9290973	4.9579681	4.8611708
3638.4172225797228748	-0.0022625153084617766197	-4.256870229066155531	-1293.4414648125605254	202.967772796730344	-40.56389712	-0.00296295640912	-0.001127501092	3.27203814341e-07	-2.0157822819e-06	4.9847892	4.9366914	4.9492786	4.8891339
3639.4173372644140727	-0.0022029666962506710449	-4.2591032261296497552	-1293.8804359011680845	203.86640139091070978	-40.56686156	-0.00296752508011	-0.00112048037556	3.53832794766e-07	-2.04076629321e-06	4.9786082	4.9444571	4.9435039	4.9202117
3640.4174519491057254	-0.0021429429887402464718	-4.261276667751401348	-1294.3174260548516941	204.76599496268084977	-40.56983276	-0.00297199869058	-0.00111366727459	3.84319807107e-07	-2.06367707191e-06	4.9724667	4.9523604	4.9418543	4.9443808
3641.4175666338201154	-0.0020857913963041791773	-4.2633909835913597064	-1294.7524867266517958	205.66652326416289043	-40.57280627	-0.00297643985209	-0.00110692504328	4.10748391472e-07	-2.08323094163e-06	4.9664093	4.9603658	4.9453687	4.9627659
3642.4176813185108585	-0.0020305417944722153022	-4.2654493862269253768	-1295.1856678186543377	206.56795721676030553	-40.57578635	-0.00298080189719	-0.00110037880548	4.32400469855e-07	-2.09839760977e-06	4.960476	4.9684349	4.951797	4.9789384
3643.4177960032025112	-0.0019752921897874639763	-4.2674525329223076398	-1295.6170174135027082	207.47026901159401291	-40.57876868	-0.0029851368376	-0.0010938997136	4.55148841172e-07	-2.11250378431e-06	4.9547017	4.9765276	4.9544635	4.9945453
3644.4179106878937091	-0.0019195306558274487924	-4.2694004236775056071	-1296.0465836378791664	208.37343119256888713	-40.58175735	-0.00298938681871	-0.00108762065708	4.81765621455e-07	-2.12548736741e-06	4.9491201	4.9846035	4.9468395	5.0087412
3645.4180253726076444	-0.0018668635233631092167	-4.2712935218298992979	-1296.4744147038934443	209.27741662539665413	-40.58474818	-0.00299360758768	-0.0010814103801	5.03817418927e-07	-2.13540199072e-06	4.9437518	4.9926228	4.9297598	5.0206461
3646.4181400572983875	-0.0018162408241339247309	-4.2731352852012385313	-1296.9005570999411248	210.18219933858367199	-40.5877453	-0.00299773425534	-0.00107539292286	5.20874457978e-07	-2.14001257496e-06	4.9386095	5.0005485	4.9100668	5.0304669
3647.4182547419895855	-0.0017656181237206390339	-4.2749264200668939395	-1297.325055305373553	211.08775463159872743	-40.59074458	-0.00300182845018	-0.00106944200453	5.39113697416e-07	-2.14336338042e-06	4.9337062	5.008344	4.8940974	5.0389425
3648.4183694266812381	-0.0017145487369138255173	-4.2766669264268646344	-1297.7479538047821279	211.99405810683515483	-40.59374975	-0.00300584702079	-0.0010636746631	5.61014841813e-07	-2.14647812887e-06	4.9290428	5.0159761	4.8826291	5.046234
3649.4184841113897164	-0.001666179050650772259	-4.2783572088903891739	-1298.1692971465695337	212.90108563272437436	-40.59675697	-0.00300983940029	-0.0010579709003	5.79009441764e-07	-2.14722804931e-06	4.924614	5.0234224	4.8737143	5.0509387
3650.4185987960804596	-0.001619588874378219065	-4.2800002812669575292	-1298.5891283605931221	213.80881406636359543	-40.59977011	-0.00301372927035	-0.00105244517777	5.93400251704e-07	-2.14286453264e-06	4.9204148	5.0306603	4.8657552	5.0515593
3651.4187134807721122	-0.0015729986998716152368	-4.2815967581245377716	-1299.0074887116800255	214.71722134656764069	-40.60278531	-0.00301758350981	-0.00104698133914	6.09095830662e-07	-2.13721945694e-06	4.916435	5.0376746	4.8588267	5.0503898
3652.4188281654633101	-0.0015260863398946344222	-4.2831466394631299011	-1299.4244194608727412	215.62628566370145222	-40.60580606	-0.00302135156686	-0.00104170225381	6.29852198328e-07	-2.13114187694e-06	4.9126627	5.0444589	4.8534816	5.0534803
3653.4189428501663315	-0.0014811209562563176691	-4.2846502173593359331	-1299.8399619248746149	216.5359854244496205	-40.60882874	-0.00302508956028	-0.0010364876173	6.48657876213e-07	-2.12325198198e-06	4.9090842	5.0510083	4.8500042	5.0656557
3654.4190575348575294	-0.0014374358136502599428	-4.2861096631010999758	-1300.2541563318588942	217.44629976478267963	-40.61185691	-0.00302872684873	-0.00103143353969	6.63020952401e-07	-2.11177225839e-06	4.9056834	5.0573233	4.8479701	5.0836154
3655.4191722195482726	-0.0013937506691223810074	-4.2875254186898370534	-1300.6670416449599088	218.3572086151559688	-40.61488699	-0.00303232888108	-0.00102643567264	6.77725589363e-07	-2.09934053629e-06	4.9024448	5.0634053	4.8468518	5.1011475
3656.4192869042399252	-0.0013498720954710000369	-4.2888974841255507187	-1301.0786568340370195	219.26869211020013495	-40.61792228	-0.00303583873147	-0.0010216090374	6.95968486751e-07	-2.0860421171e-06	4.8993515	5.0692562	4.8468	5.1148372
3657.4194015889370348	-0.0013071622839766698209	-4.2902260349187626431	-1301.4890409227803048	220.18073056066043591	-40.6209594	-0.00303931619362	-0.00101684256469	7.13272785077e-07	-2.07137846074e-06	4.8963841	5.0748792	4.8490469	5.1259657
3658.4195162736282327	-0.0012652190215226308354	-4.2915123730776123523	-1301.8982322997298979	221.09330475580421194	-40.62400157	-0.00304270239819	-0.00101224053574	7.29871998386e-07	-2.05432579003e-06	4.893524	5.0802767	4.8547844	5.1361207
3659.4196309583194306	-0.0012232757585268585251	-4.2927567631637408851	-1302.3062686125717846	222.00639600034833165	-40.62704552	-0.00304605642427	-0.00100769649161	7.47430070263e-07	-2.03653391305e-06	4.8907579	5.0854513	4.8621386	5.1456014
3660.4197456430106286	-0.0011812272174696178059	-4.2939592051771473535	-1302.7131875315981233	222.91998576351025463	-40.63009431	-0.00304931323383	-0.00100330242155	7.6533952661e-07	-2.01762788847e-06	4.8880771	5.0904059	4.866205	5.1540173
3661.4198603277045549	-0.0011398147080213297776	-4.2951197947320380877	-1303.11902677841681	223.83405566018197419	-40.6331448	-0.00305253564091	-0.000998961423539	7.82246749053e-07	-1.99767107728e-06	4.885474	5.0951445	4.8624905	5.1611034
3662.4199750123962076	-0.0010988182125836408985	-4.2962392395605224493	-1303.5238237494770601	224.74858761167425314	-40.63619998	-0.00305565581039	-0.000994779043812	7.98717978745e-07	-1.97554815428e-06	4.8829501	5.0996731	4.8523378	5.1669191
3663.4200896970874055	-0.0010578217161058675513	-4.2973176831920048002	-1303.9276154582244089	225.66356386357222163	-40.63925681	-0.00305873967118	-0.000990652995811	8.15759406135e-07	-1.95262749064e-06	4.8805132	5.1039972	4.8406783	5.1715757
3664.4202043817781487	-0.0010165697798328004846	-4.2983551256264842522	-1304.3304389498989622	226.57896679527809169	-40.64231807	-0.00306172637284	-0.000986688299964	8.35063789745e-07	-1.92862848022e-06	4.8781727	5.1081197	4.8317462	5.1752404
3668.4206631206325255	-0.00085473801742029097313	-4.3020985989117113135	-1305.9327895606929815	230.24449867241307288	-40.65458935	-0.00307304591621	-0.000971764917558	9.08883153353e-07	-1.82024512135e-06	4.8702186	5.1225662	4.8127073	5.179953
3672.4211218594705315	-0.00069529451927438710827	-4.305199660148092633	-1307.5225897270152018	233.91549209622499461	-40.66690372	-0.00308323266924	-0.000958480521125	9.77629098135e-07	-1.69232117646e-06	4.8657466	5.1332426	4.8060367	5.1879733
3676.4215805983194514	-0.0005391469382999947808	-4.3076698345319872629	-1309.1021622489404308	237.59089855298333305	-40.67925667	-0.00309223447531	-0.000946849051808	1.04250720396e-06	-1.54294251186e-06	4.8659671	5.1387815	4.8102714	5.2073216
3680.4220393371820137	-0.00038819233623848858937	-4.3095261490416323369	-1310.6737870758356621	241.26971098642280822	-40.69164329	-0.00310003494852	-0.000936850414406	1.09946832096e-06	-1.37091719536e-06	4.8712173	5.1378775	4.8279508	5.2135509
3684.4224980760423023	-0.00024472198684882557479	-4.310794039587940496	-1312.2396729131696702	244.9509702158015898	-40.70405867	-0.00310655169474	-0.000928445136729	1.14711454003e-06	-1.17206605534e-06	4.8813178	5.1303796	4.8530214	5.1825214
3688.4229568148821272	-0.00011145219259578236989	-4.3115089981681684606	-1313.8019212614765365	248.63377478988203961	-40.71649745	-0.00311176710856	-0.000921569588332	1.18250051806e-06	-9.43886674514e-07	4.8959235	5.1170062	4.8821295	5.149588
3692.4234155536787512	8.1812164735149202788e-06	-4.3117186722288689538	-1315.3624839540639186	252.31729404997466304	-40.72895409	-0.00311558536075	-0.000916134622269	1.20198011374e-06	-6.81745192516e-07	4.9144635	5.0989937	4.9132845	5.1145198
3696.423874292410801	0.00011070408395942256039	-4.3114844273968628841	-1316.9231131837127577	256.00078511842332318	-40.74142306	-0.00311788669852	-0.000912021018111	1.20614930957e-06	-3.77029172598e-07	4.9358801	5.0778776	4.9398848	5.0794705
3700.424333031066908	0.0001932831466210649927	-4.3108802508733603531	-1318.4853110941078285	259.68361111488138704	-40.75389802	-0.00311854769131	-0.000909091745357	1.18789840653e-06	-2.75533434244e-08	4.958445	5.0552698	4.9610154	5.0461573
3704.4247917696529839	0.00025381233563432346358	-4.3099899847149094612	-1320.0502875876468352	263.36525716481725112	-40.7663723	-0.00311748707616	-0.000907150257884	1.15215443024e-06	3.7008087435e-07	4.9798519	5.0325886	4.9792329	5.0157521
3708.4252505081863092	0.00029107328999818305642	-4.3089041518052351165	-1321.6189295086121547	267.0453429072293261	-40.77883873	-0.00311459845758	-0.000906040469588	1.08593684336e-06	8.18012880836e-07	4.9977108	5.0108515	4.9935013	4.992006
3712.4257092466937138	0.00030462965045963998068	-4.3077166398340818176	-1323.1917824996548916	270.72363078454475271	-40.79128979	-0.00310977267154	-0.000905530892804	1.00113405069e-06	1.3198031529e-06	5.0099871	4.9909661	5.0031944	4.9728106
3716.4261679851992994	0.00029462130384432487365	-4.3065221390324168738	-1324.7690441846830254	274.40003035403782405	-40.80371738	-0.00310284803787	-0.000905438610979	8.89454757034e-07	1.87775072071e-06	5.015484	4.9740363	5.0080978	4.9592156
3720.4266267237180728	0.0002606827239625188219	-4.3054159183885465367	-1326.3505635690930831	278.07460038668529023	-40.81611288	-0.00309370336925	-0.000905493337605	7.60688324683e-07	2.49495847599e-06	5.0141334	4.9612035	5.008374	4.9520517
3724.4270854622595834	0.00020091508128888534179	-4.3044974798352280132	-1327.9358338832983009	281.74755383386116137	-40.82846689	-0.00308214505194	-0.000905489170224	6.0455594411e-07	3.17363380114e-06	5.0072099	4.9528263	5.0045705	4.9488841
3728.4275442008579375	0.00011317066956428632827	-4.3038742336563986512	-1329.5239693514904502	285.4192694184759489	-40.8407697	-0.00306804838728	-0.000905147223804	4.20599918277e-07	3.91927901559e-06	4.997073	4.9477942	4.9976469	4.9488352
3732.4280029395567908	-3.9788900330463232622e-06	-4.3036602143710833701	-1331.1136774178826272	289.09030446571466655	-40.85301049	-0.00305119369035	-0.000904292466222	1.91727324288e-07	4.73137819709e-06	4.9856956	4.944094	4.9890089	4.9504884
3736.4284616783852471	-0.000148701469179843141	-4.3039677656278403362	-1332.7032461776955188	292.761399826050706	-40.86517831	-0.00303146135938	-0.000902796538348	-9.52405616565e-08	5.61208237972e-06	4.974572	4.9394666	4.9805143	4.9517612
3740.4289204172659993	-0.00031093239539647634035	-4.3048850232225825962	-1334.2905852139751914	296.43345970752739049	-40.87726037	-0.00300854808941	-0.000900770481891	-4.61798028219e-07	6.54166732595e-06	4.9670038	4.9313251	4.9743278	4.9503441
3744.4293791559198326	-0.00046932174895755984475	-4.3064371167806392293	-1335.873380463326157	300.10748013452808891	-40.88924485	-0.00298244313635	-0.00089850692215	-9.06620016418e-07	7.50890530608e-06	4.9660494	4.9164967	4.9748771	4.925728
3748.4298378938669885	-0.00058982432525048764452	-4.3085382367271742865	-1337.4494101069381031	303.78440749183982916	-40.90111904	-0.00295306174043	-0.000896721226175	-1.43504869192e-06	8.49226138029e-06	4.9717769	4.8928055	4.9832989	4.8946696
3752.4302966306258895	-0.00062472241401788114901	-4.3109390294754250661	-1339.017047191387519	307.46492055458469395	-40.9128678	-0.00292000024437	-0.000896658005447	-2.04576038829e-06	9.43802861596e-06	4.9865807	4.8580634	5.0009032	4.8543679
3756.4307553662010832	-0.00051208772722372410211	-4.3131717002051992438	-1340.5759644099919115	311.14913560963185546	-40.92447587	-0.00288306353446	-0.000900094937302	-2.71620206887e-06	1.02836878287e-05	5.0129107	4.810654	5.0279698	4.8045861
3760.4312141020086528	-0.00017957569638679622475	-4.3145018685572926742	-1342.1280385288266643	314.83623930286427139	-40.93592791	-0.0028421145256	-0.00090924357849	-3.38614713656e-06	1.09578953614e-05	5.0422078	4.7563282	5.0624425	4.747342
3764.4316728418421008	0.00044914531817384319894	-4.3139082582928178766	-1343.6783899183378708	318.5240679413211069	-40.9472076	-0.00279702327609	-0.000926672071214	-3.96116668169e-06	1.13705594644e-05	5.0612769	4.7028077	5.1001164	4.6881749
3767.4320169009010897	0.0011999130939405503685	-4.3114448982760062989	-1344.8454698152663696	321.28812010121009735	-40.95554696	-0.00276049828317	-0.000946559950168	-4.21224790928e-06	1.14301160494e-05	5.0635078	4.6682986	5.1105532	4.6475445
3768.4321315855927423	0.0014453755157939917643	-4.3101171127583333131	-1345.2363939006452256	322.2086675442918704	-40.95829855	-0.00274773112393	-0.000954964654448	-4.3575938498e-06	1.14266015542e-05	5.0612684	4.6591106	5.1083749	4.6356506
3769.4322462706450096	0.0017510500572315425109	-4.3085247237350747795	-1345.6286587053239145	323.12864444295172461	-40.9610426	-0.00273480016977	-0.000963844355035	-4.42129222726e-06	1.1379234025e-05	5.0572834	4.6516197	5.1051897	4.6252535
3770.4323609553362076	0.0020952125814042922743	-4.3066013718620750339	-1346.022536215134096	324.04793198300211543	-40.96376818	-0.00272152461064	-0.000973959142706	-4.41337470826e-06	1.12761469288e-05	5.0513835	4.6461531	5.1010009	4.6166713
3771.4324756400278602	0.0024393751044949388805	-4.3043338179949799382	-1346.4183391588205723	324.96639209839031537	-40.96648587	-0.00270810184821	-0.000984601516787	-4.43713798812e-06	1.11644959975e-05	5.0433627	4.6430659	5.0953731	4.6101969
3772.4325903247190581	0.00277551132889424651	-4.3017220621337921571	-1346.816381620329139	325.88388379461270006	-40.96918478	-0.00269434508807	-0.000996504624829	-4.50830943462e-06	1.10458547325e-05	5.0330353	4.6426963	5.0877834	4.6061508
3773.4327050099591361	0.0031601843238665979462	-4.2987588595698227323	-1347.2169776560701848	326.80026333749117384	-40.97187564	-0.00268044518605	-0.00100894804743	-4.51828534506e-06	1.08862030679e-05	5.020378	4.6453185	5.0770898	4.6049311
3774.4328196946507887	0.003577182242300068829	-4.295389789950167625	-1347.6204697925966229	327.71537127208307538	-40.97454636	-0.00266615921898	-0.00102283588147	-4.47796313253e-06	1.06665214978e-05	5.0054098	4.6512272	5.0618604	4.6069831
3775.4329343793419866	0.0039941801593517045274	-4.2916036745897674365	-1348.0272331727835535	328.62902970935749636	-40.97720841	-0.00265170725154	-0.00103734478396	-4.46976035461e-06	1.04309386896e-05	4.988133	4.660684	5.0410057	4.6126975
3776.4330490640336393	0.0044064131673345070112	-4.2874005134886221668	-1348.4376429759499842	329.54105586205747613	-40.97985023	-0.00263692507028	-0.00105329743723	-4.49861634854e-06	1.01796073492e-05	4.9687658	4.6738679	5.0167345	4.622356
3777.4331637492427944	0.0048475447174218012913	-4.282776075673559113	-1348.852072840000119	330.45126215050458995	-40.98248332	-0.00262200043745	-0.0010698729129	-4.49986256052e-06	9.89241598431e-06	4.9476392	4.6909138	4.9929642	4.6363041
3778.4332784339335376	0.0053088811879424659471	-4.2776972803272563795	-1349.2709117100955609	331.3594478325821342	-40.98509545	-0.00260678703156	-0.0010879618272	-4.46985491347e-06	9.55820588811e-06	4.9250744	4.7116907	4.9730246	4.6554021
3779.4333931186251903	0.0057702176601055320954	-4.2721570956017842491	-1349.6945665703494797	332.2653967181353778	-40.9876985	-0.00259144864285	-0.0011067057673	-4.4629525866e-06	9.20465576845e-06	4.9015039	4.7359564	4.9536341	4.6807544
3780.4335078033163882	0.0062296918506556950637	-4.2661555214971462746	-1350.1234423738528676	333.16888547022324474	-40.99027984	-0.00257573497695	-0.00112694117596	-4.47627252406e-06	8.82670491452e-06	4.8774468	4.7632692	4.9271847	4.7126754
3781.4336224882958959	0.0067005007606881139201	-4.259690932054579271	-1350.5579407009001898	334.069683506773913	-40.99285175	-0.00255985835686	-0.00114782421539	-4.48732099532e-06	8.41796381219e-06	4.8534014	4.7927293	4.8885263	4.7496235
3782.4337371729866391	0.0071796486239331528192	-4.2527500614416533509	-1350.9984661006844817	334.96754916421099324	-40.99540108	-0.00254365550092	-0.00117022210949	-4.48267718775e-06	7.96720716238e-06	4.829777	4.8233637	4.845932	4.790154
3783.433851857677837	0.0076587964873413268488	-4.24532998801513628	-1351.4454270597580035	335.86222826540398501	-40.99794058	-0.00252731052245	-0.00119327994028	-4.49161109369e-06	7.49009309115e-06	4.8069386	4.8541555	4.812084	4.838726
3784.4339665423694896	0.0081375197254455727131	-4.2374307117750280582	-1351.8992276524709268	336.75345730622780138	-41.00045726	-0.0025106463001	-0.00121786015105	-4.50554177865e-06	6.98478076469e-06	4.7851808	4.8840409	4.7934471	4.9046264
3785.4340812271470895	0.0086188369245229854571	-4.2290518674933892385	-1352.3602666345302623	337.64096313014545103	-41.00296396	-0.002493842547	-0.00124310574296	-4.52649554523e-06	6.45075865444e-06	4.7646178	4.9121098	4.7798593	4.9903089
3786.4341959118387422	0.0091021525570715942216	-4.220190356589057501	-1352.8289384975075791	338.52446158612366389	-41.00544639	-0.00247664947283	-0.00126976500146	-4.52411561023e-06	5.8742877518e-06	4.7453272	4.9381349	4.758519	5.0696506
3787.4343105965294853	0.0095854681910361328595	-4.2108454746230545851	-1353.3056333158779125	339.40365675982798166	-41.00791819	-0.00245928568447	-0.00129704414154	-4.52375100303e-06	5.26512868531e-06	4.7273547	4.9620662	4.722248	5.1100582
3788.4344252812206832	0.010069019631272017531	-4.2010172215953671682	-1353.7907343773329103	340.27824139896733868	-41.01036532	-0.00244149956921	-0.00132570217163	-4.50742479598e-06	4.61709306267e-06	4.7106861	4.9840515	4.675756	5.1073717
3789.434539965852764	0.010551126396889582912	-4.1907057982036102217	-1354.2846174841101856	341.14789650106047247	-41.01280161	-0.00242352766366	-0.00135496680376	-4.49633360666e-06	3.93687858718e-06	4.6952975	5.0044779	4.6252562	5.0906995
3790.4346546505439619	0.011032082872324676381	-4.1799129559371372977	-1354.7876495349175912	342.01229133489766809	-41.01521238	-0.002405211557	-0.0013855371841	-4.45912886404e-06	3.21550673152e-06	4.6812087	5.023747	4.5774414	5.0913663
3791.4347693352347051	0.011513039351125634729	-4.168639102035412769	-1355.3001877168262581	342.87108316081645398	-41.01761188	-0.00238674353652	-0.00141668385886	-4.4189669867e-06	2.45789983292e-06	4.6685213	5.0421103	4.539882	5.125876
3792.4348840199263577	0.011995500184470648045	-4.1568842364984215365	-1355.8225799013594042	343.72391624555581302	-41.01998529	-0.00236788237651	-0.00144902845283	-4.34486819896e-06	1.65719636045e-06	4.657341	5.0594326	4.5201297	5.1722284
3793.434998704165082	0.012468735260095458947	-4.1446496352200208335	-1356.3551639043325849	344.57042152339516861	-41.02234714	-0.00234884713979	-0.00148190346874	-4.28070609091e-06	8.28521632278e-07	4.6477718	5.0755122	4.5242426	5.2019402
3794.4351133888567347	0.012934543121370335392	-4.1319465393455088176	-1356.8982615863294541	345.41021961796565165	-41.02468209	-0.00232944077219	-0.00151592189658	-4.2036649247e-06	-3.25640764995e-08	4.6399455	5.0901286	4.5450603	5.1930846
3795.4352280735474778	0.013400350981210559093	-4.1187775821900656226	-1357.4521768971412712	346.24292169894232529	-41.02700508	-0.00230986953967	-0.00155044825443	-4.12178617618e-06	-9.32120205347e-07	4.6340123	5.1030194	4.5682132	5.1613137
3796.4353427582386757	0.013870034548959074214	-4.1051427637536717086	-1358.0172016161041029	347.06812528193279377	-41.02930031	-0.00228980011566	-0.00158581305635	-3.97995754331e-06	-1.87760919831e-06	4.6301175	5.1139054	4.5794618	5.135354
3797.4354574415947354	0.014315990071287846078	-4.0910453906997963358	-1358.5936146733581609	347.88541397307136549	-41.03158316	-0.00226950866614	-0.00162155152179	-3.85834526073e-06	-2.83644741943e-06	4.6283896	5.122503	4.5703776	5.1435895
3798.4355721262859333	0.014743196791018032404	-4.0765141309468697628	-1359.1816685374653844	348.69436665080854709	-41.03383783	-0.0022488594101	-0.0016580867571	-3.73521538058e-06	-3.80102950336e-06	4.6289308	5.1286209	4.5500054	5.1881673
3799.435686810977586	0.015170403509787565299	-4.0615556154803167388	-1359.7815856470983817	349.49456049812397396	-41.03607989	-0.00222805017669	-0.00169497823283	-3.59820413047e-06	-4.80193689155e-06	4.6318523	5.1321946	4.5306637	5.2362125
3800.4358014956683292	0.015604556908448535477	-4.0461698443001559156	-1360.3935735688842215	350.28556014077207692	-41.03829243	-0.00220673742852	-0.0017324481437	-3.39870296976e-06	-5.85085470025e-06	4.6371818	5.1331661	4.5217822	5.2519264
3801.4359161777215377	0.015996370881849856366	-4.0303628467875327601	-1361.0178246426089572	351.066917391264667	-41.04049172	-0.00218519882807	-0.00177017751249	-3.24366346163e-06	-6.88894010254e-06	4.644735	5.1315139	4.5253313	5.2098972
3802.4360308624131903	0.016356466936372150017	-4.0141845726908957914	-1361.6544936475850136	351.83818916195650672	-41.04266124	-0.00216332200732	-0.00180834429936	-3.1057085782e-06	-7.89735229743e-06	4.6543232	5.1273862	4.5420757	5.1387931
3803.4361455471043882	0.016716562991034189523	-3.9976461612423932479	-1362.3036933162945843	352.59894298168194382	-41.04481735	-0.00214129298744	-0.00184670792437	-2.94587655072e-06	-8.93788525586e-06	4.6657916	5.1209593	4.5728048	5.0843569
3804.4362602317951314	0.017086765962927387419	-3.9807476124420251296	-1362.9655199821488623	353.34873698321825941	-41.04694263	-0.00211887112986	-0.0018852685515	-2.70850051775e-06	-1.00172310178e-05	4.6789642	5.1124737	4.6175623	5.0668596
3805.4363749124199785	0.017395746313212643447	-3.963497958831982082	-1363.6400536361834384	354.08711962835906206	-41.049054	-0.00209627192514	-0.00192391811553	-2.53113226957e-06	-1.10505311824e-05	4.6935402	5.1022724	4.672075	5.066324
3806.4364895971111764	0.017662739378469221457	-3.9459667056501128712	-1364.3273284951369533	354.81365733075551816	-41.05113403	-0.0020733084944	-0.00196263511872	-2.39607517159e-06	-1.20141369576e-05	4.7092214	5.0906838	4.7305963	5.060909
3807.4366042818028291	0.017929732442998856656	-3.9281684287834375269	-1365.0273293021512018	355.52794148192936063	-41.05319987	-0.00205018010359	-0.00200138266551	-2.23702956866e-06	-1.30019936046e-05	4.7257373	5.0780951	4.7859206	5.0455455
3808.436718966494027	0.018209708764816128629	-3.9101031282319702598	-1365.740024991632481	356.22955892358169194	-41.05523383	-0.00202672907769	-0.00203997846489	-1.99465797774e-06	-1.40139787262e-05	4.742749	5.0649492	4.8246494	5.0243148
3809.4368336458583144	0.01841149693867247597	-3.8917828896134905037	-1366.4653689985480014	356.91809176864813935	-41.05725331	-0.0020031314583	-0.00207850531584	-1.82598310021e-06	-1.49395741362e-05	4.7599041	5.051692	4.8324714	5.0014042
3810.4369483305499671	0.018565652916541643125	-3.8732921943293669997	-1367.2032655376847288	357.59315441883018138	-41.05924022	-0.00197923789934	-0.00211674040694	-1.70211728323e-06	-1.57555302038e-05	4.776875	5.0387576	4.8132653	4.9806298
3811.437063015241165	0.018719808893448378756	-3.8546473253883339893	-1367.9535683979606802	358.25440023151458035	-41.06121229	-0.00195520944423	-0.00215484250711	-1.54674924141e-06	-1.65842280124e-05	4.7933395	5.0265568	4.7952395	4.9653711
3812.4371776999328176	0.018889195223159807591	-3.8358482827903728207	-1368.7161186754099162	358.90148368835986048	-41.06315097	-0.00193083618899	-0.00219236118311	-1.30464710473e-06	-1.74247957676e-05	4.8089741	5.0154991	4.8060658	4.9589804
3813.4372923784799241	0.018967170569318042572	-3.8169099715314631638	-1369.4907451046649385	359.53406046853757516	-41.06507439	-0.00190630526132	-0.00222961306715	-1.14322365721e-06	-1.81410503815e-05	4.823443	5.0059475	4.843299	4.9622485
3814.437407063171122	0.018996691738742785271	-3.7979258634402714989	-1370.2772292478723557	360.15183229976565826	-41.06696428	-0.00188156080432	-0.00226621521624	-1.02908541812e-06	-1.87145432197e-05	4.8364631	4.9980976	4.8826689	4.9696705
3815.4375217478627746	0.019026212908498454229	-3.778912230794109206	-1371.0753076754033373	360.75455120023093514	-41.06883878	-0.00185671839021	-0.00230251929779	-8.81028584996e-07	-1.92877378051e-05	4.8478102	4.9920626	4.9017486	4.9747383
3816.4376364325539726	0.019071860644116086364	-3.7598690735929940487	-1371.8847096665379013	361.34197572522231212	-41.07067902	-0.00183165393718	-0.00233799680292	-6.59576287271e-07	-1.98569529763e-05	4.8573122	4.9879518	4.9023364	4.9709519
3817.437751111052421	0.019020678455904740239	-3.7408130732884279368	-1372.7051574252047885	361.91387133661140751	-41.07250351	-0.00180648729705	-0.00237309389977	-5.21810815594e-07	-2.02721869175e-05	4.8648324	4.9858315	4.9012993	4.9595614
3818.4378657957440737	0.018925191315483449322	-3.7218379624974433639	-1373.5363339721886859	362.47005918183617723	-41.07429329	-0.00178108571415	-0.00240730167703	-4.3957690248e-07	-2.0532338987e-05	4.870304	4.985603	4.9138063	4.9615023
3819.4379804804352716	0.018829704173945239348	-3.7029583497985081308	-1374.3778883079346542	363.01041644581499668	-41.07606706	-0.00175557565968	-0.00244109886117	-3.29234439116e-07	-2.07827238059e-05	4.8737814	4.9870867	4.9349395	4.9979658
3820.4380951651264695	0.018749012071728476253	-3.6841742351916151321	-1375.2294688845317978	363.534830875542184	-41.07780632	-0.00173001336655	-0.00247383460804	-1.60537607642e-07	-2.10087981826e-05	4.8753597	4.9900545	4.9480252	5.0562732
3821.4382098445512383	0.018579116625715774019	-3.6655017947712140725	-1376.090723699483533	364.04320127681853592	-41.07952959	-0.00170442687812	-0.0025060787306	-6.37917204881e-08	-2.10710019185e-05	4.8751353	4.9942445	4.9385942	5.1008464
3822.4383245292419815	0.018373771412749626691	-3.6470232317868429561	-1376.9612748505601303	364.53548332489469885	-41.0812167	-0.00167849585195	-0.00253717303997	4.26551684773e-09	-2.09918311254e-05	4.8732384	4.9993609	4.9084173	5.1089636
3823.4384392139331794	0.018168426199784051822	-3.6287500375651635665	-1377.8407249075983145	365.01168616799503752	-41.08288701	-0.00165240473752	-0.0025677330927	1.05181623592e-07	-2.089821806e-05	4.8698399	5.0051212	4.8661881	5.091693
3824.4385538986248321	0.017974038423657624081	-3.6106822121061776798	-1378.7286824341515512	365.47183136650392044	-41.08452167	-0.00162621589675	-0.00259700643713	2.41952689013e-07	-2.07766706497e-05	4.8651093	5.0112515	4.8206151	5.0652984
3825.4386685797667269	0.017713159755652890109	-3.5928323430378101833	-1379.6247620407539216	365.9159531558634626	-41.0861397	-0.00159998150306	-0.00262568001156	3.29886059556e-07	-2.05190110265e-05	4.8591989	5.0174761	4.7798156	5.0459251
3826.4387832644574701	0.017428877932856037813	-3.575259309066788127	-1380.5285682390772308	366.34413302269877022	-41.08772192	-0.00157361771199	-0.00265304070536	4.02942469783e-07	-2.0138880646e-05	4.8522939	5.0235134	4.7517822	5.0438866
3827.4388979491491227	0.017144596110081958967	-3.5579705895212194733	-1381.4397006854799201	366.75649467677493476	-41.08928739	-0.00154719341325	-0.00267978748129	5.03203148965e-07	-1.97354502786e-05	4.8446121	5.0291415	4.740807	5.0547105
3828.4390126338403206	0.016866170667676622097	-3.5409661844011273146	-1382.3577698078704543	367.15317385170703801	-41.09081667	-0.00152063221687	-0.00270519426377	6.22604449664e-07	-1.93012684924e-05	4.836362	5.0341525	4.7403432	5.0716109
3829.4391273168230327	0.016551974103299137153	-3.5242530846799224875	-1383.2823968614256955	367.5343180656272466	-41.09232899	-0.00149400680204	-0.00272997245764	7.23113530617e-07	-1.87798496202e-05	4.8277523	5.0383382	4.7418564	5.0878599
3830.4392420015142307	0.016226290955635672142	-3.5078620725680487169	-1384.2132065822227105	367.90010523373126716	-41.09380506	-0.00146736288762	-0.00275347859581	8.21026475911e-07	-1.81792398905e-05	4.8190103	5.0414678	4.7381015	5.0989189
3831.4393566862049738	0.015900607806554997031	-3.4917967809551964109	-1385.149829941682583	368.25073973339300437	-41.09526408	-0.0014407102675	-0.00277638611955	9.39324609721e-07	-1.75559210296e-05	4.8103692	5.043293	4.7288991	5.1044564
3832.4394713708966265	0.01557645396159953316	-3.4760572098413451414	-1386.0919109862104506	368.58643608257892765	-41.09668671	-0.00141385594444	-0.0027978420051	1.06681462416e-06	-1.68985571711e-05	4.8020592	5.043566	4.7164111	5.1046225
3833.4395860551862825	0.015242913634125275155	-3.4606452300765644381	-1387.0391068605219971	368.90741826213348986	-41.09809218	-0.00138690640122	-0.00281861259953	1.19919517075e-06	-1.62005770359e-05	4.7943049	5.0420413	4.7029145	5.0995855
3834.4397007398779351	0.01490652769952454347	-3.4455687805698911319	-1387.9910861165587903	369.21392426964808919	-41.09946129	-0.00135989334833	-0.00283811186102	1.31796263271e-06	-1.54583714891e-05	4.7872947	5.0385194	4.6913396	5.0902129
3835.4398154245686783	0.014570141765956548183	-3.4308287555757441822	-1388.9475292779559368	369.50620453185666747	-41.10081318	-0.00133285021871	-0.00285700904818	1.44280991624e-06	-1.46947202062e-05	4.7812033	5.0328599	4.6849165	5.0782562
3836.4399301092598762	0.014232696398277509472	-3.4164251550941013846	-1389.9081301915871336	369.78451725995398647	-41.10212769	-0.00130565905004	-0.00287453521973	1.56312178303e-06	-1.39098541973e-05	4.7762015	5.0249264	4.6865967	5.0655067
3837.4400447942030041	0.013901768238580084619	-3.4023566692580509141	-1390.872595983893234	370.04912757845164606	-41.10342444	-0.00127839755153	-0.00289141005425	1.69657545092e-06	-1.31220948495e-05	4.7723946	5.0145973	4.6945104	5.0536603
3838.440159478894202	0.013572767645343992993	-3.3886178258619388259	-1391.8406478052297643	370.300303453947663	-41.10468442	-0.00125105182893	-0.00290704005362	1.82052957441e-06	-1.23170283721e-05	4.7698324	5.001985	4.7029152	5.0431356
3839.4402741635849452	0.013243767050978069028	-3.3752080207910424292	-1392.8120202398067704	370.53831603164331909	-41.10592686	-0.00122366596695	-0.00292207679145	1.9475555767e-06	-1.14948240672e-05	4.7685578	4.9873902	4.7060244	5.0333034
3840.4403888482765979	0.012912341344945560753	-3.3621272540453395195	-1393.7864602743434261	370.76344208392760038	-41.10713209	-0.00119615932183	-0.00293597638027	2.04728497178e-06	-1.06540195201e-05	4.7685899	4.971115	4.7027594	5.0235073
3841.4405035334898457	0.012595830918348132482	-3.349372530079929966	-1394.7637271996154595	370.97596309279987281	-41.10831951	-0.00116859493229	-0.00294933231681	2.15522964961e-06	-9.82977086082e-06	4.7699165	4.9534578	4.6982921	5.0130899
3842.4406182181814984	0.012283741596285171344	-3.3369313171696886045	-1395.7435940588211452	371.17615654696521688	-41.10946952	-0.00114104416822	-0.00296149909123	2.24949215425e-06	-9.00940318242e-06	4.7725122	4.9348083	4.6982614	5.0004995
3843.4407329028726963	0.011971652274422702605	-3.324802229373283069	-1396.7258466344630961	371.36429744557153754	-41.11060159	-0.00111349993882	-0.0029730955532	2.3422084751e-06	-8.17783869639e-06	4.7763373	4.9157315	4.7078025	4.9823741
3844.4408475875634394	0.01165623320292672252	-3.3129852666907124714	-1397.7102816748194982	371.54066466017053472	-41.11169628	-0.00108584577067	-0.00298376802165	2.40271677945e-06	-7.33328378252e-06	4.7812958	4.8968058	4.7262055	4.9551621
3845.4409622729076546	0.011361254198682588928	-3.3014763529776178785	-1398.6967067675695944	371.7055400021675382	-41.11277299	-0.00105813871065	-0.00299399595389	2.47131773042e-06	-6.52069765855e-06	4.7872564	4.878583	4.7491616	4.9182647
3846.4410769575988525	0.011072462118801610839	-3.2902582084168123799	-1399.6849418614167462	371.85919641145926562	-41.11381273	-0.00103040501528	-0.00300326924556	2.52934111475e-06	-5.71952433117e-06	4.7940714	4.8614629	4.7722578	4.8947691
3847.4411916422905051	0.010783670039612456085	-3.2793288890557059645	-1400.6748181423968163	372.00190021085199987	-41.11483463	-0.00100265846522	-0.0030120818109	2.58557123245e-06	-4.90778283678e-06	4.8015812	4.8457759	4.7910637	4.9189197
3848.4413063269812483	0.010491022746618608105	-3.2686883948943092904	-1401.6661761302511877	372.1339202290212711	-41.11581895	-0.000974852862962	-0.00302009201303	2.61316156938e-06	-4.08842041449e-06	4.8096368	4.8316879	4.803901	5.007831
3849.4414210123613884	0.010221976465070370041	-3.2583320697063866689	-1402.6588655355978972	372.25552691936894689	-41.11678507	-0.00094701867146	-0.00302771376296	2.650244662e-06	-3.31143043985e-06	4.8181106	4.8190077	4.8143892	5.1395172
3850.4415356970530411	0.0099603028765486954776	-3.2482397727362481987	-1403.6527465079998365	372.36697872666189824	-41.11771391	-0.000919195765764	-0.00303461160904	2.67103205297e-06	-2.55885998029e-06	4.8268607	4.8075108	4.8267567	5.2859391
3851.441650381744239	0.0096986292879512863568	-3.2384091793647851176	-1404.6476885880540522	372.46852469937908836	-41.11862464	-0.000891378341085	-0.00304115788705	2.68607465508e-06	-1.80009996988e-06	4.8357319	4.796986	4.8452522	5.4233645
3852.4417650664358916	0.0094331948678026533023	-3.2288402895919876556	-1405.6435690288258229	372.5604153849674276	-41.11949735	-0.000863513304683	-0.00304685357726	2.679184948e-06	-1.03965779014e-06	4.8445746	4.7872229	4.8733143	5.5570726
3853.4418797517405437	0.0091907177395868337733	-3.2195286287808269066	-1406.6402726430421808	372.64290211502941474	-41.12035155	-0.000835625072826	-0.00305213487855	2.68200538397e-06	-3.2430438994e-07	4.8533176	4.7780137	4.9050729	5.7032704
3854.4419944364317416	0.0089556704402201994797	-3.2104543941345369262	-1407.6376925465694967	372.71622370216357467	-41.12116875	-0.000807727740347	-0.00305695479483	2.66611989714e-06	3.65925468216e-07	4.8619236	4.7691651	4.9287955	5.8770062
3855.4421091211233943	0.0087206231415937213863	-3.201615233743536848	-1408.635729328244679	372.78060889075334217	-41.12196787	-0.000779825960335	-0.00306154922933	2.64307863596e-06	1.06153987369e-06	4.8703461	4.7605019	4.9357514	6.0685154
3856.4422238058145922	0.0084823761017163538944	-3.1930111476078337773	-1409.6342898583129681	372.83628724971390511	-41.12272892	-0.000751939060457	-0.00306547599542	2.61335307226e-06	1.75470979591e-06	4.878546	4.7519712	4.935144	6.2467027
3857.4423384909814558	0.0082636109162325978306	-3.1846383833051756795	-1410.6332871384577174	372.88348866358785472	-41.1234713	-0.000724059455361	-0.00306907544617	2.59650062849e-06	2.40724074998e-06	4.8864858	4.7436408	4.9426086	6.3835508
3858.4424531756731085	0.0080513712982657765355	-3.1764799566585191215	-1411.6326405550069012	372.9224319991491825	-41.12417655	-0.000696106614864	-0.00307226695808	2.55842432837e-06	3.03503514186e-06	4.8941179	4.7355941	4.967352	6.4795556
3859.4425678603643064	0.0078391316811045677615	-3.1685337939700852772	-1412.6322752951725761	372.9533270754378691	-41.12486352	-0.000668117759428	-0.0030752578581	2.51236783944e-06	3.6658866059e-06	4.9013954	4.7279375	4.9987048	6.5491641
3860.4426825450559591	0.0076241857650078004999	-3.160799895239866153	-1413.6321216682028989	372.97638411873276709	-41.12551301	-0.000640198691156	-0.00307776448707	2.4545348318e-06	4.29749661916e-06	4.9082727	4.7207909	5.0222578	6.6065508
3861.4427972301136833	0.0074256823925537892434	-3.1532751269094836388	-1414.6321149685904857	372.99181337902075484	-41.12614401	-0.000612314049303	-0.00308003222229	2.40362913463e-06	4.89589525861e-06	4.9147337	4.7142744	5.0316581	6.6614163
3862.4429119148048812	0.0072328573921256128845	-3.1459450164620550439	-1415.6321954000407004	372.99981553818054181	-41.12673771	-0.000584414505983	-0.00308201111214	2.34149112191e-06	5.46903274652e-06	4.920802	4.708514	5.0339255	6.7086485
3863.4430265994965339	0.0070400323924678905388	-3.1388077531287406075	-1416.6323076672599655	373.00058328252379169	-41.12731295	-0.000556507588741	-0.00308384706819	2.27657804784e-06	6.04274270073e-06	4.9264978	4.7036161	5.0369999	6.7400219
3864.4431412841877318	0.0068445691683756268095	-3.1318633369095469909	-1417.6324006637678394	372.99430943514573755	-41.12785111	-0.000528632488104	-0.00308535716886	2.18896486677e-06	6.61898218726e-06	4.9318482	4.6996687	5.04168	6.7473955
3865.4432559692036193	0.006665108462194768886	-3.1251087452075450024	-1418.6324273486668517	372.98118658975539574	-41.12837086	-0.000500773180848	-0.00308670551882	2.10085966161e-06	7.16356880337e-06	4.9368857	4.6967588	5.0421822	6.7280358
3866.4433706538943625	0.0064913170579151396183	-3.1185297780270979651	-1419.6323444338991067	372.96139776891175188	-41.12885337	-0.000472949272163	-0.0030877693689	2.01281863572e-06	7.68189340542e-06	4.9416326	4.6949803	5.032444	6.6969582
3867.4434853385855604	0.0063175256533876070902	-3.1121246221822991274	-1420.632112072194559	372.93511788505196591	-41.12931734	-0.000445142989626	-0.00308869155687	1.92746917453e-06	8.20001593743e-06	4.946095	4.6943929	5.0103699	6.6724838
3868.443600023277213	0.0061408788146023662521	-3.1058932776731489334	-1421.6316938047550593	372.90252178279143891	-41.12974413	-0.000417388269953	-0.00308941694858	1.81363089617e-06	8.71694397983e-06	4.9502566	4.695016	4.9844143	6.6622629
3869.4437147082853699	0.0059815305880905351305	-3.0998325004464035715	-1422.6310564485675059	372.86378385734622043	-41.13015235	-0.00038965930505	-0.00309004404392	1.69489330378e-06	9.19754370558e-06	4.9540969	4.6968646	4.9648051	6.6604438
3870.443829392976113	0.0058284372400975092629	-3.0939268393209609087	-1423.6301695372239919	372.81906795959980627	-41.13052386	-0.000361905156396	-0.00309050072716	1.5924483196e-06	9.65293669042e-06	4.957581	4.6999296	4.960328	6.6610345
3871.4439440776677657	0.0056753438928297868932	-3.0881742891006513929	-1424.6290050738348327	372.76852891504557874	-41.13087698	-0.000334138389796	-0.00309087202793	1.5005072739e-06	1.01098326812e-05	4.9606421	4.7041876	4.9674591	6.6642181
3872.4440587623589636	0.0055192557746577301445	-3.0825748497854830177	-1425.627537735293572	372.7123213257423231	-41.13119295	-0.000306410766319	-0.00309116861764	1.39353576377e-06	1.05628729744e-05	4.9632015	4.7096099	4.9765328	6.6734109
3873.444173447351659	0.0053812938930371300231	-3.0771251410360305201	-1426.6257447717161995	372.65059921111082986	-41.13149026	-0.00027870281581	-0.00309142765826	1.28660649857e-06	1.09764836383e-05	4.9651788	4.7161305	4.9777959	6.690029
3874.4442881320433116	0.0052499907049533356754	-3.0718088891141190899	-1427.6236052088852375	372.58350543572419156	-41.13175093	-0.000251056265205	-0.00309162508997	1.18633896216e-06	1.13612379817e-05	4.9664862	4.7236779	4.9653176	6.7110107
3875.4444028167340548	0.0051186875176331006823	-3.0666239554383598609	-1428.6210996680576955	372.51117324632008376	-41.13199311	-0.000223440669323	-0.00309179146158	1.09152645765e-06	1.1746501965e-05	4.9670401	4.7321818	4.9457339	6.7328269
3876.4445175014252527	0.0049843906502180799004	-3.0615703400087452835	-1429.618210825748065	372.43373557472989432	-41.13219878	-0.000195833959348	-0.00309186412512	9.81724721975e-07	1.21335014435e-05	4.9667592	4.7415453	4.9282723	6.7533853
3877.4446321863906633	0.0048682014270305150674	-3.0566446802951374728	-1430.6149233272162746	372.35132471605430737	-41.13238599	-0.000168231743076	-0.00309188939944	8.69963452691e-07	1.24838947657e-05	4.965562	4.7516656	4.9220245	6.7715478
3878.4447468710818612	0.0047587446097893107075	-3.0518306552450549241	-1431.6112227952769445	372.26406177556640387	-41.13253568	-0.000140795671148	-0.00309186455557	7.51559608495e-07	1.27932187921e-05	4.9634142	4.7624284	4.9287353	6.7862111
3879.4448615557726043	0.0046492877919860585434	-3.0471260995656015425	-1432.6070957149827336	372.17205815885313314	-41.13266635	-0.000113443880342	-0.00309181428792	6.31751619715e-07	1.30969529853e-05	4.9603503	4.7736856	4.9402242	6.7962841
3880.444976240464257	0.0045367599012621113996	-3.0425310132567702226	-1433.6025301123277131	372.0754249185529261	-41.13276143	-8.60362837796e-05	-0.00309173519993	5.10667353503e-07	1.34112370867e-05	4.9564099	4.7852851	4.9475833	6.8015487
3881.4450909254123872	0.0044427987577612343753	-3.0380419596849419506	-1434.5975154778154774	371.97427243315092937	-41.13283839	-5.86002907387e-05	-0.00309164144686	3.92617949267e-07	1.36924637242e-05	4.9516592	4.7970756	4.9436108	6.805435
3882.4452056101040398	0.0043558040992137843361	-3.0336421537236732959	-1435.5920415687369314	371.86869959837832766	-41.13287905	-3.12083747525e-05	-0.00309162511607	2.55937573443e-07	1.39427327668e-05	4.9463248	4.8089156	4.9320345	6.8123293
3883.445320294794783	0.0042688094410375946111	-3.0293293523980580062	-1436.5860983484526514	371.75879531798193511	-41.13290117	-3.83895642974e-06	-0.0030916483029	1.11634280408e-07	1.41930494598e-05	4.9406907	4.8206588	4.9208597	6.8266134
3884.4454349794859809	0.0041783847545545250296	-3.0251035557080907523	-1437.5796768868374329	371.64464812295875618	-41.1328869	2.35365022175e-05	-0.00309161223972	-1.46762330006e-08	1.44417826366e-05	4.935041	4.8321559	4.9180426	6.8510549
3885.445549664443206	0.004108689278684241053	-3.0209609364814791199	-1438.5727692853479311	371.52634579790168345	-41.13285398	5.09150534605e-05	-0.00309154584104	-1.30155533021e-07	1.46468169587e-05	4.9296582	4.8432588	4.9261045	6.8823865
3886.4456643491344039	0.0040468274730423737379	-3.0168827104493134428	-1439.565367153463967	371.40396333008192187	-41.13278527	7.82669803728e-05	-0.00309154632132	-2.58815085452e-07	1.48209010339e-05	4.9248093	4.8538342	4.938763	6.9159456
3887.4457790338260565	0.0039849656678734397472	-3.0128663533169839361	-1440.5574615964578697	371.27756453996420305	-41.13269817	0.000105605233829	-0.00309158114862	-3.92463887518e-07	1.49969804358e-05	4.9207499	4.863778	4.9489125	6.9470851
3888.4458937185167997	0.0039190502471465864937	-3.0089118650844963732	-1441.5490444295548969	371.14721284579337635	-41.13257435	0.000132934986766	-0.00309154858013	-5.24219705026e-07	1.51653356533e-05	4.9177094	4.873001	4.9505506	6.9722447
3889.4460084035040381	0.0038776252008599319809	-3.0050147338457917634	-1442.5401080971523697	371.01297081297792602	-41.13243161	0.000160260360647	-0.00309148129258	-6.55987294354e-07	1.52790551669e-05	4.9157367	4.8814154	4.9453297	6.9910678
3890.4461230881956908	0.0038455111526376449527	-3.0011527228060406181	-1443.5306436627247422	370.87488593813986881	-41.13225324	0.000187553968845	-0.00309148203466	-7.79674658072e-07	1.53550183891e-05	4.9147897	4.8889293	4.9381164	7.0038034
3891.4462377728868887	0.0038133971055221826257	-2.9973228294970799546	-1444.5206408463043317	370.73299254006144565	-41.13205646	0.000214831162558	-0.00309151793013	-8.97423040747e-07	1.54328251515e-05	4.9148116	4.8954327	4.9337186	7.010709
3892.4463524575776319	0.0037766157421183603471	-2.993525053918910217	-1445.5100896834571813	370.58732449624505989	-41.13182311	0.000242061917992	-0.00309153451841	-1.02457784786e-06	1.55019871457e-05	4.9156996	4.9008128	4.9330173	7.012168
3893.4464671425994311	0.0037680244725770127047	-2.9897542131703378487	-1446.4989804379281395	370.43791474740191916	-41.13157079	0.000269268603322	-0.00309154109931	-1.16084529899e-06	1.55083754539e-05	4.9172792	4.9049738	4.9307365	7.0109214
3894.446581827290629	0.003770212570596324312	-2.9859846623884673811	-1447.4873010482820064	370.2847789603115416	-41.13128333	0.000296435498105	-0.00309162586195	-1.29323308942e-06	1.54737119128e-05	4.9193516	4.9079124	4.9210426	7.0118117
3895.4466965119822817	0.0037724006685324351119	-2.9822129232578808988	-1448.4750372127957689	370.12791766465721821	-41.1309776	0.000323581705139	-0.00309175127254	-1.42171672754e-06	1.54425324584e-05	4.9217294	4.9096631	4.9011176	7.0197303
3896.4468111966734796	0.0037697426158015572874	-2.9784389957785815106	-1449.4621745366698633	369.96733093045725127	-41.13063575	0.000350727141204	-0.00309194844496	-1.54527914656e-06	1.54051341284e-05	4.9243251	4.9102616	4.8795562	7.0355335
3897.4469258817089212	0.003796345839191246456	-2.9746575122135601177	-1450.4486984462364489	369.80301791673173284	-41.13027508	0.000377872175201	-0.00309218304198	-1.67372650576e-06	1.5303981074e-05	4.9270731	4.9097627	4.8676378	7.0525087
3898.4470405664005739	0.0038342090001041201526	-2.9708417972398835083	-1451.4345912834594401	369.6349599432178934	-41.12987935	0.000404953734674	-0.00309241441504	-1.80894694053e-06	1.51581463195e-05	4.9299014	4.9082555	4.8752729	7.0631242
3899.4471552510917718	0.003872072161417129503	-2.9669882147628543478	-1452.4198324185060756	369.46312266392897072	-41.12946527	0.000432002090037	-0.00309264410161	-1.94572970187e-06	1.50149804091e-05	4.9328347	4.9058453	4.8991316	7.0630903
3900.4472699357834244	0.0039055492876860918756	-2.9630967647824681954	-1453.4044007130128193	369.28747132249162632	-41.12901542	0.000459035107028	-0.00309290462509	-2.05754098652e-06	1.48669071044e-05	4.9359618	4.9026362	4.928355	7.0618503
3901.4473846207997667	0.0039654996726430705167	-2.9591626046070702571	-1454.388274445333991	369.10797042756030351	-41.12854679	0.000486060075808	-0.00309318132902	-2.16582536381e-06	1.46614946337e-05	4.9393709	4.8987276	4.9520245	7.0724381
3902.4474993054909646	0.0040357175719423999879	-2.9551615371762940399	-1455.3714284359425619	368.92456846756999767	-41.12804306	0.000513088828031	-0.0030934214689	-2.28486989989e-06	1.44124947701e-05	4.9431426	4.8942329	4.9642346	7.0962799
3903.4476139901826173	0.0041059354708067640274	-2.9510902437936317178	-1456.3538341538062468	368.73719982975677567	-41.12752086	0.000540119571541	-0.00309364236454	-2.40783584993e-06	1.41643959517e-05	4.9473646	4.8892628	4.9703595	7.1102788
3904.4477286748738152	0.0041725480416691012112	-2.9469487244590868436	-1457.3354621555386075	368.54579863052617839	-41.12696348	0.000567028189425	-0.00309386631743	-2.51649971212e-06	1.39156964105e-05	4.9521267	4.8839121	4.9772999	7.0889756
3905.4478433598528682	0.0042609112173636973925	-2.9427330153774797772	-1458.316282019123264	368.35029851194315142	-41.12638753	0.000593872334245	-0.0030940918843	-2.62801839196e-06	1.36216766087e-05	4.9575123	4.8782676	4.9912787	7.0286109
3906.4479580445445208	0.0043577998120521892547	-2.9384231656455717108	-1459.2962597591422309	368.15062011217133886	-41.12577632	0.000620733845468	-0.00309423648781	-2.74209546007e-06	1.32876396924e-05	4.9635297	4.8723887	5.0110027	6.9493861
3907.4480727292357187	0.0044546884076763154994	-2.9340164162069766185	-1460.275357901950656	367.94667259290667971	-41.12514644	0.000647604552825	-0.00309433821831	-2.85633639543e-06	1.29522855208e-05	4.9701372	4.8663343	5.0304318	6.8729698
3908.4481874139273714	0.0045483789596632078975	-2.9295127670616896154	-1461.2535376687781081	367.73836504223316979	-41.12448179	0.000674293266744	-0.00309432996521	-2.9734790998e-06	1.26192689471e-05	4.9772913	4.8601507	5.043521	6.8210389
3909.4483020988996032	0.0046613508159563882619	-2.9249087227558003832	-1462.2307588958558426	367.52560628441739254	-41.12379867	0.000700885314665	-0.00309426329421	-3.10359077402e-06	1.22476414621e-05	4.984909	4.8538636	5.048086	6.8099114
3910.4484167835903463	0.0047819913894036406021	-2.9201865101495694255	-1463.2069775233080691	367.30829380150390762	-41.12308053	0.000727551306469	-0.00309409605649	-3.20684174219e-06	1.18404807248e-05	4.9928277	4.8475078	5.0484453	6.8310969
3911.448531468281999	0.0049026319640298942834	-2.9153436431338262125	-1464.1821456378700077	367.08631502782577627	-41.12234375	0.000754256693322	-0.00309387523988	-3.29489875626e-06	1.14323417557e-05	5.0008689	4.8411282	5.0495218	6.8687341
3912.4486461529731969	0.0050195888519310805434	-2.9103801217085765174	-1465.1562135815840975	366.85955751410523362	-41.12157216	0.000780817991043	-0.00309340571866	-3.38932663852e-06	1.10239711483e-05	5.0088561	4.8347689	5.0547194	6.9068411
3913.4487608380250094	0.0051587372017982604383	-2.9052919516634347907	-1466.1291298254291178	366.62790862672727599	-41.12078197	0.000807302288753	-0.0030928032918	-3.50208267686e-06	1.05697296079e-05	5.0166235	4.8284749	5.0597568	6.929351
3914.4488755227157526	0.0053068899549401152282	-2.9000585379612884296	-1467.1008378057829304	366.39124282752129602	-41.11995718	0.000833789437444	-0.00309200556812	-3.58444652339e-06	1.00768642581e-05	5.0239946	4.8223048	5.0579108	6.9293068
3915.4489902074069505	0.0054550427084863600813	-2.894676954515199796	-1468.0712759387811275	366.14942306298013364	-41.11911385	0.000860278114309	-0.00309110316204	-3.64885142479e-06	9.58449043733e-06	5.0307848	4.8163414	5.0430271	6.9260509
3916.4491048920986032	0.0055983049883675303077	-2.8891472013251684459	-1469.0403802824223476	365.90231255151206824	-41.11823603	0.000886755698477	-0.00308987472932	-3.70545577899e-06	9.09291579259e-06	5.0368621	4.8106781	5.0192575	6.9410691
3917.4492195773291314	0.0057710008162102912829	-2.8834640308207974968	-1470.0080843444138736	365.6497743588545859	-41.11733966	0.000913227318702	-0.00308847100975	-3.77943822236e-06	8.54132053099e-06	5.0421412	4.8054095	4.9998265	6.9631611
3918.4493342620203293	0.0059559581305543294119	-2.8775998788959857855	-1470.9743144867347837	365.39165456454463765	-41.11640899	0.000939611945038	-0.00308679203249	-3.84237961788e-06	7.93787035518e-06	5.0465196	4.8006482	4.9981665	6.9591249
3919.4494489467115272	0.0061409154453359567419	-2.8715507484448834497	-1471.9389898809220085	365.12778392140779715	-41.1154598	0.000965949657472	-0.00308496461478	-3.89563525574e-06	7.33540481019e-06	5.0499036	4.7965129	5.0206099	6.9168235
3920.4495636314027252	0.006319826875531969583	-2.8653166394674900452	-1472.902026407486801	364.85799364809412282	-41.1144766	0.000992246370656	-0.00308270245666	-3.9284374431e-06	6.73721159786e-06	5.0522595	4.7930917	5.0564194	6.8726389
3921.4496783168583534	0.006535089375246900395	-2.8588911474281966107	-1473.8633364096506284	364.5821150138184521	-41.113475	0.00101852090677	-0.00308020514141	-3.97933815153e-06	6.06712037481e-06	5.0535614	4.7904689	5.0923537	6.8675912
3922.449793001550006	0.0067659970282979682923	-2.852239841510997298	-1474.8228224487900206	364.29995861098120713	-41.11243958	0.00104468092281	-0.00307716780452	-4.02514846054e-06	5.33680633114e-06	5.0537599	4.7887465	5.1160025	6.8846658
3923.4499076862407492	0.0069969046821776624198	-2.8453576014587973475	-1475.7803771224823777	364.01131613082958438	-41.11138582	0.0010707788056	-0.00307383747717	-4.0620030816e-06	4.610941734e-06	5.0527799	4.7879924	5.1257615	6.8432391
3924.4500223709319471	0.0072213546837297830014	-2.8382444272715869893	-1476.7358884037932967	363.71598012498066055	-41.11029816	0.00109683497361	-0.00307000210214	-4.06719107542e-06	3.88972405704e-06	5.0505414	4.7882393	5.1279221	6.6676686
3925.4501370565708385	0.0074845963143705309534	-2.8308935770862309056	-1477.6892393710079432	363.41374377406742724	-41.10919205	0.00112286844061	-0.00306589188219	-4.08967095529e-06	3.09269892618e-06	5.0469635	4.7895201	5.1289029	6.3816887
3926.4502517412620364	0.0077651683561904983472	-2.8232678202938732426	-1478.6403008292595587	363.10437887958551073	-41.10805185	0.00114890691059	-0.00306115788144	-4.13261736471e-06	2.22479580399e-06	5.0419631	4.7919032	5.1324998	6.0730666
3927.4503664259527795	0.0080457403975084350323	-2.8153614592826023966	-1479.5889309134577161	362.78763744657970847	-41.10689303	0.00117494811142	-0.0030560833948	-4.17913153401e-06	1.35956005554e-06	5.0355114	4.7955035	5.1335419	5.8244304
3928.4504811106444322	0.0083204404930124504364	-2.8071744940524077094	-1480.5349814243534183	362.46327310443047054	-41.10570065	0.00120093223904	-0.00305036150427	-4.18214718127e-06	5.01909352301e-07	5.0275947	4.8004396	5.124955	5.625203
3929.4505957963433502	0.0086303902309449523345	-2.7987008848552710205	-1481.478297565458206	362.13104117418464512	-41.10448991	0.00122688511954	-0.00304428516529	-4.19675823696e-06	-4.21395547495e-07	5.0182122	4.806831	5.1005774	5.4197957
3930.4507104810350029	0.0089567078633016536382	-2.7899063273224409265	-1482.4187104680529501	361.79067885516877823	-41.10324576	0.00125282515903	-0.00303734775036	-4.2086450413e-06	-1.40184936305e-06	5.0075297	4.81481	5.0652219	5.1773195
3931.4508251657262008	0.0092830254956438231634	-2.7807854147339181594	-1483.3560365779628683	361.44190641946022424	-41.10198327	0.00127875814694	-0.00302993747962	-4.21199475572e-06	-2.37392827236e-06	4.9958185	4.8245113	5.0311843	4.9450337
3932.450939850416944	0.0096049970767682433387	-2.7713381470897036074	-1484.2900840679769772	361.08444700983744724	-41.10068727	0.00130463707674	-0.00302163352308	-4.1782057765e-06	-3.33720584675e-06	4.9833476	4.8360674	5.0107447	4.7837503
3933.4510545359812568	0.0099530486874381488699	-2.7615601129803279967	-1485.2206526125496566	360.71802703641179733	-41.09937281	0.00133048623121	-0.00301283732248	-4.15465270349e-06	-4.34510633354e-06	4.9704329	4.8495653	5.0078434	4.7269928
3934.4511692206724547	0.010313638212731495586	-2.7514256073910265954	-1486.1475271697563585	360.34236179100565778	-41.09802511	0.00135627485658	-0.00300305779165	-4.12577830998e-06	-5.39109553476e-06	4.9574782	4.8649745	5.0093442	4.7448153
3935.4512839053641073	0.010674227737845601999	-2.7409304709224708851	-1487.070477282532238	359.95715627362687883	-41.09665906	0.00138203004189	-0.00299273500771	-4.09008197153e-06	-6.42619819353e-06	4.9448779	4.8822534	5.0001207	4.7977378
3936.4513985900548505	0.011032763149740148351	-2.7300747035746750768	-1487.989262343990049	359.56212011029430187	-41.09526011	0.00140774914763	-0.00298136047642	-4.02991495269e-06	-7.44446022925e-06	4.9330019	4.9013361	4.9677568	4.8489382
3937.4515132752235331	0.011403623470855345917	-2.7188562395666502347	-1488.9036314455947831	359.1569682397730503	-41.09384293	0.00143344826073	-0.00296940314409	-3.97621474241e-06	-8.47350108482e-06	4.9220727	4.9219585	4.9202709	4.8880771
3938.4516279599151858	0.011780555876277449753	-2.7072628204579056721	-1489.8133199882229292	358.74141447115061965	-41.09239259	0.00145908472176	-0.00295629518752	-3.90025696946e-06	-9.51236532359e-06	4.9122328	4.9437572	4.8753274	4.918632
3939.4517426446063837	0.012157488280956614893	-2.6952924257155799204	-1490.718049155661447	358.31517208426424759	-41.09092383	0.00148468636116	-0.00294254772091	-3.81411602808e-06	-1.0538111416e-05	4.903611	4.9663682	4.8502836	4.9442331
3940.4518573292971269	0.012535121508358679568	-2.6829450553396743118	-1491.6175286000013784	357.87796114672886461	-41.08942216	0.00151018638424	-0.00292746258859	-3.72340441529e-06	-1.15447349556e-05	4.8962392	4.9894214	4.8494544	4.9685305
3941.4519720138036973	0.01290854979490404196	-2.6702214120655645146	-1492.5114564001532926	357.42950939178774661	-41.08790217	0.00153562975976	-0.00291163175433	-3.63428303051e-06	-1.252666036e-05	4.8899942	5.0126153	4.8563666	4.9939238
3942.4520866984948952	0.01327989021258428777	-2.6571256903551971895	-1493.3995200391195795	356.96955498013534225	-41.08634964	0.0015610105913	-0.00289461739002	-3.52124161158e-06	-1.34801242058e-05	4.8847401	5.0357641	4.8528499	5.0207351
3943.4522013831865479	0.013651230630755175829	-2.6436585856398626682	-1494.2813963262749439	356.49784693531728408	-41.08477892	0.00158635645202	-0.00287694126698	-3.40545152866e-06	-1.44159307302e-05	4.8803565	5.0586866	4.8253379	5.0490927
3944.4523160678777458	0.014026218873227209311	-2.6298200979195720528	-1495.1567501206764064	356.01414335380684406	-41.08317549	0.00161155231998	-0.00285783799322	-3.28890886219e-06	-1.53318511043e-05	4.8768026	5.0811982	4.7860704	5.0791365
3945.4524307514971042	0.014379319320232872986	-2.6156139044491317769	-1496.0252344450025248	355.51821237169576762	-41.08155371	0.00163666406928	-0.00283793434754	-3.15618616809e-06	-1.6188084828e-05	4.8740654	5.1032468	4.7564957	5.1123049
3946.4525454361887569	0.0147217040128802025	-2.6010617240614957169	-1496.8864971846910521	355.0098441739190207	-41.0799003	0.00166166708944	-0.0028167125189	-2.99655051372e-06	-1.69747846053e-05	4.8721477	5.1250214	4.7570544	5.1524492
3947.4526601208799548	0.015064088706558656852	-2.5861671197143518697	-1497.7401815817916031	354.48885104442661031	-41.07822911	0.00168660894945	-0.00279474921237	-2.84222462586e-06	-1.77383420886e-05	4.8711573	5.1467187	4.7877676	5.201841
3948.4527748055716074	0.015413178032958609401	-2.5709300914076869127	-1498.5859198430657671	353.95505630461650526	-41.07652601	0.00171135649389	-0.00277135786846	-2.68176006926e-06	-1.84773535953e-05	4.8712977	5.1684957	4.8274219	5.2544869
3949.4528894881354972	0.015722026313340999037	-2.5553574976662236651	-1499.4233334773057322	353.40829531999361279	-41.07480491	0.0017359944083	-0.00274716084652	-2.47852520671e-06	-1.91209971113e-05	4.8727826	5.1904904	4.857177	5.3022751
3950.4530041728266951	0.016011919617118126891	-2.5394887050021983654	-1500.2520470214890338	352.8484361818295838	-41.07305297	0.00176048155225	-0.00272158993761	-2.24560093474e-06	-1.96623121557e-05	4.875879	5.2127275	4.870572	5.3406862
3951.4531188575183478	0.016301812920917417571	-2.5233299857877944383	-1501.071688928536787	352.27537879975994883	-41.07128359	0.00178488337902	-0.00269524158079	-2.02681450148e-06	-2.0178850236e-05	4.8808751	5.2351425	4.865605	5.3678667
3952.4532335422095457	0.016601304451358264019	-2.5068813400230260946	-1501.8818790525622262	351.68903521969309622	-41.06948316	0.00180900891947	-0.00266752580874	-1.82692028895e-06	-2.06698306121e-05	4.8880104	5.2576018	4.8499646	5.3803514
3953.453348223707053	0.016843127303559333324	-2.4901528242454689099	-1502.68222926859994	351.08933063513899242	-41.06766511	0.00183297764877	-0.00263903393615	-1.57314230274e-06	-2.10371519378e-05	4.8975036	5.2799038	4.8351871	5.3730908
3954.4534629083977961	0.017059422617055473859	-2.4731996052332707592	-1503.4723649223262782	350.4762310714911564	-41.06581722	0.00185674216734	-0.00260917258541	-1.28322909359e-06	-2.12787146392e-05	4.9096092	5.3018175	4.8327711	5.3499471
3955.453577593088994	0.017275717931942279754	-2.4560300661012943735	-1504.2519255218917351	349.84974078218721161	-41.06395234	0.00188039043607	-0.00257853163997	-1.01327071026e-06	-2.14959568786e-05	4.9246097	5.3231188	4.8541383	5.3345079
3956.4536922777806467	0.01750356943422461814	-2.4386442068495388646	-1505.0205457558961371	349.20987585595895553	-41.06205756	0.00190369993216	-0.00254655599534	-7.74278646401e-07	-2.1686458386e-05	4.9427366	5.3435869	4.8999811	5.3525374
3957.4538069585551057	0.017661820342809438772	-2.4210545263624814183	-1505.7778563781434968	348.5566651585519935	-41.06014572	0.00192681600119	-0.0025138182852	-4.67593660018e-07	-2.17383998888e-05	4.9641072	5.3630417	4.945295	5.4037821
3958.4539216432458488	0.017791651852627266006	-2.4033257572796893342	-1506.5235120421982629	347.89018123901456647	-41.05820481	0.00194970066696	-0.00247976522413	-9.63785240091e-08	-2.16625826268e-05	4.988858	5.3813202	4.966501	5.4501317
3959.4540363279375015	0.017921483363242403375	-2.3854671417968336122	-1507.2571909410264652	347.21053568977555415	-41.05624726	0.00197245281547	-0.00244495890353	2.65722336266e-07	-2.15678276516e-05	5.0170594	5.3982323	4.9772014	5.4524779
3960.4541510126286994	0.018063031041314094732	-2.3674786799139386773	-1507.9785708536387574	346.51785002304080763	-41.05426139	0.00199489666561	-0.00240896768931	5.83387732636e-07	-2.14462588785e-05	5.0487266	5.4136428	5.0061229	5.4163462
3961.454265693380421	0.018133722062756985061	-2.3493735175143282135	-1508.6873301593479937	345.8122564383757549	-41.05225926	0.00201716343667	-0.00237229590101	9.68781588446e-07	-2.11925415993e-05	5.0837209	5.4274638	5.053162	5.388733
3962.4543803780711642	0.018178001154907551251	-2.331215573706368005	-1509.3831779575323253	345.0939266099663314	-41.05022892	0.00203908427518	-0.00233438364547	1.40967804269e-06	-2.0829801148e-05	5.1218283	5.4395932	5.0941303	5.4016117
3963.4544950627623621	0.018222280247282892501	-2.3130133457276436104	-1510.0658521402126553	344.36306566100705595	-41.04818233	0.00206080582646	-0.00229575677294	1.83793426061e-06	-2.04556488923e-05	5.1627289	5.4499936	5.1175236	5.4318942
3964.4546097474540147	0.018276383444730870398	-2.2947668335781550297	-1510.7350941704016805	343.61988550996352387	-41.04610866	0.00208226613973	-0.00225605371769	2.22283004958e-06	-2.00607341867e-05	5.2058901	5.4586616	5.1338611	5.4467373
3965.4547244289328773	0.018270737112545978181	-2.2764874844602083215	-1511.390649992355975	342.8646053657723769	-41.04401932	0.00210357550919	-0.00221572884195	2.66624592196e-06	-1.95634021832e-05	5.250705	5.4658038	5.1566154	5.440359
3966.45483911362453	0.018244767586574599932	-2.2582276382259705017	-1512.0322967629374489	342.09747368665370004	-41.04190256	0.00212450117866	-0.0021743859014	3.12060063113e-06	-1.89951007241e-05	5.2964024	5.4717523	5.2017414	5.428086
3967.4549537983152732	0.01821879806001995214	-2.239993764496285511	-1512.6598397762049899	341.3187622915881434	-41.03976989	0.00214520448605	-0.00213245297123	3.54535506307e-06	-1.84260353399e-05	5.3420485	5.4768175	5.268606	5.4255682
3968.4550684830064711	0.018199243862553012019	-2.2217858632711284805	-1513.2730906165706983	340.528746370237684	-41.03761162	0.00216561199796	-0.00208959370174	3.94141945024e-06	-1.78416045149e-05	5.3866342	5.4814178	5.3415551	5.4380919
3969.455183165683593	0.018140424964907836403	-2.2036116739561095734	-1513.8718677109927739	339.7277046468421986	-41.03543847	0.00218584758077	-0.00204619600384	4.37901919667e-06	-1.71951275307e-05	5.4294001	5.4861285	5.4117022	5.4556509
3970.4552978503747909	0.018069307351817078672	-2.1855047314462656693	-1514.4560146521284878	338.91593226129270988	-41.03323989	0.00220567868815	-0.0020019013349	4.81724663822e-06	-1.65042415594e-05	5.4696924	5.4915119	5.4724865	5.4669739
3971.455412535065534	0.017998189739489051098	-2.1674689147060419714	-1515.0253972245513978	338.0937365697039354	-41.03102649	0.00222527399872	-0.00195708375928	5.23333979709e-06	-1.58130023459e-05	5.5069221	5.4980421	5.5193589	5.4636956
3972.4555272197571867	0.017929629111584390044	-2.1495042237354131665	-1515.579888684095522	337.26142550780167539	-41.02878856	0.00224455913147	-0.00191149773369	5.63072995639e-06	-1.51163211431e-05	5.5409695	5.5058463	5.5656779	5.4519363
3973.4556419036803163	0.017845325581650084423	-2.1316138322868258825	-1516.1193698040863183	336.41930744856637148	-41.02653627	0.0022636629034	-0.00186546239582	6.0423452838e-06	-1.43994187873e-05	5.5720001	5.5149433	5.6202809	5.4422916
3974.4557565883715142	0.017756407725032844619	-2.1138109241464788646	-1516.6437364431901642	335.56769568691782979	-41.02426042	0.00228245075879	-0.00181873893365	6.43877600697e-06	-1.36634298991e-05	5.6002686	5.5253377	5.659474	5.4451051
3975.4558712730631669	0.017667489871213186425	-2.0960969440588410606	-1517.1528979637569137	334.7069066453883579	-41.02197075	0.00230105335022	-0.00177161193248	6.81819485942e-06	-1.29278308413e-05	5.6260654	5.5369109	5.6840479	5.4632272
3976.45598595775391	0.017578068140758955351	-2.0784718920239364515	-1517.6467711336083539	333.83725569122208299	-41.01965777	0.0023193651141	-0.0017238045825	7.17472170479e-06	-1.21925947281e-05	5.6496745	5.5493971	5.7150952	5.4901784
3977.4561006425901724	0.017491763271423363402	-2.0609351295980800067	-1518.1252797442111842	332.9590568194860225	-41.01733108	0.0023375058217	-0.00167559707115	7.51414956631e-06	-1.14647141633e-05	5.6712804	5.5625216	5.7555774	5.5188879
3978.456215327281825	0.017406329557172306455	-2.0434840820453405996	-1518.5883529385814654	332.07262170321257599	-41.01498205	0.00235532759786	-0.00162682750104	7.82657545852e-06	-1.07386087681e-05	5.6909377	5.576047	5.800306	5.543758
3979.4563300119730229	0.017320895844498803567	-2.0261184780035015329	-1519.0359254512068219	331.1782598678209979	-41.01261983	0.00237296123244	-0.00157772636555	8.12615446835e-06	-1.00156546016e-05	5.7085687	5.5898816	5.8400171	5.5651242
3980.4564446966637661	0.017233518317284823168	-2.0088383174725632507	-1519.4679387145947658	330.27627925070180481	-41.01023543	0.00239024004488	-0.0015281565137	8.41849579879e-06	-9.30032247322e-06	5.724087	5.6039701	5.8652284	5.5848122
3981.4565593818979323	0.017158202912140277374	-1.9916411048883271295	-1519.884340319821149	329.36698587948501427	-41.00783791	0.00240730892415	-0.00147830934229	8.68802815117e-06	-8.60511409621e-06	5.7374114	5.6182656	5.870742	5.6042069
3982.4566740665891302	0.017086158954810682503	-1.9745169603028271954	-1520.2850776747507098	328.4506810649364752	-41.00541919	0.00242402159218	-0.00142805759071	8.93008524915e-06	-7.92234967445e-06	5.7484662	5.6327477	5.8623098	5.6236107
3983.4567887512807829	0.017014114999821566138	-1.9574648679359087922	-1520.6700993990068582	327.52766242054087797	-41.00298789	0.00244052288212	-0.00137756575859	9.16416902746e-06	-7.24523617945e-06	5.7571948	5.6474023	5.8572088	5.6431682
3984.4569034359715261	0.016940224710826547183	-1.9404848277875952345	-1521.0393600330341997	326.59822606737265005	-41.00053637	0.0024567429075	-0.00132661866402	9.37506487967e-06	-6.5691684635e-06	5.7635688	5.6621671	5.8733687	5.6631196
3985.4570181211661293	0.016877812919986138335	-1.9235744516372752511	-1521.3928196099220713	325.66266640881104877	-40.99807282	0.00247279553561	-0.00127540061567	9.55381742121e-06	-5.90668364806e-06	5.7675961	5.6769236	5.8878037	5.6838174
3986.4571328058577819	0.016818461706757312224	-1.9067243821007193727	-1521.7304374848304178	324.72127388309905882	-40.99558954	0.00248849797814	-0.0012238388964	9.70112258134e-06	-5.25615661374e-06	5.7693061	5.6915578	5.8738196	5.7056279
3987.4572474905489798	0.016759110493781328999	-1.889933670583315628	-1522.0521737840319929	323.77433585073441691	-40.99309448	0.00250399138919	-0.00117207203435	9.83756622032e-06	-4.61138528836e-06	5.7687483	5.7059601	5.8195435	5.7289219
3988.4573621752406325	0.016698751054415497674	-1.8732023170850482519	-1522.3579940006129618	322.822138368934759	-40.99058051	0.00251913248897	-0.001120038496	9.95932578151e-06	-3.97281907459e-06	5.7660094	5.7200135	5.7430683	5.7532759
3989.4574768602014956	0.016644666329587224501	-1.8565290119826209914	-1522.6478687779513166	321.86496606245003704	-40.98805522	0.00253406266811	-0.00106784530471	1.00621873643e-05	-3.34502208192e-06	5.7611848	5.733569	5.6703946	5.774925
3990.4575915448926935	0.016592238806331972151	-1.8399086535327093817	-1522.9217704447307824	320.90310108507253517	-40.98551177	0.00254863405243	-0.00101543701102	1.01446644624e-05	-2.72724136611e-06	5.754369	5.7464728	5.6269477	5.7892319
3991.4577062295843461	0.01653981128514302526	-1.8233407286175544737	-1523.1796738283637751	319.93682351236009254	-40.98295741	0.00256299000146	-0.00096289956093	1.02195101731e-05	-2.11589828687e-06	5.7456966	5.7585744	5.6194778	5.7915698
3992.4578209142755441	0.016487190648962195272	-1.8068252372371718106	-1523.4215587928281366	318.96641209890253776	-40.98038562	0.00257694597372	-0.000910178090068	1.02774515729e-05	-1.51293971465e-06	5.7353475	5.7697244	5.6355847	5.7781
3993.4579355990172189	0.01643577281677518348	-1.7903619277626450224	-1523.6474101849214549	317.99214419964192757	-40.97780334	0.00259066107599	-0.000857345800068	1.03236417787e-05	-9.17946922324e-07	5.7235045	5.7797961	5.6619831	5.7576518
3994.4580502837088716	0.01638467040753930834	-1.7739498241490210262	-1523.8572171069840806	317.01429554744117922	-40.97520439	0.00260394006918	-0.000804354197166	1.03469921271e-05	-3.32776563942e-07	5.7103506	5.7886813	5.6853625	5.7493354
3995.4581649684000695	0.016333568000020282085	-1.7575888288049221764	-1524.0509730264191148	316.0331402516545154	-40.97259537	0.00261695566021	-0.00075126637209	1.03578361922e-05	2.4458119458e-07	5.6960688	5.796274	5.692428	5.7708965
3996.4582796530917221	0.016282819865999827863	-1.741278941730333818	-1524.2286762154105872	315.04895084581590936	-40.96997063	0.00262954070627	-0.000698110973953	1.0352989364e-05	8.12752027479e-07	5.6808518	5.8024765	5.6748967	5.8168733
3997.4583943376910611	0.016229863002294678959	-1.7250206262822656011	-1524.390329789150428	314.06199822687472079	-40.96733639	0.00264186494601	-0.000644914642856	1.03430680244e-05	1.37417720343e-06	5.6649238	5.8071968	5.6421169	5.8643113
3998.4585090223818042	0.01617633180045793817	-1.7088156706338568647	-1524.5359428615554407	313.07255175158439897	-40.96468727	0.00265371569568	-0.000591706235962	1.03202105482e-05	1.92589604551e-06	5.6485169	5.8103426	5.606928	5.891256
3999.4586237070734569	0.01612280059829838616	-1.6926642523263337736	-1524.6655301360135581	312.08087903490468307	-40.96202912	0.00266527878176	-0.000538490492554	1.02884621086e-05	2.46908718031e-06	5.631853	5.8118203	5.5759931	5.8945804
4000.4587383917646548	0.016069957836525709111	-1.6765663713597180884	-1524.7791108902092674	311.08724570470042181	-40.95935709	0.00267637067393	-0.000485268009839	1.02302187881e-05	3.0036894214e-06	5.6151459	5.811536	5.5515384	5.8840394
4001.4588530762812297	0.016012816921901755485	-1.6605229330494386542	-1524.8767090647099849	310.09191534506936705	-40.95667662	0.00268717545683	-0.000432041420709	1.01640993345e-05	3.53209357686e-06	5.598601	5.8093967	5.5338866	5.8696232
4002.4589677609719729	0.015954571991435326922	-1.6445374055076198427	-1524.9583555840763438	309.0951496108348806	-40.95398335	0.00269751715208	-0.000378912209128	1.00842421639e-05	4.05317507694e-06	5.582402	5.8053077	5.5183041	5.8589584
4003.4590824456631708	0.015896327063617213954	-1.6286101295746642226	-1525.0240875953081741	308.09720795887511713	-40.95128226	0.00270757584931	-0.000325842506049	9.99347710285e-06	4.56685362339e-06	5.5667307	5.7991745	5.4993358	5.8502822
4004.4591971303548235	0.015839141735653230331	-1.6127411052505722378	-1525.0739465457863844	307.09834736927490439	-40.94856918	0.00271713563253	-0.000272886589629	9.87617990963e-06	5.07159952052e-06	5.5517688	5.7909036	5.4766954	5.8394926
4005.4593118147822679	0.015775327469570572109	-1.5969317366832611604	-1525.1079783467605466	306.09882228883060407	-40.94584876	0.00272638962973	-0.00022000041342	9.75529402869e-06	5.56948696459e-06	5.5376973	5.7804021	5.4561398	5.8224984
4006.4594264994730111	0.015709839698512903516	-1.5811873476658493409	-1525.1262369891355775	305.09888461937799775	-40.94311747	0.00273517345394	-0.000167366967089	9.62774081788e-06	6.05946071403e-06	5.5247025	5.7675787	5.4428468	5.7956682
4007.4595411841646637	0.015644351926500051075	-1.5655084539303536495	-1525.1287833624833183	304.09878342032902765	-40.94037951	0.00274366826312	-0.000114888873645	9.49191080406e-06	6.54148583667e-06	5.5129837	5.752403	5.4350576	5.7620376
4008.4596558688558616	0.015580697788745495255	-1.5498950554767958465	-1525.1156823320200147	303.09876470741204457	-40.93763152	0.00275168415555	-6.26709371466e-05	9.33271351907e-06	7.0148989996e-06	5.5027447	5.7348926	5.4279002	5.7297114
4009.4597705531036809	0.015505540989909204902	-1.5343496067062445398	-1525.0870030895484888	302.09907138408345872	-40.93487737	0.00275940479606	-1.06133872595e-05	9.18107597216e-06	7.48049469948e-06	5.4941835	5.715067	5.4174684	5.7068805
4010.4598852377948788	0.01542754498823800148	-1.5188812899411689994	-1525.0428254574096627	301.09994287590149042	-40.93211421	0.00276666123089	4.11196528682e-05	9.01573800795e-06	7.93769674339e-06	5.48746	5.6929498	5.4071644	5.7009321
4011.4599999224856219	0.015349548985863228912	-1.5034909781233076753	-1524.9832378216474353	300.10161479688963482	-40.92934548	0.0027736306457	9.26520474526e-05	8.83434367318e-06	8.38649457008e-06	5.4827194	5.6687121	5.4036702	5.7073701
4012.4601146071772746	0.015274523337031185866	-1.4881786712526396954	-1524.908332158365738	299.10431896269028584	-40.92656855	0.00278014197644	0.000143808846872	8.62439211538e-06	8.82581299678e-06	5.4800821	5.6426453	5.4122321	5.7122458
4013.4602292911727091	0.015180801193709562991	-1.4729483936767766572	-1524.8182046546201036	298.1082832799991138	-40.92378654	0.00278636924388	0.000194732735322	8.43259361683e-06	9.25379213708e-06	5.4795613	5.6150426	5.4316207	5.7013757
4014.4603439758643617	0.015082587154313003078	-1.4578149641292212912	-1524.7129659211432227	297.1137305653534213	-40.92099709	0.00279213837751	0.000245224706658	8.22989978433e-06	9.66824771378e-06	5.4811517	5.5861925	5.4588224	5.6620795
4015.4604586605551049	0.014984373117257811583	-1.442779759883132229	-1524.592737566062624	296.12087826875421115	-40.91820302	0.00279762258675	0.000295448058401	8.00787187564e-06	1.00712894451e-05	5.4848285	5.5564542	5.489264	5.6046116
4016.4605733452463028	0.014890079813264756395	-1.4278427809384883762	-1524.4576442762768238	295.12993902305260008	-40.91540261	0.00280270685992	0.000345080279441	7.77023078672e-06	1.04632572026e-05	5.4904449	5.5262477	5.5113739	5.5572106
4017.4606880290552908	0.014771012887142047354	-1.4130094107613866417	-1524.3078146407990516	294.1411204739553682	-40.91259823	0.00280754167687	0.000394343788497	7.57069112381e-06	1.08380810086e-05	5.4978164	5.49599	5.5124069	5.5425483
4018.4608027137464887	0.014646168174333071624	-1.398299133380481285	-1524.1433945452424723	293.15462294329654469	-40.90978802	0.00281195407204	0.000443061291046	7.36317040386e-06	1.11937955587e-05	5.5066758	5.4660683	5.4944954	5.5455672
4019.4609173984381414	0.014521323458412027999	-1.3837137150323441936	-1523.9645425120802429	292.17063940637211772	-40.90697414	0.00281610221682	0.000491437233473	7.13396654813e-06	1.15352228717e-05	5.5166789	5.4368488	5.4731628	5.536297
4020.4610320831288846	0.014400560979830279162	-1.3692531557169951295	-1523.7714194313609823	291.18935686363408877	-40.90415534	0.00281986286408	0.000539082809679	6.89474393829e-06	1.1860712532e-05	5.5274621	5.4086634	5.4631454	5.4958078
4021.4611467669433296	0.014253901289620380874	-1.3549231366197289628	-1523.5641893774898108	290.21095614255045803	-40.90133344	0.00282338040123	0.000586270165103	6.69956080786e-06	1.21615457421e-05	5.5385458	5.3817478	5.4687541	5.440009
4022.4612614516349822	0.014101378719734063497	-1.3407438706567162967	-1523.3430333948374482	289.23560868865962448	-40.89850732	0.0028265481971	0.000632734292451	6.51093952839e-06	1.24388466295e-05	5.5494129	5.3563037	5.4894577	5.3916139
4023.4613761363261801	0.013948856147849986523	-1.3267171447567835951	-1523.1081444979192838	288.26347691302385101	-40.89567854	0.00282949593103	0.000678743354942	6.30905907888e-06	1.26996668504e-05	5.5595445	5.3324897	5.5222099	5.3658164
4024.4614908210169233	0.013799760357121973811	-1.312842958919930858	-1522.8597171715559853	287.29471626077003066	-40.89284658	0.00283215619458	0.000724028034399	6.0784946307e-06	1.29466160705e-05	5.5683941	5.3103542	5.5565426	5.3482939
4025.4616055050132672	0.013628844776211271675	-1.2991261405226193215	-1522.5979479936866028	286.32947504881497025	-40.8900126	0.00283463505104	0.000768855594751	5.87246945577e-06	1.31684176614e-05	5.575411	5.2899176	5.5806689	5.3174181
4026.4617201897044652	0.013453119776881350411	-1.2855836053027540622	-1522.3230470202574907	285.3678911728412686	-40.88717586	0.00283682230907	0.000812853789983	5.66947298556e-06	1.33642788226e-05	5.5802058	5.2711882	5.5898559	5.259751
4027.4618348743956631	0.013277394776655668251	-1.2722168152356112536	-1522.0352334758754296	284.41009273184255335	-40.88433738	0.00283882501944	0.000856327094227	5.45381549501e-06	1.35420966785e-05	5.5826624	5.2541658	5.5921411	5.1932229
4028.461949559086861	0.013104180389670094797	-1.2590257703211911178	-1521.7347270950758684	283.45620028819735126	-40.88149663	0.00284053522875	0.000898957564156	5.21752987134e-06	1.3698736554e-05	5.5826914	5.2388508	5.5969486	5.1427812
4029.4620642432992099	0.012914931921613321403	-1.2460140414679674592	-1521.4217485238475547	282.5063267784476011	-40.87865445	0.00284205978066	0.000941053067096	4.99957195024e-06	1.38263798587e-05	5.5802136	5.2252652	5.6132197	5.1166609
4030.4621789279904078	0.012722222884109079394	-1.2331939939700582443	-1521.0965274917987244	281.56057471601519637	-40.87581073	0.00284333344502	0.000982222565607	4.78566764481e-06	1.39269434778e-05	5.5753469	5.2134508	5.640072	5.10133
4031.4622936126820605	0.012529513847509837418	-1.22056667761053661	-1520.7592995921634156	280.61903691231958646	-40.87296605	0.00284444740217	0.00102280259855	4.56363274969e-06	1.40082600657e-05	5.5683786	5.2034367	5.6679664	5.0833938
4032.4624082973732584	0.012338385093599876438	-1.2081320923894136588	-1520.4103000434558908	279.68179851698607763	-40.87012017	0.00284528440179	0.00106247505998	4.32366964025e-06	1.40658612609e-05	5.559601	5.1951953	5.6872096	5.0622734
4033.4625229817820582	0.01213714405792005839	-1.1958924999265028166	-1520.0497638843346522	278.74893701940214896	-40.86727354	0.0028459445867	0.00110156811135	4.09205945075e-06	1.40954705442e-05	5.5492308	5.1886703	5.694251	5.0437846
4034.4626376664737109	0.011933749786283222999	-1.1838556727228721765	-1519.6779309858643501	277.8205203017504914	-40.86442651	0.00284637522119	0.00113968855192	3.86570783058e-06	1.40992009246e-05	5.5373978	5.1837988	5.6929915	5.0337427
4035.4627523511649088	0.011730355515075428091	-1.1720222631164118887	-1519.2950439925514274	276.89660728578240878	-40.86157924	0.00284665888108	0.00117718625753	3.63589490178e-06	1.40837032787e-05	5.5242291	5.1805132	5.6876902	5.0378949
4036.4628670358565614	0.011527334405719992516	-1.1603922711071108509	-1518.9013444471759158	275.97724947920096383	-40.85873187	0.00284668191201	0.00121371931621	3.39967887759e-06	1.40440587521e-05	5.5098128	5.1787302	5.6803683	5.0575194
4037.4629817204850042	0.011321923589372418287	-1.1489662320352567182	-1518.4970727078971322	275.06249111694478415	-40.85588443	0.0028465375855	0.00124963294702	3.16393043065e-06	1.39819147451e-05	5.4942009	5.1783334	5.6709652	5.0840798
4038.4630964051762021	0.011116006600770094587	-1.1377459802967642144	-1518.0824690303281841	274.1523687738012427	-40.85303757	0.0028461544271	0.00128454052325	2.93122981367e-06	1.38964897033e-05	5.477445	5.1792003	5.6593342	5.1077554
4039.4632110898678548	0.010910089612440717483	-1.1267316691615572033	-1517.6577730149808758	273.24691167091907573	-40.85019108	0.00284561746314	0.00131880020946	2.69872875662e-06	1.37920413967e-05	5.4596134	5.1812073	5.6442952	5.1187728
4040.4633257745590527	0.010703112209136975835	-1.1159232986296456769	-1517.223222644656289	272.34614221048042282	-40.84734555	0.00284482457775	0.00135209549981	2.46758944285e-06	1.36651467825e-05	5.440806	5.1842285	5.6226088	5.1113066
4041.4634404594144144	0.010502923231052977912	-1.1053193491297150786	-1516.7790538852170812	271.45007629594516629	-40.84450064	0.0028438664037	0.00138476792837	2.22383786274e-06	1.3525747314e-05	5.4211263	5.1881252	5.5907582	5.0987695
4042.4635551441051575	0.010304175672303338487	-1.0949146065506341063	-1516.3254972875693056	270.55872520259475777	-40.84165726	0.00284266379207	0.00141644527132	1.98197629048e-06	1.33691410717e-05	5.4006751	5.1927592	5.5454935	5.1002715
4043.4636698287963554	0.010105428112819636946	-1.0847086343230512018	-1515.8627791657315811	269.67209526846977496	-40.83881486	0.00284130285154	0.00144747807017	1.74568618883e-06	1.31951470824e-05	5.3795608	5.1979916	5.4882293	5.1219048
4044.4637845134880081	0.0099045244726054509216	-1.0747014324469663649	-1515.3911239464678147	268.79018688921775038	-40.83597442	0.00283969256119	0.00147753837084	1.51944186109e-06	1.30008714341e-05	5.3579	5.2036781	5.4240094	5.1466455
4045.4638991984884342	0.0097174060104634491647	-1.0648899234583864004	-1514.9107535712300887	267.91299497115011263	-40.83313525	0.00283792029274	0.00150696693492	1.27251876776e-06	1.28038861237e-05	5.3358097	5.2096742	5.3580441	5.1567524
4046.4640138831791774	0.0095332399834424756679	-1.0552634965841156678	-1514.4218808434156927	267.04051281408459317	-40.83029856	0.00283588273779	0.00153544625129	1.02480960936e-06	1.2596852095e-05	5.3134048	5.2158394	5.2947803	5.1563447
4047.46412856787083	0.0093490739563359612219	-1.045821256858297188	-1513.9247118532070999	266.17273119044642726	-40.82746348	0.00283367235381	0.00156330715117	7.85682075877e-07	1.23750398848e-05	5.2908164	5.2220349	5.2353439	5.1651307
4048.4642432525620279	0.0091622745392944439369	-1.0365632042809445057	-1513.4194507561633145	265.30963591062158002	-40.82463138	0.00283120912092	0.00159023410345	5.61448844319e-07	1.21370097e-05	5.2681812	5.2281173	5.180011	5.1923072
4049.4643579376047455	0.008992281496078561448	-1.0274856017072957481	-1512.9062991352657264	264.45120832019614454	-40.82180123	0.00282858068571	0.00161655084822	3.13900561376e-07	1.19039368e-05	5.245636	5.2339332	5.1290573	5.223009
4050.4644726222954887	0.0088259335538121864301	-1.0185754724443993879	-1512.3854480859884006	263.59743027550570105	-40.81897448	0.00282569995773	0.00164196301599	6.51593044401e-08	1.16664638771e-05	5.2233092	5.2393394	5.0827746	5.2417161
4051.4645873069866866	0.0086595856098442020726	-1.0098317102017808633	-1511.8570811083993704	262.74828285195070521	-40.81614997	0.00282265391462	0.00166678245864	-1.73128999905e-07	1.14169467392e-05	5.2013272	5.2442103	5.0422332	5.2535487
4052.4647019916783393	0.0084906225537771610329	-1.0012543149794403963	-1511.321379865481731	261.90374307878033733	-40.81332937	0.002819354699	0.00169073436668	-3.92284998908e-07	1.11548922703e-05	5.1798245	5.2484257	5.0094431	5.2735799
4053.4648166766951363	0.0083383155321282240863	-0.99283959961521417448	-1510.7785236062527474	261.06378441172660132	-40.81051135	0.00281588911289	0.00171411618055	-6.31501506188e-07	1.09017365217e-05	5.1589359	5.2518671	4.9864749	5.3158865
4054.4649313613867889	0.0081896728133670510658	-0.98457465768863372535	-1510.2286814933440837	260.22838191014693621	-40.80769775	0.00281218275629	0.00173664733693	-8.71208702655e-07	1.06494033375e-05	5.1387873	5.2544411	4.9753952	5.3745399
4055.4650460460775321	0.008041030093307841714	-0.97645837552903169687	-1509.6720153859994298	259.39751083910931584	-40.80488706	0.00280831772258	0.00175861787692	-1.10001816992e-06	1.03885815302e-05	5.1194861	5.2560738	4.9760206	5.4254091
4056.46516073076873	0.0078901061241406934138	-0.96849075313639687579	-1509.1086854696354749	258.57114318704344669	-40.8020812	0.00280422304343	0.00177977665412	-1.31087465585e-06	1.01187534232e-05	5.1010997	5.2566921	4.9797397	5.4440674
4057.4652754157259551	0.0077536835496940046536	-0.96066859437404583666	-1508.53884979059535	257.74924807123119308	-40.79927853	0.00279997658259	0.0018003989054	-1.53817440704e-06	9.85897317099e-06	5.0836854	5.2562303	4.9759265	5.4245819
4058.465390100417153	0.0076204958934863054748	-0.95298062306081587902	-1507.9626577172587076	256.93179645149717771	-40.79648117	0.00279551193093	0.00182025579317	-1.76283655439e-06	9.60270606837e-06	5.0672743	5.2546422	4.9571607	5.391948
4059.4655047851078962	0.0074873082377421495623	-0.94542585467823836431	-1507.3802522879359458	256.11875983417149882	-40.79368732	0.00279090265278	0.0018396053643	-1.97595589452e-06	9.34067949166e-06	5.0518127	5.2518889	4.930178	5.3734924
4060.4656194697995488	0.0073523327407908085213	-0.93800428922630330053	-1506.7917750411645557	255.31010705236101899	-40.79089922	0.00278608737296	0.00185821254391	-2.17307868504e-06	9.07359259295e-06	5.0372245	5.247941	4.9056176	5.3761096
4061.4657341546858333	0.0072287031514127767992	-0.93071343564126940429	-1506.1973656770833259	254.50580458457537247	-40.78811492	0.00278113515288	0.00187632621641	-2.38166249519e-06	8.81625684635e-06	5.0234216	5.2427817	4.8915591	5.3810832
4062.465848839377486	0.0071076354861095165233	-0.92354444424348169917	-1505.5971570480194259	253.7058203970643433	-40.78533673	0.00277599272272	0.00189372956743	-2.58723191881e-06	8.56320736603e-06	5.0102752	5.2364018	4.8877956	5.3690493
4063.4659635240686839	0.0069865678195738800671	-0.91649653439625700102	-1504.991276939558702	252.91012288146919218	-40.78256259	0.00277072348583	0.00191065937081	-2.78317364737e-06	8.3063942109e-06	4.9976432	5.2288084	4.8924635	5.3403898
4064.4660782087594271	0.0068642072574002085603	-0.90956970609959508778	-1504.3798517915383854	252.118678207749781	-40.77979493	0.00276528027614	0.00192691704033	-2.9640130165e-06	8.04681311441e-06	4.9854092	5.2200201	4.9034658	5.3145098
4065.4661928935834112	0.0067500408585587775775	-0.90276216576773959943	-1503.763006469496986	251.33145056060456568	-40.77703158	0.00275972075091	0.00194272533152	-3.15071176785e-06	7.79513551922e-06	4.973524	5.2100574	4.9181089	5.3083824
4066.4663075782746091	0.006637742617610044131	-0.89606750634289789037	-1503.1408607223875151	250.54840502160459437	-40.77427503	0.00275400397542	0.00195789272465	-3.33138365059e-06	7.54799896677e-06	4.9619444	5.1989597	4.9335883	5.3113823
4067.4664222629662618	0.0065254443766159086343	-0.88948515803807959301	-1502.5135304325258403	249.7695067750354383	-40.77152305	0.00274818176255	0.00197263039122	-3.50261202087e-06	7.29884543794e-06	4.9506569	5.1867772	4.9467771	5.2985715
4068.4665369476570049	0.0064122433390775054191	-0.88301512085329358914	-1501.8811302593931032	248.99471911748358366	-40.76877813	0.00274221331261	0.00198675288589	-3.66293599104e-06	7.04829478687e-06	4.9397227	5.1735636	4.9538456	5.2524684
4069.4666516324346048	0.0063047587389839345254	-0.87665614629275756542	-1501.2437734891966556	248.22400363202760332	-40.76603797	0.00273614652794	0.00200046171825	-3.82710034661e-06	6.80372852295e-06	4.9292124	5.1593885	4.9508911	5.1885321
4070.4667663171262575	0.0061985864505711011155	-0.87040375672704839438	-1500.601569616111874	247.45732227091698974	-40.76330517	0.00272994703592	0.00201358134639	-3.98619697433e-06	6.56335671531e-06	4.9191811	5.1443288	4.9383424	5.1307334
4071.4668810018174554	0.006092414163856004275	-0.86425755162467476911	-1499.9546251926160494	246.69463678742954471	-40.76057735	0.00272365805074	0.00202630363589	-4.13823698717e-06	6.32206508341e-06	4.9096561	5.1284765	4.9252845	5.0885419
4072.4669956865081986	0.0059856117748794028868	-0.85821753098563646756	-1499.3030456432395567	245.93590730170694769	-40.75785715	0.00271725251651	0.00203846867582	-4.27916627749e-06	6.08116742526e-06	4.9006617	5.1119375	4.9217762	5.0551873
4073.4671103712566946	0.00588279680116821687	-0.85228282515842113121	-1498.6469351652590376	245.18109243203744541	-40.7551421	0.00271076816009	0.00205025684756	-4.42043961379e-06	5.84541156084e-06	4.892203	5.0948211	4.9308124	5.0248229
4074.4672250559478925	0.005780901248299174372	-0.84645030730964387899	-1497.9863950783001201	244.43015079613076068	-40.75243484	0.00270418468836	0.00206150564832	-4.55630645593e-06	5.6130415072e-06	4.8842505	5.0772521	4.9429887	5.0002117
4075.4673397406395452	0.005679005694980654613	-0.84071969670001811537	-1497.3215244053483275	243.68304060781377984	-40.74973286	0.00269753399259	0.0020723886257	-4.68610293825e-06	5.38019974624e-06	4.8767698	5.0593605	4.9476274	4.9865399
4076.4674544253307431	0.0055766753368909688024	-0.83509099332954928041	-1496.652421117200447	242.93971865097694263	-40.7470389	0.0026907961788	0.00208275639961	-4.80865726663e-06	5.14844739325e-06	4.8697252	5.0412609	4.9390852	4.9806576
4077.4675691100578661	0.0054770956742292839156	-0.8295635977117544746	-1495.9791820691350495	242.20014037919591487	-40.7443504	0.0026839991086	0.00209277373963	-4.93179167184e-06	4.92080412467e-06	4.86308	5.0230476	4.9258589	4.9685917
4078.4676837947495187	0.0053781517179811765342	-0.82413535155011130584	-1495.3019018883167064	241.46426098476752031	-40.74167006	0.00267711926208	0.00210229067638	-5.04878779853e-06	4.6966111999e-06	4.8567952	5.0048073	4.9189304	4.9386218
4079.4677984794407166	0.0052792077646713394395	-0.81880606069039074679	-1494.6206733687056385	240.73203511847319191	-40.7389953	0.00267018295097	0.00211146627076	-5.16008139616e-06	4.47275366325e-06	4.8508293	4.9865854	4.926269	4.8968472
4080.4679131641319145	0.0051799810688627464031	-0.81357572513259024394	-1493.935588316541498	240.0034161689522989	-40.73632885	0.00266319525496	0.00212016412389	-5.26409512487e-06	4.25044996217e-06	4.8451355	4.9684113	4.9420736	4.8560155
4081.4680278488453951	0.005082542911955568142	-0.8084439551654707401	-1493.2467375149763029	239.2783563365145767	-40.73366809	0.00265617240712	0.00212853515982	-5.36682470178e-06	4.03136580418e-06	4.8396655	4.9503064	4.956618	4.8258466
4082.468142533536593	0.0049855183792438554843	-0.80340934719350298732	-1492.5542100187421966	238.55680735222756539	-40.73101569	0.00264909854103	0.0021364360391	-5.46372714355e-06	3.81453903905e-06	4.8343701	4.9322645	4.9623698	4.8046868
4083.4682572182277909	0.00488849384614262715	-0.79847177488205600682	-1491.8580934095753037	237.83872029840702567	-40.72836902	0.00264198967405	0.00214401436906	-5.55580073394e-06	3.59786061213e-06	4.8292009	4.9142735	4.9594095	4.7882188
4084.4683719029194435	0.0047913214923613334228	-0.79363123823112757815	-1491.1584743396033446	237.12404513692328578	-40.72573083	0.00263483551121	0.0021511539869	-5.64046485899e-06	3.38268274387e-06	4.8241099	4.8963228	4.9494554	4.7742987
4085.4684865876211006	0.0046950842648647937022	-0.78888753345186457544	-1490.4554385207782161	236.41273075894804379	-40.72309849	0.00262765018439	0.00215799176672	-5.72215374418e-06	3.1695728942e-06	4.819052	4.8784059	4.934656	4.7660975
4086.4686012723118438	0.0045990631975257462161	-0.7842399267725044254	-1489.749070368645107	235.704725380620431	-40.72047468	0.00262043164821	0.0021643905821	-5.79773009442e-06	2.95858762178e-06	4.8139906	4.8605176	4.9182745	4.7675016
4087.4687159570034964	0.0045030421270157864125	-0.77968835217415710659	-1489.039453139020452	234.99997645855987116	-40.71785677	0.00261319019833	0.00217048652225	-5.86886360951e-06	2.74823430265e-06	4.8088896	4.8426704	4.9037457	4.7766975
4088.4688306416946944	0.0044070122853278525729	-0.77523280965682894728	-1488.3266692126526323	234.29843044999478252	-40.71524743	0.0026059276043	0.00217616709623	-5.93399450953e-06	2.53913818748e-06	4.8037218	4.8249054	4.8924001	4.782413
4089.4689453263872565	0.0043110379563536692024	-0.77087328711774749657	-1487.6108001100324145	233.60003283667683149	-40.71264403	0.0025986503796	0.00218156025816	-5.99550443119e-06	2.33074155602e-06	4.7984767	4.8072669	4.8814291	4.7728764
4090.4690600110779997	0.004215076446063550572	-0.7666097410091959885	-1486.8919264814810504	232.90472817429559882	-40.71004925	0.00259135897623	0.00218655968075	-6.05116546333e-06	2.12397216713e-06	4.7931459	4.7898148	4.8675504	4.7473695
4091.4691746957691976	0.004119114934251563373	-0.76244216741704817775	-1486.1701281264040517	232.21246011247978913	-40.70746046	0.00258405773393	0.00219128587767	-6.10315990958e-06	1.91808433551e-06	4.7877274	4.7726268	4.8481144	4.7178919
4092.4692893804608502	0.0040232724935564574686	-0.75837056634130417532	-1485.4454840216153571	231.52317140511016191	-40.70488029	0.00257674885833	0.00219562822985	-6.14812001933e-06	1.71356336127e-06	4.7822272	4.75578	4.8213021	4.6958026
4093.4694040651447722	0.0039266765227265222615	-0.75439510214152216694	-1484.71807235840879	230.83680391066914694	-40.70230612	0.00256943467067	0.002199703462	-6.18728872341e-06	1.50868335682e-06	4.776652	4.7393391	4.7857013	4.6822469
4094.4695187498355153	0.0038299068549677898164	-0.75051636567220425533	-1483.9879708403861969	230.15329831310700115	-40.69974057	0.00256212467027	0.00220340728625	-6.21990095931e-06	1.30457101982e-06	4.7710066	4.7233623	4.7464118	4.6736284
4095.469633434527168	0.0037331371857935611788	-0.74673440996934992153	-1483.2552565990183666	229.47259424318045262	-40.69718104	0.00255481759212	0.00220685190781	-6.24889053465e-06	1.10130173105e-06	4.7652944	4.7079066	4.7142132	4.6674698
4096.4697481192188206	0.0036365506177606773605	-0.74304923503296271825	-1482.5200059951646381	228.79463052727288641	-40.69463007	0.00254752172366	0.00220994621661	-6.27438698627e-06	8.98817114226e-07	4.7595179	4.6930271	4.698754	4.6644609
4097.4698628039004689	0.0035388050436919991394	-0.73946109380157409863	-1481.7822946657151988	228.11934517737998362	-40.69208508	0.00254023370065	0.00221279534757	-6.29584625106e-06	6.95018807474e-07	4.7536717	4.6787772	4.6966884	4.6657863
4098.4699774885921215	0.0034407927594695764464	-0.7359708946731394752	-1481.0421979695308892	227.4466749405903272	-40.68954859	0.00253296917566	0.00221530564899	-6.30956113143e-06	4.90430625833e-07	4.7477471	4.6651851	4.6973309	4.6711995
4099.4700921732828647	0.0033427804750770086055	-0.73257871907020155611	-1480.2997908547745283	226.77655547411006864	-40.68701805	0.0025257211434	0.00221757813344	-6.3190643691e-06	2.85908984168e-07	4.7417353	4.6522511	4.6905965	4.6788444
4100.4702068579745173	0.0032448960018992747262	-0.72928456699275412412	-1479.5551475535542068	226.10892171824013985	-40.68449618	0.00251846466598	0.00221952639974	-6.32314811754e-06	8.42493350145e-08	4.7356257	4.6399689	4.6758123	4.6874104
4101.470321542660713	0.0031462023121662874639	-0.72608861513413469613	-1478.8083416170129567	225.44370789975954494	-40.68198041	0.0025112022442	0.00222124645608	-6.32244999282e-06	-1.16671474639e-07	4.7294063	4.6282967	4.6590092	4.7004902
4102.4704362273514562	0.0030473227083027136682	-0.72299149747264612742	-1478.0594462288083832	224.78084722019096375	-40.67947309	0.00250398071526	0.00222265934112	-6.31604922878e-06	-3.1745505426e-07	4.7230655	4.6171754	4.6460325	4.7239676
4103.4705509120421993	0.0029484431033932850634	-0.71999327075572328027	-1477.3085341208193313	224.12027198654155313	-40.67697172	0.00249678805186	0.00222385539936	-6.30659227221e-06	-5.17668101275e-07	4.7165931	4.6065443	4.6363374	4.7573519
4104.470665596733852	0.0028494912921615696798	-0.71709393498336349015	-1476.5556773702273858	223.46191388114780807	-40.67447889	0.00248959658204	0.00222475219274	-6.29114393525e-06	-7.15321323229e-07	4.7099801	4.5963392	4.6237538	4.7816925
4105.4707802814282331	0.002750996728594136756	-0.71429339026918658995	-1475.8009473994643486	222.80570400617065729	-40.67199209	0.00248240595713	0.00222543713903	-6.2726461108e-06	-9.10455237365e-07	4.7032173	4.5864957	4.6028433	4.7754117
4106.4708949661198858	0.0026526070618045787843	-0.71159127851909731444	-1475.0444148297001448	222.1515730981573995	-40.66951355	0.00247526238037	0.00222584347068	-6.24927363963e-06	-1.10492371186e-06	4.6962963	4.5769642	4.5785272	4.7367386
4107.471009650810629	0.0025542173947299649794	-0.70898756771939508425	-1474.2861495564529832	221.49945148922526528	-40.66704087	0.00246815220337	0.00222605201223	-6.22252554858e-06	-1.29916431263e-06	4.6892086	4.5677119	4.5621698	4.6874557
4108.4711243355013721	0.0024554280413791561288	-0.70648225787007745691	-1473.526220891777939	220.84926898872419088	-40.66457659	0.00246106295151	0.00222599882239	-6.18982709829e-06	-1.49040961757e-06	4.6819473	4.558711	4.5632555	4.6472604
4109.4712390202075767	0.0023591701401055147069	-0.70407479574755782448	-1472.7646975099055453	220.2009549920489917	-40.66211829	0.00245398859678	0.00222575929957	-6.1575404165e-06	-1.67560929322e-06	4.6745151	4.5499556	4.5773886	4.6165079
4110.4713537048992293	0.0022634922532741245244	-0.70176319947665311005	-1472.0016465625658384	219.55443957158669832	-40.65966811	0.00244696974089	0.00222526673795	-6.11894837368e-06	-1.85812246375e-06	4.6669178	4.5414487	4.5942481	4.5889459
4111.471468389590882	0.0021678143647705710659	-0.69954729206594434832	-1471.2371340073798365	218.90965315252580581	-40.65722371	0.00243999050829	0.00222459351979	-6.07450605046e-06	-2.04019577974e-06	4.6591635	4.5332003	4.6053044	4.561294
4112.4715830742816252	0.0020713376693493826958	-0.69742707351543364869	-1470.4712252993001584	218.26652574779768656	-40.65478748	0.00243303683098	0.00222369635208	-6.02331574108e-06	-2.21971129583e-06	4.6512771	4.525229	4.6100204	4.5347424
4113.4716977589960152	0.001979921070839708603	-0.69540143759369787979	-1469.703985272615455	217.62498714259604071	-40.65235712	0.00242610145065	0.00222263884179	-5.97606703782e-06	-2.3896048615e-06	4.6432875	4.5175539	4.6100337	4.5106742
4114.4718124436876678	0.0018896625462488823508	-0.69346642389426571551	-1468.9354763707635811	216.98496906612928115	-40.64993464	0.00241923833382	0.00222136759821	-5.92723530831e-06	-2.55477403894e-06	4.6352276	4.5101947	4.6076396	4.4891493
4115.4719271283793205	0.0017994040224249762631	-0.69162167906996185884	-1468.1657592742403722	216.34640451168769459	-40.64751784	0.00241242710288	0.0022199428921	-5.87418369671e-06	-2.71956922483e-06	4.6271467	4.5031717	4.6069316	4.4696254
4116.4720418130700637	0.001707953533601766407	-0.68986720312078775308	-1467.3948942469212398	215.70922617275536481	-40.645109	0.00240565401872	0.00221831763873	-5.81201234648e-06	-2.88195255478e-06	4.6190972	4.4965009	4.6122791	4.4517467
4117.4721564977917296	0.0016240547415374729113	-0.68820134452115944157	-1466.6229409574818874	215.07336669917651761	-40.64270589	0.00239890840204	0.00221654798182	-5.75600619777e-06	-3.03102339732e-06	4.6111395	4.4901885	4.624881	4.4355372
4118.4722711824824728	0.0015418823379229522688	-0.68661819443953320263	-1465.8499558488952061	214.43876194382374933	-40.64031046	0.00239222882221	0.00221460494846	-5.69857479261e-06	-3.17327610326e-06	4.6033434	4.4842429	4.640376	4.421052
4119.4723858671741255	0.0014597099344829346165	-0.68511722618521619932	-1465.0759930535191415	213.80534992458592569	-40.63792057	0.00238559692693	0.00221253672166	-5.6353380738e-06	-3.31516058719e-06	4.5957772	4.478664	4.6539435	4.4081427
4120.4725005518657781	0.0013760267389086562953	-0.68369843975820987492	-1464.3011063716403442	213.17306846432586553	-40.63553842	0.0023790064217	0.00221031978832	-5.56364536396e-06	-3.45460246521e-06	4.5885129	4.4734442	4.663866	4.3965326
4121.4726152365874441	0.0013019167670002035515	-0.68235974070964822147	-1463.5253490452478218	212.54185550208850941	-40.63316187	0.00237244588858	0.00220799517093	-5.50166416166e-06	-3.57768251786e-06	4.5816265	4.4685715	4.6718316	4.3861329
4122.4727299212790967	0.0012299926198073986121	-0.6810936408306001999	-1462.7487704390757699	211.91165321920624365	-40.63079274	0.00236596257366	0.00220553182314	-5.43982643801e-06	-3.69250061334e-06	4.575188	4.4640262	4.6795263	4.3773899
4123.4728446059698399	0.0011580684741599447593	-0.67989947334677869328	-1461.9714171819011881	211.28240670374239585	-40.628429	0.00235953533387	0.00220296773066	-5.37194984617e-06	-3.80713368182e-06	4.5692562	4.4597903	4.6864433	4.3708122
4124.4729592906614926	0.0010844061935660659519	-0.67877723825818148118	-1461.1933356467627618	210.65406093728071824	-40.62607273	0.00235315654586	0.00220028469808	-5.29357205357e-06	-3.91970227105e-06	4.5638852	4.455835	4.6905715	4.3663122
4125.4730739753795206	0.0010206429475816515898	-0.6777245243174835343	-1460.4145716909181374	210.02656114346848426	-40.62372191	0.00234681304275	0.00219751504763	-5.22548289297e-06	-4.01407513443e-06	4.5591261	4.4521234	4.6902439	4.3632895
4129.4735327163607508	0.00078830648142131504175	-0.67411548950260180568	-1457.2934909557834544	207.52406083886600641	-40.61438286	0.00232206643226	0.0021856730192	-4.9342455661e-06	-4.3289717238e-06	4.5466303	4.4390391	4.6693326	4.3594338
4133.4739914570045585	0.00060873740742993444515	-0.67133125955832262388	-1454.1644693920341069	205.03149512784716535	-40.60514124	0.00229820490819	0.00217303607587	-4.62943198168e-06	-4.5159139837e-06	4.5443814	4.4272063	4.6378611	4.3690905
4137.4744501973909792	0.0004871442118394651963	-0.66915053581129724236	-1451.0293169123049211	202.54664448818022038	-40.59599334	0.00227528176738	0.00216023148309	-4.31832673391e-06	-4.57029670463e-06	4.5505763	4.4156969	4.5915946	4.3792824
4141.4749089376064148	0.00042903432749973849543	-0.66733028060277688187	-1447.8892516369069199	200.06800458562278777	-40.58693568	0.00225323702634	0.00214781344957	-4.01841892953e-06	-4.48318646511e-06	4.5626912	4.4057234	4.5993566	4.3964678
4145.4753676776963403	0.00043736741976816724932	-0.6656095876028047531	-1444.7448576521858286	197.59485828166327792	-40.57796436	0.00223210130024	0.00213627093802	-3.74647972659e-06	-4.25655112786e-06	4.5777053	4.4007611	4.6121641	4.4205754
4149.4758264175743534	0.00050724348302831482379	-0.66373023610698567154	-1441.5960686597109088	195.1273102497963805	-40.56907593	0.00221179106168	0.0021260251514	-3.5237855236e-06	-3.9030151714e-06	4.5922598	4.4061694	4.6189503	4.4511416
4153.4762851569021223	0.00062121543556005519391	-0.66147828429840460629	-1438.4422276692200739	192.66622301859501931	-40.56026655	0.00219228943867	0.00211724148487	-3.34549037349e-06	-3.46607453586e-06	4.6026591	4.4276245	4.6177612	4.4843336
4157.4767438951848817	0.00074984617261284142262	-0.65873452825416523027	-1435.2822640748076992	190.21300265411321107	-40.5515337	0.00217365592437	0.0021100538731	-3.19213143608e-06	-2.99952225902e-06	4.6049709	4.4655276	4.6112702	4.4859647
4161.477202632197077	0.00085901995842889010847	-0.65550896392864566042	-1432.1149795676558369	187.76924221347016442	-40.5428739	0.0021558647729	0.00210438619084	-3.02361788074e-06	-2.57903791225e-06	4.5956073	4.501058	4.5926444	4.5031538
4165.4776613683952746	0.00092123802493746561725	-0.65193705239501476001	-1428.9393713238725923	185.33630871958919784	-40.53428372	0.00213885846648	0.00210010340968	-2.81558734113e-06	-2.26594408233e-06	4.57267	4.5136866	4.5582881	4.5391951
4169.4781201047690047	0.00092542141974697150319	-0.64823262510335355469	-1425.754885851894187	182.91500657031986066	-40.52576018	0.00212257708577	0.00209700583446	-2.55952323004e-06	-2.08291327837e-06	4.5381745	4.5174936	4.5374245	4.5241134
4173.4785788422304904	0.00088044527558401295721	-0.64461374115554215258	-1422.5615146149850716	180.50543548868043331	-40.51730037	0.00210695882867	0.0020948728412	-2.26036963244e-06	-2.01270804315e-06	4.4999788	4.5233192	4.5068505	4.4986274
4177.4790375810225669	0.00081095219697437743913	-0.64122961443661974368	-1419.3597037085392003	178.10708985783642788	-40.50890181	0.00209199192677	0.00209353169542	-1.95953249309e-06	-2.00191962485e-06	4.4697492	4.5307688	4.4633609	4.4866999
4181.4794963207286855	0.0007462582445024286892	-0.63811883005399716584	-1416.1501227960368396	175.71915192324098598	-40.50056183	0.00207760999103	0.00209281244546	-1.68497414415e-06	-1.99162423644e-06	4.455362	4.5387692	4.4255515	4.4893443
4185.4799550608177015	0.00070858069856137659986	-0.63521557482747081913	-1412.9333959861344283	173.34084842929476622	-40.49227815	0.00206382246352	0.00209270617597	-1.45108834844e-06	-1.93492807258e-06	4.4544586	4.546183	4.4382068	4.4847085
4189.4804138009349117	0.00070859457871969521153	-0.6323883853623436524	-1409.7098974426455698	170.97173116733719667	-40.48404848	0.00205057072624	0.00209328307442	-1.25856009401e-06	-1.81126595397e-06	4.459433	4.5521322	4.4340133	4.4882162
4193.4808725408083774	0.00074632589550773799879	-0.62948456032559263473	-1406.4796535992725239	168.61181939208435665	-40.4758709	0.00203778632177	0.00209463049299	-1.10686463585e-06	-1.6199933812e-06	4.4670921	4.5562077	4.4159148	4.5026021
4197.4813312801670691	0.00081244277872038236487	-0.62637030301805729504	-1403.2423467917280959	166.26160624887930339	-40.46774376	0.00202544376128	0.00209685835471	-9.81193205169e-07	-1.37857018983e-06	4.4770874	4.5585193	4.4188033	4.5305456
4201.481790018794527	0.00089079497128663877401	-0.62296352246360209293	-1399.997405477383154	163.92194590891045891	-40.45966529	0.00201344617789	0.00210003540303	-8.72225011468e-07	-1.12138015169e-06	4.4884693	4.5595976	4.4210853	4.5381133
4205.4822487567043936	0.00096269116859872190008	-0.6192519075789804095	-1396.7441543732161335	161.59385463073232359	-40.45163406	0.0020018207394	0.00210417689666	-7.58573722305e-07	-8.85545235199e-07	4.5001138	4.5601844	4.4274359	4.5596091
4208.4825928107784421	0.0010062544155552269939	-0.61629954355148208744	-1394.2983868524702302	159.85595959988631876	-40.44564105	0.00199323209028	0.00210787385392	-6.65941571288e-07	-7.3848947667e-07	4.5083972	4.5607501	4.4212894	4.5856852
4209.4827074954555428	0.0010154425905876778014	-0.61528833170224472848	-1393.481978613928959	159.27828591575018891	-40.44364891	0.00199042421471	0.00210920921332	-6.31795677427e-07	-6.98434417921e-07	4.5110035	4.5610177	4.4219413	4.5952251
4210.4828221801471955	0.0010233775812013227568	-0.61426880470539046986	-1392.6649841606788414	158.70144160464499805	-40.44165985	0.00198761949079	0.00211059830522	-5.96335329524e-07	-6.63512495317e-07	4.5135162	4.561339	4.4253148	4.6061547
4211.4829368648388481	0.0010313125716780674555	-0.61324134180809786177	-1391.8473997387634427	158.12543378561488794	-40.43967331	0.00198481735627	0.00211203154417	-5.63360149982e-07	-6.29024498297e-07	4.5159294	4.5617196	4.429978	4.6205323
4212.4830515495305008	0.0010400763744357038182	-0.61220594301036712626	-1391.0292216401701353	157.5502695550160297	-40.43768983	0.00198204598811	0.00211351330596	-5.3340416475e-07	-5.94802299653e-07	4.5182371	4.5621654	4.4344138	4.6386759
4213.4831662342094205	0.001043524317827507035	-0.61116380304335815588	-1390.2104463268929067	156.97595580942433457	-40.43570886	0.00197929996833	0.00211503504568	-4.98687805862e-07	-5.68531294329e-07	4.5204338	4.5626823	4.4373174	4.6544516
4214.4832809189001637	0.0010458579570967320264	-0.61011899209588960069	-1389.3910721030763398	156.40249685458186946	-40.43373088	0.00197655128833	0.00211659921792	-4.62885460052e-07	-5.47015212363e-07	4.5225172	4.5632735	4.4378524	4.6602956
4215.4833956035918163	0.0010481915969118682074	-0.60907184724140750465	-1388.5710985023670219	155.82989526073251341	-40.43175536	0.00197380041047	0.00211819844774	-4.29365598724e-07	-5.26033091829e-07	4.5244867	4.5639399	4.4352464	4.6538937
4216.483510288283469	0.0010510688659692666181	-0.6080223684799126449	-1387.7505250874803551	155.2581535694833974	-40.42978284	0.00197107833122	0.00211983614947	-3.98717379791e-07	-5.05158194823e-07	4.5263423	4.5646828	4.4294954	4.6421116
4217.4836249729660267	0.001050457063900199885	-0.6069713410676983445	-1386.9293515254541944	154.68727418512366967	-40.4278128	0.00196838011159	0.00212150572515	-3.6571862448e-07	-4.89466055774e-07	4.5280836	4.5655034	4.4241573	4.6323608
4218.4837396576576793	0.0010491171492825962855	-0.60592143356652483632	-1386.1075786780520502	154.11725780121122398	-40.42584568	0.00196567997825	0.00212320768492	-3.32555481974e-07	-4.76955003557e-07	4.5297125	4.5664005	4.4238224	4.6267065
4219.4838543423484225	0.0010477772363305826609	-0.60487286613264668045	-1385.285208200461966	153.54810396570050557	-40.42388099	0.00196297825495	0.00212493654963	-3.01339583887e-07	-4.64847942345e-07	4.5312324	4.5673719	4.4325652	4.6232826
4220.4839690270400752	0.0010467210184136707847	-0.60382563876606187847	-1384.4622417595771822	152.97981220234083821	-40.42191923	0.00196030717109	0.00212669648056	-2.72470698478e-07	-4.5286155775e-07	4.5326464	4.568415	4.4490532	4.6204129
4221.4840837117271803	0.0010438427991498213081	-0.60278016209868900965	-1383.6386810702897492	152.41238195773814823	-40.4199599	0.00195766161362	0.00212848229344	-2.43102151539e-07	-4.43647018885e-07	4.5339578	4.569527	4.468733	4.6177405
4222.4841983964179235	0.0010405860490102988858	-0.60173782814894860582	-1382.8145284612289743	151.84581177766025917	-40.41800345	0.00195501603778	0.00213029132437	-2.14514804855e-07	-4.36296235455e-07	4.5351709	4.5707041	4.4870554	4.6152962
4223.4843130811095762	0.0010373292990221471329	-0.60069875132225059033	-1381.9897866657090617	151.28009960414419766	-40.41604938	0.00195237044661	0.00213211975268	-1.87667485386e-07	-4.29328043771e-07	4.5362907	4.5719413	4.5017864	4.6132164
4224.4844277658003193	0.0010342204113960328828	-0.5996629316185965175	-1381.1644584167847825	150.71524336169764524	-40.41409818	0.0019497533629	0.00213396672582	-1.63570431782e-07	-4.22583150677e-07	4.537322	4.5732337	4.5140028	4.6118301
4225.484542450490153	0.0010301612759288933732	-0.59863058349227493693	-1380.3385464661776041	150.15124092948022394	-40.41214937	0.00194716016187	0.00213582923526	-1.40505534173e-07	-4.17425386833e-07	4.5382695	4.574576	4.5250351	4.6114772
4226.4846571351808961	0.0010259055911840484626	-0.59760243215925790139	-1379.5120538774642682	149.58808971069058202	-40.41020336	0.00194456521145	0.00213770446434	-1.18595476326e-07	-4.13489532721e-07	4.5391385	4.5759623	4.5358432	4.6123133
4227.4847718198725488	0.0010216499061870430633	-0.59657853699877938514	-1378.6849839173435157	149.02578678857611294	-40.40825972	0.00194196879136	0.00213959037922	-9.82232922165e-08	-4.09965454436e-07	4.5399346	4.5773859	4.5460295	4.6143262
4228.4848865045642015	0.0010174756541091048781	-0.59555889801084027635	-1377.8573398461460329	148.46432923248747215	-40.40631889	0.00193939934315	0.00214148585486	-7.9198691922e-08	-4.06574035183e-07	4.5406633	4.5788402	4.5548865	4.6174737
4229.4850011892540351	0.0010127777281230137835	-0.59454363353865691266	-1377.0291249285048707	147.90371408212726578	-40.40438043	0.00193685261713	0.00214338938487	-6.0613670283e-08	-4.04070373425e-07	4.5413302	4.5803182	4.5617744	4.6215365
4230.4851158739456878	0.0010079719545141039086	-0.59353314282263835988	-1376.2003425939190038	147.34393810970249206	-40.40244473	0.00193430448175	0.00214529823914	-4.20608825124e-08	-4.02433366267e-07	4.5419409	4.5818127	4.5667587	4.6262143
4231.4852305586364309	0.0010031624843333324885	-0.59252745843085341537	-1375.3709963770263585	146.78499790649939882	-40.40051136	0.00193175515576	0.00214721159127	-2.3849253622e-08	-4.01188984227e-07	4.5425015	4.5833158	4.5703248	4.631499
4235.4856892974048606	0.00098354283528384123594	-0.58855276208479756495	-1372.0480430092989081	144.55752625297944292	-40.39280349	0.00192172718373	0.00215493208377	4.52514150522e-08	-4.01014680798e-07	4.5443624	4.5892557	4.5758803	4.6686915
4239.4861480365352691	0.00096586600162509611989	-0.58465238896856508433	-1368.7163461327070308	142.34315371105182635	-40.38513556	0.00191180104751	0.00216274657261	1.0612480129e-07	-4.04210172874e-07	4.5458946	4.5946901	4.5666181	4.6594425
4243.4866067759567159	0.00095278015860976396269	-0.58081363633165650207	-1365.3761088379749253	140.14168481895717377	-40.37750721	0.00190195680742	0.00217058969727	1.49725967256e-07	-4.04301564437e-07	4.5474371	4.5991253	4.5499376	4.6640027
4247.4870655154836641	0.00094570129927330933133	-0.57701559545189262668	-1362.0274940343849721	137.95297977262521272	-40.36991815	0.00189218213588	0.0021784709035	1.83815969037e-07	-3.97702027987e-07	4.5492451	4.6021718	4.509294	4.6831059
4251.4875242549014729	0.00094427933836604917208	-0.57323499416907763848	-1358.6706135127521975	135.77697328770423724	-40.36236824	0.00188243384884	0.00218641169208	2.06655023862e-07	-3.83316738232e-07	4.551462	4.6036011	4.5200889	4.6901167
4255.4879829940828131	0.00094682255045657761315	-0.56945243058602446062	-1355.3055310256909252	133.61367236217074606	-40.35485717	0.00187271917574	0.00219438656311	2.21918706134e-07	-3.65958419327e-07	4.5541212	4.6032767	4.5270044	4.6536278
4259.4884417330267752	0.00095135510072060576643	-0.5656558418982381431	-1351.9322761227026604	131.4631370202532139	-40.3473849	0.00186296975314	0.00220239960132	2.305712779e-07	-3.48788546348e-07	4.5571727	4.6010941	4.5190458	4.6401738
4263.4889004717970238	0.00095632651818519198543	-0.5618403197894737966	-1348.5508609211135536	129.32545558008595776	-40.33995165	0.00185323572289	0.00221044067968	2.38855349907e-07	-3.32117171269e-07	4.5605173	4.5969739	4.5205764	4.5886387
4267.4893592104444906	0.00096064742773600798279	-0.55800625316541196952	-1345.1612938252408185	127.20072373381523789	-40.33255733	0.00184347093562	0.00221847502997	2.44446224724e-07	-3.20261139364e-07	4.5640368	4.5908897	4.5373699	4.5553606
4271.4898179490128314	0.00096358244894601734285	-0.55415766905791508101	-1341.7635890124699927	125.08902953897766963	-40.32520222	0.00183367984337	0.00222650435642	2.45090659294e-07	-3.12142635018e-07	4.5676162	4.5828998	4.5370642	4.5328989
4275.4902766875429734	0.0009647158424718480299	-0.55030088161903101263	-1338.3577725134637149	122.99044328675093141	-40.31788627	0.00182387393187	0.00223452236796	2.41508839652e-07	-3.10420074815e-07	4.5711602	4.573155	4.5171806	4.5242384
4279.4907354260822103	0.0009639958402856657442	-0.54644314928451254154	-1334.9438853321007628	120.90501177597099058	-40.3106097	0.00181401307728	0.002242492992	2.34943929364e-07	-3.14560440801e-07	4.5746023	4.5618817	4.5258856	4.5311693
4283.4911941646769264	0.00096174899959682177367	-0.54259120597275101172	-1331.5219835241969122	118.83275736354897845	-40.30337263	0.00180411411217	0.00225037734977	2.31051173071e-07	-3.24274822529e-07	4.577909	4.5493468	4.5259623	4.5574792
4287.491652903362592	0.00095861408461280547127	-0.53874988369287468704	-1328.0921352783996099	116.77368197577901299	-40.29617527	0.00179415230407	0.00225820766358	2.27122067031e-07	-3.37904449204e-07	4.5810756	4.5358671	4.5137316	4.5334172
4291.492111642153759	0.00095541119659411856586	-0.53492112146662107452	-1324.6544156128850318	114.72777531331296075	-40.28901782	0.00178411820657	0.00226596326917	2.18971129494e-07	-3.53983738656e-07	4.5841221	4.5218214	4.4916279	4.5103723
4295.4925703810476989	0.000952984698486084871	-0.53110354589595965003	-1321.2088997823168484	112.69502561264476981	-40.28190072	0.00177402740274	0.00227364789553	2.15826027098e-07	-3.6858251625e-07	4.5870941	4.5075922	4.5594698	4.5011421
4299.4930291200225838	0.00095205756956435853584	-0.52729265601231889438	-1317.7556566630744328	110.67543092269012561	-40.27482408	0.00176386555493	0.00228123745354	2.15260381372e-07	-3.81967262291e-07	4.5900494	4.4935077	4.6055453	4.5073492
4303.4934878590493099	0.00095312295984834516024	-0.52348151678870369352	-1314.2947432587752701	108.66900894371855202	-40.26778841	0.00175361108104	0.00228880701816	2.13315798505e-07	-3.90014812624e-07	4.5930327	4.4798284	4.6373124	4.5007726
4307.493946598088769	0.00095638651652273933522	-0.51966178759765124795	-1310.8262011403664928	106.67580392788217125	-40.2607938	0.00174329927216	0.00229635248651	2.14337840656e-07	-3.94635292028e-07	4.5960521	4.4668449	4.654011	4.5155191
4311.4944053371073096	0.00096175824555244692274	-0.51582488432074757867	-1307.3500552169755338	104.69588978675164981	-40.25384044	0.00173290584527	0.00230388137003	2.15266606352e-07	-3.97557421281e-07	4.5990626	4.4548621	4.6551194	4.4839946
4315.4948640760740091	0.00096888652484537188172	-0.51196309278355289774	-1303.8663148306666244	102.72936921675683664	-40.24692884	0.00172244672044	0.00231142340414	2.16142112749e-07	-3.97911974356e-07	4.6019615	4.4438919	4.6408661	4.4685806
4319.49532281496613	0.00097721974985378657654	-0.50807049192174413843	-1300.3749768433735881	100.77636922410923148	-40.24005934	0.00171187046844	0.00231897912825	2.15811152271e-07	-3.97461603372e-07	4.6045952	4.4339039	4.6365208	4.4389192
4323.4957815537691204	0.00098608321205306413877	-0.50414360049454975954	-1296.876030173195204	98.837033834229302443	-40.23323245	0.00170119738468	0.00232654310024	2.18491007604e-07	-3.96714206567e-07	4.6067747	4.4252157	4.6683573	4.4208223
4327.4962402924811613	0.00099471427587816845829	-0.50018170363198688477	-1293.3694611335272384	96.911515006238232672	-40.22644861	0.0016903938922	0.00233413992657	2.21339285737e-07	-3.96761158959e-07	4.6082972	4.4185401	4.6813967	4.4181373
4330.4965843465024591	0.0010005145613597072902	-0.49718839060705982691	-1290.7345254005729203	95.476533680737901477	-40.22138918	0.00168219979292	0.00233984831317	2.22454704318e-07	-3.99367656771e-07	4.6088996	4.4153076	4.6775147	4.4258982
4331.4966990311941117	0.0010023694394849516024	-0.49618683375667399504	-1289.8552588960396861	94.999962895933109053	-40.21970819	0.00167946239206	0.00234175561576	2.23384200803e-07	-3.99865569395e-07	4.6089881	4.4146164	4.6763297	4.430154
4332.4968137158848549	0.0010042788002481086058	-0.49518342181425450965	-1288.9755150787680122	94.524273801477207257	-40.21802997	0.00167671142443	0.00234366303268	2.24131510294e-07	-4.00677795226e-07	4.6090185	4.4141319	4.6790437	4.4372461
4333.4969284005755981	0.0010058315799450171391	-0.49417823813196443128	-1288.0952939609423993	94.049468491849367524	-40.21635444	0.0016739472592	0.00234557056082	2.25116441513e-07	-4.02376394751e-07	4.6089889	4.4138623	4.6846407	4.4474557
4334.4970430852672507	0.0010073186108444723286	-0.49317154759747550141	-1287.214595660738496	93.5755488762160752	-40.21468174	0.00167118005406	0.00234747783493	2.25969172372e-07	-4.0402770903e-07	4.6088972	4.413817	4.6903546	4.45597
4335.4971577699579939	0.0010088056428242653771	-0.49216336986139003207	-1286.3334203648482799	93.102516746519128787	-40.21301179	0.00166840988353	0.00234938486126	2.26496512745e-07	-4.05357891448e-07	4.6087414	4.4140057	4.6940424	4.4568357
4336.497272454648737	0.0010103545856419641601	-0.49115370492370713507	-1285.4517682654241071	92.630373894043586347	-40.21134461	0.00166562469056	0.00235129196475	2.26772316497e-07	-4.07151278712e-07	4.6085184	4.4144391	4.6958712	4.4486371
4337.4973871393394802	0.0010114980085525653378	-0.49014264770198640031	-1284.569639569111132	92.159122092485716848	-40.20968014	0.00166282480305	0.00235319914372	2.27270731255e-07	-4.10060522018e-07	4.6082249	4.4151301	4.6965266	4.4370017
4338.4975018240311329	0.0010125669836159045551	-0.48913049914085937608	-1283.6870346005414376	91.688762903565489637	-40.20801854	0.00166002404558	0.00235510865492	2.28072827161e-07	-4.12754438731e-07	4.6078576	4.4160912	4.6964502	4.4276368
4339.4976165087227855	0.0010136359605917839941	-0.48811728148150429485	-1282.8039537598938296	91.219297754862807892	-40.20635975	0.00165722243479	0.00235702045374	2.28950133243e-07	-4.14922572424e-07	4.6074124	4.4173368	4.6956917	4.4214527
4340.4977311934135287	0.0010147652353156462468	-0.48710299472392204478	-1281.9203974518447922	90.750728072435634886	-40.20470376	0.00165440809736	0.00235893153514	2.29503175905e-07	-4.17391759242e-07	4.6068852	4.418882	4.6942367	4.416804
4341.4978458781033623	0.0010154992619317954831	-0.4860877315034132784	-1281.0363660941638955	90.283055264529536998	-40.20305052	0.00165158124222	0.00236084191089	2.30191022314e-07	-4.20805395269e-07	4.6062717	4.4207424	4.6916531	4.412544
4342.497960562795015	0.0010161610456273565111	-0.48507178484934226903	-1280.1518602177782213	89.816280531769635331	-40.20140017	0.00164875347477	0.00236274819465	2.30731509677e-07	-4.24136880506e-07	4.6055675	4.4229351	4.6871942	4.4089018
4343.4980752474866676	0.001016822828617777166	-0.48405517633592282101	-1279.2668804255940813	89.350404943423356485	-40.19975264	0.00164592480752	0.00236465044248	2.30910433049e-07	-4.27078936555e-07	4.6047682	4.4254767	4.6805561	4.4063138
4344.4981899321774108	0.0010175357109292947847	-0.48303790596315587802	-1278.3814273238881469	88.885429566701802173	-40.19810794	0.00164308276912	0.00236655152844	2.31238171116e-07	-4.30397777752e-07	4.6038697	4.4283819	4.6738982	4.4049182
4345.498304616868154	0.0010179134109531545998	-0.4820200523914993096	-1277.4955015294221994	88.421355453137678637	-40.19646602	0.00164022750631	0.00236845146528	2.32095305341e-07	-4.34641055604e-07	4.6028678	4.4316632	4.670211	4.404589
4346.4984193015588971	0.0010182301185457612747	-0.4810018638692212245	-1276.6091037536173189	87.958183477333690803	-40.194827	0.00163737236441	0.00237035194812	2.32801234739e-07	-4.38606632363e-07	4.6017588	4.4353332	4.6708777	4.4052233
4347.4985339862505498	0.0010185468243148632778	-0.47998335860422502996	-1275.722234767784812	87.495914401969059782	-40.19319087	0.00163451734242	0.00237225297246	2.33174560325e-07	-4.42033699023e-07	4.6005396	4.4394051	4.6735293	4.4068694
4348.4986486709422024	0.0010189001748298306179	-0.47896453659651161416	-1274.8348953455015362	87.034548987489486649	-40.19155757	0.00163165203328	0.00237415247177	2.33075694279e-07	-4.45880850977e-07	4.5992074	4.4438929	4.6752973	4.4096173
4349.4987633556320361	0.0010190129756752787631	-0.47794545437314023273	-1273.9470862675500484	86.574087982541939823	-40.1899271	0.00162877649358	0.00237605045443	2.32779685681e-07	-4.50543193099e-07	4.5977598	4.4488125	4.6747797	4.413432
4350.4988780403227793	0.0010190821943042817962	-0.47692628991883534439	-1273.0588083818315681	86.114532008040697519	-40.18829954	0.00162589994455	0.00237794360791	2.32711759524e-07	-4.54878169709e-07	4.5961956	4.4541834	4.67255	4.4180966
4351.4989927250144319	0.0010191514127271847183	-0.4759070562384457026	-1272.1700625785347256	85.655881604063537793	-40.1866749	0.00162302238895	0.0023798319455	2.32740747005e-07	-4.58696736722e-07	4.5945136	4.460025	4.6692989	4.4234573
4352.4991074097060846	0.0010192401167201869342	-0.47488775333197214001	-1271.2808497491719208	85.198137308598106188	-40.18505312	0.00162013270034	0.00238171649197	2.33040348012e-07	-4.62826777333e-07	4.592714	4.4663567	4.6653641	4.4300173
4353.4992220943968277	0.0010192008074055313761	-0.47386841132146884092	-1270.3911707890285925	84.74129965274293852	-40.18343421	0.00161723087872	0.00238359724734	2.33754566324e-07	-4.67480532282e-07	4.5907976	4.4731977	4.6608034	4.4386066
4354.4993367790875709	0.0010191384038743705239	-0.47284912483273938699	-1269.5010266287879404	84.28536909890293316	-40.18181824	0.00161433257036	0.00238547558787	2.33927599804e-07	-4.71689508113e-07	4.5887657	4.480565	4.6555876	4.4490322
4355.4994514637783141	0.0010190760026135222988	-0.47182990075358727244	-1268.6104182213739477	83.830346065870841699	-40.18020522	0.00161143778497	0.00238735150689	2.33488781424e-07	-4.75350784528e-07	4.5866209	4.4884708	4.6490833	4.4585688
4356.4995661484699667	0.0010190155949590200529	-0.47081073908401166461	-1267.7193465203633878	83.376230970750157212	-40.17859507	0.00160853325309	0.00238922601356	2.32677868061e-07	-4.79423480259e-07	4.5843665	4.4969262	4.6403786	4.464297
4357.4996808331616194	0.001018942068882619555	-0.46979164291510389084	-1266.8278124799614943	82.923024228992332496	-40.17698782	0.00160561892079	0.00239109910006	2.31507457954e-07	-4.83931696763e-07	4.5820062	4.5059352	4.6292952	4.4665291
4358.4997955178523625	0.0010188661851659114657	-0.46877262193494867448	-1265.9358170582142975	82.470726248052329765	-40.1753835	0.00160269825753	0.00239296709922	2.30018778742e-07	-4.88163610836e-07	4.5795451	4.5154963	4.6186668	4.4682776
4359.4999102025440152	0.0010187903047095055609	-0.46775367684606355967	-1265.043361215662344	82.019337429969581876	-40.17378215	0.00159977121071	0.00239482996877	2.28202129609e-07	-4.92106439029e-07	4.5769887	4.5256051	4.6120889	4.4720682
4360.5000248872347584	0.0010187006096762654065	-0.46673480764845037827	-1264.1504459131549538	81.568858175669831212	-40.17218369	0.00159683414164	0.00239668685328	2.2612633984e-07	-4.96348457241e-07	4.574343	4.5362465	4.6111375	4.4777712
4361.500139571926411	0.001018701779748021688	-0.46571599290593918008	-1263.2570721096328725	81.11928888935513271	-40.17058815	0.00159388693911	0.00239853768633	2.23687737018e-07	-5.0074129371e-07	4.5716152	4.5474019	4.6128135	4.4844918
4362.5002542566171542	0.0010187191969885536855	-0.46469716558741219758	-1262.3632407400602915	80.670630022529280723	-40.16899555	0.00159093488029	0.00240038145196	2.21237436394e-07	-5.05022505239e-07	4.5688125	4.5590466	4.6135413	4.4918575
4363.5003689413088068	0.0010187366119843680335	-0.46367832085063226399	-1261.4689527246600846	80.222882056008216978	-40.16740592	0.00158797789774	0.00240221805202	2.188239376e-07	-5.0926358141e-07	4.5659428	4.5711455	4.61168	4.5003148
4364.5004836260004595	0.0010187277616253043611	-0.46265945869560026749	-1260.5742089839445725	79.776045470151188965	-40.16581925	0.00158501394787	0.00240405110632	2.16065217137e-07	-5.13289797145e-07	4.5630144	4.583662	4.6080107	4.5102813
4365.5005983106912026	0.0010188918572836816109	-0.46164053826743106645	-1259.6790104348301611	79.330120752668989326	-40.16423557	0.0015820429144	0.00240588055569	2.12765013546e-07	-5.16807868602e-07	4.560036	4.5965498	4.6034232	4.5211721
4366.5007129953828553	0.0010190867432648509187	-0.46062143210459066678	-1258.7833579489770273	78.885108482553476961	-40.16265485	0.0015790645349	0.00240770200965	2.08820643213e-07	-5.2008465756e-07	4.5570162	4.6097574	4.5982275	4.5318263
4367.5008276800735985	0.0010192816283097147229	-0.45960213103435315629	-1257.8872523702943909	78.44100929567463254	-40.16107713	0.00157607866615	0.00240951531229	2.04311725223e-07	-5.23255317717e-07	4.5539641	4.62323	4.5923243	4.5422231
4368.5009423647652511	0.0010194424388895258118	-0.45858263505671670313	-1256.99069454325263	77.99782382809674175	-40.15950237	0.00157308674536	0.00241132021417	1.99390630697e-07	-5.26360808863e-07	4.5508887	4.6369024	4.5855648	4.55585
4369.5010570494569038	0.0010198277706239184705	-0.45756289106417963319	-1256.0936853080170295	77.555552725987027429	-40.15793063	0.00157008863749	0.00241311652784	1.93802620671e-07	-5.29022352286e-07	4.5477987	4.6507076	4.5775438	4.5767191
4370.5011717341476469	0.0010202528979603654909	-0.45654273374696557886	-1255.1962254468264746	77.114196754758296493	-40.15636185	0.0015670854665	0.00241490648272	1.8838410118e-07	-5.31348902301e-07	4.5447027	4.6645723	4.5677571	4.6049498
4371.5012864188383901	0.0010206780254350871027	-0.45552215125374478921	-1254.29831570659303	76.673756754180061534	-40.15479612	0.00156407710512	0.00241668991896	1.83258400281e-07	-5.33514685225e-07	4.541609	4.6784173	4.55624	4.6364517
4372.5014011035300427	0.0010210667731635717382	-0.45450114358451632057	-1253.3999568353042378	76.234233564778776326	-40.15323336	0.00156106391239	0.00241846433352	1.77461590485e-07	-5.35397523021e-07	4.5385256	4.6921623	4.5447675	4.6676329
4373.5015157882226049	0.0010216954129545320965	-0.45347965392183176014	-1252.5011495769440444	75.795628038273648031	-40.15167368	0.00155804575317	0.00242022947405	1.70714433057e-07	-5.36585054543e-07	4.53546	4.7057243	4.5354463	4.6987059
4374.5016304729142576	0.0010223663860107192955	-0.45245750581108717947	-1251.6018946146987219	75.357941154385613913	-40.15011696	0.00155502177278	0.00242198519307	1.63379193711e-07	-5.37525138129e-07	4.5324195	4.7190196	4.528935	4.7311303
4375.5017451576050007	0.0010230373594958478822	-0.45143468665000857643	-1250.7021925949804881	74.921173972641270211	-40.1485633	0.00155199179185	0.00242373120029	1.55564301375e-07	-5.38406471544e-07	4.5294105	4.7319695	4.5233884	4.7652132
4376.5018598422957439	0.0010236754560660147467	-0.45041119643859511834	-1249.8020441659271	74.485327553713005955	-40.14701262	0.00154895805333	0.00242546793245	1.47654395201e-07	-5.39147348486e-07	4.5264392	4.7445025	4.5167347	4.7994923
4377.5019745269873965	0.0010245305211153560038	-0.44938698372081981036	-1248.9014499729250929	74.050402968721499519	-40.14546502	0.00154592043073	0.00242719507733	1.39412381962e-07	-5.39376111453e-07	4.5235114	4.7565501	4.5080523	4.832859
4378.5020892116790492	0.0010254237086704616391	-0.44836188905708324048	-1248.000410607699223	73.616401405060372554	-40.14392042	0.00154287812906	0.00242891328095	1.3081680779e-07	-5.39088498066e-07	4.5206321	4.7680634	4.4980934	4.8682918
4379.5022038963707018	0.0010263168949524773509	-0.44733590110364845893	-1247.0989266299152405	73.183324122587592342	-40.14237893	0.00153983097744	0.0024306222168	1.21968567084e-07	-5.38444283644e-07	4.5178059	4.7790029	4.4877127	4.910723
4380.502318581061445	0.0010271861649978465767	-0.44630901986051646491	-1246.1969986016601979	72.751172382468624278	-40.14084044	0.00153678063325	0.00243231931164	1.12725795453e-07	-5.37438037611e-07	4.5150371	4.7893396	4.4767656	4.9584298
4381.5024332657521882	0.0010282133979368347863	-0.44528120781636171266	-1245.2946270842958256	72.319947453770296875	-40.13930507	0.00153372697076	0.00243400409915	1.02903844254e-07	-5.35787603781e-07	4.5123291	4.7990668	4.4638801	4.9950436
4382.5025479504438408	0.0010292682626138166101	-0.44425234900524385173	-1244.3918126017279064	71.889650690630190866	-40.13777268	0.00153067062202	0.00243567699188	9.27543482446e-08	-5.33956135632e-07	4.5096854	4.8081823	4.4477302	5.0038494
4383.5026626351354935	0.0010303231285159503584	-0.44322243520795812088	-1243.4885556560525401	71.460283500207651741	-40.13624339	0.00152761147352	0.00243733748722	8.23457726447e-08	-5.32066856766e-07	4.5071084	4.8166962	4.4299771	4.9878472
4384.5027773198262366	0.0010313672902723387652	-0.44219146642450540829	-1242.5848567523994461	71.03184729086575544	-40.1347171	0.00152454914708	0.00243898678532	7.19779388791e-08	-5.2991721399e-07	4.5046005	4.8246276	4.4153778	4.9636128
4385.5028920045178893	0.0010324821926338682062	-0.44115942583439399227	-1241.6807163976786796	70.60434347483304407	-40.13319394	0.00152148349928	0.0024406243808	6.15773432841e-08	-5.27375243473e-07	4.5021637	4.8319952	4.4085573	4.9457141
4386.5030066892086325	0.0010336094148828813086	-0.44012626155596279443	-1240.7761350842872616	70.177773502819192686	-40.13167378	0.00151841560715	0.00244225122887	5.05613549617e-08	-5.24320898497e-07	4.4997995	4.8388136	4.4091298	4.93484
4387.5031213739002851	0.0010347366372899166609	-0.43909196992611942978	-1239.8711132970713606	69.75213884958544952	-40.13015678	0.0015153453629	0.00244386681341	3.89368815701e-08	-5.20788636055e-07	4.4975088	4.8450965	4.4123304	4.9264833
4388.5032360585919378	0.0010358684700639904548	-0.43805655094486500856	-1238.9656515243482318	69.327440990735937021	-40.12864278	0.00151227490214	0.00244546882652	2.75803161532e-08	-5.16958778627e-07	4.4952925	4.8508511	4.4135008	4.917347
4389.5033507432826809	0.0010369698028190612281	-0.43702001187404021509	-1238.0597502587734198	68.903681400862254236	-40.12713192	0.00150920421384	0.00244705657716	1.65370618517e-08	-5.12868473933e-07	4.4931511	4.8560649	4.4114931	4.9079194
4390.5034654279743336	0.0010380658481714761035	-0.43598237506117981654	-1237.1534100043118087	68.480861538588513326	-40.12562404	0.00150613383236	0.00244863107043	5.30807034757e-09	-5.08583612567e-07	4.4910846	4.8607221	4.407721	4.8994141
4391.5035801126650767	0.0010391618920504107869	-0.43494364207807711953	-1236.2466312732590268	68.058982852814665421	-40.12411931	0.00150306377421	0.00245019159276	-6.1327952749e-09	-5.04068442658e-07	4.4890929	4.8648033	4.403523	4.8924865
4392.5036947973567294	0.0010402768459166818887	-0.43390381292473029218	-1235.339414581547544	67.638046792716011169	-40.12261757	0.00149999281083	0.00245174076398	-1.76733030046e-08	-4.99126769271e-07	4.4871758	4.8682842	4.3988009	4.8868612
4393.5038094820474726	0.0010412666234032987109	-0.43286291744364158163	-1234.4317604515365474	67.218054801722232128	-40.121119	0.00149692089086	0.00245327794004	-2.91887180216e-08	-4.93948937659e-07	4.4853326	4.8711402	4.3925834	4.8821892
4394.5039241667391252	0.0010422347938196683745	-0.43182104726174685982	-1233.5236694403363344	66.799008256056040977	-40.11962341	0.00149385063774	0.00245480338159	-4.0806831841e-08	-4.88541623834e-07	4.4835629	4.873359	4.3841362	4.8784211
4395.5040388514307779	0.0010432029644739419186	-0.43077820879870515336	-1232.6151421276347264	66.38090849049237363	-40.11813098	0.0014907821509	0.00245631638855	-5.25985322831e-08	-4.8278608573e-07	4.4818659	4.8749394	4.374841	4.8757862
4396.504153536121521	0.0010441994097463965299	-0.42973440205451740592	-1231.7061790966295121	65.963756839429279921	-40.11664152	0.00148771557937	0.00245781415069	-6.41217309948e-08	-4.76708215123e-07	4.4802411	4.8758807	4.3671455	4.8744663
4397.5042682208131737	0.0010450085263378958416	-0.42868967174855809876	-1230.7967809379831579	65.547554628226023965	-40.11515522	0.00148465104302	0.00245929571385	-7.51658398165e-08	-4.70609689235e-07	4.4786877	4.8761847	4.3630612	4.8741356
4398.5043829055039168	0.0010457854477617413436	-0.4276441548706007012	-1229.8869482918225913	65.132303081087044916	-40.11367188	0.00148158999485	0.00246076488828	-8.58588031824e-08	-4.6443759988e-07	4.4772052	4.8758546	4.361583	4.8742064
4399.5044975901955695	0.0010465623705575898342	-0.42659786098147550737	-1228.9766818296143356	64.718003359790614581	-40.11219169	0.00147853266343	0.00246222086217	-9.62737882388e-08	-4.58028945378e-07	4.4757932	4.8748946	4.3604518	4.8745019
4400.5046122748863127	0.0010473688273408170765	-0.42555079008118446016	-1228.065982225941525	64.304656625171219275	-40.11071446	0.00147547764702	0.00246366697714	-1.06855833835e-07	-4.51173863856e-07	4.4744512	4.8733147	4.357722	4.8766535
4401.5047269595770558	0.0010479794529320660829	-0.42450298898092425626	-1227.1548501624811252	63.89226402829373086	-40.1092404	0.00147242510413	0.00246510255812	-1.17415337573e-07	-4.44179098694e-07	4.473179	4.8711265	4.3524388	4.8827753
4402.504841644267799	0.0010485565699732118244	-0.42345460074977092635	-1226.2432863714909672	63.480826614005891884	-40.10776928	0.00146937617505	0.00246652460651	-1.27909581481e-07	-4.36985128673e-07	4.4719767	4.8683447	4.3438798	4.8921981
4403.5049563289594516	0.001049133687850036965	-0.42240563533414882125	-1225.331291616978433	63.070345361617491164	-40.10630132	0.00146633111791	0.0024679321557	-1.38433822323e-07	-4.29411460555e-07	4.4708443	4.8649913	4.3335932	4.8978961
4404.5050710136511043	0.0010497354675240223084	-0.42135609273405888464	-1224.4188666655145425	62.660821249181985593	-40.10483627	0.00146329123045	0.00246932597264	-1.48902435346e-07	-4.21588609204e-07	4.4697824	4.8610894	4.3265933	4.8921419
4405.505185698340938	0.0010501736059578647801	-0.42030601211706586362	-1223.5060122894528831	62.252255246276753553	-40.10337437	0.00146025689725	0.00247070503576	-1.5914461713e-07	-4.13780632299e-07	4.4687916	4.8566694	4.3278111	4.8737223
4406.5053003830316811	0.001050583870077450091	-0.41925551291661877773	-1222.5927293029112661	61.844648233280430816	-40.10191539	0.00145723065887	0.00247207493334	-1.68851039603e-07	-4.05763630176e-07	4.4678726	4.8517709	4.3364615	4.8496033
4407.5054150677233338	0.0010509941371376514685	-0.41820460340369741692	-1221.6790185461388774	61.438001035529438809	-40.10045955	0.00145421314156	0.00247343495629	-1.78063275913e-07	-3.97381773077e-07	4.4670267	4.8464341	4.3473048	4.8271011
4408.5055297524149864	0.0010514239593811917917	-0.41715328357830278039	-1220.7648808613957954	61.032314477036734957	-40.09900662	0.00145119853344	0.00247478166532	-1.87618671547e-07	-3.88529377279e-07	4.466255	4.8407086	4.3556353	4.8091148
4409.5056444371057296	0.0010517238941054264829	-0.41610158457109797103	-1219.8503170954743382	60.62758937476840515	-40.09755684	0.00144818706824	0.00247611399073	-1.97413543164e-07	-3.79393509414e-07	4.4655591	4.8346539	4.3608767	4.7938792
4410.5057591217964728	0.0010520018018700609107	-0.41504960109090194287	-1218.9353281279802559	60.223826474473241888	-40.09610993	0.00144518272723	0.00247743458382	-2.06823751826e-07	-3.70125323263e-07	4.4649408	4.82833	4.3640638	4.779473
4411.5058738064872159	0.0010522797090446931161	-0.41399733967091645326	-1218.0199148590038476	59.821026477919581055	-40.09466613	0.0014421861041	0.00247874246691	-2.1588276358e-07	-3.606023765e-07	4.464402	4.8218021	4.3662714	4.7652171
4412.5059884911788686	0.0010525776661360918864	-0.412944800311140503	-1217.1040781901851915	59.419190085538630797	-40.09322521	0.00143919667741	0.00248003838404	-2.25189116787e-07	-3.5062272475e-07	4.4639448	4.8151401	4.3686819	4.7515382
4413.5061031758705212	0.0010527423732324735304	-0.41189201498936905965	-1216.1878190273687323	59.018317990342190171	-40.09178741	0.00143621506845	0.00248132130217	-2.34630527434e-07	-3.40378154845e-07	4.4635715	4.8084131	4.3724787	4.7388885
4414.5062178605621739	0.001052884585897211631	-0.41083908076822223121	-1215.2711383093280801	58.618410811989818399	-40.09035242	0.00143325051079	0.00248259248663	-2.43693046216e-07	-3.30377579288e-07	4.4632845	4.8016803	4.3778797	4.7275367
4415.506332545252917	0.0010530267998263289578	-0.40978600431709832908	-1214.3540369952017954	58.219469124864360765	-40.08892048	0.00143030452772	0.00248385088916	-2.52409602768e-07	-3.20527903217e-07	4.4630861	4.794993	4.3836933	4.7176139
4416.5064472299436602	0.0010531989655167763205	-0.40873278563599646507	-1213.4365160452853161	57.821493501819375638	-40.08749141	0.00142735676393	0.00248509812856	-2.61077988372e-07	-3.09919707787e-07	4.462979	4.7883999	4.3886453	4.7091913
4417.5065619146353129	0.0010531718981334171285	-0.40767947260142867183	-1212.5185764251018554	57.424484504747525193	-40.08606547	0.00142440705496	0.00248633317386	-2.6949536816e-07	-2.98829401165e-07	4.4629654	4.7819199	4.3918744	4.7017026
4418.5066765993269655	0.0010531113474646631827	-0.40662621019922340349	-1211.6002191479233261	57.028442585853397873	-40.0846423	0.00142147132794	0.00248755870409	-2.77663895078e-07	-2.87838683886e-07	4.463048	4.7755533	4.3928256	4.6941786
4419.5067912840186182	0.0010530508006721924288	-0.40557300835258769389	-1210.6814452561116013	56.633368129828269844	-40.08322217	0.00141855091641	0.00248877381175	-2.85658973637e-07	-2.76784368512e-07	4.463229	4.769297	4.3913981	4.6857872
4420.5069059687093613	0.0010530410323062056738	-0.40451986706152254225	-1209.7622557927263642	56.239261519266321443	-40.08180487	0.00141563600567	0.00248997903908	-2.9350530971e-07	-2.64867329965e-07	4.4635103	4.7631232	4.3901241	4.676984
4421.507020653399195	0.0010526932019278771417	-0.40346686767176143107	-1208.8426518084368126	55.846123118456830525	-40.08039067	0.00141272713702	0.00249117341378	-3.00854119284e-07	-2.52591816788e-07	4.4638933	4.756991	4.3924941	4.668906
4422.5071353380908477	0.0010522888201548604402	-0.40241425595637325685	-1207.9226344329431413	55.453953105615937602	-40.07897919	0.00140983305743	0.00249235670922	-3.07671891215e-07	-2.40580512275e-07	4.4643794	4.7508611	4.4003354	4.6623225
4423.5072500227825003	0.0010518844361526768008	-0.40136204867033087318	-1207.0022048435350825	55.062751544786273428	-40.07757072	0.00140695526723	0.00249352780143	-3.1407185529e-07	-2.28565736133e-07	4.4649692	4.7446996	4.4109443	4.6570497
4424.5073647074732435	0.001051562100206341081	-0.40031024581363527926	-1206.0813642174719007	54.672518496834442203	-40.076165	0.00140408253075	0.00249468978482	-3.20586362505e-07	-2.15803249508e-07	4.4656633	4.7384745	4.420897	4.6527698
4425.5074793921630771	0.0010506931038150328552	-0.39925897910171653793	-1205.1601137430457129	54.283253993202592369	-40.07476233	0.00140121537611	0.00249584170752	-3.26691074217e-07	-2.0316963345e-07	4.4664619	4.7321688	4.4283474	4.6494356
4426.5075940768538203	0.0010497330736946954878	-0.39820864556941876211	-1204.2384547338988341	53.894957764224990626	-40.07336232	0.00139836708621	0.00249698471886	-3.32856118488e-07	-1.90985604314e-07	4.4673653	4.725778	4.4334342	4.6472278
4427.507708761545473	0.0010487730463209011308	-0.39715927217613689049	-1203.3163885785311322	53.507629355927072368	-40.07196526	0.00139553969011	0.00249811786035	-3.39356491779e-07	-1.78821034797e-07	4.4683738	4.7193018	4.436542	4.6462389
4428.5078234462362161	0.0010479348735937070707	-0.39611085892187292146	-1202.3939166641976044	53.121268309518974604	-40.0705709	0.00139272185985	0.00249923811623	-3.45569509838e-07	-1.65994602767e-07	4.4694873	4.7127566	4.4393168	4.6461552
4429.5079381309260498	0.0010462841159497601826	-0.39506360185893180104	-1201.4710403931528617	52.735874122403778586	-40.06917953	0.00138991465367	0.00250034406102	-3.50672071107e-07	-1.5385518558e-07	4.4707054	4.7061638	4.444161	4.6465728
4430.5080528156177024	0.0010444986629886874284	-0.39401809057909531475	-1200.5477613508257946	52.351445843756543752	-40.06779076	0.00138712596335	0.00250144125299	-3.55508223591e-07	-1.42412075017e-07	4.4720282	4.6995483	4.4527175	4.6478715
4431.5081675003084456	0.0010427132102211655786	-0.39297436495663301548	-1199.6240812313103561	51.967982248946633206	-40.06640489	0.00138435789418	0.00250252869693	-3.6044436491e-07	-1.31029857155e-07	4.4734553	4.6929411	4.4633185	4.6514748
4432.5082821850000983	0.0010410950670316138945	-0.39193242499154301584	-1198.7000017255622879	51.585482106329692442	-40.06502166	0.00138159997846	0.00250360716219	-3.65562889052e-07	-1.1895000654e-07	4.4749862	4.6863713	4.4734086	4.658269
4433.5083968696890224	0.0010383602999651873455	-0.39089254045609689303	-1197.7755245434630069	51.203944123716027548	-40.06364136	0.001378853402	0.00250467560016	-3.6980561468e-07	-1.08049213844e-07	4.4766205	4.6798547	4.4813277	4.6646761
4434.5085115543806751	0.0010354412942522560337	-0.38985552074223478458	-1196.8506516425168229	50.823366391848843193	-40.06226362	0.00137612831623	0.00250573530033	-3.73322480278e-07	-9.79176317455e-08	4.4783579	4.6734002	4.4876306	4.6651496
4435.5086262390723277	0.0010325222887797591304	-0.38882142036881223168	-1195.9253851262253647	50.443746625198350841	-40.06088873	0.00137342729751	0.00250678521519	-3.76568274991e-07	-8.76609970363e-08	4.4801983	4.6670165	4.4931946	4.6569817
4436.5087409237630709	0.0010298180223729731016	-0.38779023933583012251	-1194.9997270922769985	50.065082528551563712	-40.0595164	0.0013707372892	0.00250782523774	-3.79601835252e-07	-7.67914312691e-08	4.4821415	4.660713	4.4981783	4.6435497
4437.5088556084510856	0.0010256793582417613863	-0.38676232466010052047	-1194.0736796605490326	49.687371728263954651	-40.05814694	0.00136805964542	0.00250885415135	-3.81020230794e-07	-6.77539020786e-08	4.4841867	4.6544989	4.5016768	4.6290154
4438.5089702931427382	0.0010213051253492920565	-0.38573871503921669524	-1193.1472452638756749	49.310611056402237296	-40.05677995	0.00136540276453	0.00250987403549	-3.82036096084e-07	-5.99049489278e-08	4.4863339	4.648383	4.5028065	4.6170276
4439.5090849778343909	0.0010169308915851625608	-0.38471948015360063478	-1192.2204265184664109	48.934796861481451913	-40.05541573	0.00136276926472	0.00251088375154	-3.83290525976e-07	-5.21214910855e-08	4.488583	4.6423732	4.5027359	4.608253
4440.5091996625260435	0.0010128165217782732991	-0.3837046200032523946	-1191.2932260312297785	48.559925479330679821	-40.054054	0.00136015091002	0.0025118833359	-3.84950460043e-07	-4.36336801397e-08	4.4909333	4.6364776	4.5044888	4.6022811
4441.5093143472140582	0.0010069648357922122983	-0.38269455546368846832	-1190.3656464333259919	48.185993149827638149	-40.05269509	0.00135754965752	0.00251287147933	-3.85412176364e-07	-3.74088626708e-08	4.4933843	4.6307042	4.5107462	4.5986957
4442.5094290319048014	0.0010016628117889110009	-0.3816905433327615893	-1189.4376907287294216	47.812995148736355588	-40.05133857	0.00135497300128	0.00251384828269	-3.8527630173e-07	-3.26264907682e-08	4.4959351	4.6250602	4.5203198	4.5969963
4446.5098877694035764	0.00097377556073697255426	-0.37773874841749882636	-1185.7221716469246076	46.330238511244168365	-40.04593821	0.00134487865259	0.00251763378942	-3.83481834448e-07	-2.04955522714e-08	4.5071211	4.6039041	4.5475032	4.6004687
4450.5103465068386868	0.00093747072623906436365	-0.37391519891409474852	-1182.0009119486812779	44.861948049122297277	-40.04057763	0.00133512259958	0.00252121599178	-3.77493856683e-07	-2.58295169847e-08	4.5197986	4.5852211	4.557965	4.6195581
4454.5108052443038105	0.00089226127320220010794	-0.37025455073467028466	-1178.274179358963238	43.407604054954717299	-40.03525538	0.00132571608098	0.00252457522581	-3.67548992478e-07	-5.1845088336e-08	4.5337811	4.5691011	4.5531469	4.6546067
4458.5112639819026299	0.00083822704957930592104	-0.36679229264554447099	-1174.5422864067068076	41.966552658993315106	-40.02997017	0.00131666239024	0.00252768555768	-3.55210162589e-07	-9.7799952535e-08	4.5487478	4.5554506	4.5377843	4.6731409
4462.511722719736099	0.00077614799215658272866	-0.36356221687582357394	-1170.8055883013546463	40.538006728931478051	-40.02472045	0.00130795917209	0.00253052661244	-3.38071825335e-07	-1.63452701275e-07	4.5642224	4.5440572	4.5237774	4.6716945
4466.5121814578815247	0.00070758282072508229925	-0.36059346157117222464	-1167.0644771769127601	39.12105721696989491	-40.01950487	0.00129961880362	0.00253307713484	-3.17788258257e-07	-2.443073579e-07	4.5795929	4.5346562	4.530696	4.6896689
4470.5126401963771059	0.00063485969796233288238	-0.35790741204665837971	-1163.3193725034227555	37.714696139120796659	-40.01432184	0.00129161583505	0.00253532850876	-2.93814282162e-07	-3.35978052147e-07	4.5941905	4.5269678	4.551985	4.6443351
4474.5130989352073811	0.00056094600011081380275	-0.35551487119558367045	-1159.5707079080239055	36.317851038277339626	-40.0091701	0.00128400503295	0.00253728769426	-2.68970548759e-07	-4.28695303312e-07	4.6074212	4.5206755	4.5777254	4.5986695
4478.5135576743132333	0.00048918634212406233129	-0.35341400876788992003	-1155.8189152052252666	34.929429003093886763	-40.00404811	0.00127677216091	0.00253896585352	-2.44008091536e-07	-5.15372934592e-07	4.6189158	4.515369	4.6227587	4.5606628
4482.5140164136046224	0.00042293416935024164775	-0.35158957075473107334	-1152.0644070242899488	33.548366369044259727	-39.99895423	0.00126992302561	0.00254037346853	-2.18433699903e-07	-5.89115539659e-07	4.6286311	4.5105319	4.6585025	4.5303336
4486.5144751529824134	0.000365127121768936652	-0.35001367549572598437	-1148.3075598814316436	32.173678639940156643	-39.99388697	0.00126343924689	0.00254154958669	-1.93436048106e-07	-6.42533066135e-07	4.6368438	4.5056136	4.6873282	4.5068642
4490.514933892359295	0.00031787760004588477142	-0.34864828354260557486	-1144.5486997645934935	30.804504342964531105	-39.98884489	0.00125734663116	0.00254255336517	-1.72534449463e-07	-6.69831607349e-07	4.6440307	4.5001576	4.7103203	4.4660808
4494.5153926316743309	0.0002821632358008778897	-0.34744911663358846177	-1140.7880921909857079	29.44013676798984136	-39.98382649	0.00125163158732	0.0025434222194	-1.56912317926e-07	-6.6907045175e-07	4.6507251	4.4939423	4.7282132	4.4313349
4498.5158513708929604	0.00025769217692205639023	-0.34637047811149201948	-1137.0259381969758579	28.080039016332701607	-39.9788302	0.00124628223537	0.00254418974923	-1.427759363e-07	-6.42196916095e-07	4.6574631	4.4869989	4.7415699	4.401115
4502.5163101099969936	0.00024298685430382423699	-0.34537018936716656903	-1133.2623768559487871	26.723840351537944571	-39.97385459	0.00124128525158	0.00254489707428	-1.31525069044e-07	-5.9285280545e-07	4.6647095	4.4794678	4.7507527	4.3768163
4506.5167688489827924	0.00023567657597400518263	-0.34441378188768295709	-1129.4974938377361013	25.371315024671755367	-39.96889829	0.00123664250347	0.00254558412551	-1.21549021631e-07	-5.26752079053e-07	4.6727068	4.4715553	4.7561278	4.3654984
4510.5172275878567234	0.00023292630416685419174	-0.34347724400491724817	-1125.7313344795779813	24.022347775334640829	-39.96395986	0.00123233306247	0.00254626755698	-1.13323812861e-07	-4.51813747994e-07	4.6813706	4.4635095	4.7610774	4.3573317
4514.5176863266297005	0.00023188379545503951321	-0.34254800077377389744	-1121.9639191508977092	22.676892198143889345	-39.95903802	0.001228358242	0.00254696707022	-1.04995800779e-07	-3.7483528702e-07	4.6903115	4.4555971	4.7709745	4.3529028
4518.5181450653190041	0.00023002337804818083033	-0.34162428549562157132	-1118.1952585974081558	21.334928482091541468	-39.95413142	0.00122469535948	0.00254768429151	-9.82033536734e-08	-3.03083220395e-07	4.6990214	4.4480888	4.7766687	4.3521995
4522.5186038039473715	0.00022532309403896193115	-0.3407134429730165337	-1114.4253674594597214	19.996425653503095532	-39.94923888	0.00122134057186	0.00254840879372	-9.05247883007e-08	-2.41354482822e-07	4.7070102	4.4412484	4.778656	4.3551657
4526.5190625425429971	0.00021633659586844217713	-0.33982974761856404866	-1110.6542749778889174	18.661311211023591028	-39.94435917	0.00121827738697	0.00254912817428	-8.31170280926e-08	-1.93730600098e-07	4.7137906	4.4353237	4.7770586	4.3615544
4530.5195212811349847	0.00020228803996595704244	-0.338991938565640194	-1106.8820324727380466	17.329449481447927184	-39.93949116	0.00121548975727	0.00254982237633	-7.4569433328e-08	-1.62477354197e-07	4.7189117	4.4305405	4.7720158	4.3716317
4534.5199800197542572	0.00018317662647279725876	-0.33822035070643613475	-1103.1087172059717432	16.000629996324683191	-39.93463378	0.00121296833659	0.00255047141835	-6.54163105297e-08	-1.47493919394e-07	4.7219998	4.4270953	4.763748	4.3715776
4538.5204387584190044	0.00015975610834746768242	-0.33753384088450522071	-1099.3344322423638459	14.674567213001425969	-39.92978597	0.0012106879467	0.00255105623082	-5.50538838271e-08	-1.47684557018e-07	4.7227985	4.4251488	4.7525354	4.3749357
4542.5208974971337739	0.00013332021319629677541	-0.3369471605764521871	-1095.5593025047701303	13.350911243487690427	-39.92494684	0.00120864356909	0.00255156387412	-4.46185507026e-08	-1.59245490168e-07	4.7211981	4.4248151	4.738785	4.380656
4546.5213562358858326	0.00010535290665918858031	-0.33646944989765176226	-1091.7834681319118317	12.029266584478479629	-39.92011543	0.00120680881784	0.00255198307575	-3.4370473304e-08	-1.79148483149e-07	4.7172346	4.4261512	4.7255511	4.388522
4550.5218149746579002	7.7223688549847010554e-05	-0.33610409010405811747	-1088.0070768567086361	10.709213979910956027	-39.91529098	0.00120517542307	0.00255230765991	-2.44703608005e-08	-2.03430169021e-07	4.7110715	4.4291594	4.7156601	4.3984326
4554.5222737134372437	5.0051967018614366501e-05	-0.33584946940081600308	-1084.2302769423458813	9.3903309522291404932	-39.91047269	0.00120371915808	0.00255253950022	-1.5619126965e-08	-2.29696197763e-07	4.7029681	4.433802	4.7042405	4.4082583
4558.5227324522147683	2.4685251721987304456e-05	-0.33570004157550892288	-1080.4532114223309236	8.0722087469448560171	-39.90565991	0.00120242875327	0.00255267817742	-6.94488628007e-09	-2.55407269329e-07	4.6932472	4.4400208	4.6919854	4.4467754
4562.5231911909850169	1.7026882242679932555e-06	-0.33564740462311526414	-1076.676013775000456	6.75446520221551161	-39.90085199	0.00120128321902	0.00255273487525	4.963003299e-10	-2.79274244248e-07	4.6822618	4.4477566	4.6793327	4.485681
4566.52364992974708	-1.857405247099882075e-05	-0.33568135213029115516	-1072.8988049899867292	5.4367535822853776395	-39.89604839	0.00120026796905	0.00255271364821	7.87459557347e-09	-3.00262253792e-07	4.6703659	4.4569631	4.6666454	4.5267759
4570.5241086685000482	-3.6054653822806168831e-05	-0.33579085033205369193	-1069.121691948994112	4.1187675504846046337	-39.89124862	0.00119936509389	0.0025526302597	1.369938144e-08	-3.18072131536e-07	4.6578846	4.4676116	4.6542506	4.5383049
4574.52456740724665	-5.0827790706976517772e-05	-0.33596486463540176093	-1065.344766971413037	2.8002426952698242779	-39.88645226	0.00119856020741	0.00255248862019	1.92935397152e-08	-3.3269911959e-07	4.6450873	4.4796847	4.642437	4.5445494
4578.5250261459896137	-6.3087172808164317757e-05	-0.33619293283482903911	-1061.5681082608612087	1.4809553743460428521	-39.88165895	0.00119783771375	0.00255230264842	2.33388171592e-08	-3.44470143056e-07	4.6321713	4.493154	4.6312743	4.5494681
4582.525484884731668	-7.3056433901652048429e-05	-0.33646543672509832135	-1057.7917808851261725	0.16071995110916195704	-39.8768684	0.00119718386862	0.00255207591137	2.6779061124e-08	-3.53689943769e-07	4.6192565	4.50794	4.6202506	4.5534352
4586.5259436234719033	-8.0929557587164642593e-05	-0.33677360176141513115	-1054.015837911091694	-1.1606144693670075174	-39.87208035	0.00119658487433	0.00255181793999	2.8750515671e-08	-3.60684869083e-07	4.6063973	4.5238571	4.6016555	4.5562635
4590.5264023622103196	-8.6834195089022060752e-05	-0.33710930306275382895	-1050.2403213897389378	-2.4831669134110518904	-39.86729461	0.0011960282116	0.00255153216793	2.98333769193e-08	-3.65456010004e-07	4.5936144	4.540537	4.5849313	4.5577173
4594.5268611009478263	-9.0818715898600393802e-05	-0.33746477173645667014	-1046.4652630005841729	-3.8070264643116460412	-39.86251103	0.00119550281835	0.00255122535318	2.94640412437e-08	-3.67927926692e-07	4.5809498	4.5573551	4.569555	4.5568027
4598.5273198396826047	-9.2860275780467366451e-05	-0.3378322914884547834	-1042.6906842859448261	-5.1322530364182572526	-39.8577295	0.00119499887504	0.00255090090797	2.81305932077e-08	-3.67685660825e-07	4.5685358	4.573406	4.5556168	4.5717174
4602.527778578417383	-9.288941604824146978e-05	-0.33820396067380831262	-1038.9165965143288304	-6.4588771084461216176	-39.85294997	0.00119450788546	0.00255056491751	2.56226102446e-08	-3.64299186043e-07	4.5566618	4.587611	4.5431606	4.593394
4606.5282373171503423	-9.0825259986572904735e-05	-0.33857157458091730051	-1035.1430002988245178	-7.7868987734291810199	-39.84817238	0.0011940227281	0.00255022270777	2.22097021216e-08	-3.57284860865e-07	4.545801	4.5989904	4.5321845	4.6135997
4610.5286960558851206	-8.6615445932333726066e-05	-0.33892665812222233512	-1031.36988515388407	-9.1162866233137425098	-39.84339673	0.00119353696497	0.0025498808128	1.79381572332e-08	-3.46190249028e-07	4.5365579	4.6070068	4.5226681	4.6322239
4614.5291547946217179	-8.0274490288495008367e-05	-0.33926065571861774295	-1027.5972292000528796	-10.446977055306396309	-39.83862303	0.00119304671475	0.00254954588714	1.29401099667e-08	-3.30856355317e-07	4.5294947	4.6117569	4.5146716	4.6496046
4618.5296135333637721	-7.1913940015340863218e-05	-0.33956525890662309086	-1023.8249992196301719	-11.77887456322230264	-39.83385131	0.00119254722824	0.00254922490579	7.45035956585e-09	-3.11223116471e-07	4.5249462	4.6138414	4.5075187	4.6662233
4622.5300722721121929	-6.1758501725075630115e-05	-0.3398328272816868445	-1020.0531512244690475	-13.111853455198431817	-39.8290816	0.0011920370533	0.00254892535164	1.56672210647e-09	-2.87732062405e-07	4.5229746	4.6140148	4.513386	4.6685607
4626.5305310108660706	-5.014356940762236184e-05	-0.3400568382226288322	-1016.2816316239150183	-14.445761231705047223	-39.82431397	0.00119151320504	0.00254865303401	-4.37977502206e-09	-2.60912985171e-07	4.5233741	4.6128934	4.5201122	4.6554537
4630.5309897496254052	-3.7494296528341022662e-05	-0.34023228979456060506	-1012.5103789844766879	-15.780423589372984949	-39.81954845	0.0011909752751	0.00254841590372	-1.00804897578e-08	-2.31694108304e-07	4.5257386	4.6109102	4.5277664	4.6421112
4634.5314484883892874	-2.428900818440969027e-05	-0.34035598988646670326	-1008.7393262736208044	-17.115650743099415365	-39.81478512	0.00119042289212	0.00254821748465	-1.52035154935e-08	-2.01047149766e-07	4.5295676	4.6083234	4.5360298	4.6282825
4638.5319072271549885	-1.1014923389721934037e-05	-0.34042668287295413387	-1004.9684033984560756	-18.451244537406509494	-39.81002402	0.00118985619148	0.00254806389746	-1.94366451826e-08	-1.69993023131e-07	4.5343781	4.6052646	4.5446802	4.6140598
4642.5323659659215991	1.8722018659677670498e-06	-0.34044500610429395682	-1001.1975398079276829	-19.787005706809615901	-39.80526521	0.0011892773715	0.00254795671517	-2.24974980921e-08	-1.39574382302e-07	4.5397721	4.601914	4.5535075	4.5996826
4646.5328247046845718	1.3971732578214198336e-05	-0.34041331488073350853	-997.4266669465303039	-21.122740703859836486	-39.80050875	0.00118868777091	0.00254789993625	-2.41011087719e-08	-1.10580641265e-07	4.5454637	4.5984818	4.5623065	4.5852225
4650.5332834434448159	2.4939479866095139014e-05	-0.34033545483644611629	-993.65572042839505684	-22.458267742072859363	-39.79575465	0.00118809027982	0.00254789487106	-2.38515173552e-08	-8.38190356973e-08	4.551254	4.5951668	4.5708844	4.5693514
4654.5337421822023316	3.4477332309973499633e-05	-0.3402165572701505436	-989.88464191057767039	-23.793422008113719102	-39.79100296	0.00118748822869	0.00254794326227	-2.16988831072e-08	-5.98419518314e-08	4.5569572	4.5921508	4.5790666	4.5804426
4658.5342009209571188	4.2313874331796226254e-05	-0.34006288925129707357	-986.11338071767886504	-25.128060200278749647	-39.78625367	0.00118688503573	0.00254804610291	-1.72012046028e-08	-3.9267862817e-08	4.5623912	4.5895933	4.586701	4.6024792
4662.534659659706449	4.8182327559685519014e-05	-0.33988178466696294944	-982.34189530886328612	-26.462064656005392038	-39.7815068	0.00118628542567	0.00254820322731	-1.03986477072e-08	-2.26401149555e-08	4.567402	4.5876265	4.5936632	4.6254631
4666.5351183984521413	5.1823211303074492797e-05	-0.33968161964910370543	-978.57015468073223019	-27.795347334669894934	-39.7767623	0.00118569373412	0.00254841563223	-7.40287683737e-10	-1.04980340794e-08	4.5718741	4.5863508	4.5998597	4.6490644
4670.5355771371960145	5.3040309300843367472e-05	-0.33947168138620520406	-974.79813967650363793	-29.127853570924358451	-39.77202015	0.00118511478324	0.00254868302587	1.18586857651e-08	-3.27686672898e-09	4.575738	4.5858305	4.6052329	4.6731678
4674.5360358759407973	5.180699862906210497e-05	-0.33926172067926513298	-971.02584392072105857	-30.459564798133872188	-39.76728028	0.00118455412968	0.00254900741886	2.77738473457e-08	-8.94328135595e-10	4.5789751	4.5860907	4.6097632	4.7004919
4678.536494614691037	4.8365714301157849877e-05	-0.33906108377475036031	-967.25327387131221712	-31.790498789427033444	-39.76254261	0.00118401584163	0.00254939156361	4.71170890061e-08	-2.73968640932e-09	4.5816182	4.5871177	4.6134695	4.680308
4682.5369533534467337	4.3244835663030393254e-05	-0.33887759150568619315	-963.48044751627855931	-33.120706055389128153	-39.75780704	0.0011835072272	0.0025498402752	6.97226936519e-08	-7.34954525299e-09	4.5837465	4.5888626	4.6164054	4.6597973
4686.5374120922087968	3.7169302875967669478e-05	-0.33871655337128575569	-959.70739163143650785	-34.450262137627312597	-39.75307344	0.00118303272113	0.00255036099101	9.53400473529e-08	-1.29361953761e-08	4.5854747	4.5912501	4.6186511	4.6392191
4690.5378708309754074	3.0913250181040137228e-05	-0.33858026518226608248	-955.93413803255100447	-35.779257011307734615	-39.74834165	0.00118259992557	0.00255096141538	1.23750768765e-07	-1.7445684055e-08	4.5869394	4.5941896	4.6203019	4.6192336
4694.5383295697438371	2.51530962825900394e-05	-0.33846810230491108928	-952.16071956641462748	-37.107783707760312097	-39.7436115	0.00118221458352	0.00255165351529	1.54639339557e-07	-1.91690349124e-08	4.5882836	4.5975872	4.6214565	4.5997601
4698.5387883085140857	2.0356619728094664019e-05	-0.33837713244754202835	-948.38716659499868911	-38.435928308863154257	-39.73888278	0.00118188304924	0.0025524488557	1.87985606157e-07	-1.6878185841e-08	4.5896479	4.6013564	4.6222062	4.5806915
4702.5392470472816058	1.6730100754132891958e-05	-0.33830306091052392281	-944.61350454331886795	-39.763762949529009916	-39.73415527	0.0011816129585	0.00255336200854	2.23444986726e-07	-9.95835116168e-09	4.591155	4.6054256	4.6226278	4.5618588
4706.5397057860491259	1.4231907754635472093e-05	-0.33824125984875652584	-940.83975278693981181	-41.091342625739031291	-39.72942871	0.00118141041357	0.00255440618292	2.61094284386e-07	1.47317335688e-09	4.5928861	4.6097409	4.6227727	4.5432138
4710.540164524814827	1.2635776868867797695e-05	-0.33818764303449283526	-937.06592482383109655	-42.418705658818680604	-39.72470281	0.00118128321671	0.00255559403519	3.00723072315e-07	1.69369470273e-08	4.5948759	4.6142659	4.6226336	4.5339361
4714.5406232635814376	1.1605013088770081592e-05	-0.33813925123622362579	-933.29202942095628259	-43.745876938496763842	-39.71997725	0.00118123820909	0.00255693778842	3.42326709715e-07	3.55121720857e-08	4.5971239	4.6189779	4.622493	4.5395218
4718.5410820023462293	1.0776349394277197338e-05	-0.33809452960701025237	-929.51807233365309457	-45.072872801748005145	-39.7152517	0.00118128178933	0.0025584456219	3.85753717556e-07	5.63546657743e-08	4.5996106	4.6238628	4.6158561	4.5445326
4722.5415407411119304	9.863457358081581335e-06	-0.33805324113172841027	-925.74405815614602488	-46.399706290271133469	-39.71052578	0.00118142222797	0.00256012725175	4.30862563726e-07	7.85925687054e-08	4.6023155	4.6288998	4.6091279	4.5496209
4726.541999479876722	8.73563312574314059e-06	-0.33801600175486634647	-921.9699917970003753	-47.726391345389025389	-39.7057991	0.00118166367676	0.00256198584363	4.77314906305e-07	1.01969100864e-07	4.6052305	4.6340434	4.6021604	4.5548784
4730.5424582186415137	7.4259936656085490469e-06	-0.33798362845992507841	-918.19587918471643206	-49.052944815461465566	-39.70107123	0.0011820159593	0.00256402795944	5.247425641e-07	1.26319555854e-07	4.6083675	4.6392483	4.595049	4.5602778
4734.5429169574063053	6.0820029664991026485e-06	-0.33795657370697246291	-914.42172713925833705	-50.379386090960984745	-39.69634173	0.00118248180763	0.00256625484583	5.7264978833e-07	1.52079824464e-07	4.611759	4.6444908	4.58782	4.5657913
4738.5433756961720064	4.8947279769754767717e-06	-0.33793460538542841043	-910.64754264591942956	-51.70573503832140716	-39.69161011	0.00118307052549	0.00256866795573	6.20509627317e-07	1.79385259024e-07	4.6154541	4.6497752	4.5804932	4.5713721
4742.5438344349367981	4.0320954714568134342e-06	-0.33791676448834678803	-906.87333189038508863	-53.03200925315987746	-39.6868759	0.00118378388883	0.00257126893691	6.6807429565e-07	2.08706908504e-07	4.6195111	4.6551304	4.5730871	4.57767
4746.5442931737015897	3.5909789462078721291e-06	-0.33790155431029034183	-903.09909939925330491	-54.358221612903044218	-39.68213855	0.00118462960069	0.00257405363842	7.14488002457e-07	2.39896936922e-07	4.6239884	4.6606019	4.5656155	4.584484
4750.5447519124663813	3.5754614681677086e-06	-0.33788727019133318885	-899.32484753603171157	-55.684378840857348791	-39.67739756	0.00118560869558	0.00257702234563	7.5971154891e-07	2.72934208253e-07	4.6289151	4.6662418	4.5580848	4.5913499
4754.5452106512329919	3.9024823115114920757e-06	-0.33787236181062568763	-895.55057646798479709	-57.010481410484288745	-39.67265237	0.00118672661844	0.00258016596646	8.02673936836e-07	3.07181631782e-07	4.6342843	4.6720993	4.55049	4.5982697
4758.5456693899977836	4.4328528583998141991e-06	-0.33785572265831442795	-891.77628457616765445	-58.336524711269113652	-39.66790244	0.00118798252672	0.00258348044578	8.43460161344e-07	3.4214081291e-07	4.6400906	4.6782127	4.5428644	4.6052521
4762.5461281287625752	5.0254853874261168971e-06	-0.33783681475349502943	-888.00196914898333489	-59.66250102184210391	-39.66314719	0.00118937899158	0.00258695162077	8.80815111118e-07	3.76986930416e-07	4.6463512	4.6846037	4.535572	4.6122996
4766.5465868675282763	5.592143035346532763e-06	-0.33781557283238183853	-884.22762709558492134	-60.988401539948263519	-39.65838608	0.0011909131669	0.00259057022528	9.14910770131e-07	4.11180564459e-07	4.6531092	4.6912753	4.5271365	4.6194167
4770.547045606293068	6.1098109272437369825e-06	-0.33779215627280712031	-880.4532554164073872	-62.314217721494237878	-39.65361856	0.00119258294403	0.00259431755457	9.44385720157e-07	4.44189720903e-07	4.6604253	4.6982101	4.5550548	4.6269592
4774.5475043450578596	6.6001006013208040769e-06	-0.33776672685235142879	-876.67885134514915535	-63.639941684680692902	-39.64884408	0.00119438478716	0.00259817729515	9.69211757983e-07	4.7551747791e-07	4.6683629	4.7053675	4.5820725	4.636227
4778.5479630838235607	7.0975902511852273919e-06	-0.33773933052910226627	-872.90441226026484856	-64.965565958019581672	-39.64406215	0.00119630971255	0.00260212726669	9.88257318327e-07	5.0479935502e-07	4.6769716	4.7127269	4.6094713	4.6658532
4782.5484218225883524	7.6175514536012871943e-06	-0.3377099082458106527	-869.12993552476370951	-66.29108302413565923	-39.63927226	0.00119835376578	0.00260614365451	1.00135847917e-06	5.31295363296e-07	4.686273	4.7203153	4.6367787	4.6942626
4786.548880561353144	8.1350701201603385442e-06	-0.33767841490517847003	-865.3554184166896448	-67.616485121648366885	-39.63447399	0.0012004987945	0.00261020246049	1.00776219803e-06	5.54446568535e-07	4.6962523	4.7281933	4.6640095	4.7229023
4790.5493393001179356	8.5838565179354706135e-06	-0.33764498429636924381	-861.5808582560675859	-68.941764606479196686	-39.62966693	0.00120273903463	0.00261427367302	1.00714830418e-06	5.73130955197e-07	4.7068501	4.7364247	4.6910973	4.7516978
4794.5497980388827273	8.8765390311350495303e-06	-0.33761005699436030802	-857.80625273503540029	-70.266914892120610148	-39.62485077	0.00120504742906	0.00261833050678	9.99201299195e-07	5.86534260272e-07	4.7179735	4.7450465	4.7133559	4.7806294
4798.5502567776466094	8.9411829740067291588e-06	-0.33757439448513365532	-854.03160034910024478	-71.591931678511912196	-39.62002525	0.0012074123386	0.00262234130423	9.83501293586e-07	5.93502475807e-07	4.7295489	4.7540492	4.7264329	4.8097066
4802.550715516411401	8.7660089490955679441e-06	-0.33753893258125372556	-850.25690074362933046	-72.916813940201208766	-39.61519019	0.00120980332801	0.00262627087948	9.59674484587e-07	5.92940527721e-07	4.7415346	4.7633709	4.7398329	4.8388979
4806.5511742551761927	8.4415569220719097139e-06	-0.33750447047834652992	-846.48215475389372386	-74.241564041901156656	-39.61034555	0.0012121967868	0.00263008907966	9.27344394642e-07	5.84146975585e-07	4.7538941	4.7729049	4.7531425	4.8679522
4810.5516329939418938	8.1450392787036170514e-06	-0.3374712885186260114	-842.7073639644963805	-75.566186484479075602	-39.60549138	0.00121455690457	0.00263375756131	8.86529607171e-07	5.66172895416e-07	4.766561	4.782536	4.7663163	4.8984689
4814.5520917327085044	8.0104998917765034039e-06	-0.33743901481915949958	-838.93252988645087953	-76.890685560508160279	-39.60062789	0.00121684771281	0.00263724617477	8.36764270411e-07	5.38397183949e-07	4.7794134	4.7922133	4.7794136	4.9012335
4818.5525504714732961	7.9989594891265533859e-06	-0.33740705122241865244	-835.15765331958220941	-78.215063536806411548	-39.59575544	0.0012190248734	0.00264051709984	7.78765664038e-07	4.99234265458e-07	4.792268	4.8018862	4.7922859	4.9039762
4822.5530092102371782	7.8985728491440321736e-06	-0.33737529000405619417	-831.38273452227917915	-79.539321137496699521	-39.59087458	0.00122104224014	0.00264353980195	7.12137168951e-07	4.46990151418e-07	4.8048938	4.811438	4.8100582	4.9064371
4826.5534679490010603	7.4432199264997949849e-06	-0.3373445953093757721	-827.60777422620435573	-80.863460436197129866	-39.58598606	0.00122284405171	0.00264627847519	6.38388998354e-07	3.7945457243e-07	4.8170751	4.8206911	4.8275727	4.9090158
4830.5539266877649425	6.4558220211209921252e-06	-0.33731674919346144037	-823.83277494700644183	-82.187488593595034558	-39.58109085	0.00122437175408	0.00264870700023	5.57653767997e-07	2.94749206927e-07	4.8287387	4.8294482	4.8450181	4.911718
4834.5543854265297341	4.9203402636900304935e-06	-0.33729395454410643351	-820.05774190104398258	-83.511420473174396761	-39.57619019	0.00122555969656	0.00265078888631	4.70384074471e-07	1.91266039544e-07	4.8399045	4.8375403	4.8623667	4.9145231
4838.5548441652945257	2.9126022341986268163e-06	-0.33727831401969077252	-816.28268318978257412	-84.835279169093055884	-39.57128556	0.00122633437958	0.00265250858736	3.78213379e-07	6.75161405083e-08	4.850521	4.8448617	4.8796361	4.9174878
4842.5553029040593174	3.5222369034663383915e-07	-0.33727188236411342892	-812.50760960880904804	-86.159095462516873454	-39.56637879	0.00122662116455	0.00265382490219	2.79498653685e-07	-7.81770438396e-08	4.8603646	4.8514146	4.8968393	4.9205822
4846.555761642824109	-3.2358291800123099047e-06	-0.33727771652337684705	-808.73253518597402945	-87.482909355240693117	-39.56147193	0.00122633714744	0.00265473435326	1.78777376519e-07	-2.49388909139e-07	4.8690616	4.8572474	4.9140458	4.9156822
4850.5562203815916291	-8.5790893635034325566e-06	-0.33730127240269786038	-804.95747947400036537	-88.806776603612505028	-39.55656759	0.00122538056416	0.0026552076785	7.52223552864e-08	-4.48148016657e-07	4.8762978	4.8622215	4.9326801	4.8982686
4854.5566791203618777	-1.6179702087385901347e-05	-0.33735056448927008832	-801.18247102308112062	-90.130778609953665637	-39.55166848	0.00122366772832	0.00265524186043	-2.69225547152e-08	-6.79306306432e-07	4.8819642	4.8660597	4.9296514	4.8813101
4858.5571378591330358	-2.5929390661773657218e-05	-0.3374345211216486784	-797.40754985214687167	-91.455029441314636074	-39.54677807	0.00122106735042	0.00265482662447	-1.27326639377e-07	-9.4197410147e-07	4.8859394	4.8685444	4.9233538	4.8641708
4862.5575965979032844	-3.7181994780840325345e-05	-0.3375606147571309501	-793.63276709119350016	-92.779674754944849724	-39.54189983	0.00121750135018	0.00265395811239	-2.25886148678e-07	-1.23886705896e-06	4.8879869	4.8696604	4.9171203	4.8466004
4866.558055336673533	-4.9333329155905924547e-05	-0.33773369094256905365	-789.85818208719808808	-94.104883466117414059	-39.5370382	0.0012128078292	0.00265265217298	-3.1943462062e-07	-1.56703781985e-06	4.8878665	4.8696029	4.911499	4.8283586
4870.5585140754492386	-6.2400973287215726992e-05	-0.33795719491013176405	-786.08385953478000374	-95.430839469985102141	-39.53219763	0.00120690470616	0.00265092038552	-4.07382212593e-07	-1.93023089061e-06	4.8855978	4.8685494	4.9066738	4.8095758
4874.5589728142304011	-7.6803313782859385832e-05	-0.33823545821141015599	-782.30986921706823978	-96.757740784718492932	-39.52738354	0.00119961307201	0.00264880560448	-4.83822630925e-07	-2.32742226228e-06	4.8813069	4.8664246	4.9028415	4.7969859
4878.5594315530097447	-9.2518153628286684616e-05	-0.33857386871898553782	-778.53628765696066694	-98.085804102846168462	-39.5226014	0.00119085089631	0.0026463387508	-5.48303301667e-07	-2.76244408588e-06	4.8750048	4.8631605	4.9003416	4.8045642
4882.5598902917754458	-0.00010872445985203933901	-0.33897636811161141468	-774.76319808004575407	-99.415264500521018931	-39.51785777	0.00118042346172	0.00264358245547	-5.97589532219e-07	-3.23040600127e-06	4.8669422	4.8589834	4.9004264	4.8091287
4886.5603490305384184	-0.00012458772017471717551	-0.33944366074767040597	-770.9906870545627271	-100.74636569571919154	-39.51315909	0.00116826103552	0.00264057999512	-6.33198235756e-07	-3.73423797635e-06	4.857549	4.8543748	4.8810509	4.8119181
4890.5608077693632367	-0.00014113656928994625073	-0.33997652107858683523	-767.2188416952959642	-102.0793519400451288	-39.5085131	0.00115415596201	0.00263736489089	-6.56549802978e-07	-4.27301048485e-06	4.8466867	4.8496444	4.8546595	4.8127546
4894.561266508366316	-0.00016324657777507843386	-0.34058668999930574728	-763.44775631577158492	-103.41448664642787492	-39.5039275	0.00113801410039	0.00263403060346	-6.56715071969e-07	-4.86082558932e-06	4.8350482	4.8446456	4.8303977	4.8112456
4898.561725247668619	-0.00019907731375529841289	-0.34131168876896533781	-759.67755723389814193	-104.75212198618203274	-39.4994109	0.00111967153104	0.00263050816311	-6.42536717508e-07	-5.515909435e-06	4.8250028	4.8392391	4.808909	4.8064807
4902.5621839873301724	-0.00025657480310509335995	-0.34222155150752869845	-755.9084436046510973	-106.09281265340680989	-39.49497225	0.00109901180091	0.00262697218398	-5.87224034661e-07	-6.25732500072e-06	4.8179222	4.8333327	4.7906684	4.8090186
4906.5626427272318324	-0.00033927255809067604925	-0.34340942764441356738	-752.14072759322391448	-107.43742571806346575	-39.49062124	0.00107589254233	0.00262333054166	-5.0569383879e-07	-7.08971072817e-06	4.8148134	4.8261517	4.7766546	4.8143009
4910.5631014667305863	-0.00044188100262860662178	-0.34496535351353718735	-748.37485158826200404	-108.78718303095078568	-39.48636805	0.00105016489608	0.00261982942086	-3.72154023551e-07	-7.99328808858e-06	4.8212772	4.8155768	4.7678506	4.8140279
4914.5635602042575556	-0.0005458734095657727858	-0.34693253174877169975	-744.61135914555711679	-110.14357146713904001	-39.48222287	0.00102181953196	0.00261657694423	-1.97758048445e-07	-8.91958349838e-06	4.8431391	4.7996827	4.7628211	4.8066612
4918.5640189374917099	-0.00061676040935959716097	-0.34924903923670380657	-740.85079590391433157	-111.50805930805719868	-39.47819627	0.000990725896823	0.00261399660257	3.27403099653e-08	-9.78134187493e-06	4.8838252	4.7774778	4.8212857	4.7906862
4922.5644776648368861	-0.00060488572176072106113	-0.35168512828852516172	-737.09352333701269799	-112.88158217425144869	-39.47429997	0.000956797503355	0.00261242429515	2.86577859958e-07	-1.04427304238e-05	4.9366434	4.7471288	4.9211591	4.7647647
4926.5649363882421312	-0.00044963325480958527946	-0.35379077364095135039	-733.33944448651720904	-114.26381087567617101	-39.47054538	0.000919907740477	0.00261243692987	5.57861937763e-07	-1.07471189617e-05	4.9892137	4.7065923	5.0238036	4.7304859
4930.5653951163949387	-8.5811816720316805838e-05	-0.35486569864537859109	-729.58766279718713577	-115.65226421973166282	-39.46694427	0.000880075813408	0.00261469836687	8.26813386387e-07	-1.0526588115e-05	5.0260406	4.6578995	5.1137403	4.6596135
4934.5658538656434757	0.0005650563661991195091	-0.35396496903799001821	-725.83612243156528621	-117.04136961028827102	-39.46350962	0.000837036245881	0.00261946564303	1.02165660577e-06	-9.61721450367e-06	5.0200114	4.6089209	5.1649256	4.588555
4937.5661979276910643	0.0012232180530024072424	-0.35132817319768139264	-723.02057724079440959	-118.07807808498215252	-39.46105275	0.00080265678283	0.00262511357486	1.13982809274e-06	-8.46093465812e-06	4.9752661	4.5784583	5.0194885	4.5402882
4938.5663126123818074	0.001492770584944401761	-0.34997002313797548334	-722.08132738421022623	-118.42164603399670852	-39.46025383	0.000790882836528	0.00262734355801	1.15421938078e-06	-7.93159911038e-06	4.9521133	4.5704372	4.9765894	4.5263106
4939.5664272970734601	0.0017623231176972055986	-0.3483422896317758255	-721.14156567908730722	-118.76381134371685278	-39.4594717	0.000778745258267	0.00262980668054	1.17066481656e-06	-7.39758023743e-06	4.9247179	4.5637862	4.9287019	4.5138092
4940.5665419817651127	0.0020239317362404146347	-0.34644497267908352933	-720.20120239616630897	-119.104319755530355	-39.45869691	0.000766515365568	0.00263240780371	1.19694026591e-06	-6.86024201429e-06	4.8931984	4.5586782	4.8774939	4.503068
4941.5666566666268409	0.0023452342515972082054	-0.344261379701775172	-719.26014771535210457	-119.44291253849952739	-39.45793949	0.000754067216696	0.00263533519756	1.20460539269e-06	-6.20126152647e-06	4.8578221	4.5552271	4.8310634	4.4943779
4942.5667713513184935	0.0026722731598335289736	-0.3417523382804011356	-718.31830146980894369	-119.77929700219537779	-39.45718946	0.000741503453639	0.00263839026406	1.21011090217e-06	-5.50385041728e-06	4.8189909	4.5535535	4.7953724	4.4880675
4943.5668860360092367	0.0029993120687192751338	-0.33891622044407582193	-717.37555964335513181	-120.1131630840144453	-39.45645699	0.000728665442979	0.00264174818198	1.22436140979e-06	-4.80314712234e-06	4.7778783	4.553753	4.7657199	4.4844687
4944.5670007207008894	0.0033218716847996953602	-0.33575302619279390193	-716.43182065347207299	-120.44419973961957737	-39.45573223	0.000715741993686	0.0026452303617	1.24505786842e-06	-4.09818465816e-06	4.7358893	4.5558173	4.7342618	4.4838707
4945.5671154055498846	0.0036777728892604883218	-0.33225351968327265784	-715.48698494101893175	-120.77209276799280246	-39.45502583	0.000702615204426	0.00264900827869	1.25249835613e-06	-3.32134764386e-06	4.6944154	4.5597211	4.6932161	4.4865681
4946.5672300902406278	0.0040370015509176761931	-0.32839569007989877214	-714.54094964733019424	-121.096508188293015	-39.45432705	0.000689388945794	0.00265288743254	1.25785238046e-06	-2.52230697503e-06	4.6547282	4.5654249	4.6349315	4.4930207
4947.5673447749313709	0.0043962302129842336512	-0.32417859061655429631	-713.59361236662118699	-121.41710135197612885	-39.4536465	0.000675925169174	0.00265700832492	1.25863455788e-06	-1.72316539886e-06	4.6177952	4.5728683	4.5523416	4.5038211
4948.5674594596230236	0.0047543052692233297302	-0.31960222129323478946	-712.64487480890932147	-121.7335261981582164	-39.4529741	0.000662369606456	0.00266125478794	1.26826563237e-06	-9.17875032436e-07	4.5841047	4.5819738	4.4582354	4.5194103
4949.5675741443737934	0.0051208926026352231259	-0.31466424515946667118	-711.69464302214032614	-122.04543468045781651	-39.45232127	0.000648594144021	0.00266580209118	1.28171549523e-06	-8.52462031238e-08	4.5534503	4.5925996	4.3975662	4.5395389
4950.567688829065446	0.0054883600480881353234	-0.30935901047462055491	-710.74282641419461015	-122.35247243252008786	-39.45167661	0.000634699366684	0.00267044868223	1.30002511846e-06	7.57396189664e-07	4.525617	4.6045884	4.3914119	4.5638098
4951.5678035137561892	0.0058558274933767518605	-0.30368626620154398621	-709.78933898657260215	-122.65428102323949133	-39.4510516	0.00062051778545	0.00267533393695	1.31923581307e-06	1.60656839788e-06	4.5004979	4.6177419	4.4135221	4.5934337
4952.5679181984469324	0.0062241778897093487377	-0.29764601234023224663	-708.83410055020056006	-122.95050031859538819	-39.45043498	0.000606274598433	0.00268032497509	1.34388208993e-06	2.46125851462e-06	4.4779975	4.631805	4.4330074	4.6317865
4953.5680328830794679	0.0065860532833662433633	-0.29124001501193907959	-707.87703726600921073	-123.24076886992949653	-39.4498386	0.000591882832763	0.00268557113799	1.36981064972e-06	3.31171267598e-06	4.4580389	4.6465173	4.4278738	4.6810628
4954.5681475677711205	0.0069472419486285566168	-0.28447259136506281019	-706.91808300861850967	-123.52472713660844761	-39.44925089	0.000577346259944	0.00269087140408	1.39531541028e-06	4.1648573827e-06	4.4406253	4.6616374	4.4102498	4.7339192
4955.5682622524627732	0.0073084306138803106084	-0.27734393763002662681	-705.95717916179751228	-123.80201569343336132	-39.44868415	0.000562459281149	0.00269630258969	1.40296223176e-06	5.02939915108e-06	4.4257796	4.67693	4.4005264	4.7789078
4956.5683769371535163	0.0076717915029609071512	-0.26985405380683752385	-704.99427443648767166	-124.07227334161687793	-39.4481261	0.00054753284754	0.00270179508974	1.41422925799e-06	5.89939825111e-06	4.4135197	4.6922406	4.4094235	4.8092274
4957.5684916216659985	0.0080192523880447553336	-0.262007268160049267	-704.02932555148493066	-124.33513813486098343	-39.4475891	0.000532510621745	0.00270743645485	1.42514670553e-06	6.74585715203e-06	4.4038538	4.7075702	4.4197673	4.826926
4958.5686063063576512	0.0083650138303060991851	-0.25381419553865730565	-703.06229973645929476	-124.59025548100373726	-39.44706109	0.000517355145185	0.00271310254925	1.4406726266e-06	7.58889642782e-06	4.396796	4.7229257	4.4108367	4.8350318
4959.5687209910493038	0.0087107752726189539155	-0.24527532182140071582	-702.09317371569431998	-124.83727382209723089	-39.44655494	0.000501875067235	0.00271882888467	1.44754755639e-06	8.4435231129e-06	4.392366	4.7383081	4.3832727	4.8365954
4960.568835675740047	0.0090606111604712227803	-0.23639064700828776866	-701.12193277360006505	-125.07584002916652821	-39.44605791	0.000486346563056	0.00272457404252	1.45433795128e-06	9.30534902205e-06	4.390583	4.7537195	4.354583	4.8348203
4961.5689503600433454	0.0093804991718329112232	-0.22716835949633035208	-700.14857158849156349	-125.30560141965938215	-39.44558314	0.000470699696433	0.00273036520577	1.4557972121e-06	1.01195620674e-05	4.3914639	4.7691785	4.3423043	4.8337706
4962.5690650447340886	0.0096972408769595841438	-0.2176283955095739131	-699.17309800432599332	-125.52622118992051981	-39.44511748	0.000454954469701	0.00273613157281	1.45675354311e-06	1.0919054582e-05	4.394962	4.7846921	4.3535714	4.8378701
4963.5691797294257412	0.010013982582069230753	-0.207771653492342806	-698.19553093075273864	-125.73737019169480789	-39.44467414	0.000438968026513	0.00274183713006	1.43360692561e-06	1.17253304159e-05	4.4009403	4.8002579	4.3829954	4.8515742
4964.5692944141164844	0.010337806307120656762	-0.19759813344465496088	-697.21589849255531135	-125.93871825211499527	-39.44424003	0.000422944931715	0.00274750792173	1.40896042785e-06	1.25365715148e-05	4.4092555	4.8158691	4.4244612	4.8789244
4965.5694090980578039	0.010608959392864155541	-0.18712241306731969281	-696.23423902676768193	-126.12993783410726678	-39.44382865	0.00040683165121	0.00275309316846	1.38154886289e-06	1.3248689641e-05	4.4196869	4.8314741	4.4695378	4.9173746
4966.5695237827494566	0.010874838199871072336	-0.17637928233954552892	-695.2506062351685614	-126.31073134520319456	-39.44342665	0.000390630168135	0.00275861060301	1.35848157065e-06	1.39313524634e-05	4.4318545	4.8469578	4.5043302	4.9593354
4967.5696384674401997	0.011140717006823345342	-0.16537024231260705198	-694.26506557018706189	-126.48081625903753888	-39.44304784	0.000374210921777	0.0027639606161	1.32075604005e-06	1.46206666417e-05	4.4453659	4.8621887	4.514359	4.9969999
4968.5697531521318524	0.011417256739061111548	-0.15409529298648425022	-693.27769127684371142	-126.6399099144434075	-39.4426784	0.000357749210561	0.00276925834244	1.28485738371e-06	1.53133462852e-05	4.4598104	4.8770332	4.4956938	5.0224937
4969.569867835630248	0.011612850267687508526	-0.14257729788374340352	-692.28856743777748761	-126.78773533726506173	-39.44233222	0.000341182304623	0.00277442654313	1.26097993795e-06	1.58446747373e-05	4.4747362	4.8913403	4.4699461	5.0302353
4970.5699825203219007	0.011800974844393017846	-0.13086904272406268968	-691.29779368106767379	-126.92406332166386562	-39.44199568	0.000324548309689	0.00277947191652	1.23445340624e-06	1.63293337714e-05	4.4897366	4.9048777	4.4624849	5.0235322
4971.5700972050135533	0.011989099421077084248	-0.118972641412633931	-690.30548016179807291	-127.0486886225257166	-39.4416831	0.000307747559896	0.0027842119932	1.1760176314e-06	1.68197916333e-05	4.5044695	4.9173843	4.481561	5.0078122
4972.5702118897042965	0.012191173611016447101	-0.10688809394946827136	-689.31174388100453143	-127.16140691871687807	-39.44138024	0.000290902610102	0.00278887071845	1.11930259873e-06	1.73140145389e-05	4.5187095	4.9286249	4.4895227	4.9864899
4973.5703265728288898	0.012284083139984799254	-0.094647093524335257353	-688.31670956148548157	-127.26202300022237068	-39.44110159	0.000273947426569	0.00279332655519	1.07973505823e-06	1.75878932687e-05	4.5322927	4.9384054	4.4578196	4.9590877
4974.5704412575205424	0.012368008229535461598	-0.082319634230782867679	-687.3205143505030037	-127.35040748668139088	-39.44083264	0.000256937641913	0.00279764205885	1.04431652149e-06	1.77988922106e-05	4.5452375	4.946485	4.4202291	4.9251289
4975.5705559422121951	0.012451933319169947514	-0.069908240222753159632	-686.32330219756670431	-127.4264631557115024	-39.44058796	0.00023979122256	0.00280160639081	9.98330323327e-07	1.80114178585e-05	4.5576115	4.952763	4.4182534	4.8902682
4976.5706706269038477	0.012551760911502181373	-0.057412911500246154028	-685.32522033324516997	-127.49009459934197253	-39.44035314	0.000222592569594	0.00280541485109	9.46334308536e-07	1.82260387099e-05	4.5694566	4.9572529	4.4504208	4.8643359
4977.5707853098901978	0.012522220524019451668	-0.044872431972363603647	-684.3264197360892922	-127.54121838455679949	-39.44014307	0.000205262763463	0.0028088319338	8.94945687065e-07	1.81708180208e-05	4.5808172	4.9599709	4.4989306	4.8565932
4978.570899994580941	0.012483419129852424759	-0.032368178263385900817	-683.32705719387422505	-127.57983002958509644	-39.43994285	0.000187907539084	0.00281211566954	8.43668491539e-07	1.8045907049e-05	4.5918167	4.9610389	4.546029	4.8662619
4979.5710146792725936	0.012444617735816905502	-0.019902730398435916626	-682.32729044824759512	-127.60596209840342397	-39.43976746	0.000170488275525	0.00281506344858	7.80599155557e-07	1.79236994235e-05	4.6026086	4.9606905	4.5741256	4.8845526
4980.5711293639642463	0.012421213481622327482	-0.0074760883775250438696	-681.32727586281794174	-127.61964932323061817	-39.43960185	0.000153040809001	0.00281787401372	7.17812526808e-07	1.78012014098e-05	4.6132967	4.9591641	4.5757538	4.9026891
4981.5712440471497757	0.012266913857208528935	0.0048711953997160935964	-680.32716836315717046	-127.62093934510060933	-39.43946099	0.000135522045935	0.00282033770477	6.71367024722e-07	1.73960240633e-05	4.6239012	4.9566976	4.5630924	4.9169199
4982.5713587318414284	0.012104551619087876302	0.017058325654865282711	-679.32712013520858818	-127.60996007737767854	-39.43933006	0.00011798939678	0.00282265244633	6.21189286206e-07	1.69250840115e-05	4.6345118	4.9534617	4.5506902	4.9282091
4983.5714734165321715	0.011942189380890769201	0.029083075051371937852	-678.3272779341068599	-127.58687538249256477	-39.4392243	0.000100421524376	0.00282458936481	5.61168364164e-07	1.64563553673e-05	4.6452483	4.9495917	4.5532032	4.9376806
4984.5715881012238242	0.011791646657193096195	0.040945443589257918271	-677.32778259052338399	-127.55185093811452646	-39.43912853	8.28387271799e-05	0.00282638026617	5.0189040099e-07	1.59887407986e-05	4.65621	4.9452222	4.5813642	4.9464539
4985.5717027848986618	0.01153617718886924999	0.052611960700316914852	-676.3287686072036422	-127.50506313279203141	-39.43905818	6.52179429205e-05	0.00282779952002	4.58608958823e-07	1.5295176101e-05	4.6674061	4.9404548	4.6258143	4.9554336
4986.5718174695894049	0.011275094628961956564	0.064018904661087866481	-675.33036066237275463	-127.4467526491705911	-39.4389977	4.76105091049e-05	0.00282907121145	4.12468152529e-07	1.4551919999e-05	4.6788787	4.9352352	4.6708453	4.9646581
4987.5719321542801481	0.011014012069121732751	0.075164736119796182745	-674.3326734669869893	-127.37718765935629506	-39.43896243	3.00371712756e-05	0.00282996604003	3.69650090944e-07	1.38089176929e-05	4.690693	4.929458	4.7006941	4.973942
4988.5720468389718008	0.010758899901693569356	0.086049455076451661362	-673.33581282188811201	-127.29663729389159244	-39.43893707	1.24482979773e-05	0.00283074277144	3.21575464338e-07	1.30665419858e-05	4.70291	4.9230174	4.7008317	4.9831003
4989.5721615232223485	0.010448886724422540295	0.096655162151236512225	-672.33987535323467455	-127.2053763197420011	-39.43893709	-5.18038734556e-06	0.00283121686072	2.74128222448e-07	1.22050131494e-05	4.7155326	4.9158209	4.6803941	4.9919208
4990.5722762079140011	0.010136243926030375287	0.106948907876117702	-671.34494565763873197	-127.10371289894897018	-39.43894706	-2.27931010675e-05	0.00283155677861	2.23051172245e-07	1.13207034303e-05	4.7285407	4.907957	4.6696476	4.9998888
4991.5723908926047443	0.0098236011275496300937	0.11692997494722813523	-670.35109740780501397	-126.99196883863369578	-39.43898264	-4.03647449585e-05	0.00283155168435	1.79709669617e-07	1.04410718491e-05	4.7419146	4.8996401	4.6838013	5.0063003
4992.5725055772954875	0.0095109879872626555686	0.12659836336457733208	-669.35839470648477345	-126.87046600896979953	-39.43902792	-5.79335478933e-05	0.00283143849681	1.32261750909e-07	9.56077111821e-06	4.7556195	4.8910839	4.7099497	5.0104534
4993.5726202619853211	0.0091980962239514366119	0.1359539811437429635	-668.36689238848884997	-126.7395261747252988	-39.43909821	-7.54950204598e-05	0.00283104640195	9.15684167382e-08	8.67827270216e-06	4.7696171	4.882488	4.7342629	5.0117956
4994.5727349466769738	0.008885191962594065837	0.14499666217518522582	-667.37663630356200883	-126.59947099650042901	-39.4391785	-9.30327582744e-05	0.00283054276979	5.06144588693e-08	7.79910093663e-06	4.7838658	4.8739792	4.7550239	5.0107597
4995.5728496313677169	0.0085722877015506748072	0.15372640306008650279	-666.38766363031709261	-126.45062180491898118	-39.43928465	-0.000110509044231	0.00282975035539	2.64906193998e-08	6.92862150514e-06	4.7983218	4.8656529	4.7749909	5.0081822
4996.5729643160593696	0.0082555254824630188576	0.16214320379846264286	-665.4000031900338854	-126.29329942184915581	-39.43940039	-0.000127985748105	0.00282887718638	-7.17233111602e-09	6.05796440097e-06	4.812942	4.8576002	4.7964611	5.0048688
4997.5730790009592965	0.0079752329650467617544	0.17025914718233448042	-664.41367632084666184	-126.12782072457312665	-39.43954105	-0.000145463537733	0.00282779421566	-4.39588248596e-08	5.26747922013e-06	4.8276994	4.8498033	4.8172392	5.0001871
4998.5731936856509492	0.0076965457554101302309	0.17809593519911731674	-663.42870051577938284	-125.95448023086342459	-39.43969135	-0.000162924705975	0.00282664620778	-7.85661447306e-08	4.49361602839e-06	4.8425546	4.8420955	4.8326577	4.9912854
4999.5733083703426018	0.0074178585454984409531	0.18565400404494172837	-662.44508797766820862	-125.77356313424616019	-39.43986675	-0.000180342542838	0.00282532865029	-9.36394074157e-08	3.72190888465e-06	4.8574593	4.8343056	4.8391552	4.975147
5000.573423055033345	0.0071339773543374080528	0.19293335371980124826	-661.4628444968519716	-125.58535391536698	-39.44005179	-0.000197758878479	0.00282393243789	-1.14064398288e-07	2.95222522357e-06	4.8723617	4.8262625	4.8431931	4.9487777
5001.5735377399705612	0.0068989063229260016996	0.19995010127211407247	-660.48197057989432324	-125.39013189391211256	-39.44026204	-0.000215171286985	0.00282233046737	-1.24531856353e-07	2.2951895143e-06	4.8872017	4.817809	4.8564043	4.9096182
5002.5736524246613044	0.0066660226147393485813	0.20673334358572997838	-659.50246684763180838	-125.1881467813315254	-39.44048178	-0.000232559355458	0.00282068194723	-1.35162403368e-07	1.6601241083e-06	4.9018876	4.8089376	4.8905127	4.860396
5003.573767109352957	0.0064331389070423653995	0.2132836754832267423	-658.52433133800514042	-124.97963603608701533	-39.44072639	-0.000249883531349	0.00281891123431	-1.36847638557e-07	1.02685209436e-06	4.9163155	4.7997339	4.9462379	4.8074367
5004.5738817940437002	0.0061952889757011303171	0.21960109696459248485	-657.54755747432807311	-124.76483641988666307	-39.44098069	-0.000267180466319	0.00281711790905	-1.47280562702e-07	3.98060022056e-07	4.9303774	4.7902838	4.9943152	4.7570918
5005.5739964789436272	0.0060035119972854317574	0.22570070814394252445	-656.57213516554304533	-124.54397990342680203	-39.44126048	-0.000284405646384	0.00281526502093	-1.57262188972e-07	-1.18509691563e-07	4.9439672	4.780675	5.0047536	4.7156534
5006.5741111636352798	0.0058138824656317616979	0.23161008301260577191	-655.59805641227012529	-124.31727071926174233	-39.44154965	-0.000301596298839	0.00281336510001	-1.69325892341e-07	-6.13611019226e-07	4.957033	4.7710292	4.9883351	4.6884652
5007.574225848326023	0.0056242529340473036356	0.23732980660197985912	-654.62531224013366682	-124.08490154926131765	-39.4418636	-0.000318695687357	0.00281134086128	-1.81151548221e-07	-1.10605025443e-06	4.9695579	4.7615248	4.9783752	4.6754011
5008.5743405330167661	0.0054303903819397847039	0.24285987891207022615	-653.65389041611558696	-123.84706447635549864	-39.44218684	-0.000335767019945	0.00280930507476	-1.95533126297e-07	-1.59670696272e-06	4.981551	4.7523557	4.9989613	4.6743321
5009.5744552178684899	0.0052752122616443047898	0.2482128652918807743	-652.68377640649157456	-123.60394762705159621	-39.44253476	-0.000352763937183	0.00280723865895	-1.95293373619e-07	-1.99906384562e-06	4.9931038	4.7437052	5.0411839	4.6825833
5010.5745699025601425	0.0051219229816254008628	0.25341202910973875673	-651.71495847379890165	-123.35571599596266879	-39.44289204	-0.000369697653583	0.00280514215292	-1.93452032558e-07	-2.38104096626e-06	5.0043022	4.7356842	5.0889148	4.6928897
5011.5746845872517952	0.0049686337016078630305	0.25845788606754060979	-650.74742475223820293	-123.10252484694959207	-39.44327424	-0.000386463153609	0.00280296555828	-1.84115218597e-07	-2.75558108236e-06	5.0152227	4.7283682	5.1267936	4.6957628
5012.5747992719425383	0.0048120105696258424002	0.26335043616528192034	-649.78116106811535246	-122.84452895543803663	-39.44366541	-0.000403216805925	0.00280079338149	-1.82129476946e-07	-3.13037883751e-06	5.025922	4.7218272	5.1509479	4.6827171
5013.5749139567469683	0.0046854315022201043633	0.26809935475471058375	-648.8161517113443324	-122.58188005657581243	-39.44408053	-0.000419938814357	0.00279863300425	-1.81364228808e-07	-3.44156100293e-06	5.0364394	4.716081	5.1656625	4.6568301
5014.575028641438621	0.0045603849637765375355	0.27272279316448122533	-647.85238366878502347	-122.31471201788119174	-39.4445049	-0.000436596044732	0.00279646656162	-1.79409214374e-07	-3.73492365993e-06	5.0467954	4.7111338	5.1753724	4.6286966
5015.5751433261302736	0.0044353384251099277694	0.27722117069483848129	-646.88984412914965105	-122.0431511030141678	-39.4449541	-0.000453079656761	0.00279428386247	-1.72459878091e-07	-4.01796110805e-06	5.056966	4.7069945	5.182556	4.608113
5016.5752580108219263	0.0043079801386180982189	0.28159448734578240714	-645.92851861360679777	-121.76732318294213542	-39.44541204	-0.000469537353884	0.00279208898323	-1.69453429478e-07	-4.30196052514e-06	5.0668463	4.7036488	5.1854948	4.5966149
5017.5753726955845195	0.0042012207692167262071	0.28584932965640941216	-644.96839152754614588	-121.4873520198825787	-39.44589346	-0.000485925351118	0.00278986134478	-1.62308448532e-07	-4.54489316843e-06	5.0763188	4.7010722	5.1819192	4.5913223
5018.5754873802752627	0.0040955503657079343066	0.28999819098015888752	-644.00944923811971421	-121.20334914433554729	-39.44638373	-0.000502270210978	0.00278763585959	-1.52458405647e-07	-4.77671154583e-06	5.0852578	4.6992534	5.1705907	4.5896044
5019.5756020649669153	0.0039898799621389639813	0.29404136978168904371	-643.05167823661201965	-120.91542080497795553	-39.44689788	-0.000518498643942	0.00278541618599	-1.33711329927e-07	-5.00496075136e-06	5.0935625	4.6981981	5.1561331	4.5908181
5020.575716749658568	0.0038827944264829558976	0.29797886606099605045	-642.09506375487160312	-120.62367292827693177	-39.44742067	-0.000534700000292	0.00278320582803	-1.20066242845e-07	-5.2327142084e-06	5.1011419	4.6979168	5.1452243	4.595209
5021.5758314343911479	0.0037882156274100637315	0.30181465784034744448	-641.13959011864528748	-120.32821009371001253	-39.44796687	-0.000550828021256	0.00278102070093	-1.0903655383e-07	-5.43302056832e-06	5.1079047	4.6984242	5.1441549	4.6031299
5022.5759461190818911	0.003694315501344782194	0.30555635247064749649	-640.18524271733508613	-120.0291294136626874	-39.44852178	-0.000566899196809	0.00277884026519	-9.98707873907e-08	-5.62511060989e-06	5.1137688	4.6997631	5.1523485	4.6155679
5023.5760608037726342	0.0036004153753904171407	0.30920413620593051318	-639.23200682498179503	-119.72652470957388005	-39.44910034	-0.000582815869453	0.00277667258036	-9.35853810147e-08	-5.81141500964e-06	5.1186639	4.7019872	5.1635217	4.6337496
5024.5761754884642869	0.0035055851002025839418	0.31275800904619960319	-638.27986671081339409	-119.42048952732677947	-39.44968734	-0.000598700145813	0.00277452933228	-8.86295563366e-08	-5.99723697023e-06	5.1225194	4.705148	5.1712062	4.6580065
5025.5762901731795864	0.0034189313663263217608	0.31622056261001058042	-637.32880588336502115	-119.11111647471194885	-39.45029733	-0.000614496061102	0.00277245273562	-7.82407017409e-08	-6.16494569009e-06	5.1252687	4.7092892	5.1713822	4.6840677
5026.5764048578703296	0.0033327290371785514567	0.31959677996781260534	-636.37880843911989359	-118.79849323768320346	-39.45091578	-0.00063022102579	0.00277034928821	-6.64573781033e-08	-6.32697687944e-06	5.1268515	4.7144565	5.1662839	4.7061979
5027.5765195425619822	0.003246526707635953319	0.32288678511019558437	-635.42985825529365229	-118.48270528838175153	-39.45155738	-0.000645751790634	0.00276817234726	-4.83615649872e-08	-6.48457076667e-06	5.1272071	4.7206871	5.1591313	4.7204099
5028.5766342272527254	0.003159448526445346548	0.32609057803715346679	-634.48193838121108001	-118.16383785622576852	-39.45220726	-0.000661241938568	0.00276603287863	-3.66283898277e-08	-6.64097848636e-06	5.1262753	4.7279745	5.1527907	4.7302908
5029.5767489119652964	0.0030800452771188452372	0.32921058631266808536	-633.53503127290923658	-117.84197530887942662	-39.45287988	-0.000676620521186	0.00276399633787	-3.36704104934e-08	-6.77842721694e-06	5.1239997	4.7363005	5.1468857	4.741483
5030.5768635966560396	0.0030010700811287198408	0.33225149269740694713	-632.58912010356027622	-117.51719742869497054	-39.45356063	-0.000691941691402	0.00276194772128	-2.70769588231e-08	-6.91148901588e-06	5.1203217	4.7456513	5.13932	4.7595572
5031.5769782813476922	0.0029220948854435683725	0.33521341482884003948	-631.64418796764050512	-117.18958193793767464	-39.45426383	-0.000707104605671	0.00275986581795	-8.5508956181e-09	-7.04296044434e-06	5.115181	4.755982	5.1280407	4.785542
5032.5770929660393449	0.0028419258181942874154	0.33809635270696464238	-630.70021728066956257	-116.85920634577458088	-39.45497505	-0.000722209517613	0.0027577874434	9.31577093168e-09	-7.17375667021e-06	5.1085319	4.767194	5.1126756	4.8130513
5033.5772076507555539	0.0027722011478918400125	0.34090360625499732672	-629.75719009673753135	-116.52614710777194773	-39.45570844	-0.000737153981559	0.00275571883029	3.55493293307e-08	-7.2810653848e-06	5.100343	4.7791848	5.0946334	4.8350253
5034.5773223354472066	0.0027030621094541362921	0.34364155184803768517	-628.81508993733314128	-116.19047457785514155	-39.45644968	-0.00075206134756	0.00275368213242	5.84526106108e-08	-7.38323666979e-06	5.0905778	4.7918565	5.0753987	4.845158
5035.5774370201379497	0.0026339230708698970103	0.34631035047341485189	-627.87390065244449033	-115.85225642508694932	-39.45721273	-0.000766865728121	0.00275173403256	7.22256331243e-08	-7.48528819917e-06	5.07924	4.8050877	5.0551924	4.8460362
5036.5775517048296024	0.0025629733553615935242	0.34891000213113371187	-626.93360556052505217	-115.51156013903448638	-39.45798353	-0.000781618401782	0.00274979662579	8.16948722597e-08	-7.58700129122e-06	5.0664245	4.8187397	5.0315815	4.8461694
5037.5776663895549063	0.0025078523146063527727	0.35144550544879349374	-625.99418792887911422	-115.16845175961385905	-39.4587759	-0.00079622702515	0.00274788900889	9.25670615118e-08	-7.65471179127e-06	5.0522374	4.8326703	5.001789	4.8519459
5038.577781074246559	0.0024536209448724017809	0.35392652658119522213	-625.05563380938872342	-114.82298825322530433	-39.45957596	-0.000810781438699	0.00274597975228	1.04074569787e-07	-7.7141493303e-06	5.0368124	4.8467305	4.9643471	4.8626513
5039.5778957589373022	0.0023993895756573230607	0.35635331012446092025	-624.11793023816107961	-114.4752226652910565	-39.46039749	-0.000825184291809	0.00274406591136	1.14316900567e-07	-7.77158840763e-06	5.0205031	4.8607717	4.9257757	4.876189
5040.5780104436289548	0.0023425905311077496566	0.35872585607859502899	-623.18106387661566714	-114.12520790282017913	-39.46122655	-0.0008395345891	0.00274217083225	1.20228699015e-07	-7.8284066924e-06	5.0037487	4.8746426	4.8955869	4.8912745
5041.5781251283660822	0.0023082320534295163589	0.3610512498874206555	-622.24502169777792915	-113.77299493990388157	-39.46207677	-0.000853737426624	0.00274032839455	1.31598741795e-07	-7.83644092841e-06	4.9869898	4.8881923	4.8828553	4.9074535
5042.5782398130568254	0.002275135908106093105	0.36334319668920994628	-621.30979509627013613	-113.41862204518297119	-39.46293431	-0.00086789316994	0.00273847837137	1.43745339125e-07	-7.83468082092e-06	4.9707033	4.9012871	4.8871804	4.924812
5043.578354497748478	0.0022420397625874176166	0.3656020435499782173	-620.37537724819253526	-113.06212205579745955	-39.46381245	-0.000881916305885	0.00273660698906	1.5073915843e-07	-7.83513506324e-06	4.9554067	4.9138172	4.8990287	4.9460047
5044.5784691824392212	0.002205737246297876774	0.36782779046972141623	-619.44176112156094405	-112.70352771994951979	-39.46469791	-0.000895875310814	0.00273473773668	1.54289341001e-07	-7.83477545635e-06	4.9416198	4.9256786	4.9084879	4.9744249
5045.5785838671836245	0.0021974579444091319434	0.37002928571284521286	-618.50894034487328099	-112.34286946461374157	-39.46560409	-0.000909653090629	0.00273287450315	1.69471377221e-07	-7.77328382745e-06	4.9297504	4.9367461	4.9091784	5.0071492
5046.5786985518752772	0.0021907548917922507747	0.37222364376152866638	-617.5769144507908095	-111.98016198752456773	-39.46651743	-0.000923392299421	0.00273100110925	1.85942674494e-07	-7.69858858696e-06	4.9198559	4.9468729	4.9052716	5.0312972
5047.5788132365660204	0.0021840518383251647169	0.37441129798797490036	-616.64568548633906175	-111.61541330776088898	-39.46745107	-0.000937022121612	0.00272909890074	1.94259536111e-07	-7.62358607112e-06	4.9119227	4.9559103	4.9028957	5.0348915
5048.5789279212567635	0.0021739596728809124949	0.37659224839218602421	-615.71525546303109877	-111.24863141372628661	-39.46839168	-0.000950595698367	0.00272718920817	1.99162736392e-07	-7.54945480939e-06	4.9059195	4.9636684	4.9076063	5.0215927
5049.5790426060048048	0.0021934960010101061355	0.37877585181394046732	-614.78562729120619679	-110.87982191378164032	-39.46935208	-0.000964009191958	0.00272525821477	2.16717163229e-07	-7.41557722097e-06	4.9016189	4.9699384	4.9187005	5.0032536
5050.5791572906964575	0.0022146973861759005654	0.38098020128359416647	-613.85681044437865239	-110.50897390911904949	-39.47031948	-0.000977368641232	0.00272330749875	2.36313578955e-07	-7.26701695258e-06	4.8986555	4.9745663	4.9316097	4.9905331
5051.5792719753881101	0.0022358987707535786342	0.38320575456969602213	-612.92881728920485784	-110.1360695331270847	-39.47130689	-0.000990573719239	0.00272130044737	2.46957870204e-07	-7.11573880908e-06	4.8966564	4.9776693	4.9417486	4.9851518
5052.5793866600788533	0.0022542812174729852728	0.38545251167224403588	-612.00166032922390968	-109.76109095595776921	-39.47230104	-0.00100373985115	0.00271927090397	2.57178874944e-07	-6.96516292303e-06	4.8953704	4.9794776	4.9470027	4.9850303
5053.5795013448177997	0.0022973233124168371787	0.38772826355043860103	-611.07535299917481098	-109.38401844152316755	-39.47331453	-0.00101679433761	0.00271717688344	2.84478463317e-07	-6.76475811601e-06	4.89473	4.9802181	4.9489828	4.9879153
5054.5796160295094523	0.0023417483647239305776	0.39004806540430969619	-610.14991448663681695	-109.00481863471259203	-39.47433467	-0.00102978926909	0.00271507051485	3.11909551248e-07	-6.55348845594e-06	4.8946681	4.9800993	4.949593	4.990676
5055.579730714201105	0.0023861734169733812838	0.39241229740535582549	-609.22536661171125161	-108.62345248047550683	-39.47537393	-0.00104261286061	0.00271292862082	3.25394849248e-07	-6.34348693709e-06	4.8951174	4.9793247	4.9500387	4.9898798
5056.5798453988927577	0.0024291594850172526683	0.39482095955357687789	-608.30173148694154861	-108.23988103309828546	-39.47641981	-0.00105538217277	0.00271074176103	3.41231382635e-07	-6.13326511612e-06	4.8960351	4.9780663	4.9487592	4.9850801
5057.5799600836098762	0.0024847483786890143392	0.39727803668575339957	-607.37903193429860949	-107.85406447712342981	-39.47748477	-0.00106799475878	0.00270842506711	3.72080722886e-07	-5.8957187241e-06	4.8973831	4.9763566	4.9435027	4.9888363
5058.5800747683006193	0.0025410413826719643882	0.39979121975721637616	-606.45729401192704699	-107.46595616939131901	-39.47855615	-0.00108056589329	0.00270608834701	4.04025292534e-07	-5.65320669472e-06	4.8991155	4.9741975	4.932622	5.0172846
5059.580189452992272	0.0025973343864666774243	0.40236070228823167527	-605.53654538831472109	-107.07550667927188215	-39.47964608	-0.00109301690763	0.00270369359407	4.29882988857e-07	-5.41265019791e-06	4.901177	4.9716052	4.9194039	5.0804956
5060.5803041376839246	0.0026539995051518207488	0.40498648427879718747	-604.61681412543407532	-106.68266674759632906	-39.48074236	-0.00110540115283	0.00270126106039	4.57653366949e-07	-5.17235549646e-06	4.9035101	4.9686348	4.9095255	5.1672941
5061.5804188223673918	0.0027073995437317966567	0.40766753209154887871	-603.69812857024169261	-106.28738756262491449	-39.48185711	-0.00111759120965	0.00269871864687	4.85475623531e-07	-4.93912117015e-06	4.9060573	4.9653491	4.908334	5.2617288
5062.5805335070590445	0.0027606182521704171993	0.41040185453827587869	-602.78051669276680968	-105.88962230312780832	-39.48297802	-0.00112975074639	0.00269614815435	5.140157465e-07	-4.70853540424e-06	4.9087654	4.9618058	4.9147477	5.3517553
5063.5806481917497877	0.0028138369598965555854	0.41318940179666818757	-601.86400652646352682	-105.48932510115237449	-39.48411691	-0.00114182119745	0.00269349570151	5.43939252236e-07	-4.48080486183e-06	4.9115834	4.9580584	4.9219165	5.4392037
5064.5807628764414403	0.002868879381264012509	0.41603017386673091238	-600.94862649949232036	-105.08645028672299304	-39.4852619	-0.00115384099005	0.00269081676624	5.72512662335e-07	-4.25354040443e-06	4.9144608	4.954161	4.9229632	5.5288828
5065.5808775610939847	0.0029078789298226060886	0.41891908346259648654	-600.03440487715556628	-104.6809536626395527	-39.48642476	-0.00116571237665	0.00268806024962	5.80189127143e-07	-4.06042326955e-06	4.9173483	4.9501677	4.917171	5.6241151
5066.5809922457847279	0.0029459948175335724796	0.42184635601106990066	-599.12136639215407286	-104.27280002343302101	-39.48759359	-0.00117753624911	0.0026852714908	5.88140369961e-07	-3.87541215681e-06	4.920206	4.9461232	4.9116391	5.7231656
5067.5811069304763805	0.0029841107053437758954	0.42481174881871419657	-598.20953443334155963	-103.86195804838928325	-39.48877995	-0.00118922041966	0.0026823879329	6.04319602408e-07	-3.69241325899e-06	4.9229983	4.9420679	4.9139164	5.8232259
5068.5812216151671237	0.0030244545548533873988	0.4278152618855239897	-597.29893268071020884	-103.44839659139995547	-39.4899722	-0.00120086135729	0.00267947232508	6.22445257703e-07	-3.50968416565e-06	4.9256895	4.9380416	4.9266495	5.9234247
5069.5813362998087541	0.0030451379928100150325	0.43085064801509509458	-596.38958440052931564	-103.03208622653541227	-39.49118187	-0.00121237471659	0.00267646213945	6.26135296853e-07	-3.36802268169e-06	4.928246	4.9340828	4.943582	6.0291803
5070.5814509844994973	0.0030647493424914859853	0.43390594203808868778	-595.48150820064188338	-102.61300840601565199	-39.4923973	-0.00122383737213	0.00267342163289	6.25617508509e-07	-3.23579800325e-06	4.9306461	4.9302184	4.9575605	6.1472156
5071.5815656691911499	0.0030843606918622805402	0.43698084965965894311	-594.57472078467412757	-102.19114921543663854	-39.4936298	-0.00123514985591	0.00267029132336	6.23483484823e-07	-3.10510515563e-06	4.9328729	4.9264699	4.9647941	6.2832978
5072.5816803538828026	0.0031056176656651967617	0.4400753708798031405	-593.66923900058770869	-101.76649485830016317	-39.49486791	-0.00124642907826	0.0026671302002	6.24684559978e-07	-2.97535077541e-06	4.9349092	4.9228585	4.9679478	6.4400698
5073.5817950385362565	0.0031123026174547825662	0.44318486494226039252	-592.76507930330387808	-101.33903279166652567	-39.49612276	-0.0012576094276	0.00266387748038	6.20734252256e-07	-2.87819749509e-06	4.9367392	4.9194045	4.9704072	6.6183153
5074.5819097232269996	0.0031182017135833184351	0.44630047437944797561	-591.86225452374526412	-100.90875847120911146	-39.49738318	-0.00126873812281	0.00266060695008	6.13585612602e-07	-2.78760910175e-06	4.938356	4.9161192	4.9737452	6.7941004
5075.5820244079186523	0.003124100810406471411	0.44942198358967949678	-590.96077596955581157	-100.47567073563880058	-39.49866028	-0.00127971270712	0.00265728328197	6.05673580468e-07	-2.69718324152e-06	4.9397569	4.9130101	4.9758079	6.9222641
5076.5821390926103049	0.0031307961810413385308	0.45254939257295212496	-590.06065497968711497	-100.03976848640202491	-39.49994283	-0.00129064412375	0.00265392610316	6.0051678124e-07	-2.60724076545e-06	4.940939	4.9100849	4.9739883	6.9742849
5077.5822537772837677	0.0031304155787330910712	0.45568044270711910437	-589.16190265705233742	-99.60105123354907164	-39.50124173	-0.00130144627518	0.00265046857688	5.96214599082e-07	-2.53320219959e-06	4.9418991	4.9073503	4.9671522	6.981354
5078.5823684619745109	0.0031296576537773877942	0.45881083829073093794	-588.26452825883291098	-99.159522349836436206	-39.50254602	-0.0013122095882	0.00264699661701	5.91495194954e-07	-2.46240866017e-06	4.9426356	4.9048065	4.9579811	6.9879352
5079.582483146665254	0.0031288997290599236331	0.46194047586251951731	-587.36854024669173668	-98.715186836707985663	-39.50386647	-0.00132285617139	0.00264348127661	5.90107263072e-07	-2.39201745796e-06	4.9431481	4.9024514	4.9497672	7.0169031
5080.5825978313569067	0.0031283975424594334842	0.46506935542248778459	-586.47394705968395101	-98.268049725427459862	-39.50519216	-0.00133346046458	0.00263994537891	5.8785438509e-07	-2.32227276903e-06	4.9434355	4.9002827	4.9442516	7.0549907
5081.5827125160421929	0.0031256150342661476356	0.46819674751641793264	-585.58075702644441662	-97.818116250541649492	-39.50653367	-0.0013439371849	0.00263634746762	5.80647782888e-07	-2.25915232275e-06	4.943494	4.8983008	4.938061	7.0862756
5082.5828272007338455	0.0031227122380912742707	0.47132126944637042776	-584.68897783348540997	-97.365392891522148489	-39.50788032	-0.00135437542722	0.00263272641677	5.76654549961e-07	-2.19756188243e-06	4.9433205	4.8965065	4.9267706	7.1075934
5083.5829418854245887	0.0031198094417378753086	0.47444288824715796782	-583.79861687347306543	-96.909886655349737339	-39.50924259	-0.00136469716668	0.00262903530442	5.84032761076e-07	-2.13764033563e-06	4.9429125	4.8949006	4.9082313	7.1256644
5084.5830565701153319	0.0031169617990130888893	0.47756160391878338389	-582.90968150014305138	-96.451604565520071333	-39.51060995	-0.00137497532756	0.00262533792056	5.90615261965e-07	-2.07768342125e-06	4.9422672	4.8934873	4.8886104	7.1471275
5085.583171254806075	0.0031136208155010686865	0.4806772583285601752	-582.02217900907601233	-95.990553698740086475	-39.51199284	-0.00138512105324	0.00262162147756	5.94371875812e-07	-2.0186667959e-06	4.9413819	4.892273	4.8759751	7.1767755
5086.5832859394977277	0.003110254069338209016	0.48378955266251738587	-581.13611651992482621	-95.526741408613943918	-39.51338067	-0.00139523343519	0.00261789000482	5.97628686133e-07	-1.96065675173e-06	4.9402546	4.8912641	4.8759701	7.2187478
5087.5834006241884708	0.0031068873215810933683	0.48689847986352158271	-580.25150105390105182	-95.060175170906106246	-39.51478358	-0.00140524410947	0.00261411268718	5.99840961174e-07	-1.90512012836e-06	4.9388859	4.8904671	4.8844803	7.2694313
5088.5835153088801235	0.0031035572410582218383	0.49000403993157853888	-579.36833959020646034	-94.590862473775331409	-39.51619142	-0.00141522002238	0.00261032483391	6.02737966536e-07	-1.84953335022e-06	4.9372767	4.8898891	4.8949306	7.3075523
5089.5836299935699572	0.0030998982304411984781	0.49310612723916380506	-578.48663905250566586	-94.118810842853847021	-39.51761433	-0.00142508950899	0.0026065047245	6.07506669361e-07	-1.79451149071e-06	4.9354284	4.8895366	4.9011121	7.3103708
5090.5837446782616098	0.0030962222007843223648	0.49620454275473335759	-577.60640622859182258	-93.64402798928563243	-39.51904203	-0.00143491391636	0.00260267594145	6.11971660232e-07	-1.74006104844e-06	4.9333458	4.8894137	4.9006391	7.2765457
5091.5838593629532625	0.0030925461697915803717	0.49929928181832833323	-576.72764782347678647	-93.166521706944493531	-39.52048447	-0.00144459979366	0.00259882050398	6.15888076756e-07	-1.68699400457e-06	4.9310353	4.8895233	4.8933974	7.2264721
5092.5839740476440056	0.0030889316145275686441	0.50239034442994601193	-575.85037049787024444	-92.686299799795364152	-39.52193162	-0.00145425587522	0.00259495205789	6.20168832959e-07	-1.63430901424e-06	4.9285039	4.8898677	4.8793744	7.18117
5093.5840887323338393	0.0030847640737131512903	0.50547755271107752684	-574.97458084463528394	-92.203370124376505146	-39.52339332	-0.00146382005165	0.00259104348662	6.25092900713e-07	-1.58397555309e-06	4.9257602	4.890445	4.8614558	7.1494635
5094.5842034170254919	0.0030805681630681541402	0.50856057236418461542	-574.10028525069640182	-91.717740837070252269	-39.52485968	-0.00147335015623	0.00258712817903	6.2911475392e-07	-1.53377272732e-06	4.9228154	4.8912517	4.8463242	7.1263698
5095.5843181017171446	0.0030763722511193752548	0.51163939562477622758	-573.22748998857821334	-91.229420222259136608	-39.52634048	-0.00148277477285	0.00258319201548	6.30916795208e-07	-1.48332113064e-06	4.9196814	4.8922834	4.8409165	7.1062603
5096.5844327864078878	0.0030722255174075105422	0.51471402249284947672	-572.356201282467282	-90.738416571376959041	-39.5278258	-0.00149216233618	0.0025792500664	6.32300218546e-07	-1.43349379325e-06	4.9163703	4.8935314	4.8490626	7.0865105
5097.5845474710986309	0.0030676352984719233719	0.51778431008687475501	-571.4864252890121179	-90.244738216565338007	-39.52932517	-0.00150143475087	0.00257529013789	6.32032020553e-07	-1.3865647411e-06	4.9128958	4.8949864	4.8653076	7.0683105
5098.5846621557893741	0.0030630225070601706412	0.52084999053582481388	-570.6181679842104586	-89.748393727512251417	-39.53082899	-0.00151067726505	0.00257131711288	6.31863755986e-07	-1.34021112981e-06	4.909272	4.8966378	4.8824664	7.0530832
5099.5847768404810267	0.0030584097159068019366	0.52391105766463186288	-569.75143523867870954	-89.249391774273931333	-39.53234672	-0.00151982651005	0.00256730323572	6.3252317377e-07	-1.29515235897e-06	4.9055132	4.8984727	4.8941789	7.041605
5100.5848915251726794	0.0030537968203608427398	0.5269675114732932375	-568.88623287177631482	-88.747741031055554117	-39.53386888	-0.00152894185349	0.00256327953148	6.32241386917e-07	-1.24985114013e-06	4.9016332	4.9004774	4.899237	7.033727
5101.5850062098634226	0.0030491848717525723948	0.53001935226766072606	-568.0225666519280594	-88.243450175591135576	-39.5354049	-0.0015379510493	0.00255922505814	6.29194451225e-07	-1.20386759538e-06	4.8976458	4.9026383	4.8984149	7.0292276
5102.5851208945550752	0.0030445729716482008639	0.53306658061982226116	-567.16044229697820356	-87.736527888488978988	-39.53694523	-0.0015469205956	0.0025551619179	6.27045067639e-07	-1.15808979304e-06	4.8935647	4.9049407	4.8926149	7.0278014
5103.5852355792458184	0.0030399610716663194587	0.53610919654286637304	-566.29986547414171127	-87.226982853291275433	-39.53849912	-0.00155576552913	0.00255107153889	6.27894837916e-07	-1.11303977247e-06	4.8894042	4.9073703	4.8845439	7.0290115
5104.585350263937471	0.0030353102031081928558	0.53914720003679872384	-565.44084179999106254	-86.714823756441234082	-39.54005721	-0.00156458559629	0.00254696845751	6.27865517959e-07	-1.06867508433e-06	4.8851788	4.9099128	4.8782681	7.0324116
5105.5854649486291237	0.0030310124438110135764	0.54218070520440109217	-564.5833768568332971	-86.200059260026989705	-39.54162852	-0.00157332721685	0.00254282530363	6.25672226263e-07	-1.02585371125e-06	4.880903	4.9125541	4.8778202	7.0376689
5106.5855796333207763	0.0030267323871494230571	0.54520992498508813462	-563.72747628671356779	-85.682697846942915021	-39.54320404	-0.00158202887345	0.00253867016128	6.23794241442e-07	-9.82410489224e-07	4.8765861	4.9152812	4.8839769	7.0446459
5107.585694318012429	0.0030224523306242793812	0.54823486421848399708	-562.87314572880552532	-85.162747928523685914	-39.54479292	-0.00159060397754	0.00253447705545	6.22796963288e-07	-9.37531732744e-07	4.8722302	4.918084	4.892864	7.0534365
5108.5858090027031722	0.0030181358827141343409	0.55125552290458601501	-562.02039077479685147	-84.640217919424983961	-39.54638584	-0.00159915073151	0.0025302792025	6.21668094189e-07	-8.93180847667e-07	4.8678368	4.9209528	4.9002512	7.0662426
5109.5859236873957343	0.0030141499796788582578	0.55427200801070886094	-561.16921698440478394	-84.115116212471050972	-39.54799165	-0.00160760736972	0.00252606626004	6.20695872338e-07	-8.49934864239e-07	4.8634046	4.9238811	4.9028681	7.086465
5110.5860383720864775	0.0030101805285867276607	0.55728451871401429862	-560.31962997509992874	-83.587451034813142314	-39.54960146	-0.00161603875746	0.0025218394529	6.20135838811e-07	-8.06833386166e-07	4.8589241	4.9268647	4.9002105	7.1134868
5111.5861530567781301	0.0030062110755326846602	0.56029305950993457675	-559.47163536216726243	-83.057230548106332435	-39.55122402	-0.0016243895772	0.00251756840702	6.20768969344e-07	-7.64692594826e-07	4.8543844	4.9298999	4.892268	7.1355986
5112.5862677414697828	0.0030022345897888452586	0.56329763039846714179	-558.62523871616099314	-82.524462917984294563	-39.55285054	-0.00163270258406	0.00251328837965	6.20836994658e-07	-7.22371078106e-07	4.8497745	4.9329857	4.8794819	7.1399313
5113.5863824261605259	0.0029983221461452221057	0.56629825213469142664	-557.78044556593567904	-81.989156309222281038	-39.55448975	-0.00164089448007	0.00250897958547	6.19323873528e-07	-6.79419840027e-07	4.8450842	4.9361221	4.8650822	7.1272975
5114.5864971108512691	0.0029944128663448861365	0.56929496327834716585	-556.93726141642412131	-81.451318857924420058	-39.5561328	-0.00164905700339	0.00250466427311	6.18017985289e-07	-6.36782468559e-07	4.840303	4.9393092	4.8533635	7.1107477
5115.5866117955429218	0.0029905035861093609562	0.57228776469362241386	-556.09569173683996723	-80.91095869066140267	-39.55778822	-0.0016571250901	0.00250032800405	6.17467319638e-07	-5.95311106468e-07	4.8354211	4.9425484	4.8483149	7.1012411
5116.5867264802345744	0.0029866238803458906859	0.57527665638051428409	-555.25574195235594743	-80.368083937652642135	-39.55944742	-0.00166516800877	0.00249598238097	6.16754447253e-07	-5.53974527416e-07	4.8304342	4.9458409	4.8493923	7.0993206
5117.5868411649262271	0.0029824742437912958939	0.5782615507281285705	-554.41741743090290129	-79.822702752948259786	-39.56111885	-0.00167312969996	0.0024916065687	6.1530642358e-07	-5.13673458592e-07	4.8253423	4.9491878	4.8526021	7.1028062
5118.5869558496169702	0.0029783113768818477579	0.5812422853439590531	-553.58072340730643646	-79.274823429698798805	-39.56279404	-0.00168105608582	0.00248722350861	6.13842506618e-07	-4.73118242773e-07	4.8201459	4.9525895	4.8538846	7.1082933
5119.5870705343077134	0.0029741485087419559236	0.5842188566147761275	-552.74566503451990229	-78.724454318944339093	-39.5644814	-0.00168886809069	0.00248281696733	6.12707262929e-07	-4.31474946553e-07	4.8148506	4.9560464	4.8503535	7.1109301
5120.587185218999366	0.0029700640499240741135	0.58719126454058268028	-551.91224741977646318	-78.171603773557052364	-39.56617237	-0.00169665171455	0.00247840009939	6.12040435903e-07	-3.90372706399e-07	4.80947	4.9595572	4.840912	7.1069677
5121.5872999036891997	0.002965262104432116793	0.59015927588629801814	-551.0804755888367481	-77.616280201634666014	-39.5678751	-0.00170434303771	0.00247394964706	6.12088525341e-07	-3.52499558644e-07	4.8040186	4.9631199	4.8246126	7.0994211
5122.5874145883808524	0.0029604252680566528651	0.59312245936536234225	-550.25035428061585208	-77.058492370733844723	-39.56958141	-0.00171200631685	0.00246949610332	6.10900858633e-07	-3.14866440629e-07	4.7985133	4.9667318	4.8023351	7.0936899
5123.5875292730715955	0.0029555884314878375259	0.59608080545345309975	-549.42188808603145844	-76.498249193639836108	-39.57129943	-0.00171957804048	0.00246503246703	6.06475599597e-07	-2.77197638934e-07	4.7929786	4.9703873	4.7808112	7.0931998
5124.5876439577623387	0.0029508965588172925143	0.59903431415057295517	-548.59508154556476711	-75.935559581087233028	-39.57302098	-0.00172711933073	0.00246055798861	6.03093848048e-07	-2.39322750297e-07	4.7874402	4.9740803	4.7679416	7.0969529
5125.5877586424512629	0.0029448746078380404201	0.60198255238416387147	-547.76993908167992231	-75.370432540218772033	-39.57475412	-0.00173456088211	0.00245604797745	6.01495342643e-07	-2.03425173896e-07	4.7819245	4.9778037	4.7700358	7.1034085
5126.5878733271429155	0.0029387885125843017306	0.6049247213274404622	-546.94646461149454808	-74.802877734089619821	-39.57649067	-0.00174197550357	0.00245153192144	6.0038782624e-07	-1.68391783051e-07	4.7764612	4.9815471	4.7821021	7.1122713
5127.5879880118336587	0.0029327024178400187999	0.60786080347768689514	-546.12466180928413451	-74.232905087143166156	-39.57823845	-0.00174930152717	0.0024469959782	6.02292096683e-07	-1.34634285529e-07	4.7710813	4.9852991	4.7942503	7.1244468
5128.5881026965253113	0.0029268439031244620867	0.61079079883490861036	-545.3045342901824597	-73.660524514990513012	-39.57998963	-0.00175659636513	0.00244245787732	6.03358250179e-07	-1.00691552661e-07	4.7658155	4.9890477	4.7996481	7.1406621
5129.588217381211507	0.0029188913476187522064	0.61371402442284928025	-544.48608550175799792	-73.085746078552631388	-39.581752	-0.0017637882072	0.00243791265041	5.9897208663e-07	-7.02595607529e-08	4.7606935	4.9927784	4.7994804	7.1601178
5130.5883320659031597	0.0029108386865390085962	0.61662922373053541403	-543.66931810405037595	-72.508580857652617624	-39.58351767	-0.00177095472697	0.00243336146792	5.94837939517e-07	-4.06653578415e-08	4.7557459	4.9964755	4.7961767	7.1813836
5131.5884467505939028	0.0029027860262863802721	0.61953636945394041646	-542.85423439092267017	-71.929040333896594461	-39.5852943	-0.00177803729126	0.00242879053987	5.93717052208e-07	-1.13644972072e-08	4.7510005	5.0001221	4.7910432	7.2039297
5132.5885614352855555	0.0028950601965079419443	0.62243546159306939458	-542.04083658371121146	-71.34713596958552273	-39.58707417	-0.00178508913186	0.00242421947759	5.93479433124e-07	1.80887635913e-08	4.7464816	5.0037008	4.7842009	7.230902
5133.5886761199708417	0.0028843180898055391717	0.62532551463088892341	-541.2291266721381362	-70.762879428505016222	-39.58886486	-0.00179203871298	0.00241964796857	5.92214656575e-07	4.21611708312e-08	4.7422123	5.0071933	4.7754672	7.2663727
5134.5887908046615848	0.0028734331133854189994	0.62820472039544217324	-540.4191055070227776	-70.176283823661322003	-39.59065873	-0.00179895875011	0.00241507363093	5.89987507628e-07	6.52320633497e-08	4.7382102	5.0105802	4.7629136	7.3095216
5135.5889054893532375	0.0028625481376674450675	0.63107303993562580136	-539.61077341880002223	-69.587362834119090849	-39.59246322	-0.00180578007135	0.00241048984194	5.87702257811e-07	8.85283430772e-08	4.7344905	5.0138449	4.7438634	7.3472648
5136.5890201740439807	0.0028521145719434316292	0.63393047325143481174	-538.80413064676383783	-68.996130104739847866	-39.5942708	-0.00181257605984	0.00240590351268	5.86819229847e-07	1.11654170961e-07	4.731066	5.0169724	4.7189973	7.3648183
5137.5891348587265384	0.0028375019165538771515	0.63677565236050270858	-537.99917711461228009	-68.402599550454198152	-39.59608873	-0.00181928707329	0.00240130866247	5.85030375138e-07	1.26106120112e-07	4.7279434	5.0199476	4.6976832	7.3577205
5138.589249543418191	0.0028226932177379659289	0.63960607449654038881	-537.19591115412276849	-67.806787070311244747	-39.59790971	-0.0018259685515	0.0023967237064	5.82026462221e-07	1.39285287053e-07	4.7251307	5.0227543	4.6902657	7.3377768
5139.5893642281089342	0.0028078845181397867926	0.64242168623513584702	-536.3943303781081795	-67.208709331829837197	-39.59974097	-0.00183255057065	0.00239217206854	5.79355718466e-07	1.53100979057e-07	4.7226346	5.0253767	4.6969875	7.3182133
5140.5894789127996773	0.0027936738699916620343	0.64522248757629152571	-535.59443228356713007	-66.60838294807986415	-39.60157522	-0.00183910500145	0.00238762105262	5.78038067346e-07	1.67219916318e-07	4.7204584	5.0277987	4.7075799	7.3079513
5141.5895935974804161	0.0027739084727275331761	0.64800665674042556841	-534.79621394813864299	-66.005824880001540578	-39.60341957	-0.00184556616531	0.00238307213924	5.73716886628e-07	1.71656071074e-07	4.718606	5.0300031	4.7125758	7.3056715
5142.5897082821720687	0.002753885095675310743	0.65077087050128301637	-533.99967030885500208	-65.401054695248404869	-39.60526683	-0.00185199701542	0.00237852959779	5.68872344011e-07	1.74112513702e-07	4.7170833	5.0319687	4.7111164	7.3085637
5143.5898229668628119	0.0027338617187355053299	0.65351505858875513777	-533.20479534354763018	-64.794092963036391097	-39.60712392	-0.00185832498252	0.00237400868231	5.6821742481e-07	1.76349934403e-07	4.7158973	5.0336727	4.7058505	7.3139473
5144.5899376515544645	0.0027145794142780848776	0.65623922100284681758	-532.41158288342114702	-64.184960172035900428	-39.60898386	-0.00186462324892	0.00236950171341	5.68179608945e-07	1.78895580992e-07	4.7150553	5.035093	4.6987768	7.3196169
5145.5900523362315653	0.0026883909414965015579	0.65894108832203068804	-531.62002622950808473	-63.573677227975132098	-39.61085352	-0.00187082031632	0.00236504226462	5.60710332081e-07	1.69226053412e-07	4.7145654	5.0362065	4.690347	7.3234779
5146.5901670209232179	0.0026618849860440560798	0.66161653308307433186	-530.83011598316477375	-62.960268238295554966	-39.61272595	-0.00187699432937	0.00236059431869	5.52402435022e-07	1.57174458057e-07	4.7144402	5.0369863	4.680702	7.3240372
5147.5902817056148706	0.0026353790313886310374	0.66426546884919035474	-530.04184154083691283	-62.344758529813894654	-39.61460785	-0.0018830894797	0.00235618572096	5.48776269955e-07	1.44980564885e-07	4.7146944	5.0374061	4.6681358	7.3233348
5148.5903963903056137	0.0026097121273493863874	0.66688789562037620318	-529.25519211745108805	-61.727173317883597292	-39.61649248	-0.00188914941012	0.0023517944032	5.46545914566e-07	1.33247535659e-07	4.7153434	5.0374414	4.6492431	7.3246884
5149.590511074981805	0.0025761997898093350577	0.66948123032047124337	-528.47015630428438726	-61.107538268842461093	-39.61838648	-0.00189508838651	0.00234746242915	5.38213099557e-07	1.08048257517e-07	4.7164031	5.0370675	4.6225427	7.3302823
5150.5906257596734577	0.0025423304560644728427	0.67204078895201613264	-527.68671957280628249	-60.485882637294587028	-39.62028313	-0.00190100063905	0.00234314770295	5.28271235512e-07	8.03092344395e-08	4.7178939	5.03626	4.5978646	7.3388949
5151.5907404443651103	0.0025084611230487018942	0.67456647436576144816	-526.90486600173369425	-59.862237029418842837	-39.62218891	-0.00190682075174	0.00233889244481	5.21561770573e-07	5.27903774974e-08	4.7198379	5.0349958	4.5889659	7.3486984
5152.590855129056763	0.00247543893578390517	0.67705828656170730095	-526.1245794540808447	-59.236631907524596841	-39.62409725	-0.00191261658968	0.00233466021697	5.15908939793e-07	2.5375290555e-08	4.7222557	5.0332532	4.6012949	7.3599374
5153.5909698137338637	0.0024344697334830779634	0.67951360409360228587	-525.34584312371760006	-58.609098157191361622	-39.62601448	-0.00191832839965	0.00233050770945	5.02893858371e-07	-1.69663967855e-08	4.7251654	5.0310177	4.6236067	7.3762131
5154.5910844984246069	0.0023931424914392196261	0.68192768703271644526	-524.5686369773319484	-57.979670240118224456	-39.62793426	-0.00192401023518	0.00232637803338	4.88704069125e-07	-6.14359122428e-08	4.7285896	5.0282758	4.6429172	7.4009697
5155.5911991831162595	0.0023518152483255586223	0.68430043798965323187	-523.79293953263663752	-57.348383944086904762	-39.62986288	-0.00192958790029	0.00232232770367	4.79617998066e-07	-1.04376552838e-07	4.7325458	5.0250131	4.6541232	7.4286908
5156.5913138678079122	0.0023112201802844662898	0.68663185696441042527	-523.01872906499158944	-56.71527488455695476	-39.63179393	-0.00193513168443	0.00231830249323	4.71166736219e-07	-1.47396686062e-07	4.737044	5.0212272	4.6610237	7.4456973
5157.5914285524886509	0.002263735335568457796	0.68891966722200792539	-522.24598321082919483	-56.08037899456076758	-39.63373343	-0.00194055725234	0.00231436492801	4.55557311802e-07	-2.04089618424e-07	4.7420936	5.0169214	4.6675016	7.4400594
5158.5915432371793941	0.0022159429905533683212	0.69115976326031469679	-521.47467672714071796	-55.443735238221407258	-39.63567535	-0.00194596542941	0.00231045739564	4.38059009634e-07	-2.62553106609e-07	4.7477001	5.0120972	4.6729072	7.4172282
5159.5916579218701372	0.0021681506466051749839	0.69335206147312822278	-520.70478305769813687	-54.805383673895711638	-39.63762573	-0.00195131268456	0.00230665507152	4.22294373878e-07	-3.19725575488e-07	4.753865	5.0067699	4.6736897	7.3915315
5160.5917726065617899	0.0021208474252608043586	0.69549656186045061279	-519.93627539160775086	-54.165364169220325152	-39.63957843	-0.00195662575835	0.0023028807003	4.07882524703e-07	-3.76691365344e-07	4.7605883	5.0009619	4.6678816	7.3736324
5161.5918872912461666	0.0020689283274143372218	0.69759173660857487498	-519.1691263976188111	-53.523716728909249696	-39.64153929	-0.00196181861171	0.0022992046432	3.92387795697e-07	-4.42216101777e-07	4.767863	4.9946968	4.6626833	7.3616733
5162.5920019759369097	0.0020168049986701410206	0.69963483755714217516	-518.40330671095330217	-52.880483301519866757	-39.64350245	-0.00196698983465	0.00229556471007	3.75538267454e-07	-5.08515349321e-07	4.7756821	4.9880112	4.6684977	7.3512357
5163.5921166606285624	0.0019646816711994838194	0.70162580919983830174	-517.63878599970814776	-52.235706491916204186	-39.64547377	-0.00197208467521	0.00229205233965	3.60071711333e-07	-5.7289163936e-07	4.7840372	4.9809497	4.6910713	7.3409026
5164.5922313453193055	0.0019127068962210196177	0.70356465153665981305	-516.87553368343299098	-51.589428710385682564	-39.64744726	-0.00197714849426	0.00228857194942	3.44046690588e-07	-6.37246293109e-07	4.7929131	4.973558	4.7225717	7.3335816
5165.5923460300091392	0.001859326556008096239	0.70545089865096266557	-516.11351885742419654	-50.941692274083415271	-39.64942848	-0.00198210232793	0.00228520494345	3.2520548998e-07	-7.04998559927e-07	4.8022932	4.9658928	4.7527916	7.3319351
5166.5924607147007919	0.0018058845157281552818	0.70728371435859538341	-515.35270983298914871	-50.292539956925558897	-39.65141189	-0.00198703359374	0.00228186796127	3.05785214129e-07	-7.72436422797e-07	4.8121582	4.9580192	4.7766975	7.3317524
5167.592575399391535	0.0017524424739367981153	0.70906308189620703697	-514.59307447122114354	-49.642014603249421612	-39.65340308	-0.00199188452366	0.00227863785623	2.87145436526e-07	-8.37972317936e-07	4.8224841	4.9500023	4.796831	7.3243107
5168.5926900840831877	0.0016987722377112561469	0.71078900126380062385	-513.83458040864354643	-48.990158874367189412	-39.65539632	-0.00199670574065	0.00227544188124	2.6790702256e-07	-9.0358636036e-07	4.8332458	4.941909	4.816149	7.3031873
5169.5928047687766593	0.0016472662155126080712	0.71246219081003858697	-513.0771951965811013	-48.337015100203970519	-39.6573969	-0.00200142075964	0.00227236789161	2.51290581713e-07	-9.66497787091e-07	4.8444141	4.9338091	4.8348609	7.2727909
5170.592919453468312	0.001595854521450827462	0.71408393714672235841	-512.32088703243857708	-47.68262444916931031	-39.65939954	-0.00200611291047	0.00226932903277	2.34297247496e-07	-1.02796807114e-06	4.8559552	4.925773	4.8510788	7.2406235
5171.5930341381590551	0.0015444428283946218163	0.71565426589353742237	-511.56562425800592564	-47.027027531432985086	-39.66140957	-0.00201072299644	0.00226641624454	2.14901942998e-07	-1.0877285802e-06	4.8678344	4.9178642	4.8635722	7.2129499
5172.5931488228507078	0.0014924715468517010634	0.71717317705048677645	-510.81137502721617238	-46.370264797956444625	-39.66342157	-0.0020153010655	0.0022635323065	1.94360351005e-07	-1.14737672557e-06	4.8800139	4.910136	4.875554	7.1899574
5173.5932635075478174	0.0014458189549825396347	0.71864243815745509902	-510.05810763816356257	-45.712376172740711411	-39.6654406	-0.00201976377202	0.00226075232075	1.79413704857e-07	-1.19791391099e-06	4.8924542	4.9026414	4.8919511	7.1699625
5174.5933781922385606	0.0013993966674232848416	0.72006520911999660761	-509.30579233115236093	-45.05339901635417732	-39.66746157	-0.00202420601537	0.00225800263098	1.64572333113e-07	-1.24621331877e-06	4.9051119	4.8954222	4.9155442	7.1513634
5175.5934928769293037	0.0013529743794182499169	0.72144155247052432767	-508.55440003275697336	-44.393369593868513334	-39.66948951	-0.00202857422634	0.00225536254703	1.45442717456e-07	-1.29356888238e-06	4.9179419	4.8885004	4.9428017	7.1329703
5176.5936075616209564	0.0013057854883618510208	0.72277146820903959146	-507.8039015233431428	-43.732324041370731038	-39.67151928	-0.00203291331813	0.00225275045303	1.25025507248e-07	-1.34104203637e-06	4.9308986	4.8818962	4.9690782	7.1137328
5177.5937222463189755	0.0012658979896319694572	0.7240573855867353803	-507.05426789178534364	-43.070297861268549866	-39.67355566	-0.00203714663194	0.00225024003492	1.12756937994e-07	-1.37661515464e-06	4.9439367	4.8756144	4.9920221	7.0927692
5178.5938369310106282	0.0012263246839096571955	0.72530363983350532031	-506.30547301433745133	-42.407323137328980067	-39.67559388	-0.00204135525387	0.00224775695673	1.01390985429e-07	-1.40916070458e-06	4.957008	4.8696361	5.0126703	7.070206
5179.5939516157013713	0.0011867513776642414549	0.72651031623591355579	-505.55749181233528589	-41.743430538623094606	-39.67763877	-0.00204547381376	0.00224537359913	8.61958061895e-08	-1.44007616348e-06	4.9700629	4.8639412	5.0322743	7.0465458
5180.5940663003921145	0.0011463779769963096649	0.72767741479396097493	-504.81029909986744997	-41.078650635624427423	-39.67968537	-0.00204956330206	0.00224301542319	6.91500759986e-08	-1.47109505275e-06	4.9830546	4.8585072	5.051219	7.0223185
5181.5941809850892241	0.0011136406440913095266	0.7288074790170049333	-504.06387006031485498	-40.413013373293949826	-39.68173826	-0.00205354631913	0.0022407494721	5.85962512252e-08	-1.48947571284e-06	4.9959379	4.8532928	5.0692207	6.9991156
5182.5942956697808768	0.0010812298833035151411	0.72990504013962353991	-503.31818285013599734	-39.746545169476014792	-39.68379284	-0.00205750854413	0.00223850623178	4.89305008579e-08	-1.50504968209e-06	5.0086634	4.8482531	5.0860168	6.979902
5183.5944103544725294	0.0010488191217925624601	0.73097018678424074967	-502.57321676158824175	-39.079271001774380068	-39.68585366	-0.00206139430794	0.00223634650847	3.47338622205e-08	-1.5199930393e-06	5.0211856	4.8433449	5.1016175	6.9677297
5184.5945250391632726	0.0010155497676188501334	0.73200291895085545235	-501.82895101079748201	-38.411215775139595507	-39.68791609	-0.00206524994908	0.00223420575627	1.94550684436e-08	-1.53496803074e-06	5.033461	4.8385266	5.1161405	6.9647862
5188.5949837780162852	0.00090903682286402930426	0.73585351840498991471	-498.85851071726074224	-35.731638419456935196	-39.69620768	-0.00207996195895	0.0022261595385	-2.17681851733e-08	-1.54348895471e-06	5.0792469	4.819491	5.1646981	6.9946332
5192.5954425168292801	0.00081753712872434901315	0.73930734679816045851	-495.89786309341201331	-33.041244423012052778	-39.70455632	-0.00209374327374	0.00221874893205	-6.40300108725e-08	-1.51793418855e-06	5.1177725	4.8003188	5.198556	7.0183599
5196.5959012556077141	0.00073090594588586465206	0.74240433079722856213	-492.94603904218291746	-30.341171813409623326	-39.71295826	-0.00210656918961	0.00221192829956	-1.14652838069e-07	-1.48062782908e-06	5.1465429	4.7819533	5.2163324	7.0147398
5200.5963599943643203	0.00064104109518479317036	0.74514800706509931594	-490.00211546122790196	-27.632486887499585038	-39.72140977	-0.00211848449791	0.00220562005859	-1.73044350853e-07	-1.44915786376e-06	5.1635997	4.766332	5.2099349	6.3929895
5204.5968187331118315	0.0005435976390363835356	0.74751702246411810826	-487.06513245586586436	-24.916277495960070354	-39.72990719	-0.0021294684795	0.00219984002611	-2.43433785829e-07	-1.43130043856e-06	5.1680255	4.755139	5.1942751	5.8325271
5208.5972774718629807	0.00043823623417331322412	0.74948059436693226232	-484.13404731985264107	-22.193704282977613218	-39.73844669	-0.0021395567346	0.00219458870004	-3.19433451092e-07	-1.42805032707e-06	5.1596895	4.749493	5.1699425	5.4033863
5212.5977362106204964	0.00032784986207618079749	0.75101295431456116525	-481.20772985848117287	-19.466006884081227923	-39.74702461	-0.00214872510331	0.00218991232057	-3.98155043578e-07	-1.43100147697e-06	5.1392024	4.7498997	5.1386462	4.9635024
5216.5981949493852881	0.00021722768709739147383	0.75210363058956852811	-478.28499223601846779	-16.734473739490084654	-39.75563733	-0.00215693012497	0.00218581705505	-4.77039742951e-07	-1.42623007413e-06	5.1084111	4.7565562	5.1015079	4.7413745
5220.5986536881537177	0.00011203248637841619435	0.75276299047334138681	-475.36464066690280106	-14.000389569313728799	-39.76428091	-0.00216414374333	0.00218232160774	-5.60347453772e-07	-1.40148649881e-06	5.0713805	4.7695404	5.0690666	4.7836812
5224.5991124269221473	1.7813717374659154195e-05	0.75302374805434046934	-472.44553706804146032	-11.264972927213513287	-39.77295135	-0.00217034244341	0.00217932908624	-6.34171696416e-07	-1.34393995364e-06	5.0336521	4.7886481	5.0353704	4.8088946
5228.5995711656860294	-6.1197905503838716766e-05	0.75293812801953663438	-469.5266590850491184	-8.5293155237734001872	-39.7816445	-0.00217549202761	0.002176811866	-7.05668103672e-07	-1.24341931593e-06	4.999439	4.8130012	5.0014712	4.8328546
5232.6000299044462736	-0.00012292842916685481759	0.75257096478389917671	-466.60714611805747154	-5.7943358209198985165	-39.79035614	-0.00217955127562	0.00217463999096	-7.6479133199e-07	-1.09352344885e-06	4.96963	4.8406964	4.9517182	4.8562995
5236.6004886432028798	-0.00016756353662400664574	0.75199092529537781004	-463.68632268872516988	-3.0607557204231570225	-39.79908174	-0.00218247995426	0.00217272430532	-8.21090582332e-07	-8.93900456273e-07	4.9428121	4.8687964	4.9281299	4.8778103
5240.6009473819585764	-0.00019679689193543073705	0.75126301958464525299	-460.7636982465166966	-0.3291013163220436466	-39.80781678	-0.0021842254075	0.00217093128364	-8.69781960345e-07	-6.44978257633e-07	4.9179853	4.8939419	4.9163955	4.8966756
5244.6014061207151826	-0.00021232558828533548202	0.7504455705323745951	-457.83895154041641717	2.400280653001947595	-39.81655629	-0.00218471774007	0.00216912910105	-9.19609872043e-07	-3.49353347784e-07	4.8954845	4.9136551	4.9046953	4.9124322
5248.6018648594699698	-0.00021435644554091657114	0.74959310613428464798	-454.91191462573470972	5.1272064040082918623	-39.82529527	-0.00218389764744	0.00216721422813	-9.63259501808e-07	-3.67748224101e-09	4.8758359	4.9272415	4.8825182	4.9248429
5252.6023235982238475	-0.00020127321463694365774	0.74876287357640669562	-451.98257066390027603	7.8516537157580907902	-39.8340281	-0.00218167812447	0.00216505565149	-1.00391076402e-06	3.96137792554e-07	4.8595223	4.9353578	4.8646161	4.9337212
5256.6027823369777252	-0.00017104221062301405861	0.7480192563569547648	-449.05106810646083204	10.573778279126365476	-39.84274912	-0.0021779517682	0.00216258478861	-1.02397717687e-06	8.5810190925e-07	4.846611	4.9390297	4.8498521	4.9394091
5260.6032410757334219	-0.00012371885280655986407	0.74743047213160851427	-446.11773732650851798	13.293932721948934272	-39.85145209	-0.00217263872256	0.00215971422288	-1.02400105699e-06	1.38398730228e-06	4.836537	4.9391885	4.8377639	4.9424101
5264.603699814495485	-6.3460423071736734137e-05	0.74705630779500009631	-443.1830857108796522	16.012662172895801405	-39.86013021	-0.00216557268007	0.00215645167463	-9.98190384201e-07	1.96475786772e-06	4.8285871	4.9365658	4.8276234	4.943461
5268.6041585532593672	1.2091135136203482862e-06	0.74693131561017123143	-440.247751961580434	18.730655160097025913	-39.86877668	-0.00215670317457	0.00215280536196	-9.55498886551e-07	2.58768002725e-06	4.8222354	4.9323682	4.8184969	4.9434815
5272.6046172920232493	5.9249884699541911868e-05	0.74705113835240610776	-437.31241748037211892	21.448647357228733057	-39.87738338	-0.00214580743883	0.00214886704	-8.9953758766e-07	3.22533640435e-06	4.8170467	4.928327	4.8093558	4.9439739
5276.6050760307853125	0.0001005138475107215869	0.74736923919914965975	-434.37769358218378102	24.167298792487414971	-39.88594273	-0.00213285557866	0.00214473678745	-8.43801783873e-07	3.86410867804e-06	4.8122813	4.9256379	4.7989403	4.938463
5280.6055347695428281	0.00011901166445473871031	0.74780684983252931897	-431.44401781694710962	26.887081204650403521	-39.89444547	-0.00211760635371	0.00214062849357	-7.81584249469e-07	4.48692880799e-06	4.806791	4.9244736	4.7927752	4.933656
5284.6059935083003438	0.00011389347478751711096	0.74827140111127099509	-428.51159053737274007	29.608209662249102223	-39.90288261	-0.00209998009936	0.00213663136164	-7.25614193886e-07	5.0961916995e-06	4.7997085	4.924253	4.7867393	4.9305546
5288.6064522470578595	8.7736700261727376573e-05	0.74867360195479248919	-425.58036179877325367	32.330629171909592401	-39.91124399	-0.00207977954427	0.00213309332351	-6.45252462675e-07	5.69514206778e-06	4.7909634	4.9242363	4.7790147	4.929225
5292.6069109858190131	4.377571151253775776e-05	0.74893565861084221424	-422.65005352002316386	35.054039427409243501	-39.91951912	-0.00205687174532	0.00213006293399	-5.62414918588e-07	6.29019016948e-06	4.7813001	4.924153	4.7699223	4.9292566
5296.6073697245828953	-1.6205228656192729699e-05	0.74898977184409232244	-419.72019036338667775	37.7779285585476714	-39.92769641	-0.00203105578168	0.00212796263499	-4.4156036051e-07	6.87587935124e-06	4.7721012	4.9240838	4.7601721	4.9303929
5300.6078284633513249	-9.2667027023750735549e-05	0.74877078253953410769	-416.79011771890367299	40.501592332317748912	-39.93576542	-0.00200239792931	0.00212681598638	-3.14164404818e-07	7.46338448077e-06	4.7648675	4.9240033	4.7507266	4.9302559
5304.608287202124302	-0.00018846263760625235465	0.74820687349681713751	-413.85899686942394737	43.224127962735941821	-39.94371384	-0.00197068192529	0.00212702247621	-1.55937758066e-07	8.0435094601e-06	4.7608425	4.9234865	4.7428015	4.9583096
5308.608745940906374	-0.00030935166967200055125	0.74720903539626781775	-410.92577402796649721	45.944398638559725612	-39.95152861	-0.00193573172915	0.00212864246534	6.50352475596e-09	8.59784767061e-06	4.7610997	4.921812	4.7378767	4.9826025
5312.6092046797084549	-0.00046357037676047552818	0.74566045138570924422	-407.9891206536094046	48.660965198137887455	-39.95919704	-0.00189747797029	0.00213214211252	1.91844398089e-07	9.11072747689e-06	4.7665727	4.9180955	4.7387393	5.0039927
5316.6096634185396397	-0.00065894102638365656312	0.74341242358422499059	-405.04735330054978704	51.371992348046731536	-39.96670455	-0.00185564069902	0.00213756533581	3.6780973814e-07	9.55143910458e-06	4.7777847	4.9111678	4.7308451	4.9917599
5320.6101221574035662	-0.00089905087782033365432	0.74029369558728963518	-402.0983625659075642	54.075159152973427013	-39.97403706	-0.00181018279349	0.00214501938726	5.06351096945e-07	9.90342658722e-06	4.7946047	4.9007149	4.7333448	4.9595224
5322.6103515268132469	-0.0010406536506991934197	0.73835385928984387238	-400.62037638424754959	55.422925127431376779	-39.97763334	-0.00178599502763	0.00214962413873	5.72363531876e-07	1.00357565946e-05	4.8051451	4.8945116	4.7396639	4.9390774
5323.6104662115048995	-0.0011115490198705297881	0.73727763454169059631	-399.88035592356419556	56.095679914671947586	-39.97940896	-0.00177356655576	0.00215219135955	6.07964866911e-07	1.0098740967e-05	4.8109475	4.8912765	4.7443663	4.9274928
5324.6105808961965522	-0.0011815566611255835881	0.73613050629429432892	-399.13958803946343323	56.767611618589917555	-39.9811804	-0.00176105098067	0.00215481059881	6.46197689772e-07	1.01613059288e-05	4.8170847	4.8880073	4.7501752	4.9130275
5325.6106955808927523	-0.0012609558932265268333	0.73490917906368935508	-398.39802542809377428	57.438666125774375359	-39.98293067	-0.00174809405836	0.00215769341268	6.77327093052e-07	1.02067668131e-05	4.8235176	4.8847401	4.7571903	4.8954876
5326.6108102655834955	-0.001340653032077164953	0.73360822541901116178	-397.65561714323979459	58.108784906314788543	-39.98467659	-0.00173507053653	0.0021606322346	7.0951349177e-07	1.02484678814e-05	4.8302077	4.8814857	4.7655105	4.8795764
5327.6109249502751481	-0.0014203501693220556366	0.73222756549633472023	-396.91231103278278169	58.777907652749291856	-39.98640032	-0.00172170786076	0.00216385627393	7.49301083741e-07	1.02858813924e-05	4.8370934	4.8782483	4.7751648	4.8708801
5328.6110396349668008	-0.0014995040060142000166	0.7307671992956609186	-396.16805518198805203	59.445973842076142546	-39.98811973	-0.00170826756398	0.00216712681315	7.90831296243e-07	1.03237929101e-05	4.8441014	4.8750224	4.7861511	4.8703665
5329.6111543196620914	-0.001584463571026896488	0.72922508025153365274	-395.42279753630026562	60.112922285245161902	-39.98981697	-0.00169442999173	0.00217063534544	8.24556922379e-07	1.03560997031e-05	4.8511513	4.8717896	4.7985866	4.873049
5330.6112690043537441	-0.001669602192136285029	0.72759786077415422589	-394.67648395700882702	60.778688913416601736	-39.99150958	-0.00168052878765	0.00217419063049	8.58255968146e-07	1.03851201539e-05	4.8581508	4.8685272	4.8128371	4.8737122
5331.6113836890444873	-0.0017547408131692065255	0.72588549291153148246	-393.92905973460597124	61.443208416428404917	-39.99317835	-0.00166630025714	0.00217798641487	8.88440309935e-07	1.0407735492e-05	4.8650077	4.8652212	4.8292536	4.8703584
5332.6114983737361399	-0.0018399308238858716729	0.72408797666366242485	-393.18047047984430264	62.106415202328584257	-39.99484246	-0.00165198914929	0.00218182807791	9.20089606013e-07	1.042961065e-05	4.8716453	4.8618666	4.8476403	4.8639872
5333.6116130584277926	-0.0019245632401279019492	0.72220550993202492496	-392.4306621803748385	62.768243428681593343	-39.99648245	-0.001637251099	0.00218590694335	9.50004515026e-07	1.04513204541e-05	4.8779963	4.8584604	4.8674437	4.8556788
5334.6117277431185357	-0.002009179173611686485	0.72023841315512360239	-391.67958140458063099	63.428627202124488349	-39.99811757	-0.0016224538016	0.00219003579737	9.82512319095e-07	1.04714005268e-05	4.8840008	4.8550215	4.8883022	4.8461163
5335.6118424278101884	-0.0020937951080911222819	0.71818669074003504971	-390.927175175156151	64.087500405079154575	-39.99972743	-0.00160734862176	0.00219442442116	1.01748084255e-06	1.04851083896e-05	4.8896577	4.8515837	4.9114626	4.8357137
5336.6119571125009315	-0.0021792135784882626579	0.71605034268676315268	-390.17339090379198296	64.744796589724202818	-40.00133244	-0.00159216551068	0.00219884035756	1.05214161251e-06	1.0498655183e-05	4.8949943	4.8481829	4.9389516	4.8246063
5337.6120717971825798	-0.0022557365523864524905	0.71383255548589197303	-389.41817701686125019	65.400449666846384389	-40.00291217	-0.00157657535105	0.0022033989525	1.08594085436e-06	1.05305442325e-05	4.9000418	4.8448731	4.971741	4.8106788
5338.6121864818733229	-0.0023320115902725245885	0.71153841834229003549	-388.66148591545072577	66.054397310685516231	-40.00448675	-0.00156092400421	0.00220798982054	1.1207185658e-06	1.05621923482e-05	4.9048506	4.8417224	5.0048383	4.7907142
5339.6123011665649756	-0.002408286628272234952	0.7091679974130290498	-387.90327169628255888	66.706578353058176845	-40.00603426	-0.00154495142452	0.00221275012231	1.14177862842e-06	1.05833866649e-05	4.9094777	4.8387957	5.0311667	4.7632272
5340.6124158512566282	-0.0024861155476360685505	0.70672129269811101437	-387.14348887050010717	67.356931288929061452	-40.00757667	-0.00152890393774	0.00221755039071	1.16416289296e-06	1.06038645873e-05	4.9139697	4.83613	5.0456588	4.7366882
5341.612530535928272	-0.0025462561806809318014	0.70420471101945036896	-386.38209359260798692	68.005395694618073321	-40.00909216	-0.0015124611621	0.00222256156526	1.20520754571e-06	1.06560519157e-05	4.9183285	4.8337539	5.0511049	4.7230914
5342.6126452206190152	-0.0026059382771003178694	0.70162831835176886486	-385.61904945228394581	68.651919065556498367	-40.01060231	-0.00149596896125	0.00222758944686	1.2477440679e-06	1.07106283228e-05	4.9225353	4.8317005	5.0522036	4.7305722
5343.6127599053106678	-0.0026656203722973388463	0.6989922367437353401	-384.85432292202165172	69.296451560652002399	-40.01208414	-0.00147921459191	0.00223270594847	1.27344708986e-06	1.07567732247e-05	4.926567	4.8299807	5.053658	4.7516068
5344.6128745900023205	-0.0027275472897979424584	0.69629646619535212615	-384.0878808454719433	69.938943054827646506	-40.01356064	-0.00146238100449	0.00223782974658	1.29827787111e-06	1.08020271277e-05	4.9304002	4.8285985	5.0600169	4.7746891
5345.6129892746648693	-0.0027632014572939443166	0.69355062871354811183	-383.31969225662601275	70.579345308145235549	-40.01500869	-0.0014451250359	0.0022429924487	1.34130874859e-06	1.08940320794e-05	4.9339864	4.8275658	5.0712693	4.790245
5346.6131039593556125	-0.0027982235133026888384	0.69076959732307108286	-382.5497368503882285	71.217622215356087167	-40.01645116	-0.00142782328854	0.00224817640469	1.38756257084e-06	1.09900755554e-05	4.9372376	4.8269361	5.0823101	4.7986598
5347.6132186440463556	-0.0028332455694964481241	0.6879535398601053231	-381.77799822158169718	71.853741866318429743	-40.01786375	-0.00141027618293	0.00225347427403	1.42328366077e-06	1.10748292628e-05	4.9400587	4.8267768	5.0877575	4.8035327
5348.6133333287380083	-0.0028709568783311916612	0.68510245632464839005	-381.00446020988812279	72.487672185402715286	-40.01927084	-0.00139266156743	0.00225877862858	1.45655110525e-06	1.11591172661e-05	4.9423547	4.8271574	5.0822628	4.8078171
5349.6134480133932811	-0.002876595390099952361	0.68222817816153036308	-380.22910910547005869	73.119383637569512757	-40.02064827	-0.00137468323118	0.0022641179233	1.50792003686e-06	1.13029617512e-05	4.9440497	4.8281644	5.064911	4.8101504
5350.6135626980849338	-0.0028814999534883417066	0.67934880030690769637	-379.45194383116563586	73.748861856328119302	-40.02202002	-0.00135664535146	0.00226945164413	1.56153543643e-06	1.14532263157e-05	4.9450915	4.8299097	5.0433189	4.8074111
5351.613677382775677	-0.0028864045172995525523	0.67646451732630885623	-378.67296773796704201	74.376097805029147025	-40.02336098	-0.00133828498855	0.00227475517714	1.60072126662e-06	1.15966157166e-05	4.9454259	4.8325098	5.0259965	4.7973022
5352.6137920674664201	-0.0028938122773123783026	0.67357532921973117812	-377.89218422959186228	75.001082444685764017	-40.02469617	-0.00131986281728	0.00228005745433	1.64001951561e-06	1.17385379456e-05	4.9449888	4.8360602	5.0161518	4.7848163
5353.613906752123512	-0.0028715854034829465559	0.67069213740374977739	-377.10959875893047411	75.623809247347224982	-40.02599994	-0.00130110413389	0.00228535289429	1.71117554426e-06	1.19289877193e-05	4.9436962	4.8406487	5.0082228	4.778757
5354.6140214368151646	-0.0028486669873241830461	0.66783168319567542959	-376.32522809988250856	76.244285975157126245	-40.02729789	-0.00128230007829	0.00229064612867	1.78428666146e-06	1.21259176338e-05	4.9414443	4.8463765	4.9959107	4.7870626
5355.6141361215059078	-0.0028257485705054110302	0.66499415003257311696	-375.53909288794858412	76.862525524176049885	-40.02856404	-0.00126324769086	0.00229592729143	1.84885841502e-06	1.23173606718e-05	4.9381119	4.8532863	4.9778732	4.8067452
5356.6142508061975605	-0.0028040656982277574125	0.66217953791443762146	-374.75121362352325605	77.478540935429961678	-40.02982424	-0.00124414132453	0.0023012083976	1.91195557166e-06	1.25072858628e-05	4.9335619	4.861379	4.9598643	4.8276257
5357.6143654908701137	-0.0027685161208371869904	0.65939284021809263514	-373.96161156232267331	78.092346539992021803	-40.03105178	-0.00122473795318	0.00230648919244	1.98481831496e-06	1.27140534829e-05	4.9276564	4.8706689	4.9478565	4.8417533
5358.6144801755617664	-0.0027325929810099775126	0.65664197022072867682	-373.1703130003897968	78.703963526075142454	-40.03227327	-0.00120527693634	0.00231176916587	2.06001031507e-06	1.29225749202e-05	4.9202806	4.88123	4.9410617	4.8508106
5359.614594860253419	-0.0026966698409285751008	0.6539270274831712193	-372.37734589711692479	79.313415690955636705	-40.03346137	-0.00118549705166	0.0023170445957	2.14331441862e-06	1.31185954879e-05	4.9113465	4.8931526	4.9322833	4.8588787
5360.6147095449441622	-0.0026587033133608989691	0.65124801200542259405	-371.58273799357340295	79.920727031149226605	-40.03464341	-0.00116567687918	0.00232231820422	2.22790811583e-06	1.33128634754e-05	4.9007701	4.90655	4.9148556	4.8663082
5361.6148242296676472	-0.0026413284146860230121	0.64859786518067252814	-370.78651559545073724	80.525920132443843613	-40.03579172	-0.00114563266276	0.00232758168429	2.30723572197e-06	1.34572395812e-05	4.8884979	4.9215697	4.8909342	4.8675578
5362.6149389143592998	-0.0026247038022256070564	0.64596454710565953672	-369.98869727139458519	81.129007793020363692	-40.03693383	-0.0011255376948	0.00233286709252	2.38707489995e-06	1.35918192564e-05	4.874507	4.9383421	4.8682676	4.8578224
5363.6150535990509525	-0.0026080791894760859892	0.64334785554970497223	-369.18929858698186308	81.729999103418805362	-40.03804125	-0.00110515897952	0.0023382750991	2.49103437063e-06	1.37071000049e-05	4.8587784	4.9569111	4.8532967	4.8473584
5364.6151682837416956	-0.0025823664575009212634	0.64074779051281127717	-368.38833500817423783	82.328903239710029993	-40.0391424	-0.001084723546	0.00234370079564	2.59812216337e-06	1.38183670747e-05	4.8412807	4.9772668	4.8419268	4.8562944
5365.6152829686134282	-0.0026357810945952168773	0.63813943110500181977	-367.58581785810747533	82.925724016232436497	-40.04020829	-0.00106396929902	0.00234922592749	2.66106803569e-06	1.37630565928e-05	4.8219814	4.999406	4.8252614	4.8985436
5366.6153976533041714	-0.0026937016992339868522	0.635474384102869716	-366.78173019404175648	83.520427151433636936	-40.04126784	-0.00104316946929	0.00235478990958	2.72125047198e-06	1.36699562168e-05	4.8009007	5.0233432	4.7966285	4.962007
5367.6155123379958241	-0.0027516223045212476368	0.63275140985344791034	-365.9760433237208872	84.112961902735037256	-40.04229155	-0.00102211203421	0.00236057344895	2.83798727946e-06	1.35463062907e-05	4.7781277	5.0490944	4.7609572	5.0279124
5368.6156270226874767	-0.00278768738618814663	0.62997050835673917835	-365.16872889814260361	84.70327720508258551	-40.04330898	-0.00100104846935	0.00236643381299	2.96950840847e-06	1.34171673291e-05	4.7537665	5.0767091	4.7269712	5.0828902
5369.6157417080048617	-0.0029874298461019335206	0.62708606186969451102	-364.35975217569693996	85.291312366896050889	-40.04429078	-0.000979950074882	0.00237273069689	3.05605521388e-06	1.29752943602e-05	4.7279248	5.1063157	4.7006407	5.1294113
5370.6158563926965144	-0.0032031133149750062004	0.62399043530883935293	-363.54902198223152254	85.876927545248292972	-40.0452664	-0.000958869628142	0.00237912536039	3.12925830728e-06	1.24372402835e-05	4.7007897	5.1379485	4.6778769	5.1726813
5371.6159710773872575	-0.0034187967832813260724	0.62067910054396502328	-362.73641999178926199	86.459942531028715962	-40.04620676	-0.000937891716106	0.00238607863513	3.29946260631e-06	1.18733305876e-05	4.6726071	5.171375	4.652313	5.2154629
5372.6160857620789102	-0.0035943382039241274575	0.61715205757506530482	-361.92182936689908956	87.040175638844431205	-40.04714115	-0.000916933756841	0.00239317020713	3.49378915359e-06	1.13042418663e-05	4.6436367	5.2058581	4.6208377	5.2552854
5373.6162004487687227	-0.0040359819201545490269	0.61334572016693322816	-361.10512673732768008	87.617432071905312796	-40.04804125	-0.000896090409998	0.00240105618438	3.61720416624e-06	1.02732426962e-05	4.6141753	5.2405751	4.5887961	5.2890248
5374.6163151334603754	-0.0045232050013297346938	0.60906563590241391548	-360.28610001694744369	88.191385978213460817	-40.04893532	-0.000875301785204	0.00240909943344	3.6984878456e-06	9.02608514299e-06	4.5846667	5.274788	4.563034	5.3166301
5375.616429818152028	-0.0050104280822904894571	0.60429827267984415062	-359.46448542762368561	88.761628868922173297	-40.04979464	-0.000854829218593	0.00241805103744	3.89320335029e-06	7.75142581735e-06	4.5556888	5.3081473	4.5461328	5.3434521
5376.6165445028427712	-0.0054370627117282981436	0.59904363049922915163	-358.64002384465726436	89.327747389156485269	-40.05064816	-0.000834398232828	0.00242718547317	4.11912406099e-06	6.46674419965e-06	4.5278458	5.3403438	4.5312288	5.3751701
5377.616659193425221	-0.0062367656206130956537	0.59322647414512297281	-357.81245386343420023	89.889311710785904097	-40.05146805	-0.000814208728307	0.00243738170636	4.22511199945e-06	4.5511423124e-06	4.501754	5.3707521	4.5102507	5.4119437
5378.6167738781159642	-0.0071457097109883247268	0.58653446909684248123	-356.98139508159118805	90.445699120551651617	-40.05228212	-0.000794061730768	0.00244773469841	4.23241421023e-06	2.20249524206e-06	4.4781666	5.3980877	4.4816504	5.4460438
5379.6168885628076168	-0.0080546538018155099808	0.57893341571584711058	-356.14638176877929254	90.996132888639607472	-40.05306218	-0.000774162957955	0.002459003103	4.31300793499e-06	-1.79244662826e-07	4.4579327	5.4209479	4.454998	5.4693871
5380.6170032474992695	-0.0088805308463244178596	0.57042331400214230097	-355.30696204691975026	91.539822023548722996	-40.05383644	-0.000754310781855	0.00247043879611	4.43124874131e-06	-2.58445291101e-06	4.441908	5.4383096	4.440773	5.4805097
5381.617117948003397	-0.010205260261638591721	0.56091791320437867086	-354.46269479060413232	92.075951344881886484	-40.05457662	-0.000734732223418	0.00248285681376	4.34952253482e-06	-5.85495476238e-06	4.4310296	5.449661	4.4400223	5.4873418
5382.6172326326941402	-0.01175601991203884672	0.54993601380619461239	-353.61299440429462493	92.603425116984098509	-40.05531102	-0.000715170162558	0.00249540246508	4.0881404208e-06	-9.93113191429e-06	4.426635	5.4542229	4.44359	5.4977989
5383.6173473173857928	-0.013306779562546819373	0.53740317690922512206	-352.75715248659139434	93.12087163482708263	-40.05601125	-0.000695705515969	0.00250870176277	3.84462469348e-06	-1.40683778126e-05	4.4304348	5.4502105	4.4428517	5.5065225
5384.6174620020774455	-0.014746847694797960912	0.52331940251347963677	-351.89450170767599957	93.626881990210890194	-40.05670575	-0.00067626077166	0.0025220977365	3.64927532223e-06	-1.82506197551e-05	4.4441909	5.4345072	4.4414806	5.4860663
5385.6175767244676535	-0.016851747310404969343	0.50757817198431509631	-351.02442089061702291	94.120002761846293993	-40.05736628	-0.000656934203091	0.0025360677531	3.15027183719e-06	-2.36221700424e-05	4.469736	5.4039825	4.4514703	5.4078538
5386.6176914091583967	-0.019325674434260701334	0.48948738661379537218	-350.14614571711325652	94.598369582009610212	-40.05802106	-0.000637628528849	0.00255010758837	2.40376980686e-06	-3.02778526907e-05	4.5095216	5.3562006	4.484031	5.2738908
5387.6178060938491399	-0.02179960155795248114	0.46892239039787220189	-349.25879287594966627	95.059671065275281876	-40.05864153	-0.000618447617845	0.00256456432165	1.64076986531e-06	-3.70345612056e-05	4.56656	5.2904739	4.5408992	5.167372
5388.6179207785407925	-0.024130693949075746746	0.44588318333652365855	-348.36159840773825636	95.501516306418380964	-40.05925634	-0.00059928233338	0.00257905616311	9.4907597244e-07	-4.38676762568e-05	4.6440157	5.206361	4.6203403	5.1769727
5389.6180355353708364	-0.027320460484924872363	0.42021875669819902521	-347.45393668120829034	95.921426606074291499	-40.05983722	-0.000580210883637	0.00259375882325	-1.22190399074e-07	-5.22885362408e-05	4.7455518	5.1031974	4.7249745	5.3613124
5390.6181502200624891	-0.030881649298281074051	0.39111436436109225934	-346.5351413649409551	96.316361953584873845	-40.06041258	-0.000561158378518	0.00260845761128	-1.39272585059e-06	-6.2144447917e-05	4.8765969	4.9790859	4.8684223	5.6229956
5391.6182649047532323	-0.034442838111689633163	0.35844837479674562797	-345.60459704674360637	96.682732936751250463	-40.06095459	-0.000542220276855	0.0026231330163	-2.69052297239e-06	-7.21293398761e-05	5.044129	4.8308609	5.0657052	5.8095929
5392.6183795894439754	-0.037942385544512430284	0.32222078800513437313	-344.66199658648503146	97.016835237087761357	-40.06149117	-0.000523308991333	0.00263776243497	-3.87980972303e-06	-8.22219534711e-05	5.2635091	4.6553363	5.3045829	5.8148761
5393.6184943047273919	-0.041858893900519146547	0.28232876426570324702	-343.70738521338523697	97.314851763499660819	-40.06199477	-0.000504560564811	0.00265211257072	-5.24333499073e-06	-9.32160574236e-05	5.5587162	4.4549962	5.5490424	5.6564972
5394.6186089894190445	-0.045839457414656309409	0.23847455977891915402	-342.74115067536070001	97.572649912487335655	-40.06249308	-0.00048585659685	0.00266639594279	-6.55312123251e-06	-0.000104658232825	5.9253073	4.2380703	5.8076014	5.4419088
5395.6187236741097877	-0.049820403160721331293	0.19063933526839230148	-341.76413166275415279	97.785892723079186339	-40.06295909	-0.000467424174803	0.00268027153279	-7.89673982834e-06	-0.000116226365154	6.2761477	4.0123435	6.2078416	5.2025918
5396.6188383579819856	-0.053774000861617980707	0.13882328469415791683	-340.77772089636476949	97.950207625817853341	-40.06342003	-0.000449039227126	0.00269405533205	-9.10914024411e-06	-0.000127833465056	6.5376959	3.7866276	6.734973	4.9109277
5397.6189530426727288	-0.055932623481056445436	0.083963681687682839572	-339.78394941268311413	98.061548471467958166	-40.06384981	-0.000430945907726	0.00270727527391	-9.57229025505e-06	-0.000134687562118	6.7056913	3.5735422	6.9485165	4.5928626
5398.6190677273643814	-0.058091246100745189129	0.026945208500592416484	-338.78551736301830033	98.117152967299617217	-40.06427468	-0.000412919626556	0.00272036303633	-9.98056964862e-06	-0.000141596527208	6.7857391	3.3908615	6.7837439	4.3342661
5399.6191824120560341	-0.060616401676934675291	-0.032232134867064478334	-337.78555164129653576	98.114689485959473814	-40.06466931	-0.000395307522175	0.00273263416538	-1.04555175548e-05	-0.00014854660526	6.7864665	3.265324	6.6637642	4.2273767
5400.619296564897013	-0.060913390413366838572	-0.093246670803129205751	-336.7875553904783601	98.052058815260366487	-40.06505925	-0.000377782364128	0.00274476487283	-1.03112049036e-05	-0.000151442756696	6.7212688	3.2202045	6.7564517	4.2083597
5401.6194112495886657	-0.059597131576565230693	-0.15350884215410387501	-335.79520665064319473	97.928889425931018309	-40.06542011	-0.000360797484542	0.00275602301021	-9.56309482601e-06	-0.000148879504176	6.6110269	3.2663865	6.7468854	4.2285706
5402.6195259342794088	-0.058280872739733938226	-0.21245460371348165451	-334.81195072269218826	97.746824664990299425	-40.06577658	-0.000343911876858	0.00276713021468	-8.87645995057e-06	-0.000146282825289	6.4724375	3.3903717	6.4849169	4.317211
5403.6196406189710615	-0.057204295024625817501	-0.27008395548136976405	-333.84096449082960589	97.507788427186525837	-40.06610557	-0.000327646718569	0.00277729408839	-8.33822385422e-06	-0.000143634466151	6.3146841	3.5610454	6.2401585	4.4611649
5404.6197552237381387	-0.053698811363303400324	-0.32556195211943050882	-332.88508468706692156	97.214076578477232715	-40.0664304	-0.000311498037552	0.00278728811339	-7.24463438581e-06	-0.000135521136808	6.1448368	3.7481829	6.157675	4.6700853
5405.6198699084297914	-0.050106261876638635844	-0.37747044116582079143	-331.94633386128219854	96.869472922879694465	-40.06672911	-0.000296081583	0.00279621439608	-6.21321188681e-06	-0.000126407578619	5.9661504	3.9382544	6.0982937	4.9140017
5406.619984593121444	-0.046516468268557591148	-0.42578596871499096999	-331.02600923411347367	96.478272995401994194	-40.06702392	-0.00028080378819	0.00280497257468	-5.29641973719e-06	-0.000117227187999	5.7824046	4.1238947	5.9596519	5.1452664
5407.6200992737076376	-0.042903743912874749145	-0.47050681861323750965	-330.12485930494068498	96.044693153039290223	-40.06729415	-0.000266402771137	0.00281266779208	-4.5060274994e-06	-0.000107921645162	5.6025829	4.2992481	5.7605211	5.3855399
5408.6202139583983808	-0.039222782759102021999	-0.51157479127689986509	-329.24312233450933718	95.572857687891001888	-40.06756079	-0.000252154960002	0.0028202071752	-3.79870003741e-06	-9.83589371666e-05	5.4350075	4.4623431	5.5336907	5.5955061
5409.6203286430900334	-0.035541821605091498959	-0.54896138063675004037	-328.380557369589269	95.066799841417221728	-40.06780465	-0.000238881600723	0.00282675538903	-3.17347245026e-06	-8.87355892097e-05	5.2855354	4.6127192	5.3072327	5.6907831
5410.6204433277816861	-0.031791677128545033082	-0.58266658669274884463	-327.53651256329118269	94.53040163067871049	-40.06804527	-0.000225777280437	0.00283314582537	-2.63580775844e-06	-7.90631003025e-05	5.1548085	4.749598	5.0998083	5.6171954
5411.6205580649357216	-0.028469829483761008998	-0.61274743104413309513	-326.70998163937429126	93.967373586755243764	-40.06826513	-0.000213754464734	0.00283852680778	-2.18764058896e-06	-7.01642833154e-05	5.0419701	4.8708659	4.9254604	5.4292569
5412.6206727496273743	-0.025526037705104347858	-0.63974846088823722479	-325.89982486912884951	93.381016518888117162	-40.06848198	-0.000201923703421	0.00284377056636	-1.89615896915e-06	-6.25022483953e-05	4.9461229	4.9729302	4.7958928	5.2301342
5413.6207874343181174	-0.02258224592650181009	-0.66380536134587198038	-325.10489456794800844	92.774166497248870655	-40.06867939	-0.000191328984467	0.00284813116641	-1.57366422298e-06	-5.48207523376e-05	4.867008	5.052344	4.7181822	5.1273577
5414.6209021190097701	-0.019564738312562120204	-0.68491813241708121573	-324.32386710851164935	92.149515935428468083	-40.06887415	-0.000180938068865	0.00285238172839	-1.29323101359e-06	-4.71155239561e-05	4.804808	5.1106947	4.6804872	5.1215931
5415.6210168348416119	-0.016993447813753725928	-0.70315291740484509031	-323.55526069327288496	91.509636387280082204	-40.06905172	-0.000171866622382	0.002855919879	-9.89913376825e-07	-4.02532414662e-05	4.7596855	5.152517	4.6665364	5.1599432
5416.621131519532355	-0.01472457682053800003	-0.71901374850799593119	-322.7976499171589353	90.856770153784509603	-40.069227	-0.000163004234271	0.00285937324619	-7.72777158931e-07	-3.44499675736e-05	4.7312775	5.1817082	4.6662634	5.1903286
5417.6212462042230982	-0.012455705827633311786	-0.73260544841325858645	-322.04973313840389437	90.192816488624089288	-40.06938738	-0.000155503433596	0.00286227442298	-4.42710628994e-07	-2.86464888528e-05	4.7184365	5.1982984	4.6792165	5.2007346
5418.6213608889147508	-0.010148211521609549687	-0.74392801712064238195	-321.31014339244723033	89.519596095827651538	-40.06954575	-0.00014822978704	0.00286512946172	-1.23939555699e-07	-2.2833156848e-05	4.7199187	5.2006313	4.7057465	5.1968889
5419.6214755826531473	-0.0080823937360010866815	-0.75301246017083711681	-320.57745193893123314	88.838871679221242061	-40.06969103	-0.000142444473206	0.00286768220012	2.90782800901e-07	-1.7500785251e-05	4.7343477	5.1874434	4.7438833	5.1845802
5420.6215902673447999	-0.0062495785327412317622	-0.76017926813419511856	-319.85029799314213506	88.152233320434433494	-40.06983477	-0.000136883504675	0.00287021174651	6.65251793262e-07	-1.29392063347e-05	4.760443	5.1629425	4.789835	5.1663466
5421.6217049520355431	-0.0044167633292960424563	-0.76551305069829145289	-319.12744922427447136	87.461062817661940016	-40.06996845	-0.000132801335818	0.00287258841987	1.16189791058e-06	-8.38120361959e-06	4.7970428	5.1345648	4.8403412	5.1426603
5422.6218196367262863	-0.0025023096619492157973	-0.76901380786313344728	-318.40766009764030287	86.766705582848672407	-40.07010107	-0.000128924973483	0.00287499516334	1.65797597212e-06	-3.81506707793e-06	4.8416067	5.1095552	4.8949435	5.1140406
5425.6221636962836783	0.0024818100607753214998	-0.76900321999028686815	-316.25422784190323	84.677497327134958027	-40.07047321	-0.000122943834123	0.00288327999177	3.39030736346e-06	8.69334117509e-06	4.9901145	5.0585762	5.0810117	5.016115
5426.6222783809744215	0.004121640767955011414	-0.76570108078975573918	-315.53448911298175972	83.983087770747573586	-40.07059451	-0.00012197631788	0.00288636556337	3.99163739342e-06	1.27503690325e-05	5.0326071	5.0459992	5.1277198	4.9859209
5427.622393065678807	0.0057625035168899141	-0.7607588141168167839	-314.8118944289590786	83.291651392292308742	-40.07071483	-0.000122147832417	0.0028898997677	4.6025541248e-06	1.68344182816e-05	5.0658034	5.0364394	5.1513932	4.9597094
5428.6225077503704597	0.0074127434159007308048	-0.75417043515089599026	-314.08532657575420899	82.604392405165143032	-40.0708354	-0.000122479975657	0.00289350587785	5.20946976638e-06	2.09601499593e-05	5.089114	5.0308269	5.1595388	4.9391447
5429.6226224350621123	0.0090629833147747827782	-0.7459316270287297268	-313.35368442212023865	81.922539429814378309	-40.07095764	-0.00012389700688	0.0028975976406	5.78064220469e-06	2.51171531633e-05	5.102893	5.0297552	5.1648321	4.9261662
5430.6227371197528555	0.010713223214046701387	-0.73604238975032754144	-312.61589299560102972	81.247346836468793185	-40.07108049	-0.000125470716177	0.0029017416262	6.34390663821e-06	2.92906100048e-05	5.1072272	5.0337071	5.1707193	4.9228236
5431.6228518044445082	0.012356073553432543252	-0.72450272331567155959	-311.87091083463940322	80.580098862241484881	-40.07120747	-0.000128109162487	0.00290624050258	6.82859903102e-06	3.3498369188e-05	5.1015994	5.0432718	5.1585075	4.9309769
5432.6229664893462541	0.01416315493071717245	-0.71124179176825041981	-311.1177220051608856	79.922131304143263719	-40.07133542	-0.000130908006092	0.00291076815695	7.32666754437e-06	3.81593738563e-05	5.0853836	5.0593567	5.1073408	4.9520012
5433.6230811740379067	0.015971072079633066854	-0.69617295029573333931	-310.35529070502468585	79.274899534320766747	-40.07147008	-0.000134803620377	0.00291549259062	7.73619708509e-06	4.28841321223e-05	5.0582073	5.0830056	5.0196916	4.9872647
5434.6231958587295594	0.017778989228868107009	-0.67929598433378546307	-309.58262079147743862	78.63992958111693099	-40.07160601	-0.000138865747381	0.00292020458075	8.14287028646e-06	4.76285418765e-05	5.0201414	5.1146002	4.9305024	5.0359861
5435.6233105434203026	0.019561416418484724178	-0.66061089388242466569	-308.79878529588626179	78.018799809554792546	-40.07175066	-0.000144073554286	0.00292483095395	8.44973281669e-06	5.24075085205e-05	4.9713086	5.1537035	4.8755149	5.0948273
5436.6234252310960073	0.0216098082646537272	-0.64002495202225639925	-308.00291988888625383	77.413166002721041536	-40.0718969	-0.000149446300353	0.00292940975868	8.78649513658e-06	5.78351985678e-05	4.9133	5.1998014	4.8879524	5.1601155
5437.6235399157867505	0.023666972009473943861	-0.61738396560840269611	-307.19415516234613506	76.824875031492879884	-40.07205411	-0.00015596100225	0.00293365922317	9.00708856369e-06	6.3396537268e-05	4.8489888	5.2524621	4.9993723	5.228251
5438.6236546004784032	0.025724135754661141273	-0.59268557952429057334	-306.3716969565506929	76.255892578729131515	-40.07221318	-0.000162647066598	0.0029378240514	9.23958283742e-06	6.89765441216e-05	4.7810069	5.3107247	5.2232452	5.3011776
5439.6237692851691463	0.027759432065146090463	-0.56592979376996521701	-305.53487796607629434	75.708257950931979963	-40.07238515	-0.000170527018795	0.00294139921606	9.398213699e-06	7.45807256137e-05	4.7115566	5.3729206	5.456795	5.3879392
5440.6238839735697184	0.030018327592853173702	-0.53703940511527281654	-304.68316080569854876	75.184103693472152941	-40.07255934	-0.000178569004154	0.00294487080571	9.60712444097e-06	8.0731220273e-05	4.6424783	5.4371953	5.5693588	5.4987031
5441.623998658261371	0.032285034992120827113	-0.50588415120186724927	-303.81609863396187166	74.685754757175530472	-40.07274913	-0.00018774701207	0.00294761622582	9.76036261699e-06	8.69964819466e-05	4.5750827	5.5016873	5.5049256	5.6329849
5442.6241133429521142	0.034551742391206945182	-0.47246192993263252946	-302.93340552783087105	74.215659925448576928	-40.07294134	-0.000197077391749	0.00295022623524	9.94381996105e-06	9.32742764048e-05	4.5096709	5.5647082	5.371794	5.7095945
5443.6242280276437668	0.036824022798124349254	-0.43677274130750803893	-302.03500401857860425	73.776344616656871267	-40.07315059	-0.000207482838854	0.00295188084693	1.00916601104e-05	9.95623489204e-05	4.4463251	5.6244731	5.2995595	5.6969949
5444.6243427119197804	0.038961680865011692754	-0.39887540515526664908	-301.12105217704595361	73.370386858014143172	-40.07336249	-0.00021802142881	0.00295337492775	1.02517580126e-05	0.00010549218253	4.3853581	5.6789135	5.2866801	5.7205314
5445.6244573966114331	0.041098770823997966828	-0.35884058845662286652	-300.19198594327082219	73.000343995100863026	-40.07359317	-0.00022950540739	0.00295372914967	1.04007675597e-05	0.000111400395167	4.3276985	5.7262346	5.2507863	5.7679813
5446.6245720813030857	0.043250632882118660028	-0.31666843670757294227	-299.24850556466583384	72.668793216747246788	-40.07382671	-0.000241104171588	0.00295391415813	1.05960335935e-05	0.000117308412043	4.2744801	5.7649169	5.173634	5.7624826
5447.6246867425779783	0.045253409275389171185	-0.27236758344298328538	-298.29158249331175057	72.37833833555497165	-40.07408066	-0.00025352320156	0.00295288995576	1.07921114579e-05	0.000122849424567	4.2270668	5.7937363	5.15937	5.7306711
5448.6248014272687215	0.046562808065703842342	-0.22645420981516251047	-297.32252541828773929	72.131392860362751662	-40.07433765	-0.00026604472681	0.002951697318	1.08523418367e-05	0.00012629412492	4.1867126	5.812553	5.2127124	5.7139731
5449.6249161119603741	0.047872206856170489153	-0.17923128722894615672	-296.34302823856233999	71.929827008731209048	-40.07461654	-0.000279303407359	0.00294929327762	1.09633555992e-05	0.000129721050912	4.1550191	5.8241792	5.2339122	5.7278107
5450.6250307966520268	0.049326792389703673358	-0.13069881568437533015	-295.35501182235833539	71.775371097715705559	-40.07489861	-0.000292637999464	0.00294671177876	1.11143165393e-05	0.000133138979852	4.1333052	5.8320714	5.1885157	5.7817347
5451.6251453031745768	0.049890098842819995129	-0.080979499096751533793	-294.36060275923358631	71.669664117547938531	-40.07520369	-0.000306522087723	0.00294284572247	1.11545513528e-05	0.000134760539769	4.1223246	5.8405514	5.1268989	5.8463612
5452.62525998786532	0.049727951500541010821	-0.031164761592438347537	-293.36216236721719497	71.613634273505752503	-40.07551209	-0.000320469417446	0.00293881704119	1.0945328675e-05	0.000133816068465	4.1229566	5.8536132	5.0937664	5.8623422
5453.6253746725560632	0.049565804158146480052	0.018487809973740148423	-292.36217041767952196	71.607309325766664188	-40.07584467	-0.0003348775064	0.00293360352073	1.08031089644e-05	0.000132860285782	4.1362734	5.8700062	5.0946829	5.8467865
5454.6254893572477158	0.049610853781653897754	0.067978215601828859138	-291.36309279491331381	71.650542966402142042	-40.07618063	-0.000349320964266	0.00292823438135	1.06691700457e-05	0.000131904394427	4.1616471	5.886093	5.1250228	5.8522185
5455.6256039134332241	0.048261046338645738341	0.11696488234217698732	-290.36736032199451074	71.742988725281122697	-40.07654134	-0.000364023794153	0.00292172403646	1.02685837866e-05	0.000128072591061	4.1970583	5.8987288	5.173064	5.9030286
5456.6257185981239672	0.046691559499114923537	0.16444663006618862044	-289.37724088520513988	71.883363134201260891	-40.07690555	-0.000378754613472	0.00291508296211	9.68944103852e-06	0.000123011715491	4.2399046	5.9046367	5.2247441	5.9444296
5457.6258332828156199	0.04512207265970357567	0.21035871095466265879	-288.3947474481971085	72.069804378253266464	-40.07729565	-0.000393692036863	0.00290747690787	9.18709530106e-06	0.000117976788266	4.2870322	5.9002898	5.2682109	5.9362198
5458.6259479675063631	0.04358136251478933465	0.25470112500751568296	-287.42165922998481165	72.300379350261465561	-40.07768926	-0.000408636582797	0.00289976396291	8.6564759765e-06	0.000112967252558	4.3367583	5.8819944	5.298474	5.9188448
5459.6260626498551574	0.04132464182800100333	0.29715968651255231237	-286.45950027675786487	72.573013301423628718	-40.07810901	-0.000423634050875	0.00289125679504	7.93822892971e-06	0.000106090671947	4.3885245	5.8466683	5.311736	5.8866534
5460.62617733454681	0.039065092505458837158	0.33735916341522109718	-285.50942013529794394	72.88517097013067314	-40.07853227	-0.000438622925885	0.00288266752595	7.15878657349e-06	9.91634037001e-05	4.4422627	5.790931	5.3133476	5.835909
5461.6262920192375532	0.036805664451702808926	0.37529883185971169013	-284.57225088560812765	73.234202773261941388	-40.07898176	-0.000453547528759	0.00287346417811	6.45756538931e-06	9.22951544889e-05	4.497894	5.7112708	5.3392378	5.7802661
5462.6264067037736822	0.034544980258360460934	0.41097862142150970444	-283.64855494858733209	73.617489981853424297	-40.07943473	-0.000468448373776	0.00286420848078	5.70835592825e-06	8.54692563102e-05	4.5552539	5.6101296	5.4316407	5.713171
5463.6265213884653349	0.032278135840745361684	0.44439401126531874464	-282.73864351012673524	74.032456827114231146	-40.079914	-0.000483170336112	0.00285455862268	5.03922586226e-06	7.86957478168e-05	4.6137086	5.4967288	5.5778818	5.6025838
5464.6266360731569875	0.030011291423336389217	0.47554229671924730383	-281.8425942471233725	74.476578687015930313	-40.0803967	-0.000497858578302	0.00284489599963	4.32313170211e-06	7.19706036595e-05	4.6721729	5.379454	5.7124576	5.4332807
5465.6267507578477307	0.027731448335451498732	0.50442347778327012442	-280.96027176522949276	74.947393819654223535	-40.08090545	-0.000512291225773	0.00283513661972	3.69096039692e-06	6.53244664222e-05	4.7294636	5.2643264	5.7654474	5.2450141
5466.6268654535197129	0.025549876786446025501	0.53104605271079885487	-280.09134704186777753	75.442510094075771576	-40.08141756	-0.000526682543036	0.00282539410375	3.05041304801e-06	5.89318204839e-05	4.7850618	5.156463	5.6763514	5.0854811
5467.6269801382104561	0.023590398986620974425	0.555619008415975002	-279.23536432846452726	75.95968766692084273	-40.08195539	-0.00054075847145	0.00281578027565	2.61942121735e-06	5.32821081956e-05	4.8389313	5.0583511	5.4712612	4.9911324
5468.6270948229021087	0.021630921186887457769	0.5782322615992514514	-278.3918172798953492	76.496916790984911927	-40.08249646	-0.000554789136533	0.00280621837233	2.14916644577e-06	4.76749761586e-05	4.8908547	4.968103	5.2306141	4.9825401
5469.6272095075937614	0.01965477386378702146	0.59888581226060466633	-277.56008586266403881	77.052269536292357088	-40.08306244	-0.000568472059986	0.00279705538814	1.7467613862e-06	4.21422114238e-05	4.9405582	4.8834274	5.0499563	5.071465
5470.6273242019560712	0.017800455000432775093	0.61759080074892547252	-276.73943845157589294	77.623879579458701983	-40.08363158	-0.000582104110762	0.00278797861527	1.35526829303e-06	3.6897119978e-05	4.9877468	4.8032164	5.012805	5.2321495
5471.6274388866477238	0.016192459650393311449	0.63458920730772194752	-275.92910895508100566	78.210029220717771636	-40.08422508	-0.000595342664445	0.00277956868186	1.17078191805e-06	3.24549306217e-05	5.0323801	4.7282612	5.0955027	5.4096456
5472.627553571338467	0.014584464300560241734	0.6499794341042326451	-275.12837585221041081	78.809225460930008467	-40.08482158	-0.000608529144757	0.00277127117125	9.54343541821e-07	2.80443722145e-05	5.0744817	4.6596573	5.2109018	5.4916669
5473.6276682560301197	0.012965743462934258695	0.66376148113848554289	-274.33646602735825581	79.420038342248020058	-40.08544155	-0.000621310083958	0.00276384919577	7.78880812741e-07	2.36947956122e-05	5.1139738	4.5980596	5.2817372	5.4605933
5474.627782944975479	0.011432571512693386756	0.67594215878156260757	-273.55254871245455206	80.041078321350994429	-40.08606439	-0.000634037658309	0.00275656297679	6.10082835425e-07	1.95499147909e-05	5.1503917	4.5438565	5.3074586	5.3890261
5475.6278976296671317	0.010126249405140334836	0.68672280547378272697	-272.7757978129978369	80.671060648865818621	-40.08670981	-0.000646346774141	0.00275034128744	6.1205115875e-07	1.61118092021e-05	5.1829884	4.4974483	5.3109181	5.3459137
5476.6280123143587844	0.0088199272975301237776	0.69619698024334875086	-272.00546587716002023	81.308877712844861207	-40.08735798	-0.000658599113707	0.00274427065675	5.86213824596e-07	1.26936527961e-05	5.2109025	4.4594579	5.3078712	5.3489183
5477.6281269990495275	0.0075090055635201593751	0.70436468309025390688	-271.24078924754422815	81.953465543741955912	-40.08802782	-0.000670403164593	0.00273939274068	5.63326493025e-07	9.31896641878e-06	5.2334292	4.4305108	5.2982989	5.3791058
5478.6282416848516732	0.0062445311480699436726	0.71122860199774362577	-270.48097735842782186	82.603781887045059307	-40.08870024	-0.000682152387967	0.00273468073377	5.35951201398e-07	6.06174824519e-06	5.2498367	4.411166	5.28009	5.4175352
5479.6283563695424164	0.0051963165859715467615	0.71694968190987495849	-269.72525885012407798	83.258851493293107637	-40.08939314	-0.000693465698781	0.00273128780705	6.39947262973e-07	3.44085343498e-06	5.2593653	4.4019893	5.2523213	5.4533243
5480.628471054234069	0.0041481020238566578343	0.72162242704566026408	-268.97295452880723587	83.917839937179891763	-40.09008847	-0.000704721805137	0.00272806344495	7.19292189919e-07	8.29495864003e-07	5.261494	4.403586	5.2199173	5.4869399
5481.6285857389257217	0.0030988015728043993846	0.72524683740509365837	-268.22339026587388844	84.579943933389330368	-40.09080327	-0.000715519920521	0.00272618864669	7.68045119068e-07	-1.75710796471e-06	5.2557711	4.4162561	5.1896383	5.5197057
5482.6287004237210567	0.0020683450937192702709	0.72782349688944136812	-267.47588209108272395	85.244368764538108962	-40.09152037	-0.000726257860747	0.00272448278924	8.03772370285e-07	-4.29235241171e-06	5.2418485	4.4400658	5.1676865	5.5526835
5483.6288151084117999	0.001258177686491221154	0.72948694983102757572	-266.72977106399395097	85.910362372792846486	-40.09225591	-0.000736510638754	0.00272413901708	9.60756826871e-07	-6.20622682276e-06	5.2204463	4.4722722	5.1540537	5.5862082
5486.6291591624867579	-0.0011712873891195235178	0.72961575874586459545	-264.49430981672890084	87.911556210849781223	-40.09450571	-0.000765938803633	0.00272638598494	1.26738909409e-06	-1.19126505254e-05	5.1243145	4.5749562	5.1286764	5.691642
5487.629273847177501	-0.0017606644226905107404	0.72814961471472983146	-263.74833801847950099	88.577705802979977534	-40.0952792	-0.000774953096403	0.00272892845121	1.47211798331e-06	-1.31988592113e-05	5.0895212	4.6044105	5.1124258	5.7255601
5488.6293885318682442	-0.0023500414572398967486	0.72609402605703998734	-263.00119444114972111	89.242540748440134735	-40.09605454	-0.000783887596128	0.00273161777198	1.66182903824e-06	-1.44865950756e-05	5.0587445	4.6311238	5.0852357	5.7559764
5489.6295032165598968	-0.0029394184910342987908	0.72344899277279239858	-262.25249044601321202	89.905617762495950274	-40.09684521	-0.000792164946778	0.00273551653786	1.80522311931e-06	-1.57661093172e-05	5.0334596	4.6561495	5.0483115	5.7814928
5490.6296179012515495	-0.0035359426752370891507	0.72021451486198861947	-261.50184051251613937	90.566490811858187726	-40.09763758	-0.000800362309437	0.00273955017063	1.93626220385e-06	-1.70490049042e-05	5.0132942	4.6805122	5.0086769	5.8025276
5491.6297325858940894	-0.0039506569217890490434	0.71647061868819916786	-260.74887979079352363	91.224729648078735522	-40.09844401	-0.000807896181973	0.00274470250707	2.17181452969e-06	-1.78674611011e-05	4.9977413	4.7043693	4.9734197	5.8200898
5492.6298472705848326	-0.004364687321933387841	0.7123124697449373377	-259.99332428359184632	91.879988235701148369	-40.09925196	-0.000815341213741	0.00274997803791	2.40427095191e-06	-1.86678950061e-05	4.9859326	4.72745	4.9451696	5.8343686
5493.6299619552755757	-0.0047787177219000233006	0.70774024291876846959	-259.23491577107273542	92.531942350597915947	-40.10007255	-0.00082204399523	0.00275628283821	2.60476059658e-06	-1.94661444612e-05	4.9767736	4.7495411	4.9232303	5.8441911
5494.6300766399672284	-0.0052002539465740189872	0.7027539382096879006	-258.47340019526831156	93.180264290450949716	-40.10089454	-0.000828661296621	0.00276271338055	2.79497765952e-06	-2.02683832014e-05	4.9692537	4.7705888	4.9067621	5.8484969
5495.6301913245306423	-0.0055012020780054460278	0.69740228331544851237	-257.70853772532586845	93.824634057939533704	-40.10172827	-0.000834559233034	0.00277020211569	3.02838215814e-06	-2.07735532933e-05	4.9632279	4.790592	4.8944231	5.8480625
5496.6303060092213855	-0.0058008451344640776792	0.69175061162338258303	-256.94014174572652109	94.464785866930284897	-40.10256315	-0.000840358915934	0.00277779998413	3.26243962055e-06	-2.12585760386e-05	4.9589267	4.8094915	4.8845342	5.8446333
5497.6304206939130381	-0.0061004881906541403094	0.68579926251043854535	-256.16804498235990195	95.100468978385848118	-40.10340779	-0.000845325691595	0.002786322989	3.46687545801e-06	-2.17459433669e-05	4.9565255	4.8270428	4.876815	5.8376041
5498.6305353786037813	-0.0064058833265184488004	0.6795482359766271685	-255.39208430943918415	95.731429483860551954	-40.10425338	-0.000850205165977	0.00279494908815	3.66677779369e-06	-2.22386120898e-05	4.9560265	4.8430045	4.8785491	5.8203852
5499.6306500631471863	-0.0066329009468764276933	0.6730277940556084193	-254.61210669279958552	96.357417308169615922	-40.10510705	-0.000854339133395	0.00280445555815	3.90781603207e-06	-2.25508246466e-05	4.957364	4.8573765	4.8995402	5.7863922
5500.630764747838839	-0.0068586468099618462177	0.66628124654023113127	-253.82799378119966605	96.978217219953492645	-40.10596151	-0.000858386951281	0.00281405450649	4.1503985766e-06	-2.28477816604e-05	4.9604234	4.8703616	4.9447984	5.7462301
5501.6308794325295821	-0.0070843926728851114652	0.65930892727227718986	-253.03964111584517127	97.593623919190477523	-40.10682271	-0.000861693654971	0.00282444901348	4.36928996561e-06	-2.31499715578e-05	4.9650797	4.8821886	5.0039581	5.7258472
5502.6309941172212348	-0.0073134309487882338471	0.6521108362517338275	-252.24694809740506685	98.203429496640069374	-40.10768446	-0.000864905244188	0.00283493983179	4.58461887941e-06	-2.34576519578e-05	4.971208	4.8931468	5.0634547	5.7456859
5503.631108801807386	-0.0075001840477841238974	0.64470299068709913115	-251.44982102388729572	98.807427209462986184	-40.10855108	-0.000867292507975	0.00284626534825	4.81171063161e-06	-2.3675556029e-05	4.978676	4.9035459	5.1096272	5.7964675
5504.6312234864990387	-0.0076861395428473935909	0.63710895807230594201	-250.64818590213471339	99.40542863687728925	-40.10941814	-0.000869594378186	0.00285767134933	5.03852802937e-06	-2.38862255918e-05	4.9872831	4.913652	5.1343545	5.8595319
5505.6313381711897819	-0.0078720950382604355788	0.62932894863607846681	-249.84197775634993377	99.997250200326604386	-40.11028907	-0.000871150630661	0.00286978010535	5.23909711409e-06	-2.41025632563e-05	4.9967351	4.9235624	5.1411962	5.916284
5506.6314528558814345	-0.0080590850487480374109	0.6213629623784026057	-249.03113533353814546	100.58270614109110852	-40.1111602	-0.000872620365706	0.00288196435118	5.43841444452e-06	-2.43243103864e-05	5.0067253	4.9333462	5.1351836	5.9534245
5507.6315675405367074	-0.0082329165221137912828	0.61321596724154148195	-248.21560207580196789	101.16160972169424781	-40.11203317	-0.00087332898119	0.00289481270338	5.64109119626e-06	-2.45265815312e-05	5.0169438	4.9431311	5.1213746	5.977499
5508.6316822252274505	-0.0084064935262919762704	0.60489530807460134554	-247.39533000442867205	101.73377870080749119	-40.11290621	-0.000873948744191	0.0029077324922	5.84222673773e-06	-2.47303036659e-05	5.0270999	4.9531413	5.104986	5.9997363
5509.6317969099181937	-0.0085800705303366118365	0.59640105199689541493	-246.57027659396300123	102.29903106772627552	-40.1137798	-0.000873780923618	0.00292128549129	6.02183303304e-06	-2.49448738541e-05	5.0369366	4.9636083	5.0914321	6.0274607
5510.6319115946098464	-0.0087537532015523559364	0.58773319900841580754	-245.74040326056416461	102.85718281287613252	-40.11465327	-0.000873530288623	0.00293490010061	6.19953825745e-06	-2.51651213795e-05	5.046197	4.9746323	5.08616	6.05626
5511.6320262792969515	-0.0089260704281913082897	0.57889226739237820141	-244.90567555853607473	103.4080480695215698	-40.1155256	-0.000872539996065	0.00294906498218	6.36096611222e-06	-2.53954718731e-05	5.0546264	4.9860633	5.0941645	6.0795989
5512.6321409639876947	-0.0090983623015724254812	0.56987901746416536053	-244.06606366425342003	103.9514397128577059	-40.11639772	-0.000871464074257	0.00296329086815	6.52080784189e-06	-2.56305647991e-05	5.0620283	4.9977266	5.1126268	6.0927915
5513.6322556486793474	-0.0092706541750451031125	0.56069345590336638896	-243.22154216676258898	104.48716892614122287	-40.11726783	-0.000869617489203	0.00297806579381	6.66277676832e-06	-2.5872868118e-05	5.0682545	5.0094911	5.1322904	6.0930224
5514.6323703333700905	-0.0094427267946015150391	0.55133558270999805107	-242.37209002285595716	105.01504498978661672	-40.11813748	-0.000867690267381	0.00299289477393	6.8040507232e-06	-2.61214469939e-05	5.0731566	5.0212583	5.1436529	6.0775716
5515.6324850180708381	-0.0096177200441078143645	0.54180427822134680227	-241.51769049861556482	105.53487502285177868	-40.11900295	-0.000865031714869	0.00300821399794	6.93189373286e-06	-2.63934283832e-05	5.0765924	5.0329061	5.1380401	6.0473661
5516.6325997027624908	-0.0097927634773633323584	0.53209792341793671344	-240.65833054360950882	106.0464627448882311	-40.11986782	-0.000862295291561	0.00302357438872	7.05817888554e-06	-2.66724724012e-05	5.0784912	5.0442344	5.1165864	6.0150245
5517.6327143874532339	-0.0099678069108542557974	0.52221650510635542197	-239.79400157465875054	106.54960951990992157	-40.1207272	-0.000858847140071	0.00303931103793	7.16493811575e-06	-2.69651232106e-05	5.0788269	5.0550293	5.0866414	5.9954439
5518.6328290721439771	-0.010142315405683567306	0.5121600232865941571	-238.92469991818137487	107.04411491209140195	-40.12158581	-0.000855319573719	0.00305508913397	7.27098208531e-06	-2.7264366193e-05	5.0775738	5.0650899	5.0556921	6.0014752
5519.6329437568574576	-0.010324260822134672874	0.50192558886593796608	-238.05042651099313389	107.52977596814109518	-40.12243739	-0.00085106049583	0.00307124900793	7.35526245308e-06	-2.75987300933e-05	5.0747908	5.0742307	5.0305731	6.0265312
5520.6330584415491103	-0.010506320975276190952	0.49150910349284998579	-237.17118526848730653	108.00638395799681746	-40.12328809	-0.000846728855048	0.00308744659605	7.43815313055e-06	-2.79416566405e-05	5.0710266	5.0822473	5.0142177	6.0529144
5521.6331731262407629	-0.010688381127889327871	0.48091053708732173222	-236.28698482545658521	108.47372708260741092	-40.12413062	-0.000841723563015	0.00310399431061	7.50060369844e-06	-2.82969848384e-05	5.0670072	5.0887318	5.0081672	6.0638033
5522.6332878109315061	-0.010870001504625253705	0.47012988964936308633	-235.39783942469105682	108.93159185675418144	-40.12497213	-0.000836644449626	0.00312055970099	7.56106631319e-06	-2.86590033417e-05	5.0634623	5.0931404	5.0139709	6.0564381
5523.6334024956395297	-0.011058114386077037491	0.45916459490567523849	-234.50376870313635891	109.37976247747565139	-40.12580393	-0.000830874579266	0.00313729048655	7.5831852155e-06	-2.90509152125e-05	5.0611293	5.094918	5.0313677	6.0392683
5524.6335171803311823	-0.011246313566990465832	0.44801110194092058636	-233.60479642412911971	109.81801794524237437	-40.12663455	-0.00082503459386	0.0031540345026	7.60367029223e-06	-2.94513872532e-05	5.0607695	5.0934429	5.0524428	6.0208888
5525.633631865022835	-0.011434512747691867596	0.43666938821186057629	-232.70095194801456273	110.24613454563464643	-40.12745409	-0.000818533307549	0.00317090330408	7.59473615651e-06	-2.9864043004e-05	5.0631538	5.0880719	5.0672195	6.0062807
5526.6337465497144876	-0.011623592853494292901	0.42513945371849526378	-231.79227097625508236	110.66388709592489192	-40.12827232	-0.000811962189561	0.00318778195332	7.58476093264e-06	-3.02835307477e-05	5.0690564	5.0781648	5.0656651	5.9962669
5527.633861234372489	-0.011798456190041845676	0.41342704958137832527	-230.8787964106347772	111.07105065788185527	-40.12907817	-0.000804727164625	0.0032047542277	7.55424401289e-06	-3.06740624857e-05	5.079056	5.0630846	5.0430889	5.9914339
5528.6339759190632321	-0.011973167321047256326	0.40153987470520252634	-229.96058125555722995	111.46740723146312746	-40.12988256	-0.000797420077339	0.00322172487394	7.5230046696e-06	-3.10679266223e-05	5.093045	5.042378	5.0129678	5.9923725
5529.6340906037548848	-0.012147878451933066465	0.38947796866132788907	-229.03768601739713517	111.85274037955811366	-40.13067295	-0.000789422348704	0.00323867991628	7.45524700937e-06	-3.14743817014e-05	5.1107662	5.0170277	4.9926418	5.9988088
5530.6342052884465375	-0.012325920534608132695	0.37724133144976523813	-228.11017765238059951	112.22683279404505186	-40.13146177	-0.000781358139739	0.00325562182055	7.38596335922e-06	-3.18870235657e-05	5.132017	4.9887178	4.9931437	6.0051108
5531.6343199730254128	-0.012442353785376423364	0.36485565856165114162	-227.17813256982566372	112.58947388381955079	-40.1322355	-0.000772651613472	0.00327243678785	7.32032020339e-06	-3.21282872161e-05	5.156717	4.9591367	5.0106301	6.0036394
5532.6344346577170654	-0.012558309253733777183	0.35235389344541268031	-226.24164725273504928	112.94048899169943923	-40.13300753	-0.000763878032878	0.003289231153	7.25555679879e-06	-3.23614171422e-05	5.184764	4.9300063	5.0391319	5.9883296
5533.6345493424078086	-0.012674264722146137349	0.33973615956252406489	-225.30082736692958179	113.27971466105235265	-40.13376298	-0.000754451293478	0.00330582483796	7.15281704155e-06	-3.26019885627e-05	5.2161479	4.9031509	5.0775529	5.957258
5534.6346640270994612	-0.012795402049832387339	0.32700245691296231376	-224.35578336454085502	113.60698778976039591	-40.13451658	-0.000744953436266	0.00332238527575	7.04774898562e-06	-3.28470964954e-05	5.2510273	4.8810261	5.1329059	5.9091406
5535.6347787116510517	-0.012798354056106733476	0.31420397308762332278	-223.4066355879822936	113.92216111927017153	-40.13525195	-0.000734757138452	0.00333861919656	6.9798512008e-06	-3.27427911221e-05	5.2895504	4.8663699	5.2125492	5.841079
5536.6348933963417949	-0.01280073872489719683	0.30140295878507372684	-222.45353151339173792	114.22516004167407289	-40.1359854	-0.000724499219721	0.00335482170097	6.91358587976e-06	-3.26196946509e-05	5.3317689	4.8619975	5.3093708	5.7480549
5537.6350080810334475	-0.012803123393557281837	0.28859955954031157876	-221.49662659648060981	114.51593263130783384	-40.13669978	-0.000713631114925	0.00337071311225	6.82064425547e-06	-3.24989772295e-05	5.3777058	4.8707596	5.3996332	5.6247185
5538.6351227657241907	-0.012810417889443304756	0.27579377535336024874	-220.53607700429284932	114.79442894142032117	-40.13741211	-0.000702699028132	0.00338655426297	6.72344698186e-06	-3.23786614705e-05	5.4273838	4.8958258	5.4605822	5.4656744
5539.6352374503239844	-0.012663532786816884129	0.2630552495622170972	-219.57204547926536975	115.06062262227622739	-40.13810389	-0.000691128090805	0.00340189356959	6.68306501827e-06	-3.17705766721e-05	5.480788	4.9408308	5.497365	5.2889037
5540.6353521350147275	-0.012516282299196110697	0.25046389814963859743	-218.60471987061237087	115.31458587659345483	-40.1387935	-0.000679495768351	0.00341717664337	6.63955438152e-06	-3.11404375229e-05	5.5377986	5.0092857	5.5359352	5.1520011
5541.6354668197063802	-0.012369031811590699976	0.23801981411196826421	-217.63429094131973329	115.55642087861403411	-40.13946136	-0.000667245377344	0.00343189352548	6.55801242726e-06	-3.05091822059e-05	5.5982865	5.1000704	5.5976422	5.1141481
5542.6355815043980328	-0.012224709365896061983	0.22572299744921767162	-216.66094458318184479	115.78623307542672194	-40.14012698	-0.00065493745188	0.00344655374989	6.47078909303e-06	-2.98737601688e-05	5.6621205	5.2084676	5.6793536	5.2094551
5543.6356961890587627	-0.011930790728044567486	0.21364383116266569274	-215.68486675987534795	116.00415348217754286	-40.14076985	-0.000642045330388	0.00346063868069	6.45108740665e-06	-2.8738372731e-05	5.7291193	5.3296727	5.7704555	5.3894705
5544.6358108737504153	-0.011636746355998353955	0.20185871120275356017	-214.70625793571375084	116.21041199715419623	-40.14141038	-0.000629096854347	0.00347465937223	6.42402676994e-06	-2.75846391372e-05	5.798992	5.4591103	5.8636659	5.5832049
5545.6359255584411585	-0.011342701984198207479	0.19036766933722940043	-213.72531470579394863	116.40526772825589319	-40.14202677	-0.000615571290249	0.00348802223385	6.37098178415e-06	-2.64275849585e-05	5.8714406	5.593948	5.958102	5.7312862
5546.6360402431328112	-0.011049568966060087025	0.17917070556607234133	-212.74222392242455726	116.58898338913203929	-40.14264076	-0.000601995551353	0.00350131943677	6.30856600358e-06	-2.52627468179e-05	5.946166	5.7324232	6.0535722	5.843161
5547.6361549278208258	-0.010657756081692471364	0.16831579392252823957	-211.75716558198701023	116.76184063356058118	-40.14322992	-0.000587901600872	0.00351393850838	6.28032614761e-06	-2.37507083843e-05	6.0228265	5.8728372	6.1500875	5.9487357
5548.636269612511569	-0.010265925632637807122	0.15785275325236886035	-210.77032040897066167	116.92418859881253468	-40.14381651	-0.0005737516603	0.00352647241371	6.23928035462e-06	-2.22264121799e-05	6.101006	6.0136136	6.2478346	6.0741191
5549.6363842972023122	-0.0098740951836964983845	0.14778158796821935783	-209.78186010350543711	117.07639619575374468	-40.14437645	-0.000559018452875	0.00353811911439	6.16274632523e-06	-2.07018475166e-05	6.1802939	6.153626	6.3464512	6.2155834
5550.6364989818939648	-0.0094823205222293004135	0.13810229807007112779	-208.79194461562349261	117.2188353056234007	-40.14493385	-0.000544243802431	0.00354970115388	6.07582485822e-06	-1.916810426e-05	6.2602916	6.2919804	6.4407493	6.3544565
5551.6366136665856175	-0.0090707555842608495605	0.12882469606036969778	-207.80072298043043588	117.35188370950857006	-40.14546469	-0.000529033671372	0.00356060373765	5.99973753995e-06	-1.75549413184e-05	6.3405998	6.4275642	6.5231643	6.477068
5552.6367283512772701	-0.0086591903274345159019	0.1199587064278202081	-206.8083348523251459	117.4759346407040681	-40.1459928	-0.000513778723313	0.00357142592148	5.9101874527e-06	-1.59340991411e-05	6.4208073	6.5585487	6.5867342	6.5858938
5553.6368430359680133	-0.008247625070880835671	0.11150432925219561087	-205.81490935249885865	117.59138679905395009	-40.14649196	-0.000498048715063	0.00358139586599	5.79756718986e-06	-1.4320537896e-05	6.5004947	6.6829405	6.6338833	6.686409
5554.6369577206587564	-0.0078360115358821914172	0.10346156453348764881	-204.82056506247357675	117.69864081279318668	-40.14698845	-0.000482283938425	0.0035912994058	5.67344886823e-06	-1.26990327783e-05	6.5792348	6.7984011	6.6752092	6.7813803
5555.6370724053504091	-0.0074647156360930239788	0.095810323596958096859	-203.82540985098458464	117.79809234784283944	-40.1474564	-0.00046614736435	0.00360049284393	5.53295551915e-06	-1.12172928324e-05	6.6566198	6.9021231	6.7210093	6.8700314
5556.6371870900420618	-0.0070934198526261399431	0.088530421054934249625	-202.82953968603337103	117.89011179950674091	-40.14792156	-0.000449974570358	0.003609606213	5.38118224536e-06	-9.7297442952e-06	6.7322683	6.9915553	6.7739512	6.9514258
5557.6373017747337144	-0.0067221240690971554091	0.081621856878335466434	-201.83304156041114652	117.97506407855357224	-40.14835678	-0.000433411013529	0.00361785574779	5.22508986525e-06	-8.24486082432e-06	6.8057964	7.0671371	6.8302959	7.0256841
5558.6374164594244576	-0.0063505511663547783291	0.075084631067167534324	-200.83599462588259144	118.05331515267747022	-40.14878918	-0.000416822575556	0.00362604099129	5.0586067659e-06	-6.7546785047e-06	6.8768248	7.1309509	6.8861693	7.0935153
5559.6375311441152007	-0.0060539766657417446935	0.068881656366129945246	-199.8384697273971824	118.12521961829119732	-40.149191	-0.000399963300209	0.00363352640847	4.87071226751e-06	-5.53817669414e-06	6.945022	7.1853202	6.9382308	7.1555137
5560.6376458288068534	-0.0057574042474905122793	0.062975288617211730435	-198.84052760846171282	118.19108312796691962	-40.14958998	-0.000383069209429	0.00364094114981	4.6751144034e-06	-4.31893729359e-06	7.0101199	7.2333969	6.9835945	7.2119117
5561.637760513498506	-0.0054608318294370183921	0.057365527298743328177	-197.84222264671265634	118.25119937128397396	-40.14995778	-0.000365792724336	0.00364757962501	4.49588564882e-06	-3.10310813367e-06	7.0718482	7.2784902	7.0194507	7.2628809
5562.6378751981892492	-0.0051634552198369437423	0.052052372410729436103	-196.84360411791004708	118.3058625521179863	-40.15032268	-0.000348494629604	0.00365415878735	4.30827892961e-06	-1.88445398723e-06	7.1299498	7.3218248	7.0464704	7.3086447
5563.6379898828818114	-0.0049570684282739087625	0.046991533936848364772	-195.84471574945814609	118.35535270286351306	-40.15065544	-0.000330957028026	0.00366008056555	4.1014797068e-06	-1.00156687471e-06	7.1842206	7.3618353	7.0719076	7.3494688
5564.6381045675725545	-0.0047506964416949527472	0.042137094835811891858	-194.8455942180224838	118.39989014384934762	-40.15098531	-0.000313400847447	0.00366594105385	3.88978756663e-06	-1.19708607158e-07	7.2345172	7.3968735	7.1037448	7.3855666
5565.6382192522642072	-0.0045443244550783775185	0.037489051389049322938	-193.84627227480885381	118.43968003600768668	-40.15128299	-0.00029563686309	0.00367111602229	3.70023416041e-06	7.59055194862e-07	7.2806951	7.4268083	7.1470669	7.4171314
5566.6383339369558598	-0.0043365733923683841278	0.033047403596565161354	-192.84677973596862444	118.47492777187690649	-40.15157776	-0.000277854467732	0.00367623704561	3.50548214883e-06	1.63949106246e-06	7.3226165	7.45229	7.1953055	7.4443448
5567.638448621650241	-0.0042203392228884464496	0.028768467676885782491	-191.84714318134106747	118.50582461708611959	-40.15183979	-0.000259864246503	0.00368074912903	3.30436424179e-06	2.1899800313e-06	7.3601709	7.4738205	7.2389983	7.4673693
5568.6385633063409841	-0.0041041496485326031327	0.024605745895428476205	-190.84738508053706596	118.53250191156624282	-40.15209888	-0.000241851935658	0.00368521734706	3.1010848044e-06	2.73552386024e-06	7.393305	7.4914575	7.2700131	7.4863186
5569.6386779910326368	-0.0039879600741433828687	0.020559227013455610988	-189.84752586203978808	118.55507536643386857	-40.15232444	-0.00022358795422	0.00368918579972	2.92110031747e-06	3.27339027212e-06	7.42197	7.5051862	7.2918447	7.5013017
5570.6387926757242894	-0.0038700407844499688965	0.016628911030971030988	-188.84758452540918938	118.57366079723487928	-40.15254707	-0.000205314350825	0.00369310685447	2.73808962422e-06	3.81176372556e-06	7.4461195	7.5150705	7.3144135	7.5124263
5571.6389073604213991	-0.0038334295383580649016	0.012776754257604099052	-187.8475785111419043	118.58836171847377727	-40.15273596	-0.000186930094917	0.00369648283334	2.55027398592e-06	4.05844480091e-06	7.4657239	7.5212415	7.3464931	7.5197849
5572.6390220451130517	-0.0037968997113620116778	0.0089611520917831696126	-186.84752347323362187	118.59922864884134697	-40.1529219	-0.000168528168639	0.00369982008498	2.36343659035e-06	4.29819988529e-06	7.4807963	7.523779	7.3854855	7.5234209
5573.6391367298037949	-0.0037603698845160775203	0.0051820839422804599109	-185.84743436875220368	118.60629796595158325	-40.15307356	-0.00014992111242	0.00370270776384	2.20651229034e-06	4.53256463073e-06	7.4913526	7.5227102	7.4224625	7.5233679
5574.6392514144954475	-0.0037220586379993602505	0.0014395498090890941536	-184.84732573902022068	118.60960610576586305	-40.15322231	-0.000131305678947	0.0037055611407	2.04911927815e-06	4.76723662335e-06	7.4974057	7.5180463	7.4492333	7.5196592
5575.6393660991943761	-0.0037501168202361979259	-0.0022969395817245062512	-183.84721172702339231	118.609179692285025	-40.15333688	-0.000112592069947	0.00370801252204	1.89372964891e-06	4.77034304576e-06	7.4989497	7.5097682	7.465192	7.5123205
5576.6394807838860288	-0.0037782838447976640171	-0.0060615716103968510925	-182.84710635719855532	118.60500231582680897	-40.15344848	-9.38549589113e-05	0.00371042770586	1.74022551792e-06	4.76588601387e-06	7.4960018	7.497772	7.4739533	7.5013383
5577.6395954685776815	-0.0038064508697431714314	-0.0098543738941985915131	-181.84702392142727945	118.59704586290771999	-40.15352495	-7.48397751205e-05	0.00371241460577	1.60055709453e-06	4.75632524738e-06	7.4885883	7.4819518	7.4791815	7.4866864
5578.6397101532684246	-0.003832860487986847111	-0.013675346433126244622	-180.84697903062618707	118.58528227567882141	-40.15359842	-5.5805365548e-05	0.00371435154454	1.4614599426e-06	4.74595759672e-06	7.4767361	7.4624214	7.4845378	7.468337
5579.6398248379700817	-0.0039150230758117667007	-0.017549700757838029852	-179.84698675157744674	118.56967544389833336	-40.15363608	-3.65412765477e-05	0.00371569162626	1.31556030853e-06	4.53309454304e-06	7.4604674	7.4394525	7.4918696	7.4462571
5580.6399395226608249	-0.0039973148971922519909	-0.021506323456265071664	-178.84706327272988347	118.55015329997335982	-40.15367073	-1.72557153258e-05	0.0037170037518	1.17320176394e-06	4.31212708478e-06	7.4398156	7.4132457	7.4987873	7.420383
5581.6400542073524775	-0.0040796067186050855372	-0.025545247413707772993	-177.84722585666949612	118.5266338558439827	-40.15366916	2.28886665926e-06	0.00371797864031	1.03977847161e-06	4.08040171918e-06	7.414823	7.3838212	7.5022909	7.3906442
5582.6401688920441302	-0.0041600420342928134607	-0.029666472630162574187	-176.84749275154655379	118.49903520825010617	-40.15366463	2.18427683265e-05	0.00371892226713	9.09421482564e-07	3.848221432e-06	7.3855324	7.3511491	7.4993695	7.3569709
5583.6402835767476063	-0.0042931695357190302262	-0.033893525003040832211	-175.84788345846538959	118.46726801830965314	-40.15362415	4.15102006678e-05	0.00371948506973	7.82492893015e-07	3.43015267922e-06	7.3519884	7.3148464	7.4871944	7.3192772
5584.6403982614383494	-0.0044264527095621061109	-0.038253836129316695636	-174.8484198243679657	118.43120915110273472	-40.1535807	6.11880983041e-05	0.00372001169933	6.60556810131e-07	3.00388428852e-06	7.3142705	7.2740105	7.4652998	7.2774247
5585.6405129461300021	-0.0045597358834408470429	-0.042747445714987349075	-173.84912566378758925	118.39072606765293472	-40.15350068	8.0994747872e-05	0.00372009330146	5.40264861601e-07	2.57056556643e-06	7.2724764	7.2277389	7.4348181	7.2312673
5586.6406276308216547	-0.0046911483018128872016	-0.047374353760048885931	-172.8500265571454122	118.34568638307578681	-40.15341771	0.000100813803774	0.00372013618064	4.24149368988e-07	2.13686118413e-06	7.2267045	7.1755761	7.3969192	7.1807479
5587.6407423155296783	-0.0048719356306728108311	-0.052156402236525810368	-171.85115025820800838	118.29595092479931395	-40.15329811	0.000120787019869	0.00371969789123	3.05139538193e-07	1.52894515225e-06	7.1770535	7.1173016	7.3527351	7.1258577
5588.6408570002204215	-0.0050528941232346469281	-0.057119386226450886979	-170.85252822470198453	118.24134906022764824	-40.15317556	0.000140766905345	0.00371922336947	1.92527991664e-07	9.12954893364e-07	7.1236688	7.0527499	7.3016358	7.0664345
5589.6409716849111646	-0.0052338526159978245728	-0.062263349462240338839	-169.85419494637787352	118.18170140859437822	-40.15301586	0.000160830500901	0.00371829408088	7.41566952182e-08	2.89228029483e-07	7.0667361	6.981965	7.2406561	7.0019399
5590.6410863696028173	-0.0054133446716376053959	-0.067588291943899092562	-168.85618764513017709	118.11682887442930223	-40.15285323	0.00018089628317	0.0037173277365	-3.77168783497e-08	-3.34542241719e-07	7.006444	6.9050217	7.1666389	6.9318085
5591.6412010543099314	-0.0056301352037742800893	-0.073110630855037106457	-167.85854674561275601	118.04654746759128159	-40.1526535	0.000200989791312	0.0037158915525	-1.45098443935e-07	-1.09039132949e-06	6.9429809	6.8217995	7.0765446	6.8564228
5592.641315739001584	-0.005847066067914401255	-0.078849889620468724405	-166.86131750017506192	117.97064971424414637	-40.15245086	0.000221093397955	0.00371442118382	-2.44874837443e-07	-1.85185754855e-06	6.8765649	6.7319467	6.9736063	6.7771439
5593.6414304236923272	-0.0060639969323123127376	-0.084806104128897788486	-165.86454923827255925	117.88892176624939623	-40.15221107	0.000241326361596	0.00371251292556	-3.53876469686e-07	-2.61601544136e-06	6.8074392	6.6351608	6.8691838	6.6946222
5594.6415451083830703	-0.0062804543791086086396	-0.090979274380329419603	-164.86829506821015912	117.80115027481831191	-40.15196838	0.000261561004281	0.00371055790696	-4.54285626674e-07	-3.37984210238e-06	6.735851	6.5316545	6.7734832	6.6046586
5595.64165979308018	-0.0065089699636356216847	-0.097374708877227447723	-163.8726121746130957	117.70712076551539838	-40.15168806	0.000281817377673	0.00370799770147	-5.45184786477e-07	-4.19031825103e-06	6.6620562	6.4218492	6.6899839	6.5010925
5596.6417744777718326	-0.0067375307750718654506	-0.10399871883198849587	-162.87756260221860316	117.60661169304829343	-40.15140487	0.000302076371075	0.00370540532832	-6.26654894019e-07	-5.00194568064e-06	6.586322	6.3065125	6.6197584	6.3805112
5597.6418891624625758	-0.006966091586483530787	-0.11085131581056308081	-161.88321300288419025	117.49940002064529665	-40.15108413	0.000322369628098	0.00370239227703	-6.98414728743e-07	-5.81748567503e-06	6.508931	6.1871952	6.5529182	6.2458966
5598.6420038471542284	-0.0071956024144561158556	-0.11793249981296369255	-160.88963459293012193	117.38526349631000301	-40.15076054	0.000342663829251	0.00369934654387	-7.6100578853e-07	-6.631972383e-06	6.4301739	6.0655552	6.4716068	6.1011606
5599.6421185318322387	-0.0073997616250228142459	-0.12523103974722774034	-159.89690285825318483	117.26398429209834262	-40.1503994	0.000362970507738	0.00369586889748	-8.24252795043e-07	-7.36257659183e-06	6.3503586	5.9432919	6.3689672	5.9499958
5600.6422332165238913	-0.0076038350637157867476	-0.13273369843296017878	-158.90509596570038298	117.13536167172632929	-40.15003542	0.000383277444629	0.00369235621361	-8.78475001499e-07	-8.08860777217e-06	6.2698068	5.8224683	6.2613647	5.7942668
5601.642347901215544	-0.0078079085019776154133	-0.14044045396128157499	-157.91429600799250466	116.99920045973269112	-40.1496334	0.000403587832889	0.00368837555403	-9.09828138606e-07	-8.82216680657e-06	6.188837	5.7053114	6.166131	5.635027
5602.6424625859062871	-0.0080141607958617230856	-0.14835130633218468477	-156.92458963522497584	116.85530653400336121	-40.1492286	0.000423895573232	0.00368435812216	-9.31978220122e-07	-9.55440684726e-06	6.1077954	5.5940264	6.0843113	5.4735544
5603.6425772705706549	-0.0081560551904943726087	-0.1564373842937594461	-155.93606674010479196	116.70349606542046672	-40.14878617	0.000444167566698	0.00367984426429	-9.60165833812e-07	-1.00682414796e-05	6.0270475	5.4904639	6.0089845	5.318985
5604.6426919552613981	-0.008297775332199658696	-0.16466524305639185233	-154.94881512913630672	116.5436273805783145	-40.14834095	0.000464430616992	0.00367530124548	-9.80579151302e-07	-1.05728195702e-05	5.9469791	5.3960835	5.9347738	5.1900884
5605.6428066399530508	-0.0084394954739380155517	-0.17303483821383489061	-153.96292430142122498	116.37557137949710295	-40.14785773	0.000484571624593	0.00367036028283	-9.53973987752e-07	-1.10855046016e-05	5.8680508	5.3123386	5.8590563	5.1056908
5606.6429213246437939	-0.0085838092813571940237	-0.18154616976607335088	-152.9784871434753768	116.19920010549199674	-40.14737183	0.000504708930305	0.00366539749084	-9.21805332503e-07	-1.15966478009e-05	5.7907328	5.2406125	5.7794765	5.0818809
5607.6430360093063427	-0.0086374801022488113117	-0.19015784391932502584	-151.995597474492115	116.01439994408089262	-40.14684901	0.000524795165064	0.00366013354305	-9.30787193629e-07	-1.17916123065e-05	5.7154987	5.1814692	5.6936778	5.1054731
5608.6431506939979954	-0.0086909804188871689345	-0.19882306783445177767	-151.01434088712798598	115.82111612765727671	-40.14632346	0.00054486911326	0.00365483863101	-9.36046065831e-07	-1.19766683436e-05	5.6427639	5.1349323	5.5997464	5.1423301
5609.6432653786887386	-0.008744480735643342037	-0.2075417982019538421	-150.03480140206264082	115.61931066786344502	-40.14575989	0.000564771682904	0.00364911181553	-8.97755310804e-07	-1.21721059897e-05	5.572936	5.1010487	5.5018794	5.1579248
5610.6433800633803912	-0.0088001645515367304257	-0.2163140350218470398	-149.05706427803269776	115.40894649626396529	-40.14519371	0.000584671584324	0.00364337104217	-8.55695750471e-07	-1.23669086146e-05	5.5064402	5.0797991	5.4083873	5.1201964
5611.643494748052035	-0.0087581194945358983167	-0.22509421068331703086	-148.08121273107437332	115.19000194830023531	-40.14459076	0.000604533852686	0.00363743340459	-8.44829514848e-07	-1.22211750473e-05	5.4436665	5.0697375	5.3264337	5.0486335
5612.6436094327436876	-0.0087159659125889427794	-0.23383225539192850628	-147.10731632653411793	114.96251829717708404	-40.1439852	0.000624381549723	0.00363147385924	-8.34187444332e-07	-1.20679094291e-05	5.3847688	5.0681136	5.2573068	5.0120734
5613.6437241174353403	-0.0086738123306250147077	-0.24252814168419575824	-146.13543983500849777	114.72655396769657443	-40.14334253	0.000644021413656	0.00362520184009	-7.85409318137e-07	-1.19196959295e-05	5.3298134	5.0723495	5.2004891	5.0306859
5614.6438388021260835	-0.0086329731640202127252	-0.25118186956011090416	-145.16564680101188856	114.48216777384847376	-40.14269731	0.000663655585837	0.00361892458583	-7.36223258087e-07	-1.17724158401e-05	5.2788155	5.0801172	5.1537462	5.0627278
5615.6439534868086412	-0.0085097758147855903643	-0.25975423826354360202	-144.19799627278788989	114.22943132503411334	-40.1420152	0.000683207651462	0.00361257181241	-7.13390553751e-07	-1.13434772022e-05	5.2316729	5.0894791	5.1110292	5.0730274
5616.6440681715002938	-0.0083865332539165820397	-0.26820336167190395038	-143.23253165598387682	113.96846867274437898	-40.14133059	0.000702745755621	0.00360620623579	-6.94306456971e-07	-1.09114448556e-05	5.1882138	5.1005519	5.0659703	5.0835419
5617.6441828561919465	-0.0082632906931325265931	-0.27652922838537352668	-142.26928971350767483	113.69941744195999433	-40.1406094	0.000722080142492	0.00359965384269	-6.51224134813e-07	-1.04848102048e-05	5.1482964	5.1140738	5.0180913	5.1293926
5618.6442975408826896	-0.0081404977886854260061	-0.28473183840394494792	-141.30830406100312757	113.42241500511320851	-40.13988576	0.000741407275289	0.00359309685022	-6.11248167689e-07	-1.00598757826e-05	5.1118402	5.1299525	4.9733891	5.1758511
5619.6444122255725233	-0.0079747536827388006142	-0.29279039068324486106	-140.34960325304905382	113.1376050151054784	-40.13912606	0.000760627331662	0.00358647196721	-5.83516200828e-07	-9.48700506343e-06	5.0787715	5.1476002	4.9377787	5.1562127
5620.6445269102632665	-0.0078089996957162975677	-0.30068317244998282733	-139.39320435751778859	112.84515785302490087	-40.13836397	0.000779840414718	0.00357984866895	-5.60320513949e-07	-8.91481844153e-06	5.0490617	5.1664647	4.9135025	5.1025315
5621.6446415949549191	-0.0076432457086869458329	-0.30841018122014490777	-138.43911848485731753	112.54525027826079508	-40.13756608	0.000798949357778	0.00357324903763	-5.10979930574e-07	-8.34690029649e-06	5.0227123	5.1860073	4.9007496	5.1016526
5622.6447562796465718	-0.0074774631577252470907	-0.3159714169937238859	-137.48735289420858408	112.23805835532976971	-40.13676584	0.000818046917161	0.00356665274887	-4.6683066389e-07	-7.78139316742e-06	4.999712	5.2058309	4.8984854	5.1879261
5623.6448709643373149	-0.0073160098141768024199	-0.32336900167531190675	-136.53791130851027447	111.9237567542340912	-40.13592998	0.000836972456506	0.00356010696998	-4.0812945946e-07	-7.23664603165e-06	4.9799875	5.2258076	4.9002483	5.2931549
5624.6449856490280581	-0.007154556859182295038	-0.33060511478828241705	-135.5907947209672102	111.60251667631546013	-40.13509181	0.000855886809517	0.00355356749792	-3.54966672397e-07	-6.69436831995e-06	4.9634516	5.2458267	4.8980969	5.3552792
5625.6451003337197108	-0.0069931039042594959204	-0.33767975643009545683	-134.64600086258110423	111.27450787182016256	-40.13421826	0.000874630099604	0.00354712447074	-2.99487418889e-07	-6.15804779435e-06	4.9500189	5.2657432	4.8884156	5.3774082
5626.6452150184113634	-0.006831524794795197815	-0.34459292660074430925	-133.70352406652366994	110.93989931271588034	-40.13334245	0.000893367872955	0.00354068730781	-2.49028026738e-07	-5.62384930997e-06	4.9396061	5.2854043	4.8772697	5.3764114
5627.6453297031030161	-0.0066976415215261753816	-0.35135828526026358087	-132.76335690850200422	110.59885491319239748	-40.13243184	0.000912020262273	0.0035343409075	-1.63596703162e-07	-5.18935262624e-06	4.9321346	5.3046501	4.8719311	5.3690679
5628.6454443877937592	-0.0065637594219385047081	-0.35798974617187501179	-131.8254952103004598	110.25152056126168532	-40.13151898	0.000930662380636	0.0035280080398	-8.3061201474e-08	-4.75757725886e-06	4.9275438	5.3232544	4.8767438	5.3672584
5629.6455590724845024	-0.0064298773222930157012	-0.36448730962963160618	-130.88993371521101494	109.89803710702513229	-40.13057099	0.000949143587366	0.00352188718305	-7.73289456143e-09	-4.33641721822e-06	4.9257766	5.3408851	4.8925893	5.3721212
5630.645673757176155	-0.0062958844762300431031	-0.37085097563353902617	-129.95666459732547082	109.53854474179928502	-40.12962084	0.000967614249169	0.00351577334952	6.30766674018e-08	-3.91700162672e-06	4.9267753	5.3571957	4.9195744	5.3833796
5631.6457884418678077	-0.0061892650921900622257	-0.37709426611781693417	-129.0256791687814939	109.17317880825352461	-40.12863643	0.000985917663524	0.00350977090761	1.62550233557e-07	-3.59617870357e-06	4.9304787	5.3718363	4.9511359	5.4006309
5632.6459031265585509	-0.0060826466213663912125	-0.38323092567485300686	-128.09697311629636829	108.80205711437922389	-40.12764985	0.00100420217203	0.00350377948239	2.58885729963e-07	-3.27777496425e-06	4.9368391	5.3845242	4.9764462	5.4207757
5633.6460178112502035	-0.005976028150313102659	-0.38926095453333853236	-127.17054184506586978	108.42529266354684125	-40.12662846	0.00102218307485	0.00349796497238	3.61902921635e-07	-2.97262064067e-06	4.9458093	5.3950574	4.9872083	5.438049
5634.6461324959409467	-0.0058693074669996497111	-0.39518435269326263048	-126.24637887101398803	108.04299794038743698	-40.12560498	0.00104015162453	0.00349216055387	4.61884302458e-07	-2.66904004381e-06	4.9573192	5.4032373	4.9890795	5.446579
5635.6462471806325993	-0.0057851901518564561797	-0.40101226956348207109	-125.32447729923765678	107.65528149315866813	-40.12454753	0.00105791928872	0.00348652024242	5.94735027575e-07	-2.45020321042e-06	4.9712953	5.4090305	4.9924034	5.444529
5636.646361865324252	-0.0057010737804946984633	-0.40675606017900206579	-124.4048343790121578	107.26223756187776814	-40.12348806	0.00107567454754	0.00348089835014	7.23169336525e-07	-2.2328819179e-06	4.9876673	5.4127597	5.0051978	5.4389182
5637.6464765500149952	-0.0056169574091762142914	-0.41241572477629151461	-123.48744738798949072	106.86395647859572478	-40.12239524	0.00109322549158	0.00347557981935	8.23358955375e-07	-2.0198805841e-06	5.0063328	5.4147942	5.0290926	5.4379581
5638.6465912347066478	-0.0055327486636084395599	-0.41799126335536063159	-122.57231220872630217	106.46052817634488008	-40.12130047	0.00111076906922	0.00347027090417	9.20551979241e-07	-1.80770809262e-06	5.0271835	5.4154868	5.0645346	5.4478461
5639.646705919397391	-0.0054655142610648870319	-0.42349102522690523775	-121.65942448772891282	106.05203965730173366	-40.12017307	0.00112818975394	0.0034651224056	1.0330125445e-06	-1.65349369106e-06	5.0500928	5.4150973	5.1067753	5.4642667
5640.6468206040890436	-0.0053982808885862211892	-0.42892354575722102528	-120.74878322147618803	105.6385672799788864	-40.11904374	0.00114559720679	0.00345998443252	1.14346687557e-06	-1.50069473832e-06	5.0749142	5.4138457	5.1434048	5.4794924
5641.6469352887797868	-0.0053310475165920627461	-0.43428882520470846185	-119.84038748459103374	105.22018447878268432	-40.11788154	0.00116278102466	0.0034550243531	1.25552535226e-06	-1.35531842935e-06	5.1014997	5.4119423	5.1623334	5.4860988
5642.6470499734714394	-0.0052637455505052587953	-0.43958686356937726192	-118.93423529568745778	104.79696437831519518	-40.11671746	0.00117995270949	0.00345007620754	1.36572466622e-06	-1.2108536984e-06	5.1296841	5.4094459	5.1662839	5.4831537
5643.6471646581630921	-0.0052071802657107733175	-0.44482292668011019776	-118.03032438221976008	104.36897821285376153	-40.11552115	0.00119691661587	0.0034453324293	1.49404739387e-06	-1.10774835287e-06	5.1592906	5.4062714	5.1700224	5.4757791
5644.6472793428538353	-0.0051506158836214788188	-0.45000241869513818438	-117.12865455064853393	103.93629049491117655	-40.11432302	0.00121386769953	0.00344060028776	1.62019850524e-06	-1.00556585144e-06	5.1901508	5.402321	5.1844351	5.4693272
5645.6473940275454879	-0.0050940515012406883261	-0.45512533984083847205	-116.22922551401754276	103.4989638400294325	-40.11309321	0.0012305962523	0.00343607009446	1.73863926964e-06	-9.06448285895e-07	5.2221012	5.3975864	5.207266	5.4663479
5646.6475087122362311	-0.005037452519408905198	-0.46019169011720167939	-115.33203613862394832	103.05706060658395984	-40.11186162	0.00124731327169	0.00343155081466	1.85513813442e-06	-8.08052073633e-07	5.2549806	5.3923015	5.2339994	5.4620183
5647.6476233969278837	-0.0049857134528049273578	-0.46520384772836542719	-114.43708480812891537	102.6106421878088355	-40.11059869	0.00126382742178	0.00342722350069	1.97494266716e-06	-7.30248878614e-07	5.2886523	5.3867404	5.2646941	5.4503309
5648.6477380816195364	-0.0049339748950459486401	-0.47016426072053030261	-113.54437054434481524	102.15976684491990056	-40.10933401	0.00128032794577	0.00342290716209	2.09330193709e-06	-6.53489348775e-07	5.3230017	5.3812878	5.3030384	5.4295453
5649.6478527663102795	-0.0048822363374747034317	-0.47507292922141569624	-112.6538919839478865	101.70449186468711389	-40.10803803	0.00129658550062	0.00341878652738	2.21388532784e-06	-5.85643456649e-07	5.3579262	5.3765799	5.3496782	5.4073242
5650.6479674510010227	-0.0048304941909557757782	-0.47992985323102616002	-111.76564702619913305	101.24487429397673566	-40.10674037	0.00131282977233	0.00341467631459	2.33286341289e-06	-5.18466961928e-07	5.3933568	5.3732874	5.3957252	5.3925407
5651.6480821356926754	-0.0047792280589632673768	-0.48473526538606220848	-110.87963287876611673	100.78097086834985419	-40.10541222	0.00132883389886	0.00341075451937	2.45218772103e-06	-4.57698411809e-07	5.4292328	5.3720511	5.431276	5.3884904
5652.648196820384328	-0.0047279619828257879108	-0.48948940557159575926	-109.99584618038701933	100.31283779925259125	-40.10408244	0.00134482236344	0.00340684658324	2.56922735216e-06	-3.97558020473e-07	5.465516	5.3734552	5.4580262	5.3882784
5653.6483115050759807	-0.0046766959068360166793	-0.49419227380168628816	-109.11428290527555873	99.840530980537451455	-40.10272271	0.00136052369235	0.00340319273042	2.67275275491e-06	-3.41721341099e-07	5.5021857	5.3780686	5.4865704	5.3841147
5654.6484261897667238	-0.0046254404088130612882	-0.49884387007632957634	-108.23493833593965974	99.364106057401286876	-40.10136139	0.00137621003225	0.00339954847036	2.77466823147e-06	-2.86516460647e-07	5.5392272	5.3862824	5.5239028	5.3717094
5655.648540874457467	-0.0045728042077953657413	-0.50344351987523616732	-107.35780696550068569	98.883618619423330642	-40.09997049	0.00139161765759	0.00339608258366	2.87309701876e-06	-2.31840768953e-07	5.5766394	5.3983349	5.5672519	5.3497577
5656.6486555591491197	-0.0045201678386592144057	-0.50799052731069049837	-106.48288216951355878	98.399124800509952138	-40.09857804	0.00140700969671	0.00339262666264	2.96971749604e-06	-1.77829960989e-07	5.6144227	5.4144271	5.6129127	5.3186423
5657.6487702438407723	-0.0044675314695524397449	-0.51248489234055161212	-105.61015653349906529	97.910680675646361237	-40.09715638	0.00142210773271	0.00338935872465	3.06149772536e-06	-1.30521435369e-07	5.6525748	5.4345522	5.6633547	5.2887781
5658.648884928532425	-0.0044148979584258179684	-0.51692661496481950856	-104.73962197416757647	97.418342053262790614	-40.09573324	0.00143719305741	0.0033860995191	3.15160348172e-06	-8.37118881448e-08	5.6910921	5.4586215	5.7245731	5.2744788
5659.6489996132231681	-0.0043618861644610512629	-0.52131551031888256897	-103.8712697190380112	96.922164526590222522	-40.0942817	0.00145203510184	0.00338300744293	3.23796500961e-06	-3.89418923353e-08	5.7299637	5.486546	5.7940787	5.2881553
5660.6491142979139113	-0.0043088743257887196503	-0.52565138776584097169	-103.00509022095721434	96.422203635496188667	-40.09282873	0.00146686155075	0.00337992545622	3.32182735896e-06	5.36132539809e-09	5.7691636	5.5182373	5.8531829	5.3281895
5661.6492289826055639	-0.0042558624872121343652	-0.52993424729447924371	-102.14107325818640959	95.918514702073167655	-40.09134792	0.00148138509501	0.00337703943268	3.38623791162e-06	4.6458610712e-08	5.8086635	5.5536068	5.8851198	5.3866932
5662.6493436672972166	-0.0042028309990641702157	-0.53416408890479338822	-101.2792079758635424	95.411152773708309383	-40.08986574	0.00149589371472	0.00337415818753	3.44936874482e-06	8.71955322617e-08	5.8484277	5.592587	5.8987631	5.4556407
5663.6494583519879598	-0.0041524889206481568546	-0.53834222790436037087	-100.41948311868813448	94.900172248232493644	-40.08835638	0.00151010810758	0.00337137114513	3.52010695412e-06	1.17625458115e-07	5.888418	5.6352084	5.9137736	5.5267039
5664.6495730366796124	-0.0041021471390635015977	-0.54247001927431426349	-99.56188773863318886	94.385625723195701653	-40.08684568	0.00152430537357	0.00336859311268	3.58883617389e-06	1.47463636525e-07	5.9286029	5.6815286	5.9405182	5.5914946
5665.6496877213703556	-0.0040518053572204393298	-0.54654746308915913566	-98.706410542815802955	93.86756514354534886	-40.08530804	0.00153815985377	0.00336599540975	3.64399098638e-06	1.72150931517e-07	5.9689588	5.7315035	5.974379	5.6472513
5666.6498024060620082	-0.0040014226021267773961	-0.55057455934890231486	-97.853039671919944453	93.346042193455062375	-40.08376912	0.00155200093835	0.00336340395577	3.69696892456e-06	1.96458121128e-07	6.009463	5.7848682	6.0102867	5.7035153
5667.6499170907536609	-0.0039569054202085347793	-0.5545541795620655412	-97.001763208749807177	92.82110748732203831	-40.08220402	0.00156556977672	0.00336093950268	3.74172956589e-06	1.9866282334e-07	6.0500953	5.8413229	6.0493987	5.7710741
5668.650031775444404	-0.0039123888298411698891	-0.55848927793093461336	-96.152570748643853449	92.292808085922956707	-40.08063769	0.00157912316366	0.00335847909772	3.78482870404e-06	2.00505874501e-07	6.0908399	5.9004638	6.0954119	5.8500024
5669.6501464601360567	-0.003867872239087030619	-0.56237985460382311498	-95.305451921345976984	91.761189977409244989	-40.07904594	0.0015923576053	0.00335610225344	3.81604424154e-06	2.02083335446e-07	6.1316794	5.96178	6.1471875	5.9286236
5670.6502611448267999	-0.0038233076146227933795	-0.56622590958072416267	-94.460395881587629674	91.226298923792782603	-40.077453	0.0016055749063	0.0033537301031	3.84519550457e-06	2.03307014935e-07	6.1725934	6.024772	6.1959547	5.9969226
5671.6503758295184525	-0.003785981514706736762	-0.57003099031609938407	-93.617391949032423781	90.688179471067385862	-40.07583495	0.00161843277308	0.0033514563835	3.86616705292e-06	1.77405119664e-07	6.2135627	6.0890605	6.2340973	6.0607713
5672.6504905142091957	-0.0037486560717751218202	-0.57379874116306273102	-92.77643158867466866	90.146871913783414243	-40.07421577	0.00163127830287	0.00334918253247	3.88589526607e-06	1.51214552189e-07	6.2545684	6.1543125	6.2660514	6.1328293
5673.6506051989008483	-0.0037113306286756966683	-0.57752916228648343289	-91.937506532446676033	89.60241532907605233	-40.07257237	0.00164386095998	0.00334690588085	3.89696819608e-06	1.25799335731e-07	6.2955899	6.2202552	6.3010742	6.219977
5674.6507198835915915	-0.0036739642568860710579	-0.58122225368635460629	-91.100608131016727498	89.054848610420719979	-40.07092787	0.00165642791382	0.00334463234075	3.90627174437e-06	1.00158244125e-07	6.3366053	6.2867608	6.343481	6.3144532
5675.6508345682832442	-0.0036431200595631414371	-0.58488121529164438517	-90.265727943218550422	88.50420958289562634	-40.06925959	0.00166865479393	0.0033424261847	3.90742020035e-06	5.16126222469e-08	6.3775915	6.3537215	6.3899111	6.4062387
5676.6509492529739873	-0.0036122763908540338022	-0.58850932955830148607	-89.432859558977327197	87.950532294325270755	-40.06759026	0.00168086710303	0.00334022065741	3.90682940734e-06	2.86263378009e-09	6.4185297	6.4210352	6.437367	6.4897163
5677.65106393766564	-0.0035814327222143090348	-0.59210659661892817152	-88.601996862520238096	87.393849724485960451	-40.06589794	0.00169275861859	0.00333802897279	3.88229754721e-06	-4.447337479e-08	6.4593998	6.4886193	6.4896188	6.5674328
5678.6511786223572926	-0.0035505593395730302916	-0.59567301647352133287	-87.773133433783740998	86.834194706774880501	-40.06420461	0.00170463693382	0.00333583449062	3.85655460249e-06	-9.18697537143e-08	6.500181	6.5563914	6.5530165	6.6427631
5679.6512933070480358	-0.003524716077560391056	-0.59921105980510458444	-86.946263013125317798	86.271599251239152295	-40.06248886	0.00171621973186	0.00333357737905	3.8279283516e-06	-1.54298424907e-07	6.5408534	6.6241815	6.6231623	6.7171046
5680.6514079917396884	-0.0034988731756526113802	-0.60272325718080876911	-86.121380936282889706	85.706092475291384858	-40.06077215	0.00172778885556	0.00333131766176	3.79813564301e-06	-2.16967436297e-07	6.5814001	6.6916949	6.6791155	6.7890726
5681.6515226764304316	-0.0034730302741451239169	-0.60620960869107154423	-85.298482762896583154	85.137702674493112909	-40.05903341	0.00173904660809	0.00332899861095	3.75365678485e-06	-2.80286622173e-07	6.6218041	6.7586177	6.7030479	6.8572377
5682.6516373611220843	-0.0034471654857045059932	-0.60967011433589923808	-84.477563804767342504	84.56645802588315064	-40.05729376	0.00175028965285	0.00332667630451	3.70786681528e-06	-3.43661163549e-07	6.6620479	6.8245491	6.705656	6.9214461
5683.6517520458137369	-0.0034252579558481021857	-0.61310672007573241427	-83.658619499196731795	83.992386059579743574	-40.05553281	0.00176119196766	0.00332427857616	3.65150275795e-06	-4.18672797984e-07	6.7021152	6.8890464	6.7087381	6.9821442
5684.6518667305044801	-0.0034033506743012917513	-0.61652141595912623995	-82.841646559922125448	83.415512046362891851	-40.05377099	0.00177208051728	0.00332187697483	3.59414890163e-06	-4.93714847863e-07	6.7419926	6.9517248	6.7235999	7.0396398
5685.6519814151952232	-0.0033814433921397078937	-0.61991420204833769247	-82.02664187399663831	82.835860612323898522	-40.05198861	0.00178264453502	0.00331938406323	3.52333782236e-06	-5.65368336921e-07	6.7816673	7.0123393	6.7457151	7.0939234
5686.6520960998868759	-0.0033595174515982217239	-0.62328507834336999149	-81.213602123111471087	82.253456286362649053	-40.05020539	0.00179319861388	0.003316884015	3.45142291799e-06	-6.37024216573e-07	6.8211256	7.0706715	6.7699583	7.1449395
5687.6522107845785285	-0.0033412168750309970307	-0.62663582969334818973	-80.402524132249894251	81.668323019974778276	-40.04840208	0.00180351415973	0.00331421268766	3.37013869416e-06	-7.18120889268e-07	6.86035	7.1266023	6.7957573	7.1926136
5688.6523254692701812	-0.0033229164952252123778	-0.62996827851544134891	-79.593405943335639563	81.080482724267668004	-40.04659797	0.0018138165538	0.00331153693002	3.2879989517e-06	-7.99280291107e-07	6.8993234	7.1800886	6.8243288	7.2368552
5689.6524401539609244	-0.0033046161151562610664	-0.63328242485893915248	-78.786245783027951006	80.489956736152919348	-40.04477435	0.00182379753711	0.00330875290219	3.19298097726e-06	-8.7815474527e-07	6.9380295	7.2310974	6.8567442	7.2776798
5690.6525548386516675	-0.0032862969757084525835	-0.63657826872384459804	-77.981041708894736075	79.896766314694531275	-40.04294997	0.0018337672145	0.00330595955871	3.09700562131e-06	-9.5706924636e-07	6.976453	7.279628	6.8938516	7.3155226
5691.6526695233433202	-0.0032719211353940736743	-0.63985775379751441694	-77.177791995442674988	79.300932123062494838	-40.04110652	0.00184345545532	0.00330293432218	2.99313233681e-06	-1.04745112572e-06	7.014581	7.3256853	6.9359176	7.3508924
5692.6527842080349728	-0.0032575454782782023444	-0.64312286151919273447	-76.376496321990146043	78.702472652732481606	-40.03926235	0.00185313276657	0.00329990028438	2.88886761857e-06	-1.1378089228e-06	7.0524103	7.3692453	6.9796638	7.3832488
5693.6528988927266255	-0.0032431698200518065817	-0.64637359193459675843	-75.577154626966574824	78.101405804264885546	-40.03739991	0.00186253286446	0.00329664301434	2.78058447178e-06	-1.22385189222e-06	7.0899409	7.4102499	7.0205121	7.410727
5694.6530135774173687	-0.0032287740816980669417	-0.64960994504372360225	-74.779766715600942462	77.497749421618237875	-40.03553677	0.00187192277005	0.00329337685083	2.67155470627e-06	-1.30993991611e-06	7.1271745	7.448637	7.0576416	7.4322151
5695.6531282621081118	-0.0032189805704251916486	-0.65283419205458503853	-73.984332718288655428	76.891520692555332062	-40.03365566	0.00188104918604	0.00328988077464	2.55852560446e-06	-1.40987749744e-06	7.1641167	7.4843277	7.0957101	7.4525083
5696.6532429467997645	-0.0032091872380236811241	-0.6560486445650270948	-73.190854499833420732	76.282734327631729343	-40.03177389	0.00189016540769	0.0032863758169	2.44486759558e-06	-1.50985296771e-06	7.2007766	7.517234	7.1397349	7.4789197
5697.6533576314914171	-0.0031993939052402564811	-0.65925330261983916547	-72.399334296340526862	75.671404388905614269	-40.02987479	0.00189901292193	0.00328263675475	2.31816872161e-06	-1.60733441961e-06	7.2371595	7.5472765	7.1901866	7.5146213
5698.6534723161821603	-0.0031895800791045219973	-0.66244816621901836395	-71.609774249006520108	75.057544907104670528	-40.02797507	0.00190785103028	0.00327888722635	2.19082387253e-06	-1.70478494303e-06	7.2732656	7.5743953	7.2405888	7.5539654
5699.6535870008738129	-0.0031849406524984071216	-0.66563579207365075607	-70.822176928359098724	74.441169213145229833	-40.02605857	0.00191643626506	0.00327485631671	2.06043837897e-06	-1.81632243424e-06	7.3090956	7.5985329	7.2839683	7.5902705
5700.6537016855645561	-0.0031803013912177838241	-0.66881877809340506413	-70.036546944112600954	73.822287911189718557	-40.02414148	0.00192501230197	0.00327081364033	1.92983505014e-06	-1.92787853806e-06	7.344646	7.6196846	7.3189143	7.6204747
5701.6538163702562088	-0.0031756621299583341275	-0.6719971243196948274	-69.252889384334224587	73.20091091650650128	-40.02220811	0.00193333602876	0.00326644818608	1.79428174452e-06	-2.03710009698e-06	7.3799008	7.6379162	7.3528008	7.6460947
5702.6539310549478614	-0.0031710039374624764998	-0.67517083075251727031	-68.471209282400465668	72.577048142158872679	-40.02027417	0.00194164998238	0.00326207191655	1.65827303795e-06	-2.1463532551e-06	7.4148429	7.6533023	7.3936787	7.6688576
5703.6540457396386046	-0.0031716958849776631831	-0.6783425443351913664	-67.69151216833863316	71.950708813717454859	-40.01832431	0.00194969028737	0.00325739281934	1.52195702296e-06	-2.27270323917e-06	7.4494482	7.6659872	7.4428293	7.689285
5704.6541604243302572	-0.0031723879687053286626	-0.68151495004680084921	-66.913805759423965469	71.32189939489722974	-40.01637392	0.00195772098689	0.0032527028877	1.38538164429e-06	-2.39904420479e-06	7.4836833	7.6761664	7.4906428	7.7069695
5705.6542751090210004	-0.0031730800523268928165	-0.68468804792143966864	-66.138098317847109797	70.690625675835292441	-40.01440825	0.00196547704871	0.00324770318013	1.24002480319e-06	-2.52352745209e-06	7.5175134	7.6840384	7.52664	7.7215093
5706.654389793712653	-0.0031737567842933748358	-0.68786183795911381988	-65.364398090790786	70.056893475623965628	-40.01244209	0.00197322466487	0.00324269155362	1.09443956166e-06	-2.64786652225e-06	7.5509078	7.6898221	7.5479746	7.7327268
5707.6545044784033962	-0.0031794206290686665914	-0.69103879094783116077	-64.592713833169426607	69.420708009116907533	-40.01046135	0.00198072559751	0.00323733179473	9.51697392508e-07	-2.78423491651e-06	7.5838431	7.6937447	7.5640786	7.7405472
5708.6546191630950489	-0.0031850845697360824493	-0.69422140850300140258	-63.823056407726134864	68.782071973714437263	-40.00848013	0.00198821875382	0.00323195960661	8.08717615538e-07	-2.92054569578e-06	7.6163005	7.6960277	7.5847343	7.7450172
5709.6547338477867015	-0.0031907485110027580984	-0.69740969064862312621	-63.055437227952417345	68.140987478433132196	-40.00648465	0.00199547977826	0.00322621639296	6.55282196959e-07	-3.055390723e-06	7.648268	7.6968804	7.6129859	7.7467139
5710.6548485324774447	-0.0031964023529550966707	-0.70060363738469333406	-62.28986772826599605	67.497456691771603232	-40.00448872	0.0020027313693	0.00322046164755	5.01769868098e-07	-3.19014459168e-06	7.6797367	7.6965089	7.64835	7.7463554
5711.6549632171690973	-0.0032060059350800824279	-0.70380520864482798427	-61.526359785117193724	66.851481344782712313	-40.00247898	0.00200969503646	0.00321435493305	3.51377324946e-07	-3.33666560104e-06	7.7106977	7.6951132	7.6881966	7.7442963
5712.6550779018598405	-0.0032156095688475635867	-0.70701638462730775903	-60.764927003434237918	66.203061232501028144	-40.00046882	0.00201665029632	0.00320823591121	2.00920178624e-07	-3.48308831039e-06	7.7411415	7.6928766	7.7247919	7.7399983
5713.6551925865514932	-0.0032252132032149047509	-0.71023716534521741384	-60.005583462722363208	65.552195727911509948	-39.99844533	0.00202334306144	0.00320173262702	4.37662555984e-08	-3.62896215037e-06	7.7710571	7.6899796	7.7501957	7.7327917
5714.6553072712431458	-0.0032348128818672156407	-0.71346755079855406212	-59.248343291342564498	64.898884289492272615	-39.99642144	0.0020300275337	0.00319521713723	-1.13387173053e-07	-3.77464132913e-06	7.8004172	7.6865875	7.7645585	7.7221618
5715.655421955933889	-0.0032464430447162089324	-0.71670855040850234285	-58.4932208866679062	64.243126208373936947	-39.99438489	0.00203644701154	0.00318831162334	-2.70387842897e-07	-3.92441135459e-06	7.8291822	7.6828467	7.7742082	7.7077887
5716.6555366406246321	-0.0032580732229246255928	-0.71996118152662458289	-57.740231586216886228	63.584919847037227214	-39.99234796	0.00204285912191	0.00318139394207	-4.27273709528e-07	-4.07394409097e-06	7.8573136	7.6788985	7.7856309	7.6894645
5717.6556513253162848	-0.0032697034013611275989	-0.72322544415681400132	-56.989391012229475564	62.924263410728826784	-39.99029895	0.00204903016233	0.00317407813249	-5.85406374131e-07	-4.22038763532e-06	7.8847675	7.6748542	7.8040737	7.6682034
5718.6557660100079374	-0.0032813346596424152433	-0.72650133829906782257	-56.240714849626506577	62.261155205689291847	-39.98824958	0.002055193396	0.00316675118569	-7.43521697783e-07	-4.366633861e-06	7.9114748	7.6708056	7.8290877	7.6458342
5719.6558806946995901	-0.0032920872206995297968	-0.72978842617546135774	-55.494218748642673233	61.595593748621894292	-39.98618848	0.00206109491759	0.00315905087641	-9.07534025155e-07	-4.50902610976e-06	7.9373592	7.6668422	7.8585898	7.623111
5720.6559953793903333	-0.0033028397792820452655	-0.73308626784400465759	-54.749918029681992948	60.927578093290641448	-39.98412706	0.00206698835753	0.0031513394145	-1.07134608293e-06	-4.65122402472e-06	7.9623436	7.663043	7.8905166	7.5948872
5721.6561100640810764	-0.00331359233742303241	-0.73639486330403325365	-54.00782797124978174	60.257107500894974805	-39.98205439	0.00207260406482	0.00314324468259	-1.23243693843e-06	-4.79238223614e-06	7.9863479	7.6594838	7.9245261	7.5540326
5722.6562247487727291	-0.0033243466536899491173	-0.73971421255555003249	-53.267963906929253426	59.584181330740129567	-39.97998143	0.00207821185372	0.00313513878581	-1.3932260174e-06	-4.93332834181e-06	8.0092871	7.6562542	7.9631234	7.5017997
5723.6563394334643817	-0.0033305855512671326928	-0.74304206026781904892	-52.530340717076057899	58.908799594805344668	-39.97789776	0.00208354051947	0.00312663932721	-1.55691762805e-06	-5.05864833216e-06	8.0310748	7.6534802	8.0090859	7.4613865
5724.6564541181551249	-0.0033368244475878707997	-0.74637614759211767801	-51.794971291054359597	58.23096461249067346	-39.97581381	0.00208886247332	0.0031181299687	-1.72037284535e-06	-5.18376416172e-06	8.0516244	7.6512963	8.0644405	7.4588876
5725.6565688028467775	-0.0033430633462269931065	-0.74971647452810896706	-51.061868032728874311	57.550679330318480709	-39.97371985	0.0020939415937	0.00310926243659	-1.87748387499e-06	-5.30542169682e-06	8.0708788	7.6498205	8.123733	7.4980728
5726.6566834875375207	-0.003349297584142337577	-0.75306304107446708773	-50.331043366594947486	56.867946764522343983	-39.97162563	0.00209901318561	0.00310038579959	-2.03424929181e-06	-5.42691372756e-06	8.0887978	7.6491482	8.1772358	7.5531047
5727.6567981722291734	-0.0033473260775429189949	-0.75641173690533258789	-49.602508797345961966	56.182770999298028869	-39.96952176	0.00210380503503	0.0030911708442	-2.19736606344e-06	-5.52142559293e-06	8.1053397	7.6493761	8.2151902	7.5986032
5728.656912856920826	-0.0033453545708472050453	-0.75975846100347799172	-48.876272075546957296	55.495160155249884326	-39.96741764	0.00210858960689	0.00308194741781	-2.36018438442e-06	-5.61593113251e-06	8.1204667	7.6506201	8.2330788	7.6310707
5729.6570275416115692	-0.0033433830925745223854	-0.76310321336890041266	-48.152339979676838766	54.805123365934306889	-39.96530438	0.00211309625487	0.0030724004906	-2.51090187547e-06	-5.70884450862e-06	8.1341668	7.653004	8.2409074	7.6579075
5730.6571422263023123	-0.0033413938014921667	-0.76644599398729185147	-47.430719248065528859	54.112669778430252165	-39.9631909	0.00211759673503	0.00306284620707	-2.66135868593e-06	-5.80164837016e-06	8.146433	7.6566644	8.2508806	7.6843303
5731.657256910993965	-0.0033284050739533798703	-0.76978127588701728001	-46.711415295562844108	53.417809879437228915	-39.96106894	0.00212185495732	0.00305300298305	-2.82275841128e-06	-5.85726547651e-06	8.1572565	7.661774	8.269672	7.7093984
5732.6573715956856176	-0.0033154163469986809402	-0.77310356756991660543	-45.994428361884438061	52.720559422673225924	-39.95894678	0.00212610680045	0.00304315293178	-2.98379059402e-06	-5.91306773945e-06	8.1666226	7.6685132	8.2990495	7.7311828
5733.6574862803772703	-0.0033024277071824303768	-0.77641286903598982772	-45.279757303526189105	52.020935417904425435	-39.95681658	0.00213010074349	0.00303302686468	-3.12559853778e-06	-5.96627742023e-06	8.1745138	7.6769198	8.3374777	7.748943
5734.6576009650680135	-0.0032894064904933953929	-0.77970918024143842651	-44.567400859023400983	51.31895481074349874	-39.9546862	0.00213408837263	0.00302289550724	-3.26718610944e-06	-6.01959825539e-06	8.1809083	7.6868857	8.3697209	7.7631469
5735.6577156497587566	-0.0032644303295187443448	-0.78298647446389502136	-43.857356229880863907	50.614635911451948402	-39.95254822	0.00213781304667	0.00301254382276	-3.41805303698e-06	-6.03492401707e-06	8.1857804	7.6982208	8.3771944	7.7742602
5736.6578303344504093	-0.0032394541687734115971	-0.78623878966113569522	-43.149614839645600739	49.90800260809145783	-39.95041007	0.00214153197407	0.00300218765999	-3.56868530623e-06	-6.05069112273e-06	8.189098	7.7102658	8.3555878	7.7823968
5737.6579450191420619	-0.0032144781659713037546	-0.78946612583315745049	-42.444166523744968345	49.199080053820324565	-39.94826489	0.00214500414381	0.00299163920253	-3.70143195955e-06	-6.06372782906e-06	8.1908293	7.7221822	8.3192676	7.7875346
5738.6580597038328051	-0.0031894600360073666577	-0.79266848290067726257	-41.74100092198543166	48.487893253992716325	-39.94611956	0.00214847129879	0.00298108720637	-3.83400638842e-06	-6.07706855581e-06	8.1909422	7.7333101	8.2838777	7.7895667
5739.6581743885244578	-0.0031534574806624275298	-0.79584030537669259164	-41.040106153659557719	47.774468368175007527	-39.94396777	0.00215171623727	0.00297037840203	-3.97108647407e-06	-6.05395879147e-06	8.1894095	7.743366	8.2611042	7.7882118
5740.6582890732152009	-0.0031174549243168465582	-0.79897612116790495129	-40.341464873769481869	47.058836532009877374	-39.94181585	0.00215495586776	0.0029596671764	-4.10798116686e-06	-6.03155717824e-06	8.186222	7.7521443	8.2470443	7.7832309
5741.6584037579068536	-0.0030814525806744448751	-0.8020759302743202257	-39.645058185226588421	46.34102993844255991	-39.93965782	0.00215795252946	0.00294884511851	-4.22591893458e-06	-6.00704990293e-06	8.181375	7.7598236	8.2339637	7.7752887
5742.6585184425975967	-0.0030454056846545311463	-0.8051397325893087098	-38.950866934301316746	45.621080560186179298	-39.93749967	0.00216094377776	0.00293802105994	-4.3436934142e-06	-5.98315131783e-06	8.1748665	7.7668833	8.2146373	7.7657618
5743.6586331272892494	-0.0030002706037828650448	-0.80816291740684442768	-38.258870598770855054	44.899021218903342856	-39.93533576	0.00216367879193	0.00292710230278	-4.4588827339e-06	-5.93149768537e-06	8.1667332	7.7737483	8.1890367	7.7550896
5744.658747811980902	-0.00295513552289258059	-0.81114096196709783992	-37.569043989291422747	44.174888708822876993	-39.93317175	0.0021664097558	0.00291618321155	-4.57401973498e-06	-5.88072130808e-06	8.1570358	7.7805591	8.1625737	7.7393954
5745.6588624966716452	-0.0029100006853940785581	-0.81407386627006617097	-36.881360536892238144	43.44872059134864628	-39.93100272	0.0021689422548	0.0029052477509	-4.67473307152e-06	-5.8256205798e-06	8.1458341	7.7873753	8.1407796	7.7137242
5746.6589771813632979	-0.0028648230034450830432	-0.81696163019316136999	-36.195793378210261437	42.720554155443714706	-39.92883637	0.00217103941426	0.00289378296431	-4.85881784734e-06	-5.73436986871e-06	8.1332101	7.7942319	8.1268519	7.682133
5747.659091866054041	-0.0028123694870671599351	-0.81980055198195556088	-35.512314454516676676	41.990427268101527147	-39.92680574	0.00215102754416	0.00285543598142	-9.27554114383e-06	-3.74478369143e-06	8.1193194	7.8011267	8.1163119	7.6627143
5748.6592065507456937	-0.0027599159714350954969	-0.8225870142393040263	-34.83089184534706817	41.258380846714658219	-39.92477412	0.00213124627469	0.00281726246403	-1.3644502668e-05	-1.76534646683e-06	8.1043275	7.8080592	8.1031048	7.672592
5749.6593212354373463	-0.0027074627051128911416	-0.82532101696520421275	-34.151492439528681189	40.524456322757735904	-39.9226907	0.00212361851179	0.00278823122165	-1.56054496097e-05	-1.12301712328e-07	8.0883995	7.8150286	8.0814701	7.7068472
5750.6594359201280895	-0.0026549711046586765839	-0.82800256003403982508	-33.474082814891950477	39.788694823615806229	-39.92060635	0.00211617943578	0.00275936588519	-1.75280602685e-05	1.53180065876e-06	8.0717312	7.8220338	8.0517333	7.7477666
5751.6595506048188327	-0.0025968188410579267321	-0.83062875615691711406	-32.798628530486240606	39.051137831015573454	-39.91847068	0.00211907459531	0.00273958708829	-1.7402221455e-05	2.86017723372e-06	8.0545476	7.8290727	8.0200743	7.7800723
5752.6596652895104853	-0.0025386665783842803264	-0.83319679334753693478	-32.125092034927355655	38.311829084964507786	-39.91633415	0.00212211595698	0.00271996162998	-1.724753733e-05	4.18082011313e-06	8.0370686	7.8361363	7.9924443	7.8033893
5753.659779974202138	-0.0024805145131260833598	-0.83570667160589695577	-31.453434773603138552	37.570812633889396182	-39.91414896	0.00213349084041	0.00270907647133	-1.54303157407e-05	5.1899888104e-06	8.019494	7.8432125	7.9700565	7.8225378
5754.6598946588937906	-0.0024223350212545769443	-0.83815839083222276606	-30.783617881821154327	36.828132209353427129	-39.91196299	0.00214497347456	0.00269833112165	-1.3592821672e-05	6.19305405136e-06	8.0020121	7.8502881	7.9512935	7.8411526
5755.6600093435845338	-0.0023605207109891643107	-0.84055009295838667427	-30.115601728515386526	36.083831648655319668	-39.90973096	0.00216285829771	0.00269589275456	-1.04783249175e-05	6.91339242644e-06	7.9847993	7.8573463	7.9346703	7.8589871
5756.6601240282752769	-0.0022987064002749219016	-0.84287997368495926054	-29.449344565346379454	35.337956107704250996	-39.90749823	0.00218081739262	0.00269358168408	-7.35097488849e-06	7.62904393906e-06	7.9679653	7.8643718	7.9196866	7.8750098
5757.6602387129669296	-0.0022368921552432647314	-0.84514803301194252327	-28.784803898930618971	34.590550825118150158	-39.90522224	0.00220338456531	0.00269916853873	-3.29148525653e-06	8.07281182146e-06	7.9515952	7.8713495	7.9062049	7.8884033
5758.6603533976585823	-0.002175069571431159296	-0.84735427090640369485	-28.121936943090780403	33.841660729263807639	-39.90294655	0.00222585267152	0.00270504653809	8.01767272137e-07	8.52491330333e-06	7.9357537	7.878263	7.8944509	7.8987642
5759.6604680823502349	-0.0021122321510424115626	-0.84949816761161367484	-27.46070049675545377	33.091330560967200825	-39.90069072	0.00224189046238	0.00272982247556	7.26416186939e-06	9.47633331384e-06	7.9204339	7.8850962	7.8859377	7.9057808
5760.6605827670409781	-0.0020493947312817100553	-0.85157921969021865838	-26.801050570559297626	32.339605214569232317	-39.89843489	0.0022578949482	0.00275480454482	1.37392513109e-05	1.04362231133e-05	7.9056124	7.891835	7.8824459	7.9105493
5761.6606974517317212	-0.0019865572027636638382	-0.85359742714222097693	-26.142942780403963354	31.586529401946403794	-39.89617905	0.00227163310505	0.00279381339164	2.12134788916e-05	1.17646022194e-05	7.8912529	7.8984675	7.8831152	7.9158053
5762.6608121364233739	-0.0019237326046264791382	-0.85555279002218764806	-25.486332481093668889	30.832147549913472062	-39.89392217	0.0022855070943	0.0028328025901	2.86607926551e-05	1.30914320605e-05	7.8772911	7.9049819	7.8812971	7.9241423
5763.6609268211150265	-0.0018623765668646593847	-0.85744606171225368207	-24.831174966791181191	30.076503642236918523	-39.89159057	0.00230909309971	0.00287038693183	3.43061765112e-05	1.39601359197e-05	7.8636599	7.9113679	7.8697161	7.9349873
5764.6610415058057697	-0.001801020527875480488	-0.85927797032727859516	-24.177426036750873095	29.319640748921049322	-39.88925805	0.00233276810134	0.00290794968103	3.99259145678e-05	1.48278001991e-05	7.8503153	7.9176155	7.847073	7.9455319
5765.6611561904974224	-0.001739664238064827324	-0.86104851586726571799	-23.525041442369566624	28.561601526816581043	-39.88685579	0.0023631459233	0.00294388617208	4.38287880837e-05	1.52743169316e-05	7.8372447	7.9237167	7.8205103	7.9533607
5766.6612708751881655	-0.0016783363717399045912	-0.86275769845907046562	-22.873976714062326465	27.802428385441675829	-39.88445272	0.0023935734096	0.0029797995697	4.7707708487e-05	1.57202999465e-05	7.8244423	7.9296753	7.7972286	7.9584902
5767.6613855598798182	-0.0016200531627707352462	-0.86440708236377050699	-22.224187569752068327	27.04216315296676143	-39.88198551	0.00242795197042	0.00301387575749	4.99756889253e-05	1.5774729545e-05	7.8119508	7.9354987	7.7785518	7.9617614
5768.6615002445714708	-0.0015617699551136478547	-0.86599817637604470377	-21.575631084004708526	26.28084609922841608	-39.8795176	0.00246234737524	0.00304792727288	5.22220142445e-05	1.58289909024e-05	7.7998426	7.9411969	7.7623405	7.9637564
5769.661614929262214	-0.001503486447312084133	-0.86753098049589139062	-20.928264522413588367	25.518516956647964378	-39.87699111	0.00249816263035	0.00307989905045	5.29766473302e-05	1.55380906215e-05	7.7881898	7.9467918	7.7469212	7.9644186
5770.6617296139538666	-0.0014452351353713944419	-0.86900549487436440366	-20.282044970676711415	24.755215252038297535	-39.87446404	0.00253396908713	0.00311184514229	5.37120280573e-05	1.52473964755e-05	7.7770595	7.9523068	7.7324817	7.9635977
5771.6618442986446098	-0.0013902570242178798662	-0.8704234035481270837	-19.636929775168816548	23.990979948301596636	-39.87188443	0.00256898699347	0.00314148915156	5.30931956766e-05	1.46432759914e-05	7.7665181	7.9577684	7.719629	7.9612578
5772.6619589833362625	-0.0013352789145120349656	-0.87178632780607812069	-18.992877804107308748	23.225848399957712331	-39.86930434	0.00260397633353	0.00317110660852	5.24578565923e-05	1.40396488867e-05	7.7566331	7.963204	7.7084871	7.9574973
5773.6620736680270056	-0.001280300564091301288	-0.87309426764821507216	-18.349848184250095784	22.45985744183576216	-39.86667785	0.00263623283228	0.00319818389432	5.06080375863e-05	1.31745090846e-05	7.747472	7.9686409	7.6984654	7.9524188
5774.6621883527186583	-0.001225346797092283441	-0.87434722319539770474	-17.707799898761649615	21.693043741659447932	-39.8640508	0.00266832176632	0.00322542715836	4.87581468108e-05	1.23085039536e-05	7.7391015	7.9741043	7.6890321	7.946094
5775.6623030374103109	-0.0011727727430331845535	-0.87554642047950270722	-17.066692110498223656	20.925443542015749188	-39.86136695	0.00268322334943	0.00326969504658	4.72619011057e-05	1.10524756048e-05	7.7315843	7.9796173	7.6809691	7.938576
5776.6624177221010541	-0.0011201986893493744418	-0.87669303768030482082	-16.426485083519150265	20.157091906661985803	-39.85868286	0.00269810028961	0.00331393103693	4.57568048584e-05	9.80113767274e-06	7.7249815	7.9852002	7.6758921	7.9549353
5777.6625324067927068	-0.0010676245137951146172	-0.87778707479780626599	-15.787139260155589326	19.388023508589586896	-39.85597194	0.00271025323825	0.00335464108591	4.34451619851e-05	8.55821545319e-06	7.719353	7.9908652	7.6748909	7.9705304
5778.6626470914834499	-0.0010150622966292970322	-0.87882853189364706914	-15.148614968594042551	18.618272885849680875	-39.85326084	0.00272238343957	0.00339530828875	4.11255522138e-05	7.31957745374e-06	7.7147508	7.996623	7.6768427	7.9850725
5782.6631058302482415	-0.00080924581422301702059	-0.88247754950729129231	-12.601945277803563883	15.533126887089725443	-39.84229857	0.00275446361947	0.00352373661259	2.6992428675e-05	2.41971390439e-06	7.7075323	8.0206027	7.6925829	8.0337278
5786.6635645690139427	-0.00060656456140549357397	-0.88530947069809662331	-10.065282471667135411	12.439746661764667479	-39.83125193	0.00276456230601	0.00358481953079	6.36909461071e-06	-2.39788599863e-06	7.7197297	8.0455846	7.7208293	8.0695754
5790.6640233077787343	-0.00040827663340901182432	-0.88733923466557185211	-7.536141787307362172	9.3402125014808259351	-39.82020885	0.0027526794992	0.00355266444428	-2.07275276612e-05	-7.16867459724e-06	7.7518093	8.0702081	7.7592802	8.0957972
5794.6644820465444354	-0.00023522819913209116549	-0.88862636064195288377	-5.0121185485486572375	6.236509134422424161	-39.80925726	0.00271881519904	0.00340137875398	-5.42278356591e-05	-1.20130546579e-05	7.801027	8.0927757	7.7970952	8.1154818
5798.6649407853092271	-6.829627107528832633e-05	-0.88923238867344589487	-2.4910284131149098563	3.1304225049502991673	-39.79848511	0.00266296940553	0.0031050698608	-9.41739206999e-05	-1.6919756873e-05	7.8601395	8.1117915	7.8720012	8.1316368
5802.6653995240749282	-6.7994710012643283428e-05	-0.88950500189659997829	0.028870107880442613668	0.023369002781579051309	-39.78798033	0.00258514211866	0.00263784516566	-0.000140140833652	-2.23817955259e-05	7.9186242	8.126245	7.986808	8.1457823
