V,ax,ay
5.25,-16.820732179157748,1.029972791126021e-15
5.25,-16.781655425040537,1.0774180256092072
5.25,-16.664774691250223,2.1486847598050693
5.25,-16.471121176279137,3.2077505617527584
5.25,-16.202379502167616,4.248764247598852
5.25,-15.86083808104443,5.266161065692289
5.25,-15.449321616786673,6.254737121324295
5.25,-14.971113526299336,7.209708289551839
5.25,-14.429873492107342,8.126753347843517
5.25,-13.829546376593036,9.002037103622937
5.25,-13.174277645341398,9.83221893948789
5.25,-12.46833079433475,10.614444760188933
5.25,-11.716013158042692,11.346326011963814
5.25,-10.921611621366011,12.025908180423125
5.25,-10.089339119102664,12.651631088583505
5.25,-9.223293146979717,13.222284303959343
5.25,-8.327425627958387,13.73695958532375
5.25,-7.405523480278709,14.195002055992834
5.25,-6.46120055079805,14.595964591606228
5.25,-5.49789699137954,14.939562205381463
5.25,-4.5188879497686445,15.22563298769235
5.25,-3.5272978830899286,15.454101776686558
5.25,-2.526121021740672,15.624951725946568
5.25,-1.5182448593075046,15.738196198379606
5.25,-0.5064785119954217,15.793865072929567
5.25,0.5064182923046875,15.791987201218115
5.25,1.5177040325153255,15.732589962921322
5.25,2.5246240586952338,15.615692480202142
5.25,3.524380024464506,15.441317802760384
5.25,4.514099824411315,15.209500204538601
5.25,5.490811182845209,14.92030777454364
5.25,6.451416395349396,14.573862014017976
5.25,7.392673240110383,14.170370551401014
5.25,8.311180462556221,13.710161485820198
5.25,9.203368837551565,13.193721308116013
5.25,10.039520943071354,12.589161071745542
5.25,10.039520093795579,11.05462737635766
5.25,10.039521932208345,9.722734799841005
5.25,10.039523244373013,8.546770746927068
5.25,10.03952419661652,7.492691637960538
5.25,10.039524393733949,6.535006184156939
5.25,10.03952222205126,5.654153577536962
5.25,10.039522148927512,4.834779051879508
5.25,10.039526268318495,4.064553718833309
5.25,10.039524848825346,3.333351907811221
5.25,10.039526729188932,2.6326739368180108
5.25,10.039520963625165,1.9551965325333287
5.25,10.039523972833223,1.2944532737937733
5.25,10.03952034910319,0.644558592023893
5.25,10.03951930749465,6.147432592450688e-16
6.571428571428571,-16.902157053551147,1.0349586267158636e-15
6.571428571428571,-16.862847914661334,1.0826307563944553
6.571428571428571,-16.745273519558744,2.1590639343677775
6.571428571428571,-16.550474025880835,3.2232045278284316
6.571428571428571,-16.280150796248993,4.269158282545277
6.571428571428571,-15.93661298544499,5.291320067333426
6.571428571428571,-15.52271139745581,6.284449350564077
6.571428571428571,-15.041760189628386,7.243729929514551
6.571428571428571,-14.49745128498069,8.164812451741673
6.571428571428571,-13.893765441095429,9.043839082203302
6.571428571428571,-13.2348847484396,9.87745119608606
6.571428571428571,-12.525109879788586,10.66278150036891
6.571428571428571,-11.768785061382133,11.397432750363993
6.571428571428571,-10.97023308229988,12.07944581251076
6.571428571428571,-10.133701649185411,12.707259941785637
6.571428571428571,-9.263320806730954,13.279666964232517
6.571428571428571,-8.363073053268877,13.795763741936929
6.571428571428571,-7.436773973330612,14.254903400483048
6.571428571428571,-6.488063319682136,14.656648054436706
6.571428571428571,-5.520405200481365,15.000724280723306
6.571428571428571,-4.53709599473791,15.286981933098183
6.571428571428571,-3.5412796772481925,15.515360019427657
6.571428571428571,-2.535967203764228,15.685853843255632
6.571428571428571,-1.524061523211269,15.798492004537797
6.571428571428571,-0.508385059851339,15.853318255795719
6.571428571428571,0.5082907385860661,15.850376971413674
6.571428571428571,1.5232141185922456,15.789707769194075
6.571428571428571,2.5336218868995024,15.67134722917105
6.571428571428571,3.5367079196309987,15.495329840560949
6.571428571428571,4.529594468177195,15.261706800912915
6.571428571428571,5.509303673868657,14.97055784660036
6.571428571428571,6.472734188042496,14.622019279045336
6.571428571428571,7.416640979702102,14.21631222097886
6.571428571428571,8.33762075561379,13.753777514756743
6.571428571428571,9.232104192586194,13.234915600413604
6.571428571428571,10.058382120349487,12.612812239973946
6.571428571428571,10.058382325300569,11.075396789519463
6.571428571428571,10.05838347881599,9.741001189099308
6.571428571428571,10.05838295013584,8.562826248526681
6.571428571428571,10.058385532078638,7.506768218456793
6.571428571428571,10.058385445464268,6.547283368300668
6.571428571428571,10.058387744962667,5.664778442097483
6.571428571428571,10.058388330692699,4.843864526171432
6.571428571428571,10.05838666823642,4.072189448505833
6.571428571428571,10.058381659129827,3.3396128001891134
6.571428571428571,10.058388094084338,2.6376199691472615
6.571428571428571,10.05838652556371,1.9588706003917633
6.571428571428571,10.058384137508748,1.2968850227466704
6.571428571428571,10.058383931146002,0.645769674173164
6.571428571428571,10.058381579069465,6.158982402705061e-16
7.892857142857142,-17.001750461816005,1.0410569641482503e-15
7.892857142857142,-16.962156953160534,1.0890066082085321
7.892857142857142,-16.843733675178953,2.1717589656387526
7.892857142857142,-16.647531907432203,3.2421065485674516
7.892857142857142,-16.375273369098654,4.294102358605783
7.892857142857142,-16.029292660069853,5.322091839392166
7.892857142857142,-15.612472475738098,6.320789583637631
7.892857142857142,-15.128164301414369,7.285339956711288
7.892857142857142,-14.580100371031152,8.211359549824286
7.892857142857142,-13.972305113859647,9.094962743752067
7.892857142857142,-13.309005410397347,9.932768883774694
7.892857142857142,-12.5945473824498,10.721894508231825
7.892857142857142,-11.833320415651633,11.459931755696422
7.892857142857142,-11.029691426250782,12.144916057169041
7.892857142857142,-10.187950158098888,12.775285420340479
7.892857142857142,-9.312267108886811,13.349835169061196
7.892857142857142,-8.40666205373713,13.86766835742658
7.892857142857142,-7.4749856869297835,14.328148101488686
7.892857142857142,-6.520909132020927,14.730847316649722
7.892857142857142,-5.547925798551777,15.075506636130633
7.892857142857142,-4.559358480683421,15.361991635522285
7.892857142857142,-3.558374309681315,15.590256497755453
7.892857142857142,-2.5480052390646635,15.76031334809556
7.892857142857142,-1.5311729272355257,15.872209146468872
7.892857142857142,-0.5107159437413101,15.926003798789102
7.892857142857142,0.5105798832004452,15.92176093009237
7.892857142857142,1.5299504473875558,15.859536864011984
7.892857142857142,2.5446218782828693,15.739386065343872
7.892857142857142,3.5517790665277142,15.561360849495529
7.892857142857142,4.548536661742005,15.325529336546797
7.892857142857142,5.531910673968494,15.031988368997952
7.892857142857142,6.498795108890139,14.680891353194136
7.892857142857142,7.445941559506314,14.272475946834321
7.892857142857142,8.369944489260162,13.80709889432646
7.892857142857142,9.267233844382186,13.285276597960106
7.892857142857142,10.081440865967604,12.64172699241532
7.892857142857142,10.081442449934839,11.100788549554064
7.892857142857142,10.081442554223157,9.763332658309425
7.892857142857142,10.081439672740386,8.582454722656365
7.892857142857142,10.081440103920032,7.523974292596342
7.892857142857142,10.081442543197904,6.562291875712839
7.892857142857142,10.081442565875887,5.677762675337152
7.892857142857142,10.081440791413922,4.85496600615583
7.892857142857142,10.081443181547376,4.081523996214236
7.892857142857142,10.081445903610108,3.3472706569600508
7.892857142857142,10.08144187203716,2.6436653816451563
7.892857142857142,10.081446888865344,1.9633616057424839
7.892857142857142,10.081440430017546,1.2998578024721157
7.892857142857142,10.081443434803704,0.647250143428023
7.892857142857142,10.081439664844705,6.173101408174617e-16
9.214285714285715,-17.1194914370074,1.0482665195680817e-15
9.214285714285715,-17.079561556516744,1.0965442338325653
9.214285714285715,-16.960133586857598,2.186767072312879
9.214285714285715,-16.762273710114357,3.2644525126382073
9.214285714285715,-16.487726019121983,4.32359091606754
9.214285714285715,-16.13885556506083,5.358469230142859
9.214285714285715,-15.718583524057966,6.3637491859665625
9.214285714285715,-15.230304322510783,7.334527998435787
9.214285714285715,-14.67779963032098,8.266382747564009
9.214285714285715,-14.065144153623487,9.155394261739767
9.214285714285715,-13.396618482359925,9.998156218753307
9.214285714285715,-12.676622346361762,10.791765943711694
9.214285714285715,-11.909598810735273,11.5338032618661
9.214285714285715,-11.099966762805597,12.222297012842581
9.214285714285715,-10.252066064606153,12.855684224113878
9.214285714285715,-9.370114452219807,13.432763685762206
9.214285714285715,-8.458176445962371,13.952646735580426
9.214285714285715,-7.5201434717077555,14.414707120506648
9.214285714285715,-6.55972457768905,14.818532084538463
9.214285714285715,-5.580447353329594,15.163878206456657
9.214285714285715,-4.585665568435787,15.450628943538089
9.214285714285715,-3.578574110322981,15.678757606913726
9.214285714285715,-2.5622296416587527,15.848296307720322
9.214285714285715,-1.5395756894993722,15.959312567439504
9.214285714285715,-0.5134700527823133,16.01188706048636
9.214285714285715,0.5132846154316425,16.0061044410335
9.214285714285715,1.5379096189712205,15.942042003543573
9.214285714285715,2.5576185474101125,15.819775059364176
9.214285714285715,3.56958567518771,15.639376699488936
9.214285714285715,4.570916772819352,15.400935357071143
9.214285714285715,5.558620694300585,15.104568122835454
9.214285714285715,6.529585906815022,14.75044830204993
9.214285714285715,7.4805600383756214,14.338833089585112
9.214285714285715,8.408135117658663,13.870098330441143
9.214285714285715,9.30873994436254,13.344778713478197
9.214285714285715,10.108681185818057,12.675885273093034
9.214285714285715,10.108681950444574,11.13078226690708
9.214285714285715,10.108684680527679,9.789715186405003
9.214285714285715,10.108682209892839,8.605646632664358
9.214285714285715,10.108682550126101,7.544305858603682
9.214285714285715,10.108686603107298,6.580025793476967
9.214285714285715,10.108685547084557,5.693105636511683
9.214285714285715,10.108687842503883,4.868087494398107
9.214285714285715,10.10868793530239,4.0925541745547305
9.214285714285715,10.108687587074254,3.3563155190341583
9.214285714285715,10.108685889786791,2.6508096044156506
9.214285714285715,10.10868843479051,1.9686668963362
9.214285714285715,10.108685226114536,1.3033706299325636
9.214285714285715,10.108686169757377,0.6489991850429631
9.214285714285715,10.108680984653422,6.189781905728764e-16
10.535714285714285,-17.255355428809033,1.0565857897020443e-15
10.535714285714285,-17.21503715609362,1.1052420559077667
10.535714285714285,-17.094449112654868,2.2040851416317113
10.535714285714285,-16.894674729787948,3.2902376089099925
10.535714285714285,-16.61748297018478,4.357617195632175
10.535714285714285,-16.26527584080823,5.4004436536035385
10.535714285714285,-15.841018108110655,6.413317455486964
10.535714285714285,-15.348155143176275,7.391281962473926
10.535714285714285,-14.79052308834451,8.329867416391792
10.535714285714285,-14.172257161155928,9.225117103099167
10.535714285714285,-13.497698776272154,10.07359440268776
10.535714285714285,-12.771310354378679,10.87237502018924
10.535714285714285,-11.997596408810185,11.619024183228953
10.535714285714285,-11.181036161142856,12.3115634301485
10.535714285714285,-10.326027326722388,12.948428713331113
10.535714285714285,-9.436842277148122,13.528423040628956
10.535714285714285,-8.517596871201315,14.050666942126567
10.535714285714285,-7.572229919837662,14.514547089991906
10.535714285714285,-6.6044939570992325,14.919666892461814
10.535714285714285,-5.617956160106799,15.265801751582423
10.535714285714285,-4.616005929693267,15.552855688338
10.535714285714285,-3.6018701767723895,15.780824342936098
10.535714285714285,-2.578633970688758,15.949762883147402
10.535714285714285,-1.5492659132675248,16.059761873712105
10.535714285714285,-0.5166460823012594,16.110927356376205
10.535714285714285,0.5164036307659656,16.10336682469637
10.535714285714285,1.5470877281114694,16.037182705976292
10.535714285714285,2.572605453886697,15.912474375114517
10.535714285714285,3.5901187862532606,15.729338137030199
10.535714285714285,4.596723546248057,15.487886940113185
10.535714285714285,5.589420263237568,15.18826050134936
10.535714285714285,6.56509105343444,14.8306550467257
10.535714285714285,7.520479009594757,14.415350283816924
10.535714285714285,8.452173394983706,13.942744075098453
10.535714285714285,9.35660191536774,13.413392448062341
10.535714285714285,10.140092660110703,12.715274016003523
10.535714285714285,10.1400913838986,11.165367543861835
10.535714285714285,10.14009147464979,9.820130970366073
10.535714285714285,10.140094666254278,8.632388446651348
10.535714285714285,10.140091928483653,7.567747286898908
10.535714285714285,10.140096796757105,6.600471563784091
10.535714285714285,10.140097321229543,5.710796418127621
10.535714285714285,10.140093433704463,4.883211630008951
10.535714285714285,10.140093334602813,4.105268811591022
10.535714285714285,10.140092941976013,3.3667428152711425
10.535714285714285,10.14009844904292,2.659046947496966
10.535714285714285,10.140095219303733,1.9747833670722799
10.535714285714285,10.140097637999167,1.307420811944365
10.535714285714285,10.140097277139008,0.6510158450470064
10.535714285714285,10.140090808305828,6.209014875727615e-16
11.857142857142858,-17.409314422152114,1.066013059121922e-15
11.857142857142858,-17.368555718085364,1.115098274604088
11.857142857142858,-17.246652160727866,2.2237095515531995
11.857142857142858,-17.044706351087413,3.319456264540863
11.857142857142858,-16.764516396634516,4.396173900554314
11.857142857142858,-16.408526077013583,5.448006008928093
11.857142857142858,-15.979748942258002,6.469483345468235
11.857142857142858,-15.481687660541885,7.45558783362268
11.857142857142858,-14.918242481256856,8.401797638406743
11.857142857142858,-14.29361549477151,9.30411262415909
11.857142857142858,-13.612218233622912,10.159062494966971
11.857142857142858,-12.87858360352449,10.963698068645861
11.857142857142858,-12.097286169269593,11.715568332417668
11.857142857142858,-11.272873559621035,12.412686612323089
11.857142857142858,-10.409809043585748,13.053487663299054
11.857142857142858,-9.512427104231838,13.636779574118707
11.857142857142858,-8.584901564851577,14.161693074076897
11.857142857142858,-7.6312252164795344,14.627630028605958
11.857142857142858,-6.655199678668252,15.034212000726846
11.857142857142858,-5.660437118858153,15.38123623986134
11.857142857142858,-4.650366956988581,15.668629391181264
11.857142857142858,-3.6282523628554753,15.896412252529469
11.857142857142858,-2.5972108840261456,16.06466766071572
11.857142857142858,-1.5602391980216648,16.17351144931094
11.857142857142858,-0.5202425447391207,16.223078298890336
11.857142857142858,0.5199354417742424,16.213501697562045
11.857142857142858,1.5574804221290395,16.14491385123625
11.857142857142858,2.589575255461017,16.01743859817258
11.857142857142858,3.6133684975504705,15.831201777860814
11.857142857142858,4.625944155874342,15.586340870104795
11.857142857142858,5.624294033495448,15.283023801011153
11.857142857142858,6.60529286447195,14.921471638132925
11.857142857142858,7.565678657178295,14.501989545995636
11.857142857142858,8.502037594372476,14.02500028756564
11.857142857142858,9.410796352253286,13.491084248677861
11.857142857142858,10.17565360447315,12.759866029803861
11.857142857142858,10.175652500269155,11.204524285109532
11.857142857142858,10.175655564520941,9.854572870742386
11.857142857142858,10.175656543019185,8.662662713729766
11.857142857142858,10.175654123675699,7.594288042947165
11.857142857142858,10.175658328862914,6.623619555971311
11.857142857142858,10.175658031932361,5.730823837280941
11.857142857142858,10.175656953394078,4.900338118446932
11.857142857142858,10.17565886221838,4.119667697919783
11.857142857142858,10.175659850838555,3.3785518426202574
11.857142857142858,10.175655466126921,2.6683710954048427
11.857142857142858,10.175655032245775,1.9817086400224253
11.857142857142858,10.175660260176844,1.3120061043175046
11.857142857142858,10.175659801467416,0.6532990348621435
11.857142857142858,10.175652326760655,6.230790025601877e-16
13.178571428571429,-17.581337069929884,1.0765464083710168e-15
13.178571428571429,-17.540085877104893,1.1261108761968661
13.178571428571429,-17.416711308812193,2.2456362506249894
13.178571428571429,-17.212336574289814,3.352102247585335
13.178571428571429,-16.928795010086024,4.439252826053157
13.178571428571429,-16.568573234060466,5.501145326208075
13.178571428571429,-16.13474255529331,6.532233304920613
13.178571428571429,-15.630869777291514,7.527430154629282
13.178571428571429,-15.060925715591532,8.482155338905276
13.178571428571429,-14.429187418175042,9.392360166880644
13.178571428571429,-13.740145280244617,10.254536931177253
13.178571428571429,-12.998411140561664,11.065708738206256
13.178571428571429,-12.208637989717202,11.823406556887134
13.178571428571429,-11.375449944120268,12.525634611595862
13.178571428571429,-10.503383549222026,13.170826381983343
13.178571428571429,-9.596842933642497,13.757796013522217
13.178571428571429,-8.660066625675343,14.28568570383967
13.178571428571429,-7.6971072902391855,14.753913629618339
13.178571428571429,-6.711822302094434,15.16212349335345
13.178571428571429,-5.7078730418169386,15.510134966578777
13.178571428571429,-4.688734373483126,15.797901948661206
13.178571428571429,-3.6577096951311847,16.025473257907244
13.178571428571429,-2.6179521972340813,16.19296001678955
13.178571428571429,-1.5724907031405202,16.300511116132764
13.178571428571429,-0.5242577816249148,16.348288170796323
13.178571428571429,0.5238784449651677,16.33645905686689
13.178571428571429,1.5690827023287575,16.26518362261886
13.178571428571429,2.60851987094626,16.13461774354051
13.178571428571429,3.6393234128734786,15.944917691940537
13.178571428571429,4.658564532711639,15.696249743961765
13.178571428571429,5.6632248993431755,15.388811540023621
13.178571428571429,6.650171632539704,15.022853556939163
13.178571428571429,7.616136901847964,14.598708554278465
13.178571428571429,8.557703572206577,14.116827140418849
13.178571428571429,9.471297186776024,13.577816744537914
13.178571428571429,10.215348145273657,12.809641409589432
13.178571428571429,10.215349166355574,11.248234726203249
13.178571428571429,10.215350647432611,9.89301541478123
13.178571428571429,10.215349353811039,8.69645369621783
13.178571428571429,10.215351764997893,7.623915162654869
13.178571428571429,10.21535287399199,6.6494578415038115
13.178571428571429,10.21535125736386,5.753178645369769
13.178571428571429,10.215353759867817,4.919455092892399
13.178571428571429,10.215352833271458,4.135738005755739
13.178571428571429,10.215348046482376,3.3917292314567815
13.178571428571429,10.21535308433894,2.678781036793482
13.178571428571429,10.215354285071935,1.9894400688177938
13.178571428571429,10.215353618894483,1.3171239961895649
13.178571428571429,10.215354771130775,0.6558475364704829
13.178571428571429,10.215346731753849,6.255095838611364e-16
14.5,-17.771388838192173,1.0881837228547523e-15
14.5,-17.729593082272274,1.1382776424460108
14.5,-17.604591953004775,2.2698607771678487
14.5,-17.397531472536425,3.388168950788262
14.5,-17.11028239274293,4.486844422257888
14.5,-16.745383028652057,5.5598502226046955
14.5,-16.30596493278616,6.601553562927429
14.5,-15.795666529258918,7.606792087638704
14.5,-15.218537016694551,8.570920369977621
14.5,-14.57893785764522,9.48983690080129
14.5,-13.881445317060207,10.359991889356294
14.5,-13.130759061347543,11.178378165852967
14.5,-12.331618899787241,11.94250692661869
14.5,-11.488733541144175,12.650372441816122
14.5,-10.606720664979402,13.30040702655155
14.5,-9.69006119919891,13.891431407070614
14.5,-8.743065414293556,14.422600886972772
14.5,-7.769852402839432,14.893352391195942
14.5,-6.774340082060259,15.303352247290565
14.5,-5.760245202488524,15.652447045799283
14.5,-4.731092457407645,15.940620388920301
14.5,-3.690229641854997,16.167952453909248
14.5,-2.6408493241430806,16.33458684287465
14.5,-1.5860149191035833,16.44070376223402
14.5,-0.5286900537680297,16.48650273772645
14.5,0.528230803747152,16.47218163092204
14.5,1.5818892620322254,16.397937010851226
14.5,2.629430541163073,16.263957632596878
14.5,3.667971230689847,16.07043198273423
14.5,4.69456918355093,15.81756135992186
14.5,5.70619459837966,15.50557409354338
14.5,6.699705999654251,15.134752555087774
14.5,7.671829802394308,14.705461417849131
14.5,8.619145200456238,14.218181532740095
14.5,9.538075863890665,13.67354899983777
14.5,10.259155307603585,12.864573853656713
14.5,10.259155587908673,11.296470464807967
14.5,10.259157293097639,9.935439785298838
14.5,10.259156430404875,8.733747204248747
14.5,10.259157782147234,7.656608442929829
14.5,10.259158804572193,6.677972342392226
14.5,10.25915754146003,5.777849884942997
14.5,10.259159978006139,4.940551055693761
14.5,10.25915417495245,4.153471203663809
14.5,10.259160767717475,3.4062760571397233
14.5,10.259159767434394,2.69026850188569
14.5,10.259159968788726,1.997971224957478
14.5,10.259156262996207,1.3227717217402717
14.5,10.259161286435358,0.6586600080671681
14.5,10.259153302915303,6.281919627188611e-16
15.821428571428571,-17.979432162111994,1.1009227023908714e-15
15.821428571428571,-17.937039342970223,1.151596134272967
15.821428571428571,-17.810255940594477,2.2963782119344134
15.821428571428571,-17.600253231173916,3.427649009746569
15.821428571428571,-17.308941951986792,4.53893909345394
15.821428571428571,-16.93891646466128,5.624107750511714
15.821428571428571,-16.493376750683634,6.677428198944101
15.821428571428571,-15.97603905254597,7.693654916784017
15.821428571428571,-15.39103855203404,8.668071424738782
15.821428571428571,-14.742828858129526,9.596518119919706
15.821428571428571,-14.036080920869285,10.475399439843772
15.821428571428571,-13.275590700995421,11.301675138312865
15.821428571428571,-12.46619326664032,12.072834933131764
15.821428571428571,-11.61269002217909,12.786862303475184
15.821428571428571,-10.719787692165104,13.442188594139852
15.821428571428571,-9.792051076687507,14.037641565935814
15.821428571428571,-8.833869316171489,14.57239142080822
15.821428571428571,-7.849434293231966,15.045895975825736
15.821428571428571,-6.842730155864796,15.457846615298546
15.821428571428571,-5.817534161971253,15.80811965574737
15.821428571428571,-4.777425047271474,16.096730258533697
15.821428571428571,-3.725799226525212,16.32379298676678
15.821428571428571,-2.665892422637998,16.489487262008797
15.821428571428571,-1.6008062953918372,16.59403185067871
15.821428571428571,-0.533537373823102,16.63766002693403
15.821428571428571,0.5329906297247956,16.620610532605056
15.821428571428571,1.5958943256949027,16.5431141463724
15.821428571428571,2.6522975990023294,16.40539847085355
15.821428571428571,3.699299019722206,16.207687994613934
15.821428571428571,4.733941278903006,15.950219013851484
15.821428571428571,5.753182784714274,15.633256175212917
15.821428571428571,6.7538730265764135,15.257116812437875
15.821428571428571,7.7327315257061215,14.822198619469908
15.821428571428571,8.686333569032502,14.329015774313774
15.821428571428571,9.611101806026138,13.778237179329919
15.821428571428571,10.307049537615493,12.924631318494539
15.821428571428571,10.307052453981406,11.349210237424847
15.821428571428571,10.307053340252098,9.981824520307935
15.821428571428571,10.307054374963036,8.774523318952905
15.821428571428571,10.307053108480412,7.692353653966318
15.821428571428571,10.30705142595064,6.709146984198862
15.821428571428571,10.307054604955574,5.804825008552167
15.821428571428571,10.30705497382287,4.963616070046991
15.821428571428571,10.307055871924462,4.172864451448859
15.821428571428571,10.307054357264994,3.4221778244538235
15.821428571428571,10.307054254144289,2.702827915320172
15.821428571428571,10.307051076949856,2.0072980174364297
15.821428571428571,10.307053108144931,1.3289473360597284
15.821428571428571,10.307056614184047,0.661734990132519
15.821428571428571,10.307049501348828,6.311247590240083e-16
17.142857142857142,-18.205426610959094,1.114760871311155e-15
17.142857142857142,-18.162384341959285,1.1660637632250803
17.142857142857142,-18.03366250714691,2.3251832989328975
17.142857142857142,-17.820459677879843,3.470534211401195
17.142857142857142,-17.524731980226452,4.595525902622948
17.142857142857142,-17.149133642020296,5.693904662193879
17.142857142857142,-16.696937365842153,6.759840758385428
17.142857142857142,-16.171946370261026,7.78799890863425
17.142857142857142,-15.578389395180912,8.77358545385331
17.142857142857142,-14.92081978825891,9.712377376145563
17.142857142857142,-14.204012054091988,10.600729701817247
17.142857142857142,-13.432866860902998,11.435566285329283
17.142857142857142,-12.612323008681187,12.214353696457978
17.142857142857142,-11.747282728629436,12.935063831385223
17.142857142857142,-10.842549605259899,13.596127164136321
17.142857142857142,-9.902780043156628,14.196379866020935
17.142857142857142,-8.932448460189539,14.735008029809837
17.142857142857142,-7.935825513511319,15.211491771011708
17.142857142857142,-6.916967729386212,15.625550587024284
17.142857142857142,-5.879718038683739,15.97709333709764
17.142857142857142,-4.8277138806005135,16.266170025166193
17.142857142857142,-3.764404204301883,16.492932445758193
17.142857142857142,-2.6930715675155974,16.65759988330054
17.142857142857142,-1.616858534339354,16.76043009957153
17.142857142857142,-0.5387977310860594,16.801697337261828
17.142857142857142,0.5381558345958837,16.78168064096286
17.142857142857142,1.6110918241983472,16.700652116420844
17.142857142857142,2.6771108896542497,16.55887744722143
17.142857142857142,3.733292555393997,16.35662340563771
17.142857142857142,4.776663075374107,16.094162922369325
17.142857142857142,5.804168496632745,15.77180082528293
17.142857142857142,6.812647876632089,15.389890222510038
17.142857142857142,7.798814176554835,14.948866689210151
17.142857142857142,8.759238611884555,14.449280268044289
17.142857142857142,9.690342187555697,13.891834225009978
17.142857142857142,10.359012814895395,12.989791207218508
17.142857142857142,10.359013072804647,11.40642465344966
17.142857142857142,10.359012874437996,10.032144523055479
17.142857142857142,10.359015969589633,8.818758869397712
17.142857142857142,10.35901518293684,7.731133958007218
17.142857142857142,10.35901582959057,6.742972062541709
17.142857142857142,10.359017560601028,5.834089999959508
17.142857142857142,10.359015672449674,4.988639023681167
17.142857142857142,10.359018793591442,4.193901906888312
17.142857142857142,10.35901569135344,3.439430176006736
17.142857142857142,10.35901821121881,2.7164544695526818
17.142857142857142,10.35901912351408,2.0174187935982655
17.142857142857142,10.359018833209753,1.3356475743496363
17.142857142857142,10.359016287713343,0.6650709118546215
17.142857142857142,10.359011068616274,6.343064873756461e-16
18.464285714285715,-18.449329060293998,1.1296955890052645e-15
18.464285714285715,-18.40558515006509,1.1816777731579107
18.464285714285715,-18.274769145194412,2.3562705574322584
18.464285714285715,-18.058109142897475,3.5168164405677445
18.464285714285715,-17.7576093703756,4.656593545755703
18.464285714285715,-17.375989251876035,5.769225914075514
18.464285714285715,-16.916603322088278,6.848773647796633
18.464285714285715,-16.383345040890454,7.889803142859037
18.464285714285715,-15.780546021519534,8.887437944714351
18.464285714285715,-15.112867551588131,9.837386616801751
18.464285714285715,-14.385196280303745,10.735951004149952
18.464285714285715,-13.602546019928921,11.580016259439235
18.464285714285715,-12.769967788568739,12.367024152060921
18.464285714285715,-11.892472980463207,13.09493443453226
18.464285714285715,-10.974969708556593,13.762176721579571
18.464285714285715,-10.022213143556034,14.36759619663289
18.464285714285715,-9.03877020943481,14.91039687597613
18.464285714285715,-8.028996620876832,15.390083340417252
18.464285714285715,-6.997027149199221,15.806406210933199
18.464285714285715,-5.946774516232019,16.15930744899844
18.464285714285715,-4.881940314000036,16.44887687303458
18.464285714285715,-3.8060298872050953,16.675306478638795
18.464285714285715,-2.72237599648032,16.838858138146424
18.464285714285715,-1.6341651977958207,16.939831770749542
18.464285714285715,-0.5444689510934733,16.97854686093284
18.464285714285715,0.5437242659381781,16.955324835543948
18.464285714285715,1.6274752057135213,16.870483004434735
18.464285714285715,2.7038599004136987,16.724329536902083
18.464285714285715,3.7699370069968197,16.5171732382265
18.464285714285715,4.822716032605568,16.24933061685487
18.464285714285715,5.859128912876793,15.921146031022332
18.464285714285715,6.876004506622762,15.533013953265177
18.464285714285715,7.870048704527688,15.085409942867388
18.464285714285715,8.837827947838521,14.578921597798407
18.464285714285715,9.77576221922782,14.014290263869794
18.464285714285715,10.415014220647093,13.060014748884491
18.464285714285715,10.41501383427708,11.468087715536923
18.464285714285715,10.415015383895243,10.086379929009578
18.464285714285715,10.415017037487342,8.86643327357553
18.464285714285715,10.415017903429275,7.772929874558535
18.464285714285715,10.415018091855545,6.77942549558051
18.464285714285715,10.41501913067056,5.865629496636037
18.464285714285715,10.415016752716838,5.015607722563637
18.464285714285715,10.41501885223609,4.216573817946234
18.464285714285715,10.415020239738752,3.4580249671962937
18.464285714285715,10.415017474754,2.731139205752593
18.464285714285715,10.415017410527653,2.028324459017306
18.464285714285715,10.415020111151616,1.3428681395641464
18.464285714285715,10.415014211304799,0.668666097832764
18.464285714285715,10.41501213005395,6.377355634075714e-16
19.785714285714285,-18.71109386960719,1.1457240607980054e-15
19.785714285714285,-18.666596118669922,1.1984352333329626
19.785714285714285,-18.533530189161496,2.3896340995085423
19.785714285714285,-18.31315508990766,3.5664866342988732
19.785714285714285,-18.007527808637875,4.722129877944591
19.785714285714285,-17.61943873898258,5.850056712795756
19.785714285714285,-17.152328226449118,6.944208084744617
19.785714285714285,-16.6101889434035,7.999045408740567
19.785714285714285,-15.997462596443853,9.00960308375269
19.785714285714285,-15.318926801179314,9.971516324302796
19.785714285714285,-14.57958898255606,10.881030048347817
19.785714285714285,-13.78458455628597,11.734987924873835
19.785714285714285,-12.93908524837325,12.53080527857322
19.785714285714285,-12.04821992890173,13.266429133871192
19.785714285714285,-11.117009110968791,13.94028849858978
19.785714285714285,-10.150314352322434,14.551238912417634
19.785714285714285,-9.152801302887475,15.09850309177593
19.785714285714285,-8.128917482393575,15.581612924847573
19.785714285714285,-7.082880903277153,16.000351336877817
19.785714285714285,-6.018680289050609,16.35469866269955
19.785714285714285,-4.940084846277726,16.644785096150947
19.785714285714285,-3.850660855447888,16.870847526907728
19.785714285714285,-2.7537944701931028,17.033192507260253
19.785714285714285,-1.652719539758498,17.132166934837393
19.785714285714285,-0.5505487585672377,17.168137646397184
19.785714285714285,0.5496936663645258,17.141472722704215
19.785714285714285,1.645037725070381,17.05253688967046
19.785714285714285,2.7325332802024316,16.901684529462955
19.785714285714285,3.8092169354304968,16.68926984926272
19.785714285714285,4.872080288555657,16.415655175498785
19.785714285714285,5.918040593684864,16.081228099026834
19.785714285714285,6.943916152360032,15.686427543935483
19.785714285714285,7.94640469946156,15.231770089852283
19.785714285714285,8.92206842621389,14.717885078061215
19.785714285714285,9.86732564898494,14.145553325858742
19.785714285714285,10.475027302091886,13.135268772757184
19.785714285714285,10.475027818780584,11.534169782195342
19.785714285714285,10.475028473250317,10.14449936500051
19.785714285714285,10.475030508165078,8.917523486041297
19.785714285714285,10.475028745382076,7.81771712989861
19.785714285714285,10.475028214239021,6.818487756451432
19.785714285714285,10.475029864925936,5.899426912516584
19.785714285714285,10.475030842073075,5.044508984768447
19.785714285714285,10.475029991900115,4.240869635734227
19.785714285714285,10.475030579172174,3.4779497726478388
19.785714285714285,10.475031551025333,2.7468767498324733
19.785714285714285,10.475031033753543,2.040012111093651
19.785714285714285,10.475028645626312,1.3506053832936828
19.785714285714285,10.47502751033597,0.6725190794674588
19.785714285714285,10.47502530135615,6.414103103146674e-16
21.107142857142858,-18.990673063670243,1.1628433490538812e-15
21.107142857142858,-18.945369269730467,1.216333063457656
21.107142857142858,-18.809896857443565,2.4252676354703318
21.107142857142858,-18.585548835610354,3.6195353115227475
21.107142857142858,-18.274439458400966,4.7921223549526335
21.107142857142858,-17.879433312083933,5.9363808585414946
21.107142857142858,-17.404063146294167,7.046124258602865
21.107142857142858,-16.852429802343895,8.115702458044398
21.107142857142858,-16.22909118610658,9.140053875128475
21.107142857142858,-15.538950154847345,10.114735656264072
21.107142857142858,-14.787143504999852,11.035932014245722
21.107142857142858,-13.978936767482013,11.900442374534274
21.107142857142858,-13.119631261861123,12.70565434212071
21.107142857142858,-12.214481295178423,13.449501375781324
21.107142857142858,-11.268627736463174,14.130412241410673
21.107142857142858,-10.287045572078577,14.747253397920018
21.107142857142858,-9.274506692033707,15.299268861019764
21.107142857142858,-8.235556011383032,15.786019020147185
21.107142857142858,-7.174500798525696,16.207322276166995
21.107142857142858,-6.095410657289692,16.563199860729817
21.107142857142858,-5.002127066323097,16.853825922711124
21.107142857142858,-3.898280889138354,17.07948452657531
21.107142857142858,-2.7873153821625722,17.24053120038896
21.107142857142858,-1.6725145419063978,17.33736283959619
21.107142857142858,-0.5570348054509326,17.370396472609144
21.107142857142858,0.5560616873970929,17.340051068256717
21.107142857142858,1.6637723646166995,17.246741026821542
21.107142857142858,2.7631194143836093,17.090870584268405
21.107142857142858,3.8511162756490553,16.87284285318106
21.107142857142858,4.924735502675589,16.59306806424268
21.107142857142858,5.980879142900833,16.25198073705913
21.107142857142858,7.01635419484433,15.850066343702423
21.107142857142858,8.02785012862835,15.387885729422207
21.107142857142858,9.0119246589574,14.866112332537417
21.107142857142858,9.964994802519461,14.285569402023837
21.107142857142858,10.53902276262661,13.215516542058186
21.107142857142858,10.539025213127042,11.604638025791479
21.107142857142858,10.539025896019998,10.206477412726738
21.107142857142858,10.539026749761193,8.972004280823413
21.107142857142858,10.539021955384932,7.865476503757806
21.107142857142858,10.53902785640673,6.86014690691984
21.107142857142858,10.539024578763218,5.9354680638964545
21.107142857142858,10.53902871026488,5.075328733747411
21.107142857142858,10.539024361794736,4.266778084717561
21.107142857142858,10.539023793182984,3.499196983568868
21.107142857142858,10.539029401759011,2.7636589625984467
21.107142857142858,10.539029828712916,2.052475875295573
21.107142857142858,10.539026808095167,1.3588570325898814
21.107142857142858,10.539027611479614,0.6766280222902321
21.107142857142858,10.53902179738582,6.453289655156364e-16
22.428571428571427,-19.288016515934363,1.181050384407015e-15
22.428571428571427,-19.241854479782642,1.2353680454988256
22.428571428571427,-19.103818809133017,2.46316467457635
22.428571428571427,-18.87524160959324,3.6759529742024193
22.428571428571427,-18.55829311047157,4.8665575481479655
22.428571428571427,-18.155921683627124,6.02818132267192
22.428571428571427,-17.671758376948052,7.154502046178536
22.428571428571427,-17.110017393176665,8.23975010390924
22.428571428571427,-16.475381967170534,9.278762258860963
22.428571428571427,-15.772888408632596,10.267012584457172
22.428571428571427,-15.00781116981742,11.200620572644146
22.428571428571427,-14.185555483060597,12.076339451625506
22.428571428571427,-13.311559993209917,12.89152695318475
22.428571428571427,-12.391213059078106,13.644102689113502
22.428571428571427,-11.42978369077807,14.332495416299736
22.428571428571427,-10.43236777113439,14.95558369827719
22.428571428571427,-9.403850141511878,15.512634409688568
22.428571428571427,-8.348879398037706,16.003238736057753
22.428571428571427,-7.271857687740475,16.427253184758328
22.428571428571427,-6.176940405225577,16.78474252382209
22.428571428571427,-5.0680458586055925,17.075928207485987
22.428571428571427,-3.9488733916089513,17.30114476288996
22.428571428571427,-2.822926741472169,17.46080004947378
22.428571428571427,-1.6935429539841387,17.55534432854443
22.428571428571427,-0.5639246661362155,17.585247700168473
22.428571428571427,0.5628259029870382,17.550984219064837
22.428571428571427,1.6836718744951347,17.45302026353258
22.428571428571427,2.795606312181694,17.29181353413193
22.428571428571427,3.895618427667116,17.067819520693536
22.428571428571427,4.9806606536113565,16.781498455169476
22.428571428571427,6.047619343216671,16.433335421546936
22.428571428571427,7.093289480768856,16.023864494738113
22.428571428571427,8.114352226955706,15.55369405706771
22.428571428571427,9.107360583679078,15.02354387254279
22.428571428571427,10.06873033045215,14.434282082070927
22.428571428571427,10.606973249411672,13.300723757411529
22.428571428571427,10.606973713233575,11.67945687593994
22.428571428571427,10.606972597891776,10.272280123979726
22.428571428571427,10.606973891956683,9.029848526323734
22.428571428571427,10.60697413426479,7.9161905328794155
22.428571428571427,10.606976941467845,6.90437685982073
22.428571428571427,10.60697899166945,5.97373927624551
22.428571428571427,10.606979460298724,5.108052090292644
22.428571428571427,10.606972487346,4.294287231963749
22.428571428571427,10.606978700202157,3.5217595671939286
22.428571428571427,10.606973777339128,2.781476076050925
22.428571428571427,10.606974211069362,2.0657080425742467
22.428571428571427,10.606980441115406,1.3676186833381891
22.428571428571427,10.606979753249329,0.6809906945396098
22.428571428571427,10.606971542213678,6.494896873909523e-16
23.75,-19.60307213240367,1.2003419770201418e-15
23.75,-19.555999664315056,1.2555368355198933
23.75,-19.41524484177694,2.503318615001352
23.75,-19.182178684526892,3.7357289641914377
23.75,-18.85903798312711,4.94542214099475
23.75,-18.448852661228717,6.125441108144688
23.75,-17.95536167827027,7.269320297782721
23.75,-17.38289974538206,8.371163318651853
23.75,-16.736283433469584,9.425699227217809
23.75,-16.020690746345803,10.42831403120848
23.75,-15.241542406977906,11.375058728467582
23.75,-14.404392029762015,12.262637719997414
23.75,-13.514824379603656,13.088377533969727
23.75,-12.578370088346004,13.850183378239398
23.75,-11.600434124567093,14.546484291876105
23.75,-10.586240927545466,15.176172439022256
23.75,-9.540794555099747,15.738538543683653
23.75,-8.46885395452946,16.233207499319736
23.75,-7.374921619863479,16.660076402690056
23.75,-6.263243629218869,17.019256263420043
23.75,-5.137819764909527,17.311019650626488
23.75,-4.002421445028594,17.535754113990667
23.75,-2.860616236918264,17.69392290536717
23.75,-1.7157973327181453,17.78603424436512
23.75,-0.5712158600286724,17.812613975006748
23.75,0.5699838225411604,17.774194509261147
23.75,1.7047288114583776,17.671297442758853
23.75,2.829981739029104,17.504437703927042
23.75,3.9427063443279144,17.274125163326318
23.75,5.039834149347942,16.980873597615787
23.75,6.118235286767849,16.625221752452855
23.75,7.174692063359546,16.207754346758303
23.75,8.205877311443796,15.729130508784218
23.75,9.208339114028666,15.19011852026351
23.75,10.17849209401285,14.591633824054622
23.75,10.678845414547768,13.390848601874136
23.75,10.678845943612927,11.758596189186841
23.75,10.678845710841335,10.341885352312932
23.75,10.678846759244887,9.09103479032097
23.75,10.67884682001236,7.9698305123198825
23.75,10.678845429186104,6.951158061127235
23.75,10.678847025032278,6.014214598572748
23.75,10.678850715330217,5.142663462537654
23.75,10.678843437648002,4.3233845549368395
23.75,10.678852001150629,3.5456231472382878
23.75,10.678852093397618,2.8003247901799866
23.75,10.67885225737032,2.0797062908374944
23.75,10.678849803401164,1.3768852114672132
23.75,10.678852438690624,0.6856050740440207
23.75,10.678843279442201,6.538905620382558e-16
25.07142857142857,-19.935786034521467,1.220714827783161e-15
25.07142857142857,-19.887750677634685,1.2768359572520285
25.07142857142857,-19.74412096083554,2.5457224949203576
25.07142857142857,-19.506308777264834,3.7988532940979214
25.07142857142857,-19.176617804378633,5.028701377239758
25.07142857142857,-18.75817224251392,6.228142284936041
25.07142857142857,-18.254819205363273,7.390557214032392
25.07142857142857,-17.671023341515212,8.50991632962913
25.07142857142857,-17.011742597755642,9.580834938336853
25.07142857142857,-16.282304339538296,10.598605609008672
25.07142857142857,-15.48828575594682,11.559208075720992
25.07142857142857,-14.63539624410142,12.459294474852728
25.07142857142857,-13.729376013907173,13.296159204779496
25.07142857142857,-12.775906038376545,14.067692412597719
25.07142857142857,-11.780535269039277,14.772323983811884
25.07142857142857,-10.748623777405065,15.40896046524192
25.07142857142857,-9.68530198640137,15.976918666455884
25.07142857142857,-8.595445236763585,16.475859287052174
25.07142857142857,-7.483661983705557,16.90572277875268
25.07142857142857,-6.3542938634873485,17.26666916344369
25.07142857142857,-5.211426721989451,17.559025913737553
25.07142857142857,-4.058907642889352,17.783236316983256
25.07142857142857,-2.900371435437006,17.93982286517303
25.07142857142857,-1.739270078915655,18.02935381347578
25.07142857142857,-0.5789058751531696,18.052416964489144
25.07142857142857,0.5775329033408287,18.009602647515354
25.07142857142857,1.7269355983697905,17.901494019552686
25.07142857142857,2.8662331893305955,17.728665742125322
25.07142857142857,3.9923626150841276,17.491683500487504
25.07142857142857,5.102233932426309,17.19111917268287
25.07142857142857,6.192700499992141,16.82756779255612
25.07142857142857,7.260531331686603,16.401666749139366
25.07142857142857,8.302390939198323,15.914129063991727
25.07142857142857,9.314822310873494,15.365773691131977
25.07142857142857,10.294239011929589,14.757565734882302
25.07142857142857,10.75460661820581,13.485850146394908
25.07142857142857,10.754607383743355,11.842017954601275
25.07142857142857,10.75460866715422,10.415257683869767
25.07142857142857,10.754610282743387,9.15553321824025
25.07142857142857,10.754608181966098,8.0263726862391
25.07142857142857,10.754611524034724,7.0004763235236265
25.07142857142857,10.75461121177117,6.056884193601679
25.07142857142857,10.754608800258906,5.179146633408776
25.07142857142857,10.754604988220565,4.354057007390701
25.07142857142857,10.754612286233614,3.5707772949315664
25.07142857142857,10.75461029732355,2.8201909307218584
25.07142857142857,10.754605124456248,2.094459160381021
25.07142857142857,10.754607353270222,1.3866530658702665
25.07142857142857,10.754613093540721,0.6904690694664064
25.07142857142857,10.75460468193737,6.585296099914869e-16
26.392857142857142,-20.286102739732872,1.2421655393694107e-15
26.392857142857142,-20.237051484162638,1.2992618130917033
26.392857142857142,-20.090389931758466,2.5903689347552823
26.392857142857142,-19.84757415976695,3.8653147213870636
26.392857142857142,-19.510979188755194,5.116381257563925
26.392857142857142,-19.083824384279865,6.336266245420619
26.392857142857142,-18.570075699683944,7.518190423222854
26.392857142857142,-17.974333310698217,8.65598271241896
26.392857142857142,-17.30170465382893,9.744138525941421
26.392857142857142,-16.557676087946607,10.777852753416587
26.392857142857142,-15.747988557241657,11.753029313611183
26.392857142857142,-14.878517222956674,12.66626638173177
26.392857142857142,-13.955165572876819,13.514824198716317
26.392857142857142,-12.983773671896431,14.296577778700797
26.392857142857142,-11.970042257500692,15.009958231052403
26.392857142857142,-10.919474433750654,15.653887728825554
26.392857142857142,-9.83733380287958,16.22771104959441
26.392857142857142,-8.728618195490737,16.731126916405962
26.392857142857142,-7.598047644007767,17.164121977853895
26.392857142857142,-6.450064472419912,17.52690884633311
26.392857142857142,-5.288844282427232,17.819871364018855
26.392857142857142,-4.118314250017112,18.043513668992947
26.392857142857142,-2.942179553796616,18.198420860082805
26.392857142857142,-1.7639535424485575,18.28522373429577
26.392857142857142,-0.5869921018254782,18.30457528905143
26.392857142857142,0.585470570007768,18.257128324049216
26.392857142857142,1.7502846496273123,18.143531361213444
26.392857142857142,2.904347806798584,17.96441812804224
26.392857142857142,4.044569545192906,17.72041700644325
26.392857142857142,5.167837840919782,17.41216050948586
26.392857142857142,6.270988061874165,17.04030038876118
26.392857142857142,7.350776145848125,16.60553135630049
26.392857142857142,8.403858057456844,16.10862253310718
26.392857142857142,9.426771545033537,15.550445662275296
26.392857142857142,10.415929233699377,14.93201781871083
26.392857142857142,10.834223534780334,13.58568660198636
26.392857142857142,10.834225985134111,11.929686883233183
26.392857142857142,10.834227054101017,10.492363791780283
26.392857142857142,10.834222675974045,9.22330823673408
26.392857142857142,10.834224940438357,8.08579221736067
26.392857142857142,10.834229296956304,7.052301750506609
26.392857142857142,10.83422808199004,6.101723579542929
26.392857142857142,10.834225384223245,5.217487959482161
26.392857142857142,10.834223778100128,4.386291082968072
26.392857142857142,10.834226979199158,3.59721119421292
26.392857142857142,10.834227286434443,2.841068963901526
26.392857142857142,10.834231869600348,2.1099664676087997
26.392857142857142,10.834231550084793,1.3969194691896594
26.392857142857142,10.834228175587,0.6955805273252672
26.392857142857142,10.834222460166254,6.634047928546483e-16
27.714285714285715,-20.65396533852304,1.264690627076131e-15
27.714285714285715,-20.603845958729995,1.3228107996835174
27.714285714285715,-20.453996777745488,2.637250846032685
27.714285714285715,-20.205919739434943,3.9351025167763085
27.714285714285715,-19.862064566185342,5.208446685316708
27.714285714285715,-19.42575226919553,6.449794124944802
27.714285714285715,-18.901074674183796,7.652197056282714
27.714285714285715,-18.29277361526162,8.809335480702034
27.714285714285715,-17.606114496631736,9.915578955441191
27.714285714285715,-16.846751630579572,10.966020079348283
27.714285714285715,-16.020597810358524,11.956482886834086
27.714285714285715,-15.133702909308685,12.883509123848066
27.714285714285715,-14.192142963009587,13.744324002927867
27.714285714285715,-13.201925031682167,14.536786670315786
27.714285714285715,-12.1689096888857,15.25933010246206
27.714285714285715,-11.09875043747645,15.910893361452159
27.714285714285715,-9.99685084015293,16.490851087355615
27.714285714285715,-8.868337318185764,16.998942316519013
27.714285714285715,-7.718047068991327,17.435202769156188
27.714285714285715,-6.550528038605533,17.799900810125422
27.714285714285715,-5.370049758169082,18.09347955788869
27.714285714285715,-4.18062336823858,18.31650775299887
27.714285714285715,-2.9860275998689634,18.469636529190144
27.714285714285715,-1.789839980949381,18.553563749086972
27.714285714285715,-0.5954719312783398,18.569007597723907
27.714285714285715,0.593794267568405,18.51669186537822
27.714285714285715,1.7747680343353318,18.39732725571163
27.714285714285715,2.944312664923472,18.211614906645266
27.714285714285715,4.09930950206189,17.96024842775877
27.714285714285715,5.236623120638703,17.643920941609355
27.714285714285715,6.3530707149042875,17.263345473608897
27.714285714285715,7.4453952221094495,16.81927749774013
27.714285714285715,8.510243144760752,16.312542828144732
27.714285714285715,9.544147650656118,15.744069825522898
27.714285714285715,10.543520303174532,15.11492921145987
27.714285714285715,10.917665165434938,13.690319097337134
27.714285714285715,10.917662647261663,12.021559921060673
27.714285714285715,10.917667292134073,10.573171156066058
27.714285714285715,10.917668487302524,9.294346691634374
27.714285714285715,10.917662604069603,8.148063364113968
27.714285714285715,10.917666128678224,7.106613109282681
27.714285714285715,10.917669061259453,6.148716663577654
27.714285714285715,10.917670475583053,5.25767299754512
27.714285714285715,10.917665460429875,4.420072876167751
27.714285714285715,10.917662473947345,3.624913687088426
27.714285714285715,10.91767194030883,2.8629507289834595
27.714285714285715,10.917662804453112,2.1262146407159794
27.714285714285715,10.91767022412208,1.4076776948845076
27.714285714285715,10.917663281881431,0.7009372388780563
27.714285714285715,10.917662468419946,6.685140198060839e-16
29.035714285714285,-21.03931566687204,1.2882865293842802e-15
29.035714285714285,-20.98807597079101,1.3474791849226084
29.035714285714285,-20.834883474316765,2.686360747324354
29.035714285714285,-20.581285849794178,4.008205060220761
29.035714285714285,-20.229815140790322,5.304882242403031
29.035714285714285,-19.783898689906692,6.568706929358349
29.035714285714285,-19.247758591410452,7.792553818879174
29.035714285714285,-18.626287229496718,8.969947172344423
29.035714285714285,-17.924915946574163,10.095124587080585
29.035714285714285,-17.149474809759884,11.163071032206739
29.035714285714285,-16.306058671899383,12.169527864697983
29.035714285714285,-15.400900559369461,13.110977799760247
29.035714285714285,-14.44025732751337,13.984609365357542
29.035714285714285,-13.430311585260675,14.788265647796116
29.035714285714285,-12.377091659088524,15.520382036112883
29.035714285714285,-11.286408881097953,16.179915852016123
29.035714285714285,-10.163813545806338,16.766273533893813
29.035714285714285,-9.014566761020978,17.279236781484293
29.035714285714285,-7.843628448805915,17.718893293653586
29.035714285714285,-6.65565706682755,18.085570341434707
29.035714285714285,-5.455020480322887,18.3797741163274
29.035714285714285,-4.245817308692817,18.6021410690375
29.035714285714285,-3.031902738430747,18.753390482100542
29.035714285714285,-1.8169214242126654,18.834291238332195
29.035714285714285,-0.6043428060118253,18.845634138240985
29.035714285714285,0.602501310375092,18.78820952311901
29.035714285714285,1.8003779645258875,18.662800972612345
29.035714285714285,2.98611510065442,18.470177752487455
29.035714285714285,4.156564387629865,18.21109847164702
29.035714285714285,5.308566779388087,17.886323000719052
29.035714285714285,6.438921053076396,17.496628576127236
29.035714285714285,7.544356705425894,17.04283321235748
29.035714285714285,8.621510342658764,16.52582121516666
29.035714285714285,9.66691106855771,15.946580923863841
29.035714285714285,10.676969311740903,15.306238400404371
29.035714285714285,11.004892425949576,13.799698622385463
29.035714285714285,11.00489312310876,12.117610369423037
29.035714285714285,11.00489464879319,10.65764614021515
29.035714285714285,11.004890304912196,9.368599707549047
29.035714285714285,11.004892982122422,8.213165087204866
29.035714285714285,11.00489124733462,7.163390369586878
29.035714285714285,11.004894875813315,6.197841327132862
29.035714285714285,11.00489781828708,5.299679471857405
29.035714285714285,11.004894845853787,4.4553881403984095
29.035714285714285,11.004894085184763,3.653876577475984
29.035714285714285,11.004895988560525,2.8858235679817716
29.035714285714285,11.00489963322892,2.14320401159828
29.035714285714285,11.004891910859905,1.4189236860539205
29.035714285714285,11.00489471320998,0.70653768258475
29.035714285714285,11.004889808286487,6.738551539343688e-16
30.357142857142858,-21.44209447321218,1.3129496181817224e-15
30.357142857142858,-21.38968230975816,1.3732631673631301
30.357142857142858,-21.23298841826547,2.7376906957763283
30.357142857142858,-20.973614770670885,4.084611110717586
30.357142857142858,-20.614173392257406,5.405672845220629
30.357142857142858,-20.15820485154327,6.692985137419438
30.357142857142858,-19.610069033716307,7.939237060327883
30.357142857142858,-18.974816309711947,9.13778993129241
30.357142857142858,-18.258051960064808,10.28274329450745
30.357142857142858,-17.46579008077303,11.368969456389499
30.357142857142858,-16.60431699516793,12.39212383647317
30.357142857142858,-15.680057193693818,13.348627307409057
30.357142857142858,-14.699457360690086,14.235630599207555
30.357142857142858,-13.66888436849287,15.050960796182974
30.357142857142858,-12.594541903085663,15.793056017500371
30.357142857142858,-11.482406551233629,16.46089325088544
30.357142857142858,-10.338182112246182,17.053912722419618
30.357142857142858,-9.167270680412804,17.571941605862698
30.357142857142858,-7.9747602159844195,18.01512223988801
30.357142857142858,-6.765424020609407,18.383842614758585
30.357142857142858,-5.543733595697849,18.678678039351897
30.357142857142858,-4.313877753114978,18.900333359546632
30.357142857142858,-3.0797919261726796,19.049602041334108
30.357142857142858,-1.8451901818350078,19.127326482955244
30.357142857142858,-0.6136020165298589,19.1343704185375
30.357142857142858,0.6115891164866606,19.07160078283815
30.357142857142858,1.8271066497113204,18.93987175536141
30.357142857142858,3.0297417485301525,18.74002399546495
30.357142857142858,4.2163159315096745,18.472887090311634
30.357142857142858,5.383646099107924,18.13929014213232
30.357142857142858,6.528511901906057,17.740075854463345
30.357142857142858,7.647628470167088,17.276125927793927
30.357142857142858,8.737623577544273,16.74838854782276
30.357142857142858,9.795021979088236,16.157913270620366
30.357142857142858,10.816233040599567,15.50588342814609
30.357142857142858,11.095870333759853,13.913781310383087
30.357142857142858,11.095873133407446,12.21778947192523
30.357142857142858,11.0958734782613,10.7457542231788
30.357142857142858,11.09587511169167,9.446056202849604
30.357142857142858,11.095874927841278,8.281066678011609
30.357142857142858,11.095874236219208,7.222613732337504
30.357142857142858,11.095876941828008,6.249081472099
30.357142857142858,11.095870147397955,5.343489436571007
30.357142857142858,11.095876038156705,4.492222342893171
30.357142857142858,11.095876122805855,3.684084695215371
30.357142857142858,11.095872742196676,2.909680482218361
30.357142857142858,11.095869228385562,2.160920338668133
30.357142857142858,11.095878606855056,1.4306551214109462
30.357142857142858,11.095877664823364,0.7123789818850039
30.357142857142858,11.095868928825263,6.794260183722214e-16
31.678571428571427,-21.862241579117256,1.3386762086026063e-15
31.678571428571427,-21.808604845593624,1.4001588865285686
31.678571428571427,-21.648253877239867,2.7912332476261428
31.678571428571427,-21.382845105604552,4.164308711307171
31.678571428571427,-21.01507850309023,5.510802545543861
31.678571428571427,-20.548611186911003,6.822608971456949
31.678571428571427,-19.987946864921202,8.092222839042893
31.678571428571427,-19.33830235500274,9.31283558499518
31.678571428571427,-18.605464245588482,10.47840224855204
31.678571428571427,-17.79564080153959,11.583678481988706
31.678571428571427,-16.915316831775844,12.624229046792255
31.678571428571427,-15.97111884533611,13.596411704063838
31.678571428571427,-14.96969154308406,14.497337810667426
31.678571428571427,-13.917594152322268,15.324817908814042
31.678571428571427,-12.821213933716253,16.077293753568597
31.678571428571427,-11.68670005947306,16.75376335751103
31.678571428571427,-10.519916598381576,17.353702765925963
31.678571428571427,-9.326412853475198,17.876987357163298
31.678571428571427,-8.11140997122486,18.32381641727193
31.678571428571427,-6.879801645073366,18.69464356978963
31.678571428571427,-5.6361658377974075,18.990112934414842
31.678571428571427,-4.384786653610064,19.211005551531745
31.678571428571427,-3.1296820086738473,19.358189842146235
31.678571428571427,-1.874638220986328,19.43258621426922
31.678571428571427,-0.6232469989607421,19.435136487652635
31.678571428571427,0.6210550229883294,19.366782605046783
31.678571428571427,1.8549460696653026,19.228456465922985
31.678571428571427,3.0751797732326147,19.021074244597166
31.678571428571427,4.278546574896997,18.74553735360437
31.678571428571427,5.461838198706256,18.40274527185782
31.678571428571427,6.621815136213915,17.993610883419166
31.678571428571427,7.755178438599752,17.51908317989124
31.678571428571427,8.858547208023907,16.980176508234702
31.678571428571427,9.928440424280778,16.37800095094661
31.678571428571427,10.961268091878244,15.713802080571655
31.678571428571427,11.190564332181417,14.032523828618421
31.678571428571427,11.190566920127631,12.322057855002111
31.678571428571427,11.190567436234248,10.837460207461236
31.678571428571427,11.190567381095317,9.526668907098566
31.678571428571427,11.190571131064987,8.351740291237226
31.678571428571427,11.190571176846419,7.2842546097684915
31.678571428571427,11.19056545628729,6.3024090499398735
31.678571428571427,11.190571404261023,5.389095158245434
31.678571428571427,11.190572561725311,4.53056071631284
31.678571428571427,11.190572774171573,3.7155261496911955
31.678571428571427,11.19057351089976,2.9345139482059936
31.678571428571427,11.190573979161535,2.1793640872296933
31.678571428571427,11.190571777640688,1.4428644537718291
31.678571428571427,11.190574123948295,0.7184586962778001
31.678571428571427,11.19056372298056,6.852244022001315e-16
33.0,-22.29969603309372,1.3654625684443577e-15
33.0,-22.244782394923714,1.4281624143160039
33.0,-22.08061911757597,2.8469805721349712
33.0,-21.80891758799776,4.2472863198207005
33.0,-21.43246960382034,5.620255381518402
33.0,-20.95505735197515,6.957558395870959
33.0,-20.381332382961176,8.251486984337307
33.0,-19.71668635834026,9.495055717165313
33.0,-18.96709479157109,10.682068777704503
33.0,-18.1389693471213,11.807160599326298
33.0,-17.23900310423437,12.865802390257075
33.0,-16.274031835463838,13.85428529226823
33.0,-15.250908081273078,14.769680840604883
33.0,-14.176391571488084,15.609782629050937
33.0,-13.057061168551842,16.373036831799848
33.0,-11.899245961595884,17.058463891336064
33.0,-10.708977052946398,17.66557776062065
33.0,-9.491957028034832,18.194304546756925
33.0,-8.253545670342344,18.644903437433495
33.0,-6.998761888521095,19.017896981001456
33.0,-5.7322947333495655,19.31400308160566
33.0,-4.458526137315803,19.53407933886681
33.0,-3.181560195475947,19.679074771029768
33.0,-1.905257816149738,19.74999034920995
33.0,-0.6332750635269644,19.747848468418706
33.0,0.6308964258240872,19.673673785689232
33.0,1.8838885626874917,19.528475682758145
33.0,3.122416069060627,19.313247436488282
33.0,4.3432376954637215,19.028967671774794
33.0,5.543119749215111,18.676609786861288
33.0,6.718803323826453,18.257159120917365
33.0,7.866975145063493,17.771633887174488
33.0,8.984244612436898,17.221114899535056
33.0,10.067126419234102,16.606778005565744
33.0,11.112031008490655,15.929932058679983
33.0,11.288939893225987,14.155882880363627
33.0,11.288938291901312,12.430375667935342
33.0,11.28893967006092,10.932728403260104
33.0,11.28894226876925,9.610416669989107
33.0,11.288944118966844,8.42515796018431
33.0,11.28894598435872,7.348289513240551
33.0,11.288946579726902,6.357816266414417
33.0,11.288946473999909,5.436470094955101
33.0,11.288947480531688,4.570388306917008
33.0,11.288947688534813,3.7481888716238814
33.0,11.288946411432962,2.9603103605577807
33.0,11.288939633086443,2.1985207966156466
33.0,11.288940815943914,1.4555477367657361
33.0,11.288947275307558,0.7247744621439198
33.0,11.288937619856231,6.912480660965536e-16
34.32142857142857,-22.754396256977728,1.3933049271319144e-15
34.32142857142857,-22.698152481730034,1.4572697396319723
34.32142857142857,-22.530019960203212,2.9049243943280016
34.32142857142857,-22.25176929755681,4.333531682532075
34.32142857142857,-21.86628697667715,5.734015693300674
34.32142857142857,-21.377481923211192,7.097813016646239
34.32142857142857,-20.790165463223097,8.417005154453015
34.32142857142857,-20.109908238624353,9.684421394269902
34.32142857142857,-19.34288566272703,10.893710253419865
34.32142857142857,-18.495719503789108,12.039379217319613
34.32142857142857,-17.575319753982086,13.11680202927591
34.32142857142857,-16.5887423114619,14.122202226622587
34.32142857142857,-15.543055117643057,15.052609467721295
34.32142857142857,-14.44522724121772,15.905800578770597
34.32142857142857,-13.302037044977773,16.680226864522126
34.32142857142857,-12.120000946887975,17.37493276319494
34.32142857142857,-10.905323819533518,17.989472289112225
34.32142857142857,-9.663867140118503,18.52382404675881
34.32142857142857,-8.401135762425351,18.978312026313993
34.32142857142857,-7.12227751780023,19.353528847121495
34.32142857142857,-5.8320970618708285,19.65027024341029
34.32142857142857,-4.535077940271557,19.869474701911884
34.32142857142857,-3.2354132663417494,20.01217505614292
34.32142857142857,-1.9370410176276227,20.079456480845483
34.32142857142857,-0.6436836617820602,20.07242689089046
34.32142857142857,0.6411106840515882,19.99219197045809
34.32142857142857,1.913926104524067,19.83984622608189
34.32142857142857,3.1714377349048846,19.616463773215575
34.32142857142857,4.410371782711521,19.323101326317065
34.32142857142857,5.62746863968447,18.960809188015123
34.32142857142857,6.819449295161451,18.530646738425993
34.32142857142857,7.982986240319683,18.033704972150122
34.32142857142857,9.114679696687418,17.471134536099633
34.32142857142857,10.211040145325107,16.844178749494116
34.32142857142857,11.268478382829036,16.154211134401155
34.32142857142857,11.390956918782441,14.283808184177742
34.32142857142857,11.390956075417936,12.542708585445531
34.32142857142857,11.390954322776288,11.031524085041262
34.32142857142857,11.390960305197945,9.697265890632766
34.32142857142857,11.390956134808905,8.501291506266991
34.32142857142857,11.39096202394093,7.414694596131633
34.32142857142857,11.390958185375426,6.4152681323768235
34.32142857142857,11.390954361825983,5.485594504650304
34.32142857142857,11.390963508459283,4.611690019230088
34.32142857142857,11.390964067253604,3.7820606430225108
34.32142857142857,11.390954453074823,2.987060019164255
34.32142857142857,11.390964192913465,2.2183900778622094
34.32142857142857,11.390964335222593,1.4687022129034109
34.32142857142857,11.390959927412226,0.7313238917105506
34.32142857142857,11.390953672553985,6.974947477164513e-16
35.64285714285714,-23.226280184568882,1.4221994842065939e-15
35.64285714285714,-23.16865423844426,1.4874769546489308
35.64285714285714,-22.996397283177707,2.965057091274701
35.64285714285714,-22.7113403789805,4.423033142622431
35.64285714285714,-22.31646844634078,5.852067176601781
35.64285714285714,-21.815824780752862,7.243352872611924
35.64285714285714,-21.214385692413373,8.588752890758151
35.64285714285714,-20.517908888474572,9.880904151694747
35.64285714285714,-19.732777982608425,11.11329351710043
35.64285714285714,-18.865832445470645,12.28029604443893
35.64285714285714,-17.92421090532341,13.377186262733364
35.64285714285714,-16.915196071465814,14.400116364406932
35.64285714285714,-15.846080753320333,15.346073430760352
35.64285714285714,-14.724051867151653,16.2128174794048
35.64285714285714,-13.556095123775732,16.99880561879755
35.64285714285714,-12.348921724779062,17.703107912799794
35.64285714285714,-11.108916945980578,18.325320446130068
35.64285714285714,-9.842107627723937,18.865477691468488
35.64285714285714,-8.554148295503651,19.323970003856108
35.64285714285714,-7.250321233390259,19.70146498653349
35.64285714285714,-5.935550353011686,19.998838709764986
35.64285714285714,-4.614424560932681,20.21711496138976
35.64285714285714,-3.2912286118242786,20.357412703597593
35.64285714285714,-1.9699802102442514,20.42090566991316
35.64285714285714,-0.6544701189395846,20.408788345376834
35.64285714285714,0.6516952384314785,20.322257352846087
35.64285714285714,1.945051104456682,20.162489410157924
35.64285714285714,3.2222318372687426,19.93064325652916
35.64285714285714,4.479930578986851,19.627858325224423
35.64285714285714,5.714861393041088,19.255264373269252
35.64285714285714,6.923725120124919,18.813997840856942
35.64285714285714,8.103179805173955,18.305224328802066
35.64285714285714,9.249816730790549,17.730166930236685
35.64285714285714,10.36014223197357,17.090138236841653
35.64285714285714,11.430566954517474,16.386577290733182
35.64285714285714,11.496578070504759,14.416252919255784
35.64285714285714,11.496578964391727,12.659011124721411
35.64285714285714,11.496577976966693,11.133814889844308
35.64285714285714,11.496575561640652,9.787177469322488
35.64285714285714,11.496578645334807,8.580119634562609
35.64285714285714,11.496582227454102,7.483445729757175
35.64285714285714,11.496581705178958,6.474754190493956
35.64285714285714,11.496583614344352,5.536462871666762
35.64285714285714,11.496583110899742,4.654450657173313
35.64285714285714,11.496584757262557,3.8171291282194844
35.64285714285714,11.496583091303531,3.01475911000265
35.64285714285714,11.49657896445685,2.238958552777905
35.64285714285714,11.496582263351039,1.4823201367419452
35.64285714285714,11.496574686215443,0.7381045842002297
35.64285714285714,11.496574641353572,7.039621667846141e-16
36.964285714285715,-23.715285392248052,1.452142417324128e-15
36.964285714285715,-23.65622531393512,1.5187800562914344
36.964285714285715,-23.47968854264872,3.0273705988385085
36.964285714285715,-23.18756659945365,4.515778190752132
36.964285714285715,-22.782951392950594,5.9743934105605145
36.964285714285715,-22.270024704063307,7.394157637149333
36.964285714285715,-21.653932492938605,8.766705668103224
36.964285714285715,-20.940628702322588,10.084475284910994
36.964285714285715,-20.136712290877483,11.340785081307832
36.964285714285715,-19.24925231151779,12.5298747194318
36.964285714285715,-18.285621273271907,13.646913830371735
36.964285714285715,-17.253339174464568,14.687981784969079
36.964285714285715,-16.159933348237,15.650022719105147
36.964285714285715,-15.012816344021134,16.530779260595292
36.964285714285715,-13.819189181629785,17.32871513242127
36.964285714285715,-12.585965252712441,18.04292763540885
36.964285714285715,-11.319716948648983,18.673057099282495
36.964285714285715,-10.02664264112294,19.21919676366876
36.964285714285715,-8.712551574081006,19.681805769381732
36.964285714285715,-7.382865599183077,20.06163084646856
36.964285714285715,-6.042632004899026,20.359632327459348
36.964285714285715,-4.6965478976392205,20.576920808746262
36.964285714285715,-3.348993236484659,20.71470733200931
36.964285714285715,-2.004067485547466,20.774255937033356
36.964285714285715,-0.6656319516379696,20.756855391519355
36.964285714285715,0.6626474534466116,20.663787747723514
36.964285714285715,1.9772557242775424,20.49632398376294
36.964285714285715,3.274785716302788,20.255707580784044
36.964285714285715,4.551896754842522,19.94316274322787
36.964285714285715,5.8052761441425496,19.559901671703457
36.964285714285715,7.031604392068996,19.107140672817387
36.964285714285715,8.227525114579187,18.58612254871368
36.964285714285715,9.389620443553119,17.998144473672333
36.964285714285715,10.514392774300614,17.34459064033677
36.964285714285715,11.597998544607817,16.626603065731288
36.964285714285715,11.605765575963918,14.553169720469901
36.964285714285715,11.605768051049573,12.779240443980731
36.964285714285715,11.605768343690944,11.239559863113543
36.964285714285715,11.60576954064412,9.88013565894673
36.964285714285715,11.605770885799227,8.661611921551035
36.964285714285715,11.60576919486802,7.5545185693953405
36.964285714285715,11.605772144156731,6.536249100064749
36.964285714285715,11.605771700453577,5.5890450826131355
36.964285714285715,11.605768597647192,4.698654961673459
36.964285714285715,11.605772336763689,3.853381902321834
36.964285714285715,11.605774187959653,3.0433923874522106
36.964285714285715,11.605773477184192,2.2602241822267306
36.964285714285715,11.605768335576624,1.496398121816491
36.964285714285715,11.605769720298172,0.745115137989351
36.964285714285715,11.605763072083526,7.106480298944821e-16
38.285714285714285,-24.22134922143406,1.4831298897529729e-15
38.285714285714285,-24.16080312828097,1.5511750267952102
38.285714285714285,-23.97982888904262,3.0918565555928135
38.285714285714285,-23.680388328647044,4.611755213915603
38.285714285714285,-23.265675664451347,6.100978621450446
38.285714285714285,-22.740020378946287,7.550206952542731
38.285714285714285,-22.108745237886534,8.950838941371758
38.285714285714285,-21.378007967672204,10.295106037896053
38.285714285714285,-20.554631077050836,11.576152556741256
38.285714285714285,-19.645920595439378,12.788077158792813
38.285714285714285,-18.659494263338384,13.92594249462601
38.285714285714285,-17.603118238367568,14.985753043472739
38.285714285714285,-16.48456156225577,15.964407612605376
38.285714285714285,-15.311471843570022,16.859632157005475
38.285714285714285,-14.091273293080219,17.669897816688312
38.285714285714285,-12.83108882726818,18.39433071245841
38.285714285714285,-11.537684657404448,19.032617633335988
38.285714285714285,-10.21743672751019,19.584913306969266
38.285714285714285,-8.876314921973712,20.051750024857533
38.285714285714285,-7.519884323969121,20.43395498521702
38.285714285714285,-6.1533197165511675,20.732575957086034
38.285714285714285,-4.781430793652545,20.948817075398026
38.285714285714285,-3.408694676475954,21.083981848077705
38.285714285714285,-2.0392954940053776,21.139431096619717
38.285714285714285,-0.6771665262216648,21.116545902239725
38.285714285714285,0.6739648691196903,21.016706443939555
38.285714285714285,2.010532409098241,20.841271632575445
38.285714285714285,3.3290865596111097,20.591577496781213
38.285714285714285,4.626252366014193,20.26893596136847
38.285714285714285,5.898690059646425,19.874644150210397
38.285714285714285,7.143059628505713,19.410000555509374
38.285714285714285,8.355990184932674,18.876327380369318
38.285714285714285,9.534054937856546,18.274998358350892
38.285714285714285,10.673752579027528,17.607471306566797
38.285714285714285,11.718483602399253,16.79932745637033
38.285714285714285,11.718481489468953,14.694511005428636
38.285714285714285,11.71848545193946,12.903354829332605
38.285714285714285,11.718487694949477,11.348722467318918
38.285714285714285,11.71848777511895,9.976094090996249
38.285714285714285,11.718489396272256,8.745735932243619
38.285714285714285,11.718485281029372,7.627888610766836
38.285714285714285,11.718481934905485,6.599726071626779
38.285714285714285,11.718483869799142,5.643324402600696
38.285714285714285,11.718482207203406,4.744287644794231
38.285714285714285,11.718489193235886,3.8908064771121476
38.285714285714285,11.718488203598142,3.0729494830494373
38.285714285714285,11.718488149811567,2.28217536275468
38.285714285714285,11.718493071416312,1.5109323670396781
38.285714285714285,11.7184920855457,0.7523521539529712
38.285714285714285,11.718481369595128,7.175500350071283e-16
39.607142857142854,-24.744408892829306,1.5151580573698355e-15
39.607142857142854,-24.682324986590803,1.5846578410147059
39.607142857142854,-24.496758566247042,3.1585072568401142
39.607142857142854,-24.189740250819806,4.710951491873447
39.607142857142854,-23.764579156801567,6.2318065236740825
39.607142857142854,-23.225750506434427,7.711480466132712
39.607142857142854,-22.578763356787967,9.141128188298527
39.607142857142854,-21.82998707428877,10.512767703873894
39.607142857142854,-20.98647580850884,11.819362978443461
39.607142857142854,-20.055781243305773,13.054866875457197
39.607142857142854,-19.045775596306104,14.214231745863923
39.607142857142854,-17.964479918112545,15.293384726604287
39.607142857142854,-16.819914323015364,16.28917865043734
39.607142857142854,-15.619969892290785,17.199322793916398
39.607142857142854,-14.372301902522876,18.022296546677907
39.607142857142854,-13.084250121584684,18.75725646520945
39.607142857142854,-11.762781443073044,19.4039383254277
39.607142857142854,-10.414455121621529,19.96256068286735
39.607142857142854,-9.045406924056728,20.433731802968826
39.607142857142854,-7.661350184050582,20.818363427197394
39.607142857142854,-6.267591529011151,21.1175956116325
39.607142857142854,-4.869055559398543,21.332726258256926
39.607142857142854,-3.470320356069006,21.465158466471298
39.607142857142854,-2.0756564306812715,21.51635024233847
39.607142857142854,-0.6890713814832654,21.487783128027843
39.607142857142854,0.68564487659448,21.3809320877499
39.607142857142854,2.0448736375207734,21.197254389437013
39.607142857142854,3.385122158630409,20.938177490239855
39.607142857142854,4.702980536818769,20.605104042447625
39.607142857142854,5.995081557689205,20.199419092330473
39.607142857142854,7.258064570401979,19.722506134657092
39.607142857142854,8.488544273674734,19.175769375791173
39.607142857142854,9.683085203174006,18.560661475647077
39.607142857142854,10.838182828650055,17.878716201998323
39.607142857142854,11.834692071451865,16.965921035459232
39.607142857142854,11.834694977559584,14.840238110195722
39.607142857142854,11.834692944360818,13.031312193335783
39.607142857142854,11.834698377548916,11.461266237376135
39.607142857142854,11.834693703847327,10.07502164045253
39.607142857142854,11.834696252040171,8.83246336269091
39.607142857142854,11.834692668400761,7.703531237382767
39.607142857142854,11.83470172594028,6.665179838521845
39.607142857142854,11.834702459685197,5.6992923257234205
39.607142857142854,11.834696389557012,4.791337552772173
39.607142857142854,11.834697593930821,3.929390324454831
39.607142857142854,11.834695924938414,3.1034227361700313
39.607142857142854,11.834701656184437,2.304807941093531
39.607142857142854,11.834698392891182,1.5259153840853512
39.607142857142854,11.83470389585432,0.7598131997225296
39.607142857142854,11.834691866309827,7.246658756485772e-16
40.92857142857143,-25.284401612489546,1.548223075154575e-15
40.92857142857143,-25.220727362414806,1.6192244204165231
40.92857142857143,-25.030414220573885,3.2273145340268825
40.92857142857143,-24.71556361225278,4.813355582339885
40.92857142857143,-24.279597931939676,6.366860350697217
40.92857142857143,-23.727153902914004,7.87795786355992
40.92857142857143,-23.063926432415954,9.337548948659228
40.92857142857143,-22.29650660713449,10.737431670070336
40.92857142857143,-21.432186899589976,12.070382788395076
40.92857142857143,-20.47877678513872,13.33020646061468
40.92857142857143,-19.444409565927206,14.511740009432197
40.92857142857143,-18.33737072541783,15.610831299125659
40.92857142857143,-17.16594096355259,16.624286764383488
40.92857142857143,-15.93826243959882,17.549798262294267
40.92857142857143,-14.662229886900384,18.385854739865795
40.92857142857143,-13.345407242458146,19.131644836604014
40.92857142857143,-11.994968882822674,19.786955793077237
40.92857142857143,-10.617663273277907,20.352072665138213
40.92857142857143,-9.219797164728664,20.82768239434226
40.92857142857143,-7.807237472626288,21.21478631872638
40.92857142857143,-6.385425527430155,21.51461745270115
40.92857142857143,-4.9594054061363755,21.728574801043266
40.92857142857143,-3.533857960104713,21.85816101357656
40.92857142857143,-2.113143067084516,21.904938443322518
40.92857142857143,-0.701344008709222,21.870488837957097
40.92857142857143,0.6976850607020629,21.75638936529402
40.92857142857143,2.0802718806065417,21.564194209023068
40.92857142857143,3.4428798123272695,21.295429000777354
40.92857142857143,4.782063641377363,20.95158976244421
40.92857142857143,6.094428490213893,20.534151873910375
40.92857142857143,7.376592961148583,20.044586062571188
40.92857142857143,8.625157322803028,19.484380633428373
40.92857142857143,9.836677509459301,18.855069171377234
40.92857142857143,11.007645691213188,18.158262918864498
40.92857142857143,11.73327895128262,16.820537701582605
40.92857142857143,11.733282068670487,14.713070344721793
40.92857142857143,11.733283404796733,12.919649020015203
40.92857142857143,11.733278574739549,11.363046635603649
40.92857142857143,11.733284641134249,9.98869084669146
40.92857142857143,11.733285981961178,8.756778911142872
40.92857142857143,11.733287518630023,7.637523799692717
40.92857142857143,11.733278436022637,6.608059305806272
40.92857142857143,11.733278457563195,5.650449100563583
40.92857142857143,11.733281859476339,4.7502793599484825
40.92857142857143,11.733286570834709,3.895719544970674
40.92857142857143,11.733288806859873,3.076830658278849
40.92857142857143,11.733290417703556,2.2850581041684297
40.92857142857143,11.733278931603211,1.5128387926009477
40.92857142857143,11.733283031664925,0.753301764200652
40.92857142857143,11.73327794636179,7.184560640259098e-16
42.25,-25.841264669826433,1.5823211031911264e-15
42.25,-25.775947363013252,1.6548707271528014
42.25,-25.58073164686178,3.2982701088142683
42.25,-25.257792279014463,4.918954605732909
42.25,-24.81067277028166,6.506124573316178
42.25,-24.244169027058682,8.04961871169623
42.25,-23.56417428893859,9.540076859959571
42.25,-22.777506511575595,10.96906901569802
42.25,-21.891707957573278,12.329180226807338
42.25,-20.91485126800138,13.614059492939512
42.25,-19.8553417811163,14.818426692208817
42.25,-18.721738515457528,15.938048369499345
42.25,-17.52259128676914,16.969683341265046
42.25,-16.26630191710152,17.911006184052248
42.25,-14.96101260975913,18.76051642390953
42.25,-13.614518779178447,19.517436461275125
42.25,-12.234208947672183,20.181607303502513
42.25,-10.82702679685025,20.753383342968572
42.25,-9.399455817472466,21.23353442035627
42.25,-7.957519932820743,21.623152311391053
42.25,-6.506800478260288,21.923569937423288
42.25,-5.052463184747357,22.136287568558856
42.25,-3.5992954364755074,22.2629149428467
42.25,-2.151747953837151,22.305118478976528
42.25,-0.7139819536803621,22.26458650043621
42.25,0.7100829337487342,22.143000701121448
42.25,2.116720006543588,21.942017162642106
42.25,3.502347877857421,21.663260013285125
42.25,4.863485399140835,21.30832179161186
42.25,6.196709704842018,20.87877122556811
42.25,7.498618587893349,20.376169110464314
42.25,8.765798487594036,19.802091474513205
42.25,9.994796875142717,19.158154392421444
42.25,11.171536171591583,18.42861740847034
42.25,11.171537845022714,16.015239583673242
42.25,11.171535908052569,14.00866293947262
42.25,11.17154012494042,12.301107238937215
42.25,11.171540234890678,10.81903339053749
42.25,11.171541982584737,9.510472349206239
42.25,11.171541882847556,8.337538394194787
42.25,11.171544017866479,7.271869301787324
42.25,11.171536576060486,6.291692184253319
42.25,11.171534588835629,5.37992751111364
42.25,11.171538050502871,4.522854496785381
42.25,11.171545731968868,3.709208736428972
42.25,11.171542647444687,2.92952346812015
42.25,11.171541931396415,2.1756575962594376
42.25,11.171540225293448,1.4404106068257068
42.25,11.171548132119844,0.717237187074335
42.25,11.171534467455622,6.840591963566929e-16
43.57142857142857,-26.414935527714324,1.6174483121849524e-15
43.57142857142857,-26.347923525405534,1.6915928151692603
43.57142857142857,-26.147651244677316,3.3713662965773494
43.57142857142857,-25.816368821610446,5.027737377659486
43.57142857142857,-25.357742383521042,6.649583119844376
43.57142857142857,-24.776734942363575,8.226442778228073
43.57142857142857,-24.07944707178768,9.748687689770529
43.57142857142857,-23.272928708228825,11.207651771200087
43.57142857142857,-22.36498154348676,12.595722944653897
43.57142857142857,-21.36394869983212,13.906389525638538
43.57142857142857,-20.27851850167389,15.134251686840535
43.57142857142857,-19.117531366526986,16.274991736133742
43.57142857142857,-17.889815529820563,17.32532018845464
43.57142857142857,-16.604041289632814,18.2828947682452
43.57142857142857,-15.268605967355443,19.14622629446381
43.57142857142857,-13.89154392014175,19.914572832719706
43.57142857142857,-12.480464235975205,20.587831158775806
43.57142857142857,-11.042512103039185,21.16642833196009
43.57142857142857,-9.58435273611655,21.651219780284126
43.57142857142857,-8.112172172551185,22.043392406699706
43.57142857142857,-6.6316949283790265,22.344380783110427
43.57142857142857,-5.148212550963093,22.55579295188502
43.57142857142857,-3.6666206634840073,22.67934527729732
43.57142857142857,-2.1914639365486486,22.716816186558496
43.57142857142857,-0.7269828472689164,22.6700022373372
43.57142857142857,0.7228360968776516,22.54069129004223
43.57142857142857,2.154210542246759,22.330645783948942
43.57142857142857,3.56351385988278,22.041593239678928
43.57142857142857,4.947228573631553,21.675224612007813
43.57142857142857,6.301903863574292,21.233205252503573
43.57142857142857,7.624116625040273,20.717187819172295
43.57142857142857,8.91043861676752,20.12883604579582
43.57142857142857,10.157409622185805,19.469852584285178
43.57142857142857,10.631674800592414,17.538059609887966
43.57142857142857,10.631673349883576,15.24130323289373
43.57142857142857,10.631674470927951,13.331698109484764
43.57142857142857,10.631680495379554,11.706661788898021
43.57142857142857,10.631680643765455,10.296208532032841
43.57142857142857,10.631680549762757,9.050881610769219
43.57142857142857,10.631674363596693,7.934624793123862
43.57142857142857,10.631674125963887,6.920452945408373
43.57142857142857,10.631683413205213,5.987652547247651
43.57142857142857,10.6316852478498,5.119949770514894
43.57142857142857,10.631684612194528,4.30429206249747
43.57142857142857,10.631684384482307,3.5299624195269907
43.57142857142857,10.631684855026416,2.7879560837179063
43.57142857142857,10.631676957795737,2.0705189020682857
43.57142857142857,10.63168734097486,1.370804285314429
43.57142857142857,10.631679207409778,0.6825764521100738
43.57142857142857,10.631672800267648,6.510022032214876e-16
44.89285714285714,-27.005351904925146,1.6536008885107228e-15
44.89285714285714,-26.93659366936718,1.729386692363036
44.89285714285714,-26.73110971699116,3.4465949360679353
44.89285714285714,-26.391226687133724,5.139690936942136
44.89285714285714,-25.92074282426405,6.797219221300416
44.89285714285714,-25.324792003793082,8.40841025963923
44.89285714285714,-24.60968531963942,9.963357364870092
44.89285714285714,-23.782715018473727,11.453151919229573
44.89285714285714,-22.851949075912955,12.869977949495087
44.89285714285714,-21.82601328847494,14.20716024204273
44.89285714285714,-20.713885129624636,15.459174245799355
44.89285714285714,-19.52469755835576,16.62161736892067
44.89285714285714,-18.26756449040302,17.691149656178204
44.89285714285714,-16.951434098723244,18.665412858935024
44.89285714285714,-15.584966427489574,19.54292976387673
44.89285714285714,-14.176442274729737,20.322996047949086
44.89285714285714,-12.733697904639557,21.00556658236293
44.89285714285714,-11.264086324834212,21.591144632206984
44.89285714285714,-9.774458982238503,22.080673101725523
44.89285714285714,-8.2711692397981,22.475438801954645
44.89285714285714,-6.7600885145100795,22.776981379127676
44.89285714285714,-5.246636909937262,22.987018244249466
44.89285714285714,-3.735822129990372,23.1073808164583
44.89285714285714,-2.2322839440128828,23.139958265619747
44.89285714285714,-0.740344253630657,23.086660090067234
44.89285714285714,0.7359422017062394,22.949387900839923
44.89285714285714,2.1927367281912575,22.730010003397926
44.89285714285714,3.6263665320991127,22.43035924129758
44.89285714285714,5.033277489632162,22.052229546017543
44.89285714285714,6.409990223824786,21.597384066061846
44.89285714285714,7.753061121272191,21.067571670582897
44.89285714285714,9.059048390978957,20.464548114366234
44.89285714285714,10.111392091785678,19.381645593870378
44.89285714285714,10.111392891417605,16.679800181510263
44.89285714285714,10.111394831313657,14.495444852362153
44.89285714285714,10.111391199726183,12.679283523048339
44.89285714285714,10.111398961724522,11.133773998284335
44.89285714285714,10.111391546099581,9.792336639525193
44.89285714285714,10.111402162644486,8.607962162201465
44.89285714285714,10.111402449084142,7.546335771952155
44.89285714285714,10.11140427430343,6.581794801387772
44.89285714285714,10.111400236381591,5.694634521040372
44.89285714285714,10.111395880209988,4.869391616624141
44.89285714285714,10.111398905851077,4.093651724890356
44.89285714285714,10.111405178581713,3.357217821580588
44.89285714285714,10.111394760148281,2.6515199538764653
44.89285714285714,10.111401452376464,1.9691952564637378
44.89285714285714,10.11139807496454,1.3037204130582076
44.89285714285714,10.111398793295434,0.6491733412523817
44.89285714285714,10.111390588622085,6.191441059642353e-16
46.214285714285715,-27.61245185115805,1.6907750388065555e-15
46.214285714285715,-27.54189594926232,1.768248388112566
46.214285714285715,-27.3310443303206,3.523947938699129
46.214285714285715,-26.98230974952816,5.254804353032408
46.214285714285715,-26.49961607436981,6.949017663536117
46.214285714285715,-25.888280307682642,8.59550126654274
46.214285714285715,-25.15483002892605,10.184061997361121
46.214285714285715,-24.306807580292514,11.705541594907316
46.214285714285715,-23.352555396191285,13.151914176552017
46.214285714285715,-22.300991072824054,14.51633651736469
46.214285714285715,-21.161389963336752,15.793155783154651
46.214285714285715,-19.943185965774163,16.977881744368617
46.214285714285715,-18.6557898314439,18.067124932591394
46.214285714285715,-17.308434499163027,19.058509975450708
46.214285714285715,-15.910051061729751,19.9505730015975
46.214285714285715,-14.469174072172223,20.742649092573508
46.214285714285715,-12.99387383632354,21.43475399493104
46.214285714285715,-11.491716446534745,22.02746895879238
46.214285714285715,-9.969745806666017,22.52182943979944
46.214285714285715,-8.434486028172005,22.9192232749851
46.214285714285715,-6.891960222857105,23.221300923022234
46.214285714285715,-5.3477204961965645,23.42989437260052
46.214285714285715,-3.8068879981428636,23.54694833903092
46.214285714285715,-2.2742009451118825,23.574471831267285
46.214285714285715,-0.7540639395816067,23.514490419726364
46.214285714285715,0.7493988783337607,23.36901663128257
46.214285714285715,2.232291259925177,23.140034102703883
46.214285714285715,3.6908938283058266,22.82948338442395
46.214285714285715,5.121615448119304,22.43926343043932
46.214285714285715,6.520948480796165,21.971239252643045
46.214285714285715,7.885428132687539,21.42725560138056
46.214285714285715,9.211598600255382,20.809161694386717
46.214285714285715,9.608651463118642,18.41798593138138
46.214285714285715,9.608651293430675,15.85047533107618
46.214285714285715,9.60864974434278,13.774721964515475
46.214285714285715,9.608656072200258,12.048873612781025
46.214285714285715,9.608653217352547,10.580195060530489
46.214285714285715,9.608655433737326,9.305463865322677
46.214285714285715,9.608661658555295,8.179972931133829
46.214285714285715,9.608661495292512,7.1711304468029455
46.214285714285715,9.608656464576574,6.25454224272205
46.214285714285715,9.608663606878157,5.411498526179759
46.214285714285715,9.608662628422179,4.627288042532558
46.214285714285715,9.608665788410166,3.890117642956293
46.214285714285715,9.608664972252724,3.1902965727033346
46.214285714285715,9.608657007501163,2.519686590198031
46.214285714285715,9.608666290798105,1.871287592516228
46.214285714285715,9.608666450612882,1.2389003480090461
46.214285714285715,9.608665013567675,0.6168967616991443
46.214285714285715,9.608648806106679,5.883600502264791e-16
47.535714285714285,-28.236173814964218,1.728966994133212e-15
47.535714285714285,-28.163768921518255,1.8081739576095992
47.535714285714285,-27.94739634654674,3.6034177310291486
47.535714285714285,-27.589552131674584,5.37306479636249
47.535714285714285,-27.094302278309346,7.104962750583397
47.535714285714285,-26.467140444728365,8.78769607369071
47.535714285714285,-25.714822711311168,10.410777907940545
47.535714285714285,-24.845149069603874,11.964793192410712
47.535714285714285,-23.866744800253016,13.44150025387764
47.535714285714285,-22.78882622921294,14.833882014424322
47.535714285714285,-21.620979280006182,16.136156204535734
47.535714285714285,-20.372946867122472,17.343742533811522
47.535714285714285,-19.054443713715706,18.45319968798597
47.535714285714285,-17.674997224109685,19.46213627396789
47.535714285714285,-16.243817571663556,20.369102967094594
47.535714285714285,-14.76970017777234,21.173475864062137
47.535714285714285,-13.26095607046428,21.875334075770358
47.535714285714285,-11.72537036867178,22.475339783043843
47.535714285714285,-10.17018463969007,22.974624255035533
47.535714285714285,-8.602098877621783,23.374681533788866
47.535714285714285,-7.027290670237424,23.677274106419805
47.535714285714285,-5.4514471743459705,23.884350643153518
47.535714285714285,-3.87980723228546,23.997979585580605
47.535714285714285,-2.317208207900798,24.020287099850474
47.535714285714285,-0.7681395099359999,23.953418535602328
47.535714285714285,0.7632039046350902,23.799508187325948
47.535714285714285,2.272867614511395,23.56065046479991
47.535714285714285,3.7570849234920694,23.238898712538326
47.535714285714285,5.212227257450051,22.836259706336605
47.535714285714285,6.634758113629762,22.35470167066496
47.535714285714285,8.021192975343602,21.79617253731885
47.535714285714285,9.121635438689369,20.605933345344944
47.535714285714285,9.121638256456254,17.484472792400954
47.535714285714285,9.12163984026057,15.047098999821245
47.535714285714285,9.12164079445275,13.076558012508016
47.535714285714285,9.121641970221997,11.438177245017867
47.535714285714285,9.121646381126737,10.04394640980641
47.535714285714285,9.121647534098967,8.833823015729973
47.535714285714285,9.121649370018844,7.7653733251823915
47.535714285714285,9.121644429827695,6.807660164497922
47.535714285714285,9.12164039923875,5.937529914851929
47.535714285714285,9.121643013260273,5.1372136378321445
47.535714285714285,9.121635811213617,4.392748288686301
47.535714285714285,9.12164731687346,3.6929457160425962
47.535714285714285,9.121653841205049,3.0285977366281385
47.535714285714285,9.12165430037939,2.3919794413668347
47.535714285714285,9.121641861907124,1.7764395934855222
47.535714285714285,9.121645838267728,1.1761059936391425
47.535714285714285,9.12165466272883,0.5856296597737233
47.535714285714285,9.121635155016177,5.585390647790266e-16
48.857142857142854,-28.876456704892874,1.7681730137182092e-15
48.857142857142854,-28.802150232677597,1.8491593976293494
48.857142857142854,-28.58010335131221,3.684996265617755
48.857142857142854,-28.212898574619572,5.4944615052521675
48.857142857142854,-27.704738667549137,7.265038022594423
48.857142857142854,-27.061313554276293,8.984975137999559
48.857142857142854,-26.289605444567435,10.643481646497447
48.857142857142854,-25.397682747291466,12.230879387621435
48.857142857142854,-24.394461232534002,13.73870461156638
48.857142857142854,-23.289466941423733,15.159763004601531
48.857142857142854,-22.092602504535797,16.48813776476664
48.857142857142854,-20.813930523343323,17.719157393772505
48.857142857142854,-19.46347897608868,18.84932824935473
48.857142857142854,-18.051077766796663,19.87624274759029
48.857142857142854,-16.586224309782395,20.798467436044078
48.857142857142854,-15.077982083213662,21.61542115784761
48.857142857142854,-13.534909470106227,22.327248862797532
48.857142857142854,-11.965016657549496,22.934696852451477
48.857142857142854,-10.375747906870435,23.438995256293016
48.857142857142854,-8.77398347321723,23.841747506845714
48.857142857142854,-7.16605950820175,24.144832368642604
48.857142857142854,-5.55780195507618,24.350321383453462
48.857142857142854,-3.9545684187774026,24.460403958703537
48.857142857142854,-2.361298909282906,24.477333342834157
48.857142857142854,-0.7825688459398961,24.403378367145116
48.857142857142854,0.7773549685210016,24.24079046951389
48.857142857142854,2.314458770767294,23.991786307783343
48.857142857142854,3.824928128833406,23.658532926128544
48.857142857142854,5.305096992779225,23.243148602403906
48.857142857142854,6.751400188189898,22.747707524741642
48.857142857142854,8.160331547861468,22.174256987165382
48.857142857142854,8.648733683692821,19.537640043353953
48.857142857142854,8.648737356104062,16.578010302523385
48.857142857142854,8.648736692122318,14.266995793382858
48.857142857142854,8.648736306726876,12.398613867647205
48.857142857142854,8.648734097612564,10.845169529397193
48.857142857142854,8.648742256523574,9.523226411899204
48.857142857142854,8.648741980984955,8.37583952713887
48.857142857142854,8.648748385515098,7.362786847501295
48.857142857142854,8.648745718489401,6.454726683721922
48.857142857142854,8.64875040362109,5.6297126393925305
48.857142857142854,8.648752552231988,4.870886691901059
48.857142857142854,8.648747130937378,4.165017102743876
48.857142857142854,8.648751262237056,3.5014913220678965
48.857142857142854,8.648746445146042,2.871581663197555
48.857142857142854,8.648735911266602,2.2679656356523314
48.857142857142854,8.648746399202793,1.6843432103731961
48.857142857142854,8.648733995557418,1.115130763671197
48.857142857142854,8.64875440560492,0.5552684559213149
48.857142857142854,8.648733404940927,5.2958218405198475e-16
50.17857142857143,-29.533239944202798,1.8083893883059357e-15
50.17857142857143,-29.456979904331433,1.891200857430202
50.17857142857143,-29.22910438774794,3.7686756829470105
50.17857142857143,-28.852284126232373,5.618981830275111
50.17857142857143,-28.33086868750627,7.429228649211107
50.17857142857143,-27.670740621092857,9.18731886506175
50.17857142857143,-26.87912091729459,10.882150010217387
50.17857142857143,-25.964352500218794,12.50377315787717
50.17857142857143,-24.935649729148494,14.043496294534481
50.17857142857143,-23.802858648023893,15.493943972339496
50.17857142857143,-22.57620774406035,16.84906173519551
50.17857142857143,-21.266087492162512,18.10408423342986
50.17857142857143,-19.882848960058425,19.255465430455992
50.17857142857143,-18.436632288441285,20.30078112494611
50.17857142857143,-16.93723029556906,21.238615020502753
50.17857142857143,-15.393981919466707,22.068430685828464
50.17857142857143,-13.815699501639767,22.79044138921145
50.17857142857143,-12.210624433615926,23.405480976695397
50.17857142857143,-10.586408471476066,23.91488114122376
50.17857142857143,-8.950116364268858,24.32035747105663
50.17857142857143,-7.308247671170944,24.623911471428055
50.17857142857143,-5.6667691125787885,24.827737694231946
50.17857142857143,-4.031160851927801,24.934155239916155
50.17857142857143,-2.4064665667401663,24.9455433621375
50.17857142857143,-0.7973496274176752,24.86429756273502
50.17857142857143,0.7918499427449714,24.692797142466368
50.17857142857143,2.3570584919119213,24.433376980895325
50.17857142857143,3.8944131651899743,24.088322445079978
50.17857142857143,5.400209690499364,23.65986455879334
50.17857142857143,6.870854525815131,23.150188826266902
50.17857142857143,8.188498527189417,22.25079576926104
50.17857142857143,8.18850045992561,18.49796517408259
50.17857142857143,8.188499830747439,15.695821131686206
50.17857142857143,8.188497959702714,13.50778386531443
50.17857142857143,8.188506534149097,11.738839880070689
50.17857142857143,8.188503440687475,10.268058539436678
50.17857142857143,8.188508257411538,9.016457630266036
50.17857142857143,8.188508186240444,7.930127952181331
50.17857142857143,8.188507284933712,6.9709778861358025
50.17857142857143,8.188516567362985,6.111248741475143
50.17857142857143,8.18849935981633,5.3301224098587445
50.17857142857143,8.188514851095576,4.611685647584216
50.17857142857143,8.188499105992708,3.9433733355742278
50.17857142857143,8.188512585972354,3.3151613326673184
50.17857142857143,8.188520453616265,2.7187761061626934
50.17857142857143,8.188510971236948,2.147280444271045
50.17857142857143,8.188517403370005,1.5947136214631452
50.17857142857143,8.188503554878407,1.0557906194324287
50.17857142857143,8.188520232843812,0.5257204416655662
50.17857142857143,8.188497576076692,5.01400867318409e-16
51.5,-30.206463519495493,1.8496124431355723e-15
51.5,-30.128198802887557,1.9342945405095742
51.5,-29.89434225315097,3.854448607545099
51.5,-29.50765496986669,5.746615290640391
51.5,-28.972634494598818,7.5975194620600135
51.5,-28.29536338641599,9.394707911635582
51.5,-27.4833124679101,11.126760059367967
51.5,-26.545102145183964,12.783447446773879
51.5,-25.49025733764522,14.355845480516988
51.5,-24.328950035421848,15.836391516191586
51.5,-23.07174526662759,17.218890999901753
51.5,-21.72937043231268,18.498482750575093
51.5,-20.31250778730998,19.67156680061941
51.5,-18.831617640901047,20.735703895135135
51.5,-17.296795227319937,21.689495183732753
51.5,-15.71766246573597,22.532451089195405
51.5,-14.10329224130516,23.264855694222135
51.5,-12.462163015875655,23.887633346051466
51.5,-10.802139242632084,24.40222071106953
51.5,-9.130475207979567,24.81045071382412
51.5,-7.453836281573398,25.114447809973335
51.5,-5.778334252696006,25.316536510563107
51.5,-4.109573737266844,25.419166661605875
51.5,-2.4527046855931944,25.424849833614616
51.5,-0.812479810884424,25.33611239898746
51.5,0.8066866151803223,25.15545922392759
51.5,2.4006599834116082,24.885352051686635
51.5,3.9655287459739736,24.52819745785627
51.5,5.497550537096754,24.0863426732607
51.5,6.993102589002793,23.562083116243016
51.5,7.7396319199713295,21.03108019238362
51.5,7.739633349614762,17.48396655309496
51.5,7.739635224085971,14.835431716759638
51.5,7.739638563675127,12.76734334285305
51.5,7.739638331571008,11.095353557461696
51.5,7.739635767410271,9.705196280288124
51.5,7.73964561341821,8.522209974386604
51.5,7.7396463768581585,7.49542953089497
51.5,7.739645391157366,6.588856184760376
51.5,7.739644757886238,5.776247003592376
51.5,7.739639884347186,5.0379472695862555
51.5,7.739652927884792,4.358891322036737
51.5,7.739653779570723,3.7272208185990197
51.5,7.739654184577589,3.1334387059358244
51.5,7.7396543484980524,2.569742291278252
51.5,7.739644565629332,2.02957381137563
51.5,7.739650290881607,1.5072967591362136
51.5,7.739632913295658,0.9979151590939712
51.5,7.739655415923688,0.4969023642731595
51.5,7.739630097087379,4.739156612491289e-16
52.82142857142857,-30.896068023632232,1.8918385405690052e-15
52.82142857142857,-30.81574763681212,1.9784366402246938
52.82142857142857,-30.5757562485101,3.9423072131411767
52.82142857142857,-30.1789468149569,5.877349365761476
52.82142857142857,-29.629974245526107,7.769894243917935
52.82142857142857,-28.935126042419462,9.607123748246122
52.82142857142857,-28.10212411833438,11.377289130936466
52.82142857142857,-27.139877544689245,13.069876183066732
52.82142857142857,-26.058230788736278,14.675722168809866
52.82142857142857,-24.86768994022485,16.18707233247977
52.82142857142857,-23.579164975134947,17.597588170446027
52.82142857142857,-22.203731378180954,18.902312111486623
52.82142857142857,-20.752410698539542,20.097589012876504
52.82142857142857,-19.235991389465163,21.180964332824765
52.82142857142857,-17.66487949019364,22.15105825029419
52.82142857142857,-16.048987154924774,23.00742994626555
52.82142857142857,-14.397654378517926,23.750436828536344
52.82142857142857,-12.719602540253765,24.38109671667919
52.82142857142857,-11.022913975914701,24.900954679219826
52.82142857142857,-9.315036941249355,25.311964565255007
52.82142857142857,-7.602806394768098,25.61637755349654
52.82142857142857,-5.892482487695189,25.816652605028366
52.82142857142857,-4.189796475272503,25.91537266198109
52.82142857142857,-2.500006892728451,25.915186693276777
52.82142857142857,-0.827957198782804,25.81875434797229
52.82142857142857,0.8218629037567253,25.628711787277645
52.82142857142857,2.445257236032802,25.347649228165263
52.82142857142857,4.038264741695204,24.978095309978873
52.82142857142857,5.5971045499567,24.52251730268197
52.82142857142857,7.118125875633976,23.983328054891896
52.82142857142857,7.300965814165855,19.839082673086892
52.82142857142857,7.30096748290822,16.49301271910445
52.82142857142857,7.30096839480406,13.99458953185062
52.82142857142857,7.300973100601196,12.043718779039168
52.82142857142857,7.300975827088405,10.466497870525718
52.82142857142857,7.3009777176216755,9.155136484056754
52.82142857142857,7.300980491901862,8.039190924067185
52.82142857142857,7.300978366621278,7.070603253557583
52.82142857142857,7.300966296542818,6.215403226698698
52.82142857142857,7.300982008070166,5.448864484952762
52.82142857142857,7.300984061578775,4.752413971186464
52.82142857142857,7.300986632167063,4.1118390669175175
52.82142857142857,7.300989841275304,3.515971399729794
52.82142857142857,7.300986382963272,2.9558417958096523
52.82142857142857,7.300990459987258,2.4240958456871113
52.82142857142857,7.300966373380542,1.9145388426428829
52.82142857142857,7.300972297097947,1.4218642274992876
52.82142857142857,7.30097413057566,0.9413563721527962
52.82142857142857,7.300991656200411,0.4687392164824984
52.82142857142857,7.300963241503498,4.470550632199871e-16
54.14285714285714,-31.601994693298465,1.9350640823909802e-15
54.14285714285714,-31.519567759760143,2.023623391355288
54.14285714285714,-31.273286956958255,4.032243838778577
54.14285714285714,-30.866107762351426,6.011173948279501
54.14285714285714,-30.30283452750994,7.9463389883049995
54.14285714285714,-29.58997232657389,9.82454769444659
54.14285714285714,-28.735500526662747,11.633714819468832
54.14285714285714,-27.748624827708053,13.363033423836633
54.14285714285714,-26.639517008952012,15.003096468991872
54.14285714285714,-25.419025756959876,16.545952178835773
54.14285714285714,-24.098418519469163,17.98511716220099
54.14285714285714,-22.689123582266433,19.315532519436715
54.14285714285714,-21.202513424080593,20.53348919444607
54.14285714285714,-19.64971182024972,21.63651650639289
54.14285714285714,-18.041444160937914,22.623255411972526
54.14285714285714,-16.3879200760549,23.49331577595117
54.14285714285714,-14.698753216430912,24.247130855284766
54.14285714285714,-12.982913706917246,24.885814926284176
54.14285714285714,-11.248707029332095,25.411025119968468
54.14285714285714,-9.503779523169198,25.824839133079212
54.14285714285714,-7.755140052783598,26.129640195632952
54.14285714285714,-6.009199404665651,26.328022830540053
54.14285714285714,-4.2718191449193235,26.422711875991396
54.14285714285714,-2.5483671811182447,26.416491671998024
54.14285714285714,-0.8437797661221542,26.31216026302382
54.14285714285714,0.8373767530640946,26.112490737261155
54.14285714285714,2.490843851945455,25.820202190130008
54.14285714285714,4.11261079485798,25.437951936674686
54.14285714285714,5.6988580406660905,24.96832847420075
54.14285714285714,6.871443801921782,23.152174293007395
54.14285714285714,6.871444782422094,18.671935274305707
54.14285714285714,6.871449171212429,15.522723371224059
54.14285714285714,6.8714459172825855,13.17127535726873
54.14285714285714,6.8714438986153095,11.335165433502647
54.14285714285714,6.8714433032389906,9.85073069738822
54.14285714285714,6.87145764273567,8.616535345919788
54.14285714285714,6.87145936067844,7.566240423287675
54.14285714285714,6.871448460953597,6.654626736985646
54.14285714285714,6.871443661678703,5.849745276471111
54.14285714285714,6.871462560714489,5.128305790285945
54.14285714285714,6.871460696763393,4.472825244148725
54.14285714285714,6.871472218053796,3.8699410554934213
54.14285714285714,6.871456791074494,3.309119184814104
54.14285714285714,6.871453624406888,2.7819432547340193
54.14285714285714,6.871444473580355,2.281476752169988
54.14285714285714,6.871473412013592,1.8019125250944559
54.14285714285714,6.871465339280002,1.338217754956702
54.14285714285714,6.871471095028792,0.8859780880854982
54.14285714285714,6.871472838579875,0.4411631934548653
54.14285714285714,6.871443282537291,4.2075455107409373e-16
55.464285714285715,-32.3241854415763,1.9792855118035943e-15
55.464285714285715,-32.2396012028139,2.069851072173356
55.464285714285715,-31.986879402716482,4.124251396115537
55.464285714285715,-31.5690743630623,6.148076681505165
55.464285714285715,-30.991158301277025,8.126838737762334
55.464285714285715,-30.25984671007032,10.046961313402168
55.464285714285715,-29.383386496863494,11.896014778568441
55.464285714285715,-28.37129070615756,13.662893506895408
55.464285714285715,-27.234063616172588,15.337938880002724
55.464285714285715,-25.982909353310056,16.91299972459332
55.464285714285715,-24.62945710650948,18.38144155991421
55.464285714285715,-23.185501801692848,19.738105458603247
55.464285714285715,-21.66277185658435,20.97922462974286
55.464285714285715,-20.07273787063244,22.102315201328846
55.464285714285715,-18.426451009707456,23.10603873005803
55.464285714285715,-16.73442597403831,23.99005803743244
55.464285714285715,-15.006556670109486,24.754884847011773
55.464285714285715,-13.25206777728744,25.40173288839156
55.464285714285715,-11.479493317281516,25.93237536450188
55.464285714285715,-9.696681464539369,26.349016024199063
55.464285714285715,-7.910819471828591,26.654175816888525
55.464285714285715,-6.128471510261095,26.850588068885333
55.464285714285715,-4.35563129928023,26.941119685698926
55.464285714285715,-2.59777925867979,26.92869954575816
55.464285714285715,-0.8599455000051109,26.81626737458991
55.464285714285715,0.8532260808426664,26.606731141350913
55.464285714285715,2.5374137574470685,26.30294797730079
55.464285714285715,4.188556634576814,25.90770380888529
55.464285714285715,5.802796598999444,25.42371305249404
55.464285714285715,6.450117389913917,21.73258580385678
55.464285714285715,6.450121332114772,17.52706335249242
55.464285714285715,6.450124313113152,14.570943177739583
55.464285714285715,6.4501254215649615,12.363682846236882
55.464285714285715,6.450127595771828,10.640160124134562
55.464285714285715,6.450124943372658,9.246739146013239
55.464285714285715,6.450119405620522,8.088193907836668
55.464285714285715,6.45013580371091,7.1023163628103205
55.464285714285715,6.450129929068481,6.24660249246106
55.464285714285715,6.450143826587587,5.4910874977503825
55.464285714285715,6.450140444577158,4.813864922905605
55.464285714285715,6.450147610932722,4.1985808164855865
55.464285714285715,6.450121297107048,3.6326406377666913
55.464285714285715,6.450149988875646,3.1062285221441743
55.464285714285715,6.450141797118309,2.6113729998607216
55.464285714285715,6.450149127182526,2.141597059872449
55.464285714285715,6.450121713203343,1.6914210979969404
55.464285714285715,6.45014748994057,1.2561661111474534
55.464285714285715,6.450148906315782,0.8316546074127783
55.464285714285715,6.4501408925273465,0.4141127850211035
55.464285714285715,6.450116912953203,3.949557515787174e-16
56.785714285714285,-33.06258288587923,2.024499315136803e-15
56.785714285714285,-32.97578948612599,2.117115928148125
56.785714285714285,-32.716475488373106,4.218322394320326
56.785714285714285,-32.28779615438014,6.288047737826697
56.785714285714285,-31.694886852523002,8.311378095586193
56.785714285714285,-30.944692755294135,10.27434586653377
56.785714285714285,-30.045728809795364,12.164167462192902
56.785714285714285,-29.007822648481085,13.969431134378675
56.785714285714285,-27.841820680876626,15.68022128205986
56.785714285714285,-26.559291214705286,17.288182739338982
56.785714285714285,-25.172234480681862,18.7865268421536
56.785714285714285,-23.692819475152113,20.169991290766735
56.785714285714285,-22.13314354790128,21.43475421002649
56.785714285714285,-20.505029114963598,22.57831590449953
56.785714285714285,-18.819862499347224,23.599361134447104
56.785714285714285,-17.08847024716037,24.49760712654943
56.785714285714285,-15.321033274706007,25.2736468991601
56.785714285714285,-13.527036569242984,25.92879658315091
56.785714285714285,-11.715247817725722,26.464948887602073
56.785714285714285,-9.893721811584607,26.88443830043812
56.785714285714285,-8.069826865949045,27.189924490482287
56.785714285714285,-6.250284656369059,27.384286333133375
56.785714285714285,-4.441223165774393,27.47053564423579
56.785714285714285,-2.6482373222001394,27.45175015818425
56.785714285714285,-0.8764523649588228,27.331012209131586
56.785714285714285,0.869408992534175,27.11137392024364
56.785714285714285,2.5849612700610125,26.79582768486291
56.785714285714285,4.266092781175324,26.387292291460376
56.785714285714285,5.908906402468435,25.888610477283546
56.785714285714285,6.036121730592739,20.337697053042607
56.785714285714285,6.0361206188584315,16.40208967283578
56.785714285714285,6.036128177236101,13.635718695413788
56.785714285714285,6.036131428787397,11.570133869679584
56.785714285714285,6.036121578161364,9.957213894881946
56.785714285714285,6.036128352139759,8.653243900560268
56.785714285714285,6.0361412606089,7.569081733332917
56.785714285714285,6.036144868530803,6.646466333839891
56.785714285714285,6.036147070292614,5.845682451174549
56.785714285714285,6.036144910983521,5.13864508240685
56.785714285714285,6.0361405373254815,4.5048887620406814
56.785714285714285,6.036148802997699,3.9290974561206697
56.785714285714285,6.0361289431428276,3.399484487756051
56.785714285714285,6.036155941358292,2.906859496522419
56.785714285714285,6.036152814063359,2.4437674360462207
56.785714285714285,6.036157272831285,2.0041422940045726
56.785714285714285,6.036153067459675,1.5828657354079263
56.785714285714285,6.036147009099776,1.175539524725668
56.785714285714285,6.036123484340339,0.7782719406289552
56.785714285714285,6.0361233247454695,0.38753197525298727
56.785714285714285,6.03611956103196,3.696057249844258e-16
58.107142857142854,-33.81713037159457,2.0707020232961018e-15
58.107142857142854,-33.728075985113676,2.1654143238607646
58.107142857142854,-33.462016551024334,4.314449269649079
58.107142857142854,-33.022212012308636,6.431075213346882
58.107142857142854,-32.413969203128595,8.499943693739453
58.107142857142854,-31.6444566284371,10.506683479785595
58.107142857142854,-30.722474447489095,12.438151405745348
58.107142857142854,-29.658168893445062,14.28262137939011
58.107142857142854,-28.462737932409485,16.02991536325804
58.107142857142854,-27.148121121821678,17.67146853391545
58.107142857142854,-25.72670242022483,19.20033702008324
58.107142857142854,-24.21103377362657,20.611153555052866
58.107142857142854,-22.61358663919869,21.90003739727812
58.107142857142854,-20.946546188664865,23.064475271129385
58.107142857142854,-19.22164178247981,24.10317641998992
58.107142857142854,-17.45001894259773,25.015914369376663
58.107142857142854,-15.642152119609928,25.803366021444532
58.107142857142854,-13.807792477520213,26.466953096440015
58.107142857142854,-11.955946284243481,27.008690916181145
58.107142857142854,-10.094879483520224,27.431048678494292
58.107142857142854,-8.232145125465372,27.73682856822627
58.107142857142854,-6.374625404558955,27.92905874567277
58.107142857142854,-4.528585395494761,28.01090192530621
58.107142857142854,-2.6997356149536893,27.98558383479333
58.107142857142854,-0.8932984736995658,27.856335914192538
58.107142857142854,0.8859234922659993,27.626356835281356
58.107142857142854,2.6334803148073527,27.29877833929434
58.107142857142854,4.345209400899561,26.876656559154668
58.107142857142854,5.628665454181862,24.66079465895465
58.107142857142854,5.628667381381721,18.964848146566933
58.107142857142854,5.628672075656109,15.29492035587559
58.107142857142854,5.628672542862619,12.715269319913249
58.107142857142854,5.62867912245197,10.789124081302985
58.107142857142854,5.628668032298204,9.285076653136166
58.107142857142854,5.628672384376735,8.069125130696404
58.107142857142854,5.628670963496352,7.058130141978142
58.107142857142854,5.628671096729494,6.197792426041627
58.107142857142854,5.628695576330194,5.451087683978875
58.107142857142854,5.628697542229838,4.791780080213823
58.107142857142854,5.628690894169879,4.200801190321809
58.107142857142854,5.628703586512138,3.663880011049251
58.107142857142854,5.628686380411291,3.1700171114451248
58.107142857142854,5.628702012302324,2.7106400259556613
58.107142857142854,5.628690435152838,2.278804201405189
58.107142857142854,5.628707662289686,1.8688597027378466
58.107142857142854,5.62870776531212,1.476020994955757
58.107142857142854,5.6286801529840345,1.0961853616051116
58.107142857142854,5.628708272950493,0.7257415661207564
58.107142857142854,5.628693684884646,0.3613741244906296
58.107142857142854,5.628665300791493,3.446563472043038e-16
59.42857142857143,-34.587771991767106,2.117890212967803e-15
59.42857142857143,-34.4964061001598,2.2147427538995488
59.42857142857143,-34.22345060060938,4.4126253187257625
59.42857142857143,-33.77227142257091,6.57714927041118
59.42857142857143,-33.148347867199284,8.692520457645369
59.42857142857143,-32.35908628578067,10.743956873452564
59.42857142857143,-31.413571177791024,12.717945462770382
59.42857142857143,-30.322278460705604,14.60243969109004
59.42857142857143,-29.096765874592563,16.38699324786881
59.42857142857143,-27.749353148785804,18.06282721389197
59.42857142857143,-26.292816977459893,19.62283929469825
59.42857142857143,-24.7400994607036,21.061553741142102
59.42857142857143,-23.10405896305471,22.375033354626943
59.42857142857143,-21.397250271570236,23.560750555901308
59.42857142857143,-19.631752696701053,24.61743924046595
59.42857142857143,-17.819038750260265,25.54493201339508
59.42857142857143,-15.969882961828324,26.343992324884955
59.42857142857143,-14.09430840633822,27.016150490719728
59.42857142857143,-12.201564954647898,27.563547771044977
59.42857142857143,-10.300134167990551,27.98879196313538
59.42857142857143,-8.397757523352848,28.294831691223703
59.42857142857143,-6.501480638917291,28.48484784193186
59.42857142857143,-4.6177082205469775,28.56215811102977
59.42857142857143,-2.7522683048521044,28.53014011988887
59.42857142857143,-0.9104819270995741,28.392179267975642
59.42857142857143,0.902767664325965,28.151620147503998
59.42857142857143,2.682965223289476,27.811741181734487
59.42857142857143,4.4258969308877045,27.375737462286487
59.42857142857143,5.227038781901783,22.90115323501823
59.42857142857143,5.227041716483788,17.611638011651564
59.42857142857143,5.227042156914514,14.20356212126509
59.42857142857143,5.227044849329637,11.807985364288033
59.42857142857143,5.227040559936241,10.019258151384657
59.42857142857143,5.2270467008085575,8.622560259023404
59.42857142857143,5.227047062795719,7.493365030590266
59.42857142857143,5.227063040377924,6.5545297350965415
59.42857142857143,5.227049202333276,5.755562085621189
59.42857142857143,5.227071152542327,5.0621361195521954
59.42857142857143,5.227076684370292,4.449875259062718
59.42857142857143,5.227061634978172,3.9010574840493377
59.42857142857143,5.2270426654469775,3.4024277250492023
59.42857142857143,5.227076301710993,2.9438345289442784
59.42857142857143,5.22706117077475,2.5172199907994846
59.42857142857143,5.227066303223198,2.116204611008258
59.42857142857143,5.227079204285378,1.7355098672746097
59.42857142857143,5.227085592443608,1.3707032588233319
59.42857142857143,5.227079858569201,1.017973711273469
59.42857142857143,5.227040838560282,0.6739522853909427
59.42857142857143,5.227086180218466,0.33559006720974716
59.42857142857143,5.227038108320252,3.200637744187816e-16
60.75,-35.374452603145,2.166060507601564e-15
60.75,-35.280724806850245,2.265097685579881
60.75,-35.000722968135975,4.512843492764376
60.75,-34.537916847888326,6.726258703635578
60.75,-33.89797058322623,8.88909468272244
60.75,-33.08852930096804,10.986148640784949
60.75,-32.1189675642252,13.003528808946816
60.75,-31.000101158456957,14.928861898378738
60.75,-29.74385579101442,16.751427499320386
60.75,-28.36294029242777,18.462228183595485
60.75,-26.87053159851977,20.053998921944494
60.75,-25.279975147698135,21.521156614333137
60.75,-23.604520647683053,22.859703468401246
60.75,-21.85710301370409,24.067099531230085
60.75,-20.05015968181343,25.142105004797898
60.75,-18.19549699521484,26.084613216630927
60.75,-16.3041960971984,26.895476809357927
60.75,-14.386557728342657,27.576337726336916
60.75,-12.45208054239916,28.129466847494513
60.75,-10.509465965178434,28.557614080129607
60.75,-8.566647895487247,28.863879397176397
60.75,-6.6308378360582365,29.05159875337228
60.75,-4.708582418501077,29.124247157416196
60.75,-2.8058298412596185,29.085361475324643
60.75,-0.9280008263752,28.93848305941464
60.75,0.9199396672297696,28.687106432649887
60.75,2.7334105678284812,28.33465994861366
60.75,4.5081461537420955,27.88447798799215
60.75,4.830586643297412,21.16418292441609
60.75,4.830589140563726,16.275857730068537
60.75,4.830593945684358,13.126284259898869
60.75,4.830597250011908,10.912403331726894
60.75,4.830593210563584,9.259342805167162
60.75,4.830605113743046,7.968588395116685
60.75,4.830605083236317,6.925035641051632
60.75,4.8306119548546675,6.057395798027054
60.75,4.830601922431146,5.319029570845203
60.75,4.8306211468866955,4.678195699638466
60.75,4.8306057440752515,4.1123546266542474
60.75,4.830590682018954,3.605163521770435
60.75,4.830611950147433,3.1443799257242433
60.75,4.830634783400402,2.7205628254247034
60.75,4.830606742804221,2.3262976007750207
60.75,4.8306230509175965,1.9557025263083003
60.75,4.830595829130862,1.6038683170132573
60.75,4.830630918186582,1.2667406004032307
60.75,4.830637656220409,0.9407665992817088
60.75,4.830635896590196,0.6228415279217914
60.75,4.830621990281166,0.31013622169045335
60.75,4.830584259259259,2.95787977555672e-16
62.07142857142857,-36.17711783889426,2.2152095781889233e-15
62.07142857142857,-36.08097785697804,2.316475636051316
62.07142857142857,-35.79377487655978,4.61509621330426
62.07142857142857,-35.31909673459095,6.878393472943757
62.07142857142857,-34.66278609616886,9.089652928316236
62.07142857142857,-33.83273163593808,11.233240839910309
62.07142857142857,-32.838612973029335,13.294880944936203
62.07142857142857,-31.69158758845161,15.261864212313991
62.07142857142857,-30.403959422292775,17.12319093843503
62.07142857142857,-28.988835513623542,18.869640823949396
62.07142857142857,-27.45980271316947,20.49378338451051
62.07142857142857,-25.83061704161629,21.989924893106732
62.07142857142857,-24.114931527031377,23.354008839948534
62.07142857142857,-22.326066972827206,24.583480969049145
62.07142857142857,-20.476827965103347,25.677130109382095
62.07142857142857,-18.57936164118274,26.634912052669588
62.07142857142857,-16.64506241128407,27.45777144755586
62.07142857142857,-14.684514409284498,28.1474649005103
62.07142857142857,-12.707470227297902,28.706396594301875
62.07142857142857,-10.722855379124017,29.137462052655916
62.07142857142857,-8.738799831368498,29.443916393664193
62.07142857142857,-6.7626840387527025,29.629254710664156
62.07142857142857,-4.801198959852782,29.6971132137888
62.07142857142857,-2.8604148595754717,29.65119229140188
62.07142857142857,-0.9458533574191493,29.495190717963776
62.07142857142857,0.9374377349347556,29.232760619005646
62.07142857142857,2.7848108842949437,28.86747799851436
62.07142857142857,4.43870611411045,27.454966789694673
62.07142857142857,4.438708554413467,19.44725283504107
62.07142857142857,4.4387100917893685,14.955487179055023
62.07142857142857,4.438710490947198,12.06141031655557
62.07142857142857,4.438713950551744,10.027132132049323
62.07142857142857,4.4387143268812395,8.508184352373801
62.07142857142857,4.43873246582094,7.322153474217901
62.07142857142857,4.4387365605581515,6.363262645869324
62.07142857142857,4.438710575302764,5.56596701179367
62.07142857142857,4.4387322865781655,4.887537550908829
62.07142857142857,4.43875073209535,4.298690366152744
62.07142857142857,4.438735462803101,3.778750592374623
62.07142857142857,4.438728974770068,3.31270952896765
62.07142857142857,4.438706544316923,2.8892777764326496
62.07142857142857,4.4387594671542745,2.4998627589977613
62.07142857142857,4.438737423779116,2.1375832828431403
62.07142857142857,4.438765425814716,1.7970569563085255
62.07142857142857,4.438764321572812,1.4737712932071962
62.07142857142857,4.438718240437254,1.1639689937278463
62.07142857142857,4.438766761186614,0.8644497493098007
62.07142857142857,4.438753252233694,0.5723138561613664
62.07142857142857,4.438728948685856,0.2849758536319138
62.07142857142857,4.438705697376765,2.7179233623247876e-16
63.39285714285714,-36.99571411827283,2.2653341438556682e-15
63.39285714285714,-36.89711178801712,2.3688731729057997
63.39285714285714,-36.6025577229634,4.719377213693162
63.39285714285714,-36.115758320260326,7.033543302855644
63.39285714285714,-35.44273821908981,9.294180460476685
63.39285714285714,-34.59164310305293,11.485216807384813
63.39285714285714,-33.57245757764102,13.591981698199113
63.39285714285714,-32.39668914866125,15.601423227392543
63.39285714285714,-31.077029275379356,17.50225681762626
63.39285714285714,-29.626993173528643,19.285035427358082
63.39285714285714,-28.060587452801148,20.94216068872276
63.39285714285714,-26.39198544754687,22.467824784692286
63.39285714285714,-24.635252216769885,23.857911327672376
63.39285714285714,-22.80410567016613,25.1098547021748
63.39285714285714,-20.91172340051719,26.222471736421603
63.39285714285714,-18.97060133568439,27.195783575373927
63.39285714285714,-16.992453357160084,28.030829148339695
63.39285714285714,-14.988153033937996,28.729483297010344
63.39285714285714,-12.967711645611866,29.29428649140634
63.39285714285714,-10.940283308586164,29.72828397647155
63.39285714285714,-8.914197579933095,30.034889610127507
63.39285714285714,-6.897006921604127,30.21776171271679
63.39285714285714,-4.895549084972413,30.28070209874073
63.39285714285714,-2.9160180566648157,30.227577595580293
63.39285714285714,-0.9640377441994483,30.06224686040601
63.39285714285714,0.9552600246849965,29.788525242655673
63.39285714285714,2.837160741027253,29.410139026581955
63.39285714285714,4.050854677954743,25.055968517396504
63.39285714285714,4.0508586594697045,17.747971416459137
63.39285714285714,4.050862855147146,13.64870114097513
63.39285714285714,4.050865018757096,11.007508876251269
63.39285714285714,4.050871537308824,9.150989364724513
63.39285714285714,4.050854862368484,7.764730373616362
63.39285714285714,4.0508843021527605,6.682357361039281
63.39285714285714,4.050878710737289,5.807239251824522
63.39285714285714,4.050885878890645,5.079650224526792
63.39285714285714,4.050866902337453,4.460454657014462
63.39285714285714,4.05090084938931,3.923078700859954
63.39285714285714,4.050907568093503,3.4485878919491704
63.39285714285714,4.050910185407988,3.0232728442015993
63.39285714285714,4.05091733206887,2.636854972243632
63.39285714285714,4.050858002297339,2.281400723978275
63.39285714285714,4.05085978041365,1.9507912545954529
63.39285714285714,4.050922413384989,1.6400367228469726
63.39285714285714,4.050908951280055,1.3449944379288854
63.39285714285714,4.050915380108297,1.0622751080944546
63.39285714285714,4.050922200633999,0.7889170279078656
63.39285714285714,4.050860816586719,0.5223006648425584
63.39285714285714,4.050923770341891,0.26007793510184274
63.39285714285714,4.050854232538087,2.480432834845138e-16
64.71428571428572,-37.830188653539736,2.316430972284898e-15
64.71428571428572,-37.72907392985203,2.4222869146097246
64.71428571428572,-37.42701934416796,4.825679768233941
64.71428571428572,-36.92784780391562,7.191697715631159
64.71428571428572,-36.23778139602822,9.50266533302404
64.71428571428572,-35.365215117758545,11.742060412025129
64.71428571428572,-34.32045236089134,13.894811223883218
64.71428571428572,-33.115358033827015,15.947515921815079
64.71428571428572,-31.763019762668616,17.888599462432957
64.71428571428572,-30.27736959509821,19.708383563215964
64.71428571428572,-28.672841344486958,21.399097643572585
64.71428571428572,-26.964037810785648,22.954820061741923
64.71428571428572,-25.16544475906125,24.371374171457262
64.71428571428572,-23.291182662248794,25.64618060229412
64.71428571428572,-21.35481246960031,26.778087855103728
64.71428571428572,-19.369185172096365,27.767183477775138
64.71428571428572,-17.346340944575648,28.614603738863078
64.71428571428572,-15.297448552083845,29.32234489925652
64.71428571428572,-13.23278287976873,29.893087026630262
64.71428571428572,-11.161731037562065,30.33002899415072
64.71428571428572,-9.092825710844675,30.636747056642953
64.71428571428572,-7.033794412325516,30.81706686738496
64.71428571428572,-4.991624138800938,30.874960277671526
64.71428571428572,-2.9726341102894276,30.81446221729312
64.71428571428572,-0.9825522911035952,30.63959861129957
64.71428571428572,0.9734047971043829,30.35434606344776
64.71428571428572,2.8904549281639196,29.962589027152077
64.71428571428572,3.6665268882355644,22.678765244227908
64.71428571428572,3.666529815228893,16.064116728969342
64.71428571428572,3.6665290623786975,12.353753061158322
64.71428571428572,3.6665307408192174,9.963148485011459
64.71428571428572,3.6665399287369485,8.28277756630614
64.71428571428572,3.6665388845995306,7.028068595538266
64.71428571428572,3.6665621430297977,6.0483777611625245
64.71428571428572,3.6665474885502136,5.256271543689847
64.71428571428572,3.666545277209232,4.597702353864881
64.71428571428572,3.666580930496525,4.037313093974185
64.71428571428572,3.6665810168411315,3.55088569850219
64.71428571428572,3.666590879237676,3.1214143246475694
64.71428571428572,3.666595627113306,2.7364514350504052
64.71428571428572,3.6665788626864555,2.3866783527425017
64.71428571428572,3.6665993492071385,2.0649902823242523
64.71428571428572,3.666601107837391,1.7657420308260539
64.71428571428572,3.666601511438248,1.484442433885106
64.71428571428572,3.666553853124495,1.217379753070198
64.71428571428572,3.666573898859903,0.961488902946075
64.71428571428572,3.6665913957511087,0.7140686103613144
64.71428571428572,3.666587665295451,0.4727541285659331
64.71428571428572,3.6665670579900116,0.23540141543418852
64.71428571428572,3.6665264495202035,2.245099940197013e-16
66.03571428571428,-38.6804894543585,2.3684968799866543e-15
66.03571428571428,-38.57681024162836,2.4767133916251214
66.03571428571428,-38.26710555144562,4.933996890063839
66.03571428571428,-37.755318561742286,7.3528476312832325
66.03571428571428,-37.04785951165722,9.715092830786718
66.03571428571428,-36.15339744011547,12.003754973022101
66.03571428571428,-35.08254701638023,14.203349155184352
66.03571428571428,-33.84754723412815,16.300119656845084
66.03571428571428,-32.46188531073509,18.28219320638007
66.03571428571428,-30.93992085348439,20.139656639615584
66.03571428571428,-29.29652362751321,21.864563828548743
66.03571428571428,-27.546735724146917,23.450878027741737
66.03571428571428,-25.705470654802443,24.89436008700108
66.03571428571428,-23.787262752005244,26.19241991352143
66.03571428571428,-21.806062160136737,27.343937069418974
66.03571428571428,-19.775082919454153,28.349068421512264
66.03571428571428,-17.706697728593554,29.209049945831467
66.03571428571428,-15.6123764311396,29.926002682881244
66.03571428571428,-13.50266244772998,30.502749671674433
66.03571428571428,-11.387180225564691,30.942647268665322
66.03571428571428,-9.274669106001475,31.24943779530911
66.03571428571428,-7.173034684778012,31.427118360968887
66.03571428571428,-5.089415508907858,31.479834479653306
66.03571428571428,-3.0302579159357346,31.41179324291735
66.03571428571428,-1.0013952443938632,31.227191282644128
66.03571428571428,0.9918703487103693,30.930169960523195
66.03571428571428,2.944688343075678,30.524775106134552
66.03571428571428,3.28526195614794,20.32050682850067
66.03571428571428,3.2852631610937384,14.393678372938039
66.03571428571428,3.2852711071817158,11.069168498762943
66.03571428571428,3.2852627188939767,8.927120101903167
66.03571428571428,3.2852852275830315,7.421516555341442
66.03571428571428,3.2852765723798787,6.29726012261356
66.03571428571428,3.2852729023095506,5.41940127742094
66.03571428571428,3.2853084830507915,4.709736760706964
66.03571428571428,3.285316546388388,4.1196566458380515
66.03571428571428,3.2853111544567994,3.6174926977192636
66.03571428571428,3.285327978747992,3.181662720949722
66.03571428571428,3.285331895475897,2.79684381964429
66.03571428571428,3.2853360690057687,2.4519100317946996
66.03571428571428,3.2853239539978323,2.1385089088218927
66.03571428571428,3.285344437082982,1.8502715160660814
66.03571428571428,3.285262030484114,1.5820988100132347
66.03571428571428,3.285294233749788,1.3300682261659986
66.03571428571428,3.285277480562727,1.0907872755356849
66.03571428571428,3.2853492826886175,0.8615200360721408
66.03571428571428,3.2852823988614337,0.6398086898687285
66.03571428571428,3.2853508626883685,0.4235990860996974
66.03571428571428,3.285331508279565,0.21092528105663624
66.03571428571428,3.2852592280990303,2.0116410990303908e-16
67.35714285714286,-39.546565329937955,2.4215287324290104e-15
67.35714285714286,-39.44027118885341,2.5321494237320445
67.35714285714286,-39.12276556082126,5.044322031314349
67.35714285714286,-38.59811311770787,7.516981856355547
67.35714285714286,-37.87292796917078,9.931451259104987
67.35714285714286,-36.95613872173316,12.270283441535451
67.35714285714286,-35.85869552740116,14.517576862002775
67.35714285714286,-34.593210532179924,16.659212175363134
67.35714285714286,-33.17358112116487,18.68301281947092
67.35714285714286,-31.614603779182872,20.57882655632364
67.35714285714286,-29.9315933230024,22.338528660320115
67.35714285714286,-28.14003928264393,23.955964711081222
67.35714285714286,-26.25529362078487,25.426833935975804
67.35714285714286,-24.292311307604773,26.748534502362265
67.35714285714286,-22.26544036988774,27.919979124433233
67.35714285714286,-20.188264930120056,28.94139590446721
67.35714285714286,-18.073496797829236,29.814123376101207
67.35714285714286,-15.932912630310277,30.540410566181432
67.35714285714286,-13.777329292144536,31.12322685761597
67.35714285714286,-11.616612897743424,31.566089956539514
67.35714285714286,-9.459712950935677,31.872911911268073
67.35714285714286,-7.314716151937175,32.04786542739751
67.35714285714286,-5.188914883144692,32.09527329110865
67.35714285714286,-3.08888447319445,32.01951883797983
67.35714285714286,-1.0205649319934806,31.824972732928646
67.35714285714286,1.010655010806432,31.51594489777951
67.35714285714286,2.906626010929585,30.130219216542187
67.35714285714286,2.906629076296766,17.978528586518376
67.35714285714286,2.90663428598232,12.734796881920225
67.35714285714286,2.906638706975624,9.793430302359521
67.35714285714286,2.9066408970653446,7.898282299304689
67.35714285714286,2.9066369207616316,6.566143434574562
67.35714285714286,2.906628283515532,5.571462243065781
67.35714285714286,2.906674059319807,4.794862886139564
67.35714285714286,2.9066572267848403,4.166911710845107
67.35714285714286,2.906691439946485,3.6448757795165854
67.35714285714286,2.9067006456902127,3.2006004502726566
67.35714285714286,2.9066616322550187,2.8149448145159
67.35714285714286,2.906659299573979,2.4744751387279513
67.35714285714286,2.906639803652842,2.1692816636402577
67.35714285714286,2.9067247870160893,1.8920681611818386
67.35714285714286,2.906728168388326,1.6370388061019026
67.35714285714286,2.906702795162613,1.3997942905672136
67.35714285714286,2.9067212350926495,1.1768010053412983
67.35714285714286,2.906676507617654,0.9650830918747118
67.35714285714286,2.906669217099315,0.7622184289385112
67.35714285714286,2.90670152308977,0.5660800709162851
67.35714285714286,2.9067330357050043,0.374781723146881
67.35714285714286,2.9067177477780843,0.18661747113108484
67.35714285714286,2.9066257904646466,1.7797949853058374e-16
68.67857142857143,-40.428365889137424,2.4755234440445094e-15
68.67857142857143,-40.319407012942484,2.5885918163233637
68.67857142857143,-39.99395194517623,5.156649076935675
68.67857142857143,-39.456189247826714,7.684092167727632
68.67857142857143,-38.7129345929023,10.151726935907844
68.67857142857143,-37.77339500173599,12.541631221548853
68.67857142857143,-36.648851656867556,14.837475625016767
68.67857142857143,-35.35230249855364,17.024771599709414
68.67857142857143,-33.89806316482826,19.09103350496164
68.67857142857143,-32.30137580669962,21.025865606273964
68.67857142857143,-30.578009324471566,22.820961460321158
68.67857142857143,-28.74390955656556,24.470046970414096
68.67857142857143,-26.814876576328686,25.968759807745574
68.67857142857143,-24.806293837124215,27.31448638937593
68.67857142857143,-22.732915414486886,28.506174289207664
68.67857142857143,-20.608702267195298,29.544124443419577
68.67857142857143,-18.446711944188664,30.42978079667995
68.67857142857143,-16.259033577861864,31.16552336655606
68.67857142857143,-14.056762769366692,31.754471950099628
68.67857142857143,-11.850011434920637,32.20030918077585
68.67857142857143,-9.647942726165285,32.50712048356706
68.67857142857143,-7.4588274588350245,32.67925831730555
68.67857142857143,-5.290114116522001,32.72122633239788
68.67857142857143,-3.148508882527825,32.63758821364639
68.67857142857143,-1.0400597184227045,32.43289196187221
68.67857142857143,1.0297571483729877,32.111619889285265
68.67857142857143,2.530232970665015,26.228511610504036
68.67857142857143,2.5302365506691418,15.650407727571466
68.67857142857143,2.5302357460822122,11.085687127935724
68.67857142857143,2.53024786329356,8.525244653692488
68.67857142857143,2.530255857884322,6.875522557745965
68.67857142857143,2.530263080143243,5.715908372579107
68.67857142857143,2.5302762238166334,4.850065804930128
68.67857142857143,2.5302887399905667,4.173975933661002
68.67857142857143,2.5302938998854443,3.627366579779054
68.67857142857143,2.5302854818261284,3.1728776371737295
68.67857142857143,2.5302986428322156,2.786140013276136
68.67857142857143,2.530316853647201,2.450475221200931
68.67857142857143,2.5302653602906444,2.1540463064733424
68.67857142857143,2.530319542037763,1.8884265531611486
68.67857142857143,2.5302502799662174,1.6470104138961312
68.67857142857143,2.530331556087585,1.4250561833294222
68.67857142857143,2.5303379330216185,1.2185465255491161
68.67857142857143,2.530268763951463,1.0243922909610754
68.67857142857143,2.5303479493602627,0.8401334018724111
68.67857142857143,2.5302777661416855,0.6635169672355133
68.67857142857143,2.5303590838564536,0.4927873874406367
68.67857142857143,2.53035012595237,0.32625252086122425
68.67857142857143,2.530302052196755,0.16245078165559923
68.67857142857143,2.530232204941259,1.5493203854404312e-16
70.0,-41.32584153874807,2.5304779781249277e-15
70.0,-41.21416823439891,2.646037392709993
70.0,-40.880615564836106,5.270971691068412
70.0,-40.329494011313734,7.854168255182518
70.0,-39.56783340507308,10.375907804401884
70.0,-38.605118389914985,12.817782412417417
70.0,-37.452969589472005,15.163026895664059
70.0,-36.12477848599575,17.396776428899816
70.0,-34.635288175007304,19.506230895490635
70.0,-33.000194388992604,21.480746094411305
70.0,-31.23573106010937,23.311831949022118
70.0,-29.358309728214838,24.993093462377967
70.0,-27.384184229383777,26.520103523865828
70.0,-25.329177465758157,27.890239375748077
70.0,-23.208456138446135,29.10248349599597
70.0,-21.036366290743963,30.15721298086754
70.0,-18.82631729854849,31.055979533742928
70.0,-16.59071615932239,31.801296777889842
70.0,-14.34094263841019,32.396439224384885
70.0,-12.087358563605848,32.84525800372054
70.0,-9.839344198549641,33.152015556032254
70.0,-7.605357475518331,33.32124826718177
70.0,-5.393005225990267,33.357644225537044
70.0,-3.2091263420506246,33.26595159335333
70.0,-1.0598780008101625,33.050898986042974
70.0,1.0491751589630032,32.71714496484108
70.0,2.1557145148988015,22.346236033788905
70.0,2.1557205593506,13.33389389684654
70.0,2.1557273125147063,9.444858470870434
70.0,2.1557356322783314,7.263388674472719
70.0,2.155743908987245,5.857852607585147
70.0,2.155746116002235,4.8698680268909005
70.0,2.1557180303710077,4.13210787255591
70.0,2.1557267890396803,3.55609681803883
70.0,2.155723862256954,3.090392263735498
70.0,2.1558081572594405,2.7032979248130595
70.0,2.155809687247835,2.3737860539364757
70.0,2.1557777591372687,2.087754335417513
70.0,2.1557249767104993,1.8351954291949022
70.0,2.1558310244787284,1.608938508800196
70.0,2.155816202726786,1.4032808392316183
70.0,2.1557957720036183,1.2141215594842159
70.0,2.155810869798167,1.0381837978441792
70.0,2.155856512302503,0.8728095699098938
70.0,2.155857139152983,0.7157938862619426
70.0,2.1558220744607968,0.5653231213926347
70.0,2.1557191503703,0.4198262669295493
70.0,2.155848604477195,0.2779658967318252
70.0,2.155861167933058,0.13841087927333556
70.0,2.1557142857142857,1.3199942999381114e-16
