V,ax,ay,a,theta,row_idx,col_idx
5.25,-16.032188145059877,9.816883947587942e-16,16.03218814506001,-1.5707963267948966,0,0
5.250000000000001,-14.469403206932034,0.9289665077793637,14.499193354713162,-1.5066821910073498,0,1
5.25,-15.189703768661657,1.9584954251324949,15.31544334683018,-1.442568055219803,0,2
5.250000000000062,-14.489064223693068,2.8217450048260297,14.761274570734784,-1.3784539194322563,0,3
5.250000000000864,-12.615445908552104,3.3081594921338087,13.041985842113293,-1.3143397836447095,0,4
5.250000000010288,-10.734845257554207,3.5642141898588577,11.311079768810858,-1.2502256478571625,0,5
5.250000000018734,-9.056309898754238,3.666493527913591,9.770359451448629,-1.1861115120696157,0,6
5.250000000036588,-7.644132100222134,3.6812200035504183,8.484346546586353,-1.121997376282069,0,7
5.250000000000003,-6.461391570871479,3.638987937699521,7.415646582925409,-1.0578832404945222,0,8
5.2500000000494005,-5.466626275578478,3.5583793745937746,6.522734598218654,-0.9937691047069754,0,9
5.250000000032221,-4.627458946083199,3.4535623683909016,5.7741206555889635,-0.9296549689194287,0,10
5.250000000001199,-3.9160776177938006,3.333805481818318,5.142948852521229,-0.8655408331318818,0,11
5.250000000000359,-3.3097992262969766,3.2053618026296133,4.607506397637095,-0.801426697344335,0,12
5.250000000000176,-2.7906259612774025,3.0727893226550185,4.150858643368,-0.7373125615567883,0,13
5.250000000000099,-2.3443767139115517,2.9397554157899877,3.7600883076620164,-0.6731984257692414,0,14
5.2500000000000595,-1.9596829123759039,2.8093528200995284,3.425320479147575,-0.6090842899816946,0,15
5.250000000000036,-1.6271185132156594,2.684102176973722,3.138776696818025,-0.5449701541941478,0,16
5.250000000000023,-1.3386215949772031,2.5658869819949253,2.8940773622886815,-0.4808560184066011,0,17
5.250000000000013,-1.087182072700836,2.455963239805964,2.6858369821120753,-0.4167418826190543,0,18
5.250000000000008,-0.8666809591354029,2.3550521447612165,2.5094633867567167,-0.35262774683150755,0,19
5.250000000000004,-0.6717857652636045,2.2634691592173857,2.361056701805177,-0.2885136110439608,0,20
5.250000000000002,-0.4978559877155517,2.1812496021882173,2.2373444999710057,-0.2243994752564138,0,21
5.25,-0.3408459054320742,2.1082524441735426,2.1356273784566295,-0.16028533946886703,0,22
5.249999999999999,-0.19720563531599267,2.0442427063081734,2.053732773486987,-0.09617120368132026,0,23
5.25,-0.06378059931815551,1.988913953985675,1.9899363510445036,-0.032057067893773494,0,24
5.250000000000001,0.062264937370880936,1.9416500331587092,1.9426481342978752,0.03205706789377327,0,25
5.250000000000001,0.18355230974480216,1.9027117040574772,1.9115447363768294,0.09617120368132004,0,26
5.249999999999999,0.30262521180211077,1.8718439396875122,1.8961491906923225,0.1602853394688668,0,27
5.250000000000002,0.4219930693485806,1.848872439731894,1.8964196394728732,0.2243994752564138,0,28
5.250000000000002,0.5442384456118314,1.8337199157819093,1.912779186214964,0.28851361104396056,0,29
5.250000000000002,0.6721372797796005,1.826414121175426,1.9461647065185799,0.3526277468315073,0,30
5.250000000000002,0.8088041934038629,1.8271027614221247,1.9981162939288628,0.4167418826190541,0,31
5.250000000000001,0.9578781441163731,1.8360730691533376,2.0709164286001442,0.48085601840660086,0,32
5.250000000000001,1.1237711370104653,1.8537780320051431,2.1677994741955797,0.5449701541941478,0,33
5.250000000000001,1.3120150230683763,1.880872197123727,2.2932648435516927,0.6090842899816944,0,34
5.25,1.5297622864020581,1.9182612332003834,2.4535482085537836,0.6731984257692414,0,35
5.250000000000001,1.786533035683902,1.9671714205984665,2.657341469515981,0.7373125615567879,0,36
5.250000000000002,2.095365562203531,2.029248385290734,2.9169171823131306,0.8014266973443349,0,37
5.25,2.474648901882615,2.1066993251278046,3.249933727644733,0.8655408331318815,0,38
5.250000000000003,2.9511499666854175,2.2025004616457253,3.6824305029989337,0.9296549689194284,0,39
5.250000000000007,3.5652206262407247,2.320701452242952,4.253992635655926,0.993769104706975,0,40
5.250000000000018,4.380167643325512,2.466864458581846,5.027055683066467,1.057883240494522,0,41
5.250000000000036,5.499928470026661,2.648625956422035,6.1044600606810056,1.121997376282069,0,42
5.25000000000008,7.103141561924568,2.8757433049452437,7.663192520402127,1.1861115120696155,0,43
5.250000000000126,9.445998370486876,3.13628753987677,9.953049017724526,1.2502256478571625,0,44
5.25,10.449316438498187,2.7401334532251704,10.802617524163189,1.314339783644709,0,45
5.25,10.783186609041191,2.1000254040053705,10.98577353411561,1.378453919432256,0,46
5.25,11.079159689054762,1.4284994556702855,11.17087239701663,1.4425680552198026,0,47
5.25,11.347712087663393,0.7285472882746086,11.37107518116717,1.5066821910073496,0,48
5.25,11.59599536844795,7.100499305448659e-16,11.595995368447953,1.5707963267948966,0,49
6.575385857131318,-16.116924314465223,9.868769886905074e-16,16.116924314465354,-1.5707963267948966,1,0
6.575385857131319,-15.393177044954196,0.9882747559505131,15.424869092817431,-1.5066821910073498,1,1
6.575385857131317,-14.845113963600207,1.9140654897605607,14.968001045275583,-1.442568055219803,1,2
6.575385857131317,-14.43925424198821,2.8120445117441566,14.710528794057884,-1.3784539194322563,1,3
6.575385857131319,-14.176246892962341,3.7174497089081826,14.655558955853145,-1.3143397836447095,1,4
6.575385857131317,-14.0629297388728,4.669214368244933,14.817812107632577,-1.2502256478571625,1,5
6.575385857135157,-13.37244376479594,5.413902468661354,14.42680117962521,-1.1861115120696157,1,6
6.575385857135627,-11.880149542646326,5.721178487986142,13.185971199634713,-1.121997376282069,1,7
6.575385857138529,-10.207120259412639,5.74854303435728,11.71456576373741,-1.0578832404945222,1,8
6.575385857136287,-8.862442670513618,5.768810890872597,10.574595462325867,-0.9937691047069754,1,9
6.575385857160754,-7.752189989235402,5.78560975466337,9.673144778046874,-0.9296549689194287,1,10
6.575385857131319,-6.813350971646418,5.8002902484093095,8.947911400356428,-0.8655408331318818,1,11
6.575385857138673,-6.002956685593107,5.81353935638009,8.356597921494648,-0.801426697344335,1,12
6.575385857131331,-5.2540961113628395,5.7853437383512505,7.815096168207035,-0.7373125615567883,1,13
6.575385857172967,-4.566434683251478,5.726127979096892,7.323992583534963,-0.6731984257692414,1,14
6.575385857131319,-3.93786318845014,5.64522300202871,6.882972412670619,-0.6090842899816946,1,15
6.575385857133436,-3.36429320039921,5.549753524400554,6.4898561555966054,-0.5449701541941478,1,16
6.575385857139799,-2.8407463496873553,5.445178910776568,6.141645805100752,-0.4808560184066011,1,17
6.575385857132591,-2.361970986046759,5.335733600629569,5.835148669573208,-0.4167418826190543,1,18
6.575385857131854,-1.9227661798746372,5.224776854843949,5.567344336885716,-0.35262774683150755,1,19
6.575385857131634,-1.5181216629936523,5.115055635032219,5.335586896786356,-0.2885136110439608,1,20
6.575385857131531,-1.143245304723857,5.008884954035401,5.1376977635466154,-0.2243994752564138,1,21
6.575385857131471,-0.7935289374391848,4.908257060520835,4.97198909358361,-0.16028533946886703,1,22
6.575385857131433,-0.46448763776216495,4.814900264637129,4.837252662828419,-0.09617120368132026,1,23
6.575385857131408,-0.15166477057343644,4.729466040616329,4.731897212744379,-0.032057067893773494,1,24
6.575385857131397,0.14916918457885348,4.651644479386795,4.654035647504017,0.03205706789377327,1,25
6.575385857131386,0.44243015172612055,4.586251347559002,4.607542280016848,0.09617120368132004,1,26
6.575385857131378,0.7329977216083541,4.533850087455395,4.592720574496282,0.1602853394688668,1,27
6.575385857131372,1.0259626772486206,4.4950361888282275,4.610634419901582,0.2243994752564138,1,28
6.575385857131367,1.3268026067553977,4.470438249878007,4.663177382779224,0.28851361104396056,1,29
6.575385857131365,1.6416039396474573,4.460768219449112,4.753242745990501,0.3526277468315073,1,30
6.575385857131366,1.977352517720213,4.466873780940238,4.884965133364154,0.4167418826190541,1,31
6.57538585713138,2.34232360582913,4.489795824572676,5.064064219653097,0.48085601840660086,1,32
6.575385857131394,2.746618770863885,4.53083494675205,5.298337473884265,0.5449701541941478,1,33
6.575385857131422,3.202923902194812,4.591632268851171,5.598375515772248,0.6090842899816944,1,34
6.575385857131488,3.727607149764245,4.674271520189409,5.978617675300381,0.6731984257692414,1,35
6.575385857131715,4.342351850462482,4.781411979395853,6.458941098191259,0.7373125615567879,1,36
6.575385857131484,5.076673065763767,4.916483694862986,7.067136714293491,0.8014266973443349,1,37
6.57538585713161,5.971945039458879,5.083990934944456,7.842900699422405,0.8655408331318815,1,38
6.575385857132164,7.0875448347192975,5.289572182629774,8.843803800422936,0.9296549689194284,1,39
6.575385857132404,8.491191362429504,5.52715306928056,10.131621381175947,0.993769104706975,1,40
6.575385857131318,9.351541443707909,5.266690021692534,10.732630206898058,1.057883240494522,1,41
6.5753858571313195,9.69314470878206,4.667972468177992,10.758578963276687,1.121997376282069,1,42
6.575385857131317,10.008663250455562,4.05205866770479,10.79780160530575,1.1861115120696155,1,43
6.575385857131319,10.310259950067815,3.4232421545935647,10.863703193983202,1.2502256478571625,1,44
6.575385857131318,10.597809862967143,2.7790730147137843,10.956131649113937,1.314339783644709,1,45
6.575385857131318,10.872095559318938,2.1173404205210065,11.076352843212277,1.378453919432256,1,46
6.575385857131317,11.134869254362133,1.4356824087055993,11.227043123209596,1.4425680552198026,1,47
6.575385857131317,11.388664439313377,0.7311765164848931,11.412111847048388,1.5066821910073496,1,48
6.575385857131318,11.634248980782829,7.12392288739953e-16,11.634248980782838,1.5707963267948966,1,49
7.900771714262636,-16.220571579576056,9.932235532639003e-16,16.22057157958394,-1.5707963267948966,2,0
7.900771714262636,-15.459412086523953,0.9925271867093852,15.491240501564775,-1.5066821910073498,2,1
7.9007717142626355,-14.80178937606052,1.9084794027779226,14.92431781905244,-1.442568055219803,2,2
7.9007717142626355,-14.237940753144239,2.772838713303569,14.50543316899021,-1.3784539194322563,2,3
7.900771714262636,-13.744431354329558,3.604214339877649,14.209143333137924,-1.3143397836447095,2,4
7.9007717142626355,-13.308571137597005,4.418750056377515,14.022960378793682,-1.2502256478571625,2,5
7.900771714262635,-12.922462514506467,5.231725249384564,13.941340915560243,-1.1861115120696157,2,6
7.900771714262635,-12.578868926140778,6.057664008136146,13.961491206046002,-1.121997376282069,2,7
7.900771714262635,-12.26337015104541,6.906601397813357,14.074494318796923,-1.0578832404945222,2,8
7.900771714262636,-11.936363944155156,7.7697119039017,14.242373653199119,-0.9937691047069754,2,9
7.900771714266363,-11.117991500050541,8.297572706364237,13.872975450805356,-0.9296549689194287,2,10
7.900771714267978,-9.78757965469369,8.332288043156298,12.853938678839112,-0.8655408331318818,2,11
7.900771714266806,-8.628993803607841,8.356714484438132,12.012252538457705,-0.801426697344335,2,12
7.900771714275441,-7.60841624921937,8.377711861476357,11.316980775605172,-0.7373125615567883,2,13
7.900771714317684,-6.696323194184705,8.396923698734192,10.74006852774651,-0.6731984257692414,2,14
7.9007717142626355,-5.8700247376428045,8.415121878437132,10.260188431480707,-0.6090842899816946,2,15
7.900771714274208,-5.111980823544574,8.43274705993687,9.861215489125733,-0.5449701541941478,2,16
7.900771714290018,-4.40842059850782,8.450116948571468,9.5309311522021,-0.4808560184066011,2,17
7.9007717142626355,-3.7483104667955676,8.46749863613786,9.260041280063824,-0.4167418826190543,2,18
7.9007717142626435,-3.122610583613184,8.485141706041604,9.041478121883697,-0.35262774683150755,2,19
7.900771714263206,-2.52373597107273,8.50330392802838,8.869916625549406,-0.2885136110439608,2,20
7.900771714262653,-1.9451527624666378,8.52227108645405,8.741437166756068,-0.2243994752564138,2,21
7.900771714263431,-1.3810660918767284,8.542382106956895,8.653302006254988,-0.16028533946886703,2,22
7.900771714296315,-0.8261647268296214,8.564061647185701,8.603818922706875,-0.09617120368132026,2,23
7.900771714264348,-0.2751347255728259,8.579713906932653,8.584124290928374,-0.032057067893773494,2,24
7.900771714305036,0.2751192792933919,8.579232218681083,8.583642355155376,0.03205706789377327,2,25
7.900771714262649,0.8276337189611307,8.579289282325389,8.6191172496135,0.09617120368132004,2,26
7.900771714271956,1.3871258877263717,8.579864086363246,8.691270676316462,0.1602853394688668,2,27
7.900771714262934,1.9585523055743865,8.580978320652925,8.80165416687058,0.2243994752564138,2,28
7.9007717142626435,2.547296585084701,8.582687454617423,8.952722705190395,0.28851361104396056,2,29
7.900771714328196,3.159395097254097,8.585097112830704,9.147987200491288,0.3526277468315073,2,30
7.900771714262654,3.8018267438918976,8.588392838296249,9.392250962121478,0.4167418826190541,2,31
7.9007717142626355,4.482905720229399,8.592890979947784,9.691966729706282,0.48085601840660086,2,32
7.900771714272986,5.212871689839311,8.599177096418714,10.055838005599215,0.5449701541941478,2,33
7.900771714268741,6.004904909026145,8.608482747581597,10.495944844935154,0.6090842899816944,2,34
7.900771714266134,6.877600774436449,8.624238590347074,11.030815186836897,0.6731984257692414,2,35
7.900771714262644,7.806351992210231,8.59566111150948,11.611396185580562,0.7373125615567879,2,36
7.9007717142626355,8.206286439563382,7.947345230397416,11.423809930985477,0.8014266973443349,2,37
7.900771714262635,8.5686711211346,7.294616078427707,11.253157268687858,0.8655408331318815,2,38
7.900771714262636,8.912165710722965,6.651322133309635,11.120556810539748,0.9296549689194284,2,39
7.9007717142626355,9.23836610128109,6.013509926930334,11.023144282036359,0.993769104706975,2,40
7.900771714262636,9.549154796568377,5.377983788599092,10.95942822227792,1.057883240494522,2,41
7.900771714262636,9.846393648219976,4.741773267770463,10.928672453626358,1.121997376282069,2,42
7.900771714262636,10.131777025495486,4.101901911181051,10.93062235114319,1.1861115120696155,2,43
7.900771714262636,10.406911528814167,3.4553326896794814,10.965542921576443,1.2502256478571625,2,44
7.900771714262635,10.673353412694448,2.7988828662960885,11.034229396361317,1.314339783644709,2,45
7.900771714262635,10.932587730701629,2.129121269842542,11.137981498960478,1.378453919432256,2,46
7.900771714262635,11.186220316397938,1.4423033949739645,11.278819266667487,1.4425680552198026,2,47
7.900771714262636,11.435591997945684,0.7341893657114865,11.459136021891243,1.5066821910073496,2,48
7.9007717142626355,11.680501091196113,7.152244136897368e-16,11.68050109120351,1.5707963267948966,2,49
9.226157571393953,-16.3430858709658,1.0007253900039226e-15,16.343085870973844,-1.5707963267948966,3,0
9.226157571393953,-15.57038819841754,0.9996520894879123,15.602445095222668,-1.5066821910073498,3,1
9.226157571393955,-14.848774087694618,1.914537410503945,14.971691467686963,-1.442568055219803,3,2
9.226157571393951,-14.14379862978218,2.754504536421051,14.409522369634354,-1.3784539194322563,3,3
9.226157571393951,-13.392402058887996,3.5119013876733445,13.845211600537194,-1.3143397836447095,3,4
9.226157571393951,-12.452055316661552,4.134367210697446,13.120467744790872,-1.2502256478571625,3,5
9.226157571393955,-12.634981233070857,5.115336977634972,13.631193020231676,-1.1861115120696157,3,6
9.226157571393955,-12.16647232109609,5.859064270264219,13.503765506816425,-1.121997376282069,3,7
9.226157571393953,-11.716877002063512,6.598822190289679,13.44729195713938,-1.0578832404945222,3,8
9.226157571393955,-11.280082876156195,7.342520269136695,13.459304350360632,-0.9937691047069754,3,9
9.226157571393953,-10.8497073013624,8.097347003619474,13.53821173649842,-0.9296549689194287,3,10
9.226157571393953,-10.418126023001106,8.869079991531791,13.682029444761705,-0.8655408331318818,3,11
9.226157571393953,-9.975574831781438,9.6608054865868,13.886801499054855,-0.801426697344335,3,12
9.226157571393953,-9.509117479264829,10.470595150885856,14.144139353395621,-0.7373125615567883,3,13
9.226157571393955,-8.998652207325234,11.283952960406788,14.43271755287522,-0.6731984257692414,3,14
9.226157571394063,-7.653373864648854,10.971686957187657,13.377295922524958,-0.6090842899816946,3,15
9.226157571393955,-6.351978180668332,10.47825239794581,12.253219989982307,-0.5449701541941478,3,16
9.226157571393957,-5.996458264610866,11.494087841529995,12.964241860904805,-0.4808560184066011,3,17
9.226157571395934,-5.100418604667712,11.521934472360444,12.600366817296951,-0.4167418826190543,3,18
9.226157571395323,-4.2502899032513355,11.549410711328088,12.30665884964577,-0.35262774683150755,3,19
9.226157571395598,-3.436132088543292,11.577469204886711,12.076621916776007,-0.2885136110439608,3,20
9.226157571395904,-2.64917962768183,11.606814323355517,11.90530518034452,-0.2243994752564138,3,21
9.226157571396222,-1.88157007364701,11.63817620684871,11.789293929838143,-0.16028533946886703,3,22
9.226157571396541,-1.126028725181991,11.67246567258526,11.726653212571382,-0.09617120368132026,3,23
9.226157571396705,-0.37513143054001685,11.697979398903842,11.703992720758391,-0.032057067893773494,3,24
9.22615757139652,0.37498483993906817,11.693408161583534,11.699419133602625,0.03205706789377327,3,25
9.226157571396318,1.1278743275189445,11.691597270642529,11.745873625987587,0.09617120368132004,3,26
9.226157571395905,1.8903284448278561,11.692349828968661,11.844170977844268,0.1602853394688668,3,27
9.226157571395612,2.6695087211396586,11.69588190104008,11.99666329674578,0.2243994752564138,3,28
9.226157571396476,3.47340065300319,11.703039365178164,12.207605927449302,0.28851361104396056,3,29
9.22615757139557,4.311561394292271,11.715905146159686,12.48406965103336,0.3526277468315073,3,30
9.226157571394774,5.197447589749503,11.741124639904891,12.840072790316956,0.4167418826190541,3,31
9.226157571393953,6.18020540586831,11.846296710338304,13.361500088242186,0.48085601840660086,3,32
9.226157571393953,6.716629864687498,11.079783491674563,12.956647674518527,0.5449701541941478,3,33
9.226157571393953,7.183204327492193,10.297663569615093,12.55548881579213,0.6090842899816944,3,34
9.226157571393955,7.613050392311829,9.546463240586531,12.210384788357379,0.6731984257692414,3,35
9.226157571393953,8.010398589359905,8.820339091327728,11.914901059027898,0.7373125615567879,3,36
9.226157571393953,8.380430547513289,8.115994394170906,11.666232518165781,0.8014266973443349,3,37
9.226157571393953,8.72671304036404,7.429159125859389,11.46071227307454,0.8655408331318815,3,38
9.226157571393953,9.052906222165573,6.756359506850118,11.296172132768262,0.9296549689194284,3,39
9.226157571393953,9.362203257836946,6.0941189829157185,11.170905783283139,0.993769104706975,3,40
9.226157571393953,9.657278829483545,5.438878109464506,11.083520626588182,1.057883240494522,3,41
9.22615757139395,9.940454127452165,4.787070407201554,11.033071709342229,1.121997376282069,3,42
9.226157571393955,10.213777252399833,4.135100123756185,11.019087929367434,1.1861115120696155,3,43
9.226157571393951,10.479081014354326,3.479294609783618,11.041586384531575,1.2502256478571625,3,44
9.226157571393953,10.738014235324377,2.8158389307663514,11.101076461409079,1.314339783644709,3,45
9.226157571393953,10.991931378564672,2.1406784442286617,11.198440053537023,1.378453919432256,3,46
9.226157571393951,11.2422176110483,1.449523446599909,11.33528010401198,1.4425680552198026,3,47
9.226157571393951,11.48994028047179,0.7376786412192626,11.513596198691427,1.5066821910073496,3,48
9.226157571393955,11.734910726208234,7.185560429565431e-16,11.734910726208238,1.5707963267948966,3,49
10.551543428525271,-16.484411350315025,1.0093790798000845e-15,16.48441135032327,-1.5707963267948966,4,0
10.551543428525271,-15.69626664377348,1.0077337538188216,15.728582703823704,-1.5066821910073498,4,1
10.551543428525271,-14.953227212927288,1.9280051496399133,15.077009250460367,-1.442568055219803,4,2
10.551543428525273,-14.230530515420178,2.7713955696360735,14.497883712932168,-1.3784539194322563,4,3
10.551543428525271,-13.484278032898297,3.5359941052606625,13.940193986488916,-1.3143397836447095,4,4
10.551543428525271,-12.619381389183705,4.189923294423119,13.296775694085637,-1.2502256478571625,4,5
10.551543428525271,-12.57639485279605,5.091617980995619,13.567987365775119,-1.1861115120696157,4,6
10.55154342852527,-12.060565743802638,5.808062350674911,13.386218074195337,-1.121997376282069,4,7
10.55154342852527,-11.56156343267468,6.511351217610209,13.26904079754204,-1.0578832404945222,4,8
10.551543428525271,-11.073690639675627,7.208173811190501,13.213038790360573,-0.9937691047069754,4,9
10.551543428525271,-10.591709681003312,7.9047983753358775,13.216283566925046,-0.9296549689194287,4,10
10.551543428525271,-10.110589013218219,8.607269918002233,13.278143907774012,-0.8655408331318818,4,11
10.551543428525271,-9.625249554553104,9.321534375155556,13.399120571688005,-0.801426697344335,4,12
10.551543428525271,-9.130295861561057,10.05347044903419,13.580669003743678,-0.7373125615567883,4,13
10.55154342852527,-8.619740989116087,10.808813321277285,13.824991144072115,-0.6731984257692414,4,14
10.55154342852527,-8.086409641976177,11.59247630760862,14.134197106320459,-0.6090842899816946,4,15
10.551543428525271,-7.521335130174611,12.407228995718947,14.508956319895068,-0.5449701541941478,4,16
10.55154342852527,-6.911121407573069,13.247325844156977,14.941728184235364,-0.4808560184066011,4,17
10.551543428525271,-6.224783714165721,14.061894839801422,15.378062907119629,-0.4167418826190543,4,18
10.551543428525271,-5.409977588748231,14.700656786330086,15.664519381719394,-0.35262774683150755,4,19
10.551543428525447,-4.424844315359304,14.908768780070758,15.551547632318071,-0.2885136110439608,4,20
10.551543428525441,-3.4260811095397092,15.010642117836392,15.396668748814903,-0.2243994752564138,4,21
10.551543428525473,-2.438333605058671,15.08195551412926,15.277789529264775,-0.16028533946886703,4,22
10.551543428525473,-1.4608168526157557,15.142894834493191,15.213193282333743,-0.09617120368132026,4,23
10.55154342852549,-0.4856490502035951,15.144325753830136,15.152110662815002,-0.032057067893773494,4,24
10.551543428525605,0.4831004904078489,15.064852262736325,15.072596318539908,0.03205706789377327,4,25
10.551543428525436,1.4446877524533919,14.97569983512187,15.04522210713402,0.09617120368132004,4,26
10.551543428525386,2.401843816489027,14.856253255658405,15.049156604445097,0.1602853394688668,4,27
10.551543428525271,3.349685249108923,14.675929982484657,15.053348867241791,0.2243994752564138,4,28
10.551543428525473,4.276709019356916,14.409651808830809,15.03091165849269,0.28851361104396056,4,29
10.551543428525273,5.112488901702283,13.892283920755407,14.803144777543508,0.3526277468315073,4,30
10.551543428525273,5.768198469254991,13.030460818029843,14.250088515898048,0.4167418826190541,4,31
10.55154342852527,6.343683185297592,12.159653007335747,13.71493629639732,0.48085601840660086,4,32
10.551543428525273,6.858243093042221,11.313389323963781,13.22982525654965,0.5449701541941478,4,33
10.551543428525271,7.3226243108050015,10.497532599866897,12.799180344165055,0.6090842899816944,4,34
10.55154342852527,7.745691412348664,9.712789818859932,12.423124466923857,0.6731984257692414,4,35
10.551543428525273,8.134643754439614,8.957146826203372,12.099706950079828,0.7373125615567879,4,36
10.551543428525271,8.495432854371623,8.227367917582091,11.826324967393623,0.8014266973443349,4,37
10.551543428525273,8.833073889520527,7.519705436880548,11.600395001687758,0.8655408331318815,4,38
10.55154342852527,9.151063450462322,6.8296161502189685,11.418652242437437,0.9296549689194284,4,39
10.551543428525271,9.452832074200124,6.153111804902972,11.279043359552498,0.993769104706975,4,40
10.551543428525273,9.741180896359278,5.4861308732012315,11.17981382731793,1.057883240494522,4,41
10.551543428525273,10.018514833104138,4.824662461769761,11.119712556138333,1.121997376282069,4,42
10.551543428525273,10.286926696567004,4.164715051530075,11.098004880201973,1.1861115120696155,4,43
10.55154342852527,10.548257016185172,3.502262624819172,11.114475676913763,1.2502256478571625,4,44
10.551543428525271,10.804142794307614,2.833179881033295,11.169440888338306,1.314339783644709,4,45
10.55154342852527,11.055905009239384,2.1531373076865874,11.263615575785558,1.378453919432256,4,46
10.55154342852527,11.304876288761132,1.4576023884617397,11.398457467001652,1.4425680552198026,4,47
10.551543428525271,11.552091207665113,0.7416688631354214,11.575875084535111,1.5066821910073496,4,48
10.551543428525271,11.797507144812984,7.223889681406623e-16,11.797507144812979,1.5707963267948966,4,49
11.876929285656589,-16.644483458803943,1.0191806695647811e-15,16.64448345881236,-1.5707963267948966,5,0
11.87692928565659,-15.844107815607398,1.0172254719733593,15.876728256584329,-1.5066821910073498,5,1
11.87692928565659,-15.086344034596596,1.9451686631763256,15.211228006259452,-1.442568055219803,5,2
11.87692928565659,-14.351370345820333,2.794929124498533,14.620993797066662,-1.3784539194322563,5,3
11.87692928565659,-13.604704487206769,3.5675736404432876,14.064692170972316,-1.3143397836447095,5,4
11.876929285656589,-12.77471631665845,4.24149804369107,13.460448827053835,-1.2502256478571625,5,5
11.876929285656587,-12.611688943694343,5.105906974776747,13.606064237963023,-1.1861115120696157,5,6
11.876929285656587,-12.06982087436722,5.812519386648559,13.396490494136017,-1.121997376282069,5,7
11.876929285656587,-11.544785536196926,6.50190208235307,13.249785046003192,-1.0578832404945222,5,8
11.87692928565659,-11.031155901297632,7.180486764728898,13.162286681925044,-0.9937691047069754,5,9
11.87692928565659,-10.523945548562422,7.854224688919075,13.131727813701193,-0.9296549689194287,5,10
11.87692928565659,-10.018419990328049,8.528805284828332,13.157099174556725,-0.8655408331318818,5,11
11.876929285656589,-9.50992141960717,9.209845304838133,13.23857454358864,-0.801426697344335,5,12
11.87692928565659,-8.993703280333795,9.903066836736459,13.377497204916823,-0.7373125615567883,5,13
11.87692928565659,-8.464794065084355,10.614516024098515,13.576475573216069,-0.6731984257692414,5,14
11.876929285656587,-7.917478615588695,11.350300977922894,13.83892336555641,-0.6090842899816946,5,15
11.876929285656589,-7.345599612178796,12.117334877622985,14.169955476249793,-0.5449701541941478,5,16
11.876929285656587,-6.741904846340783,12.922969376841026,14.575884826379758,-0.4808560184066011,5,17
11.87692928565659,-6.0968467414958365,13.772882989731631,15.062000067658145,-0.4167418826190543,5,18
11.876929285656587,-5.392772451963255,14.653904871615275,15.614702133087096,-0.35262774683150755,5,19
11.876929285656587,-4.573391483629734,15.409273478994638,16.073631164521142,-0.2885136110439608,5,20
11.876929285656589,-3.6215022056947053,15.866837881702839,16.274883182074372,-0.2243994752564138,5,21
11.876929285656589,-2.6059665612572864,16.118824620358367,16.328122024908936,-0.16028533946886703,5,22
11.876929285656587,-1.568349027114868,16.257578311625654,16.33305149779188,-0.09617120368132026,5,23
11.876929285656589,-0.516052495660599,16.09241713935919,16.10068941273721,-0.032057067893773494,5,24
11.876929285656589,0.5062733757285147,15.787468168524772,15.795583683522047,0.03205706789377327,5,25
11.876929285656587,1.4942924874026806,15.489904807026866,15.561814192716977,0.09617120368132004,5,26
11.876929285656589,2.4570146983285968,15.197504680443314,15.394839061837633,0.1602853394688668,5,27
11.876929285656587,3.4026049976880084,14.907786550205179,15.291168058613223,0.2243994752564138,5,28
11.876929285656592,4.33835789894016,14.617367341866004,15.247582669601647,0.28851361104396056,5,29
11.87692928565659,5.196917323972509,14.1217032184234,15.047606170465933,0.3526277468315073,5,30
11.876929285656589,5.866411246476598,13.252325192536706,14.49271899684563,0.4167418826190541,5,31
11.876929285656587,6.446743937927819,12.35720117518294,13.937751909298422,0.48085601840660086,5,32
11.876929285656589,6.961563461468134,11.483827078537411,13.429134380063292,0.5449701541941478,5,33
11.87692928565659,7.424031427899095,10.642907327883938,12.976429363748727,0.6090842899816944,5,34
11.87692928565659,7.844142937948295,9.83624412714429,12.581028453975707,0.6731984257692414,5,35
11.876929285656589,8.229690248423044,9.061803579175622,12.241081884071825,0.7373125615567879,5,36
11.876929285656589,8.586765546568525,8.315818697487982,11.953467411643754,0.8014266973443349,5,37
11.87692928565659,8.92084444644163,7.594425601381913,11.715663269850998,0.8655408331318815,5,38
11.876929285656587,9.235419932531041,6.892573028993871,11.5239118484223,0.9296549689194284,5,39
11.876929285656589,9.534043358137684,6.205974492610229,11.375944011719675,0.993769104706975,5,40
11.87692928565659,9.819580104980961,5.5302844849070505,11.269791476426889,1.057883240494522,5,41
11.876929285656589,10.094475215011665,4.861243053731356,11.204022219450431,1.121997376282069,5,42
11.87692928565659,10.360845937126214,4.19464163532282,11.177752322432779,1.1861115120696155,5,43
11.876929285656589,10.6205460096834,3.526264224299182,11.19064506288075,1.2502256478571625,5,44
11.876929285656589,10.875222393489384,2.8518191469322822,11.242923754729699,1.314339783644709,5,45
11.876929285656589,11.126210436113688,2.1668292883439286,11.335241851566867,1.378453919432256,5,46
11.876929285656589,11.374839654970284,1.4666231656101532,11.468999986319284,1.4425680552198026,5,47
11.87692928565659,11.622160714601407,0.7461674747387843,11.646088853189521,1.5066821910073496,5,48
11.876929285656587,11.868270779602689,7.26721991082725e-16,11.868270779602694,1.5707963267948966,5,49
13.202315142787906,-16.823229114137792,1.0301256842975815e-15,16.823229114137973,-1.5707963267948966,6,0
13.202315142787906,-16.011929691371193,1.0279999938819468,16.044895650294407,-1.5066821910073498,6,1
13.202315142787905,-15.242229796904398,1.965267906517266,15.368404182804005,-1.442568055219803,6,2
13.202315142787905,-14.497075891644004,2.8233052770059572,14.769436756195406,-1.3784539194322563,6,3
13.202315142787906,-13.747171585873073,3.6049329132088452,14.211976214452822,-1.3143397836447095,6,4
13.202315142787906,-12.933736235586194,4.2942962944170295,13.628004757702397,-1.2502256478571625,6,5
13.202315142787905,-12.698283769275264,5.140965334199285,13.699486678429928,-1.1861115120696157,6,6
13.202315142787906,-12.138748436631051,5.845713151171096,13.472994316542557,-1.121997376282069,6,7
13.202315142787905,-11.596259395848714,6.530891620028528,13.30886085765304,-1.0578832404945222,6,8
13.202315142787903,-11.065553623898236,7.202877200879054,13.203329768445213,-0.9937691047069754,6,9
13.202315142787906,-10.541785097962293,7.867538690658173,13.153987916241379,-0.9296549689194287,6,10
13.202315142787906,-10.02035825790549,8.530455356074489,13.15964468360585,-0.8655408331318818,6,11
13.202315142787906,-9.496784344060481,9.197122756648247,13.220286679132576,-0.801426697344335,6,12
13.202315142787906,-8.966496053898373,9.87310865672606,13.337028380868619,-0.7373125615567883,6,13
13.20231514278791,-8.424477738663942,10.563960949807038,13.511813206164938,-0.6731984257692414,6,14
13.202315142787906,-7.865808802652612,11.276228415586798,13.748609944295294,-0.6090842899816946,6,15
13.202315142787906,-7.284643367238431,12.016781175839313,14.05236844150687,-0.5449701541941478,6,16
13.202315142787905,-6.674367507391466,12.793512942357127,14.429870236075718,-0.4808560184066011,6,17
13.202315142787906,-6.027098554249896,13.615320619801745,14.88969014327168,-0.4167418826190543,6,18
13.202315142787906,-5.332623116053843,14.49045969487272,15.440540517307245,-0.35262774683150755,6,19
13.202315142787906,-4.569140563681679,15.394950719099871,16.058690891047487,-0.2885136110439608,6,20
13.202315142787906,-3.663567967254762,16.05114002512564,16.46392499852041,-0.2243994752564138,6,21
13.202315142787906,-2.6412273647713285,16.336925157842764,16.54905452300471,-0.16028533946886703,6,22
13.20231514278791,-1.5856620189742268,16.437045583237147,16.513351917277024,-0.09617120368132026,6,23
13.202315142787908,-0.5210318436344687,16.247691545025198,16.25604363688674,-0.032057067893773494,6,24
13.202315142787908,0.5111973014361394,15.941014304239058,15.949208749306298,0.03205706789377327,6,25
13.202315142787906,1.5088907554787885,15.641231126882461,15.713843020614751,0.09617120368132004,6,26
13.202315142787906,2.4810649826329425,15.346264192778047,15.54553016537502,0.1602853394688668,6,27
13.202315142787905,3.4359160493461385,15.053731803399803,15.440866565929532,0.2243994752564138,6,28
13.202315142787905,4.3808366515834285,14.760492355082548,15.396878395710733,0.28851361104396056,6,29
13.20231514278791,5.25885393732744,14.290005005352837,15.22694282471567,0.3526277468315073,6,30
13.202315142787905,5.9418687126863965,13.422784923094927,14.679133451619922,0.4167418826190541,6,31
13.202315142787906,6.528555122633396,12.514017899644372,14.114626313929932,0.48085601840660086,6,32
13.202315142787905,7.046128771750712,11.623326403007198,13.592264246215146,0.5449701541941478,6,33
13.202315142787905,7.50952229385802,10.765464913020574,13.125858443371598,0.6090842899816944,6,34
13.202315142787908,7.92955257456086,9.943344423910665,12.718014875177737,0.6731984257692414,6,35
13.202315142787906,8.314459019110648,9.155143416573098,12.367169431947408,0.7373125615567879,6,36
13.202315142787906,8.67055592538724,8.396965154215085,12.070110349800977,0.8014266973443349,6,37
13.202315142787905,9.003509154160684,7.664799093084579,11.824226073042075,0.8655408331318815,6,38
13.202315142787908,9.316950090689295,6.953420567414065,11.625644781246969,0.9296549689194284,6,39
13.20231514278791,9.614493160076458,6.258341510465407,11.471936069677788,0.993769104706975,6,40
13.202315142787908,9.899057915450157,5.575045553856354,11.36100702143137,1.057883240494522,6,41
13.20231514278791,10.173126902239337,4.8991197100266,11.291319006309228,1.121997376282069,6,42
13.202315142787905,10.438844598822254,4.226219793692815,11.261900829920522,1.1861115120696155,6,43
13.202315142787906,10.69808519326662,3.5520090069875314,11.27234646327526,1.2502256478571625,6,44
13.202315142787906,10.9525136282861,2.8720872955096675,11.322828277900534,1.314339783644709,6,45
13.202315142787906,11.203490071650473,2.181879496016629,11.413973362537327,1.378453919432256,6,46
13.202315142787906,11.45235135874826,1.4766171931142715,11.547153327951742,1.4425680552198026,6,47
13.202315142787905,11.70016952493412,0.7511758065320474,11.724258270974738,1.5066821910073496,6,48
13.20231514278791,11.947158184369611,7.315524514697679e-16,11.947158184369616,1.5707963267948966,6,49
14.527700999919224,-17.02056677203616,1.0422091308524054e-15,17.020566772036346,-1.5707963267948966,7,0
14.527700999919224,-16.198767383066418,1.0399953716797343,16.232118010408016,-1.5066821910073498,7,1
14.527700999919226,-15.41822706397285,1.9879602412486725,15.54585834610012,-1.442568055219803,7,2
14.527700999919222,-14.663545084868193,2.8557251494824256,14.939033455526799,-1.3784539194322563,7,3
14.527700999919224,-13.908530301685746,3.6472461513780674,14.37879061818667,-1.3143397836447095,7,4
14.527700999919222,-13.101998530015626,4.350163225232451,13.805299184251547,-1.2502256478571625,7,5
14.527700999919222,-12.818593608129898,5.1896733897249705,13.829282410248508,-1.1861115120696157,7,6
14.527700999919222,-12.245251795893946,5.897002465809847,13.591204127177697,-1.121997376282069,7,7
14.527700999919222,-11.689164667077675,6.583214893992451,13.415486907098895,-1.0578832404945222,7,8
14.527700999919224,-11.145154039863808,7.254691329735708,13.298308345877523,-0.9937691047069754,7,9
14.527700999919226,-10.608444924170302,7.917288211913865,13.237165721545747,-0.9296549689194287,7,10
14.527700999919224,-10.074521655147258,8.576565328414015,13.230776976904469,-0.8655408331318818,7,11
14.527700999919224,-9.538932948795534,9.237941404068843,13.278960922701268,-0.801426697344335,7,12
14.527700999919226,-8.996994749796775,9.906691110416247,13.382393032827565,-0.7373125615567883,7,13
14.527700999919222,-8.44423544618185,10.588736331397623,13.543502108628136,-0.6731984257692414,7,14
14.527700999919226,-7.875563088104031,11.290211917288978,13.765659413627866,-0.6090842899816946,7,15
14.527700999919222,-7.28534308197383,12.017935428482383,14.053718219220023,-0.5449701541941478,7,16
14.527700999919222,-6.6672137593854846,12.779800546748115,14.414403953268538,-0.4808560184066011,7,17
14.527700999919224,-6.0137131324211115,13.58508271873031,14.85662202904147,-0.4167418826190543,7,18
14.527700999919222,-5.315724828836561,14.444541589559696,15.391611747586117,-0.35262774683150755,7,19
14.527700999919222,-4.55986299001697,15.36369149487828,16.02608395203042,-0.2885136110439608,7,20
14.527700999919222,-3.693495116580628,16.18225943348913,16.598416386781164,-0.2243994752564138,7,21
14.527700999919222,-2.6715143392072687,16.52426080383896,16.738822658057043,-0.16028533946886703,7,22
14.527700999919222,-1.6009328292494949,16.595343506484593,16.672384713111395,-0.09617120368132026,7,23
14.527700999919228,-0.5253523768575038,16.382421680934577,16.390843030540733,-0.032057067893773494,7,24
14.527700999919226,0.5155215501472027,16.075860302788975,16.08412406515978,0.03205706789377327,7,25
14.527700999919226,1.5218783325144145,15.77586094912972,15.849097840105951,0.09617120368132004,7,26
14.527700999919224,2.502754907757874,15.480424048978996,15.681432041255386,0.1602853394688668,7,27
14.527700999919222,3.46638772320488,15.187236929627277,15.577805025234381,0.2243994752564138,7,28
14.527700999919222,4.420271788277944,14.893362416214135,15.5354770362208,0.28851361104396056,7,29
14.527700999919228,5.313758778535083,14.439199195766452,15.385919074643988,0.3526277468315073,7,30
14.527700999919226,6.008916096390324,13.574246130777627,14.84477115594553,0.4167418826190541,7,31
14.527700999919222,6.602451825669281,12.655664044487526,14.274389742374982,0.48085601840660086,7,32
14.527700999919222,7.1239629331137735,11.751721993285758,13.742409456854972,0.5449701541941478,7,33
14.527700999919224,7.589690450617425,10.880391994259938,13.265983984799284,0.6090842899816944,7,34
14.52770099991922,8.01110462424319,10.045607459667433,12.848814207322759,0.6731984257692414,7,35
14.527700999919224,8.39681458035805,9.245826042182243,12.489667501547494,0.7373125615567879,7,36
14.527700999919224,8.753365641014463,8.47716189160263,12.185388126019424,0.8014266973443349,7,37
14.527700999919222,9.086498697755474,7.7354491216000705,11.933215480212285,0.8655408331318815,7,38
14.527700999919226,9.400037659473368,7.015430431592365,11.729321043437796,0.9296549689194284,7,39
14.527700999919226,9.697632869169235,6.31245946384271,11.571137703262025,0.993769104706975,7,40
14.527700999919224,9.982252602761415,5.621899928844431,11.456488372764206,1.057883240494522,7,41
14.527700999919222,10.256415090809448,4.939229187688424,11.383761921416857,1.121997376282069,7,42
14.527700999919222,10.522292088890913,4.260003938185396,11.351927781539784,1.1861115120696155,7,43
14.527700999919224,10.781779303149703,3.579797366003748,11.36053317954216,1.2502256478571625,7,44
14.527700999919222,11.03655996395971,2.894126840139764,11.409716298177585,1.314339783644709,7,45
14.527700999919226,11.288019056083204,2.1983415142603566,11.500090418071581,1.378453919432256,7,46
14.527700999919226,11.537500773661172,1.4875959944193864,11.633007605294878,1.4425680552198026,7,47
14.527700999919222,11.786094799233739,0.756692392175184,11.81036045143857,1.5066821910073496,7,48
14.527700999919224,12.033076511794913,7.368134317033023e-16,12.033076511795898,1.5707963267948966,7,49
15.853086857050542,-17.236406484464407,1.0554255015001128e-15,17.2364064844646,-1.5707963267948966,8,0
15.85308685705054,-16.4040855297945,1.0531772340566388,16.43785887380559,-1.5066821910073498,8,1
15.853086857050542,-15.612998353124523,2.0130732180756263,15.742241941858309,-1.442568055219803,8,2
15.853086857050544,-14.848772253919826,2.8917981374240687,15.127740542341048,-1.3784539194322563,8,3
15.853086857050542,-14.087195342242433,3.694097642327992,14.563496489564258,-1.3143397836447095,8,4
15.853086857050544,-13.28181250868821,4.40986557946583,13.994765376557911,-1.2502256478571625,8,5
15.853086857050542,-12.964266943155076,5.248649986806039,13.986441436526416,-1.1861115120696157,8,6
15.853086857050542,-12.378982949847291,5.961403995297624,13.739634509977375,-1.121997376282069,8,7
15.853086857050542,-11.811141517365675,6.651910976253984,13.555477991544521,-1.0578832404945222,8,8
15.853086857050542,-11.255600797192024,7.3265842017337475,13.43009253024136,-0.9937691047069754,8,9
15.85308685705054,-10.707615499690865,7.991301135971063,13.360910280927461,-0.9296549689194287,8,10
15.85308685705054,-10.162707380424697,8.651638930890124,13.346590481865883,-0.8655408331318818,8,11
15.853086857050542,-9.61627490142265,9.31284290828119,13.386627133600722,-0.801426697344335,8,12
15.85308685705054,-9.063972838420035,9.980441429673878,13.48201820006069,-0.7373125615567883,8,13
15.853086857050544,-8.501169272183995,10.6601290910757,13.634816875657867,-0.6731984257692414,8,14
15.853086857050542,-7.922838641203801,11.357984977707948,13.848292128937501,-0.6090842899816946,8,15
15.853086857050544,-7.323439728653211,12.080779831921308,14.127208174532354,-0.5449701541941478,8,16
15.85308685705054,-6.696718066434159,12.836354779589563,14.478191768615257,-0.4808560184066011,8,17
15.853086857050544,-6.035392674632002,13.634057182219607,14.910180414234988,-0.4167418826190543,8,18
15.853086857050544,-5.330733209964934,14.485324209499765,15.435068318933496,-0.35262774683150755,8,19
15.853086857050542,-4.571305178597743,15.402244025022716,16.066298641635704,-0.2885136110439608,8,20
15.853086857050542,-3.7224436913490178,16.309091426584768,16.728510100901833,-0.2243994752564138,8,21
15.85308685705054,-2.701708877882906,16.71102470197725,16.928011621301803,-0.16028533946886703,8,22
15.853086857050542,-1.6166312611571136,16.758074175289764,16.83587083281007,-0.09617120368132026,8,23
15.853086857050542,-0.5299107176191579,16.524567531620892,16.53306195100434,-0.032057067893773494,8,24
15.85308685705054,0.5200780926228902,16.217950076311283,16.22628687963303,0.03205706789377327,8,25
15.853086857050542,1.535557613127269,15.917661002540617,15.991556177402948,0.09617120368132004,8,26
15.853086857050542,2.5256034754472747,15.62175051912188,15.824593587099626,0.1602853394688668,8,27
15.853086857050544,3.49850445621974,15.327949530943833,15.722136313279721,0.2243994752564138,8,28
15.853086857050542,4.46184656510807,15.033441634950755,15.68159565101831,0.28851361104396056,8,29
15.853086857050549,5.367792769228575,14.586027004007525,15.542373788293679,0.3526277468315073,8,30
15.853086857050544,6.073730798628461,13.720663672138167,15.004893115852035,0.4167418826190541,8,31
15.853086857050544,6.674198548835206,12.793189080437157,14.429504950520398,0.48085601840660086,8,32
15.853086857050544,7.200264787045579,11.877589882183848,13.889598785167516,0.5449701541941478,8,33
15.853086857050542,7.66913697176377,10.994284556582077,13.404848182757439,0.6090842899816944,8,34
15.853086857050544,8.092813072985697,10.148066613642513,12.979864384084175,0.6731984257692414,8,35
15.853086857050542,8.480213234496768,9.337657228989993,12.613717098010657,0.7373125615567879,8,36
15.853086857050544,8.838100438699765,8.559222966998018,12.303345771103665,0.8014266973443349,8,37
15.853086857050544,9.17224177595915,7.8084432683045595,12.04582107915373,0.8655408331318815,8,38
15.853086857050542,9.486663958564513,7.0800813188372596,11.837412916008237,0.9296549689194284,8,39
15.853086857050544,9.785041611967571,6.369356250217686,11.675433113599151,0.993769104706975,8,40
15.853086857050544,10.07038783492839,5.671536766857446,11.557639916682522,1.057883240494522,8,41
15.853086857050542,10.345254614131168,4.982012047267132,11.48236635325318,1.121997376282069,8,42
15.853086857050544,10.611839948576192,4.2962578486160155,11.448536089649027,1.1861115120696155,8,43
15.853086857050544,10.872060389913571,3.6097727520240235,11.455660454255215,1.2502256478571625,8,44
15.85308685705054,11.127615824447549,2.918004498635755,11.503850841807632,1.314339783644709,8,45
15.85308685705054,11.379914266303446,2.2162381048477036,11.593712090862011,1.378453919432256,8,46
15.853086857050544,11.630304641175101,1.499561728098517,11.72657969839976,1.4425680552198026,8,47
15.853086857050544,11.879889513790618,0.7627142126458689,11.904348274057213,1.5066821910073496,8,48
15.853086857050542,12.127801827922287,7.426136844630062e-16,12.127801827923657,1.5707963267948966,8,49
17.178472714181858,-17.47064996317876,1.0697687778215472e-15,17.470649963178964,-1.5707963267948966,9,0
17.178472714181858,-16.609494048009037,1.0663648984754763,16.64369029474979,-1.5066821910073498,9,1
17.178472714181858,-15.825802199898224,2.0405112357423536,15.956807367813111,-1.442568055219803,9,2
17.178472714181858,-15.051691778495517,2.931316711295389,15.334472376210062,-1.3784539194322563,9,3
17.178472714181858,-14.282324671041575,3.7452665780851655,14.765223322048499,-1.3143397836447095,9,4
17.178472714181858,-13.474284867994879,4.473770805635062,14.19756943723919,-1.2502256478571625,9,5
17.178472714181858,-13.130948389100569,5.316131825378065,14.166264969356638,-1.1861115120696157,9,6
17.17847271418186,-12.534584909316942,6.036337949614924,13.912339655530197,-1.121997376282069,9,7
17.17847271418186,-11.955837786812673,6.7334023970063726,13.721543828031518,-1.0578832404945222,9,8
17.178472714181854,-11.389571314374379,7.413789344521975,13.589945076054137,-0.9937691047069754,9,9
17.178472714181858,-10.831043838366147,8.083418099182467,13.514923558599985,-0.9296549689194287,9,10
17.178472714181858,-10.275738977531594,8.747864132437732,13.495033842638312,-0.8655408331318818,9,11
17.178472714181858,-9.719071850713089,9.41239620204681,13.529728744643377,-0.801426697344335,9,12
17.17847271418186,-9.156741906726221,10.082590483871261,13.620005624516034,-0.7373125615567883,9,13
17.178472714181858,-8.584055020919651,10.764064532547701,13.767755295001002,-0.6731984257692414,9,14
17.178472714181858,-7.996011007807418,11.46288306768607,13.976189761892266,-0.6090842899816946,9,15
17.178472714181858,-7.387098101544962,12.18579097639139,14.250007722178674,-0.5449701541941478,9,16
17.178472714181858,-6.751104997219409,12.940604343630719,14.595775397760681,-0.4808560184066011,9,17
17.178472714181854,-6.080833485392312,13.736708765258502,15.022440000832056,-0.4167418826190543,9,18
17.178472714181858,-5.367735831068233,14.585872284627614,15.542208924589929,-0.35262774683150755,9,19
17.178472714181858,-4.601105830646815,15.50265231040961,16.17103594462218,-0.2885136110439608,9,20
17.17847271418186,-3.755502731539195,16.453932545386678,16.87707607895221,-0.2243994752564138,9,21
17.178472714181854,-2.7331344500167694,16.905402977334475,17.124913831839876,-0.16028533946886703,9,22
17.178472714181858,-1.6332605412600911,16.930454059398897,17.009050962739046,-0.09617120368132026,9,23
17.178472714181858,-0.5348680216976632,16.679154527683856,16.687728412189358,-0.032057067893773494,9,24
17.17847271418186,0.5250184631201891,16.372009020961833,16.380425017961908,0.03205706789377327,9,25
17.178472714181858,1.5503521872804575,16.07102224020157,16.145629369883913,0.09617120368132004,9,26
17.178472714181854,2.5502626557875816,15.77427626872115,15.979099831199594,0.1602853394688668,9,27
17.178472714181858,3.533101167892029,15.479527628695697,15.877612524246583,0.2243994752564138,9,28
17.178472714181854,4.506534366726975,15.184009667183489,15.8386552955613,0.28851361104396056,9,29
17.178472714181872,5.423094695229107,14.736300202081091,15.702499792049185,0.3526277468315073,9,30
17.178472714181858,6.138921508331281,13.86793062091114,15.165943986177156,0.4167418826190541,9,31
17.178472714181858,6.7463894207774295,12.931565466437938,14.585580400846279,0.48085601840660086,9,32
17.178472714181858,7.277453682827936,12.004921039395079,14.038499252691478,0.5449701541941478,9,33
17.17847271418186,7.750054215112729,11.110285509777796,13.546283049086492,0.6090842899816944,9,34
17.178472714181858,8.176625592992288,10.253164189530352,13.114289229136562,0.6731984257692414,9,35
17.178472714181858,8.566356346630107,9.43251036905817,12.741848881533771,0.7373125615567879,9,36
17.178472714181858,8.92620986533353,8.644552188280766,12.426001170766527,0.8014266973443349,9,37
17.178472714181858,9.261963737328319,7.884824687633107,12.163652108897931,0.8655408331318815,9,38
17.178472714181854,9.577838845940057,7.148126905744772,11.951180494806138,0.9296549689194284,9,39
17.178472714181858,9.877531274792519,6.429560349020318,11.785791036930982,0.993769104706975,9,40
17.178472714181858,10.164096651835617,5.724312589316327,11.665188183997111,1.057883240494522,9,41
17.178472714181854,10.440119471649755,5.027696554864895,11.587658401511726,1.121997376282069,9,42
17.178472714181854,10.707823121023406,4.335117128435523,11.552087106163253,1.1861115120696155,9,43
17.178472714181858,10.969144204323644,3.6420067992378606,11.55795561944009,1.2502256478571625,9,44
17.178472714181858,11.225797469842444,2.9437507579841817,11.605352099745126,1.314339783644709,9,45
17.17847271418186,11.479212568547505,2.235576447477552,11.694875939761857,1.378453919432256,9,46
17.178472714181854,11.730739937198226,1.5125114255237586,11.827846392582343,1.4425680552198026,9,47
17.178472714181858,11.981490862456612,0.7692372356556068,12.006158803374914,1.5066821910073496,9,48
17.178472714181858,12.230428478128074,7.488977543971163e-16,12.230428478129827,1.5707963267948966,9,49
18.503858571313177,-17.723190648779976,1.0852324349353474e-15,17.723190648780182,-1.5707963267948966,10,0
18.503858571313174,-16.850560433971864,1.0818418739601057,16.88525299719234,-1.5066821910073498,10,1
18.503858571313177,-16.056178266138232,2.0702149402162973,16.18909047515348,-1.442568055219803,10,2
18.503858571313174,-15.271686613381878,2.9741607015518463,15.558600319309031,-1.3784539194322563,10,3
18.503858571313174,-14.49344128489242,3.8006278736827404,14.983477984528111,-1.3143397836447095,10,4
18.503858571313177,-13.680008515730623,4.542075762691081,14.414336100718904,-1.2502256478571625,10,5
18.503858571313177,-13.316195481387755,5.391130061125006,14.366117966747249,-1.1861115120696157,10,6
18.503858571313174,-12.70907105178035,6.120366047158933,14.106004662923441,-1.121997376282069,10,7
18.503858571313174,-12.11972880318378,6.825704097828889,13.909639200706875,-1.0578832404945222,10,8
18.503858571313177,-11.543019398037542,7.513672978084503,13.773038097858764,-0.9937691047069754,10,9
18.503858571313177,-10.974186625181067,8.190248337428606,13.693536428295495,-0.9296549689194287,10,10
18.503858571313174,-10.408639998593587,8.86100442121448,13.669571535827501,-0.8655408331318818,10,11
18.503858571313177,-9.841876201548773,9.531325583695109,13.700682265822154,-0.801426697344335,10,12
18.503858571313177,-9.269500806641371,10.206750564261974,13.78772650894221,-0.7373125615567883,10,13
18.503858571313174,-8.686804633836399,10.892908471855467,13.932552878875526,-0.6731984257692414,10,14
18.503858571313177,-8.088776663287396,11.595869610654315,14.138334411656839,-0.6090842899816946,10,15
18.503858571313174,-7.469899195040191,12.322380040741068,14.40973434357888,-0.5449701541941478,10,16
18.503858571313177,-6.823964415313719,13.08026220744024,14.753296233617021,-0.4808560184066011,10,17
18.503858571313177,-6.143800565780313,13.878952496675659,15.177997489690886,-0.4167418826190543,10,18
18.503858571313177,-5.420945599629671,14.730460415071624,15.696277113829808,-0.35262774683150755,10,19
18.503858571313177,-4.645036688108069,15.650669946601136,16.325435234973543,-0.2885136110439608,10,20
18.503858571313177,-3.7949725681155195,16.62686119835958,17.054451914449526,-0.2243994752564138,10,21
18.503858571313177,-2.766180548114271,17.10980477877573,17.331969720507384,-0.16028533946886703,10,22
18.503858571313177,-1.6508789347934496,17.113087138923103,17.192531886889725,-0.09617120368132026,10,23
18.503858571313177,-0.5402244133198917,16.84618654297106,16.854846289934724,-0.032057067893773494,10,24
18.50385857131318,0.530345450039953,16.538124089349513,16.546625477453112,0.03205706789377327,10,25
18.503858571313177,1.5662770136105382,16.2360997240292,16.31147319931542,0.09617120368132004,10,26
18.503858571313177,2.576765471246843,15.938205553418754,16.145157681386618,0.1602853394688668,10,27
18.503858571313177,3.57023201639458,15.642208505342078,16.04447704275474,0.2243994752564138,10,28
18.503858571313177,4.554413393916567,15.345329997295797,16.006930814137743,0.28851361104396056,10,29
18.503858571313188,5.48048387912991,14.892245154151492,15.868669423766569,0.3526277468315073,10,30
18.503858571313177,6.205714864064681,14.018817974983627,15.33095412522669,0.4167418826190541,10,31
18.503858571313177,6.820327442704056,13.07329081185888,14.745433160037722,0.48085601840660086,10,32
18.503858571313177,7.356787180242978,12.135789941315336,14.19153674254911,0.5449701541941478,10,33
18.503858571313177,7.8336069699536655,11.230064666883727,13.6923245134674,0.6090842899816944,10,34
18.503858571313177,8.263592886955589,10.362217726834226,13.253773938756618,0.6731984257692414,10,35
18.503858571313177,8.656171745725782,9.531407105195532,12.875442932050039,0.7373125615567879,10,36
18.503858571313174,9.018490421957127,8.73392092369383,12.554463118440133,0.8014266973443349,10,37
18.503858571313177,9.356342265168516,7.9651702997950204,12.287598564720444,0.8655408331318815,10,38
18.503858571313177,9.674122247459037,7.219985075844019,12.071322452581452,0.9296549689194284,10,39
18.503858571313177,9.975551507064598,6.493364449588134,11.902747991337078,0.993769104706975,10,40
18.503858571313177,10.263727186680526,5.780423461185128,11.7795327221936,1.057883240494522,10,41
18.50385857131318,10.54126579798542,5.076406058413798,11.69992235417326,1.121997376282069,10,42
18.503858571313177,10.810415723690419,4.376652269990072,11.662768676923516,1.1861115120696155,10,43
18.503858571313174,11.073133111108602,3.67653349507682,11.667526534649834,1.2502256478571625,10,44
18.503858571313177,11.331146092109812,2.9713764199904236,11.714262656694089,1.314339783644709,10,45
18.503858571313177,11.58590508389957,2.256354812981207,11.803572919044521,1.378453919432256,10,46
18.503858571313174,11.838758976285764,1.5264389383378576,11.936759607660269,1.4425680552198026,10,47
18.503858571313177,12.090824299728109,0.7762566752242811,12.115717340411111,1.5066821910073496,10,48
18.503858571313174,12.340865317345902,7.556600604798328e-16,12.34086531734624,1.5707963267948966,10,49
19.829244428444497,-17.993913785212765,1.1018094460597255e-15,17.99391378521298,-1.5707963267948966,11,0
19.829244428444497,-17.109387404771397,1.0984591168238302,17.144612850627006,-1.5066821910073498,11,1
19.829244428444493,-16.30382372411872,2.102145286185932,16.438785929361412,-1.442568055219803,11,2
19.8292444284445,-15.508372365680271,3.020255247683137,15.799732757035912,-1.3784539194322563,11,3
19.8292444284445,-14.720254190136659,3.8601052215973986,15.217959644579151,-1.3143397836447095,11,4
19.8292444284445,-13.899326034869446,4.614894196017968,14.645426339442631,-1.2502256478571625,11,5
19.829244428444497,-13.51855201422069,5.473055141659113,14.584429407585066,-1.1861115120696157,11,6
19.829244428444497,-12.900672138708474,6.212636267559453,14.318665825538526,-1.121997376282069,11,7
19.8292444284445,-12.300736101973401,6.92764550931994,14.11737868561984,-1.0578832404945222,11,8
19.829244428444497,-11.713567275219713,7.62468734374269,13.97653445604198,-0.9937691047069754,11,9
19.829244428444497,-11.134380562316776,8.309804179889074,13.893425640014067,-0.9296549689194287,11,10
19.829244428444497,-10.55851341628843,8.988593521903542,13.86639892199666,-0.8655408331318818,11,11
19.8292444284445,-9.981508537352276,9.666551959977465,13.895061693860201,-0.801426697344335,11,12
19.829244428444493,-9.398872022430012,10.34920265065739,13.980157037687109,-0.7373125615567883,11,13
19.829244428444497,-8.805871041713077,11.042213024880821,14.12352056996164,-0.6731984257692414,11,14
19.8292444284445,-8.197462308117702,11.751678655515466,14.328305535390736,-0.6090842899816946,11,15
19.829244428444493,-7.568098697648521,12.484370391528568,14.599165112095468,-0.5449701541941478,11,16
19.829244428444497,-6.911547808322878,13.248143174551696,14.94265005546721,-0.4808560184066011,11,17
19.829244428444497,-6.220626850337007,14.052504411722706,15.367793551861002,-0.4167418826190543,11,18
19.8292444284445,-5.4869006627970975,14.909681628290903,15.887249136977726,-0.35262774683150755,11,19
19.829244428444497,-4.700176627319881,15.836454698676071,16.51922993820308,-0.2885136110439608,11,20
19.829244428444497,-3.8412780413926644,16.829738732540026,17.26254682243756,-0.2243994752564138,11,21
19.8292444284445,-2.8009282740825454,17.32473175027347,17.549687444951562,-0.16028533946886703,11,22
19.8292444284445,-1.6694642418125434,17.30574328821245,17.38608241129096,-0.09617120368132026,11,23
19.829244428444497,-0.5459574545060094,17.024963878644677,17.03371552572388,-0.032057067893773494,11,24
19.829244428444497,0.5360400490298698,16.715702655786732,16.724295327781054,0.03205706789377327,11,25
19.829244428444497,1.5832844853434322,16.412399960008894,16.488591880716452,0.09617120368132004,11,26
19.829244428444497,2.6050464158031286,16.11313319530653,16.32235669865651,0.1602853394688668,11,27
19.829244428444493,3.6098222912168136,15.815664832748684,16.22239412281702,0.2243994752564138,11,28
19.8292444284445,4.605406062864221,15.517141219678559,16.186149530858593,0.28851361104396056,11,29
19.829244428444515,5.540325170847251,15.054853275305735,16.04193910160941,0.3526277468315073,11,30
19.8292444284445,6.274761398815913,14.174795299705396,15.501530647024191,0.4167418826190541,11,31
19.829244428444497,6.896738089070101,13.219755715407887,14.910631691658713,0.48085601840660086,11,32
19.8292444284445,7.438982528761401,12.271379765967609,14.350094857659329,0.5449701541941478,11,33
19.829244428444493,7.920468726849471,11.35458752726733,13.844149766864685,0.6090842899816944,11,34
19.829244428444497,8.354327272296457,10.475995047313925,13.399300593836477,0.6731984257692414,11,35
19.829244428444497,8.750202233312166,9.634945122209672,13.015306628422481,0.7373125615567879,11,36
19.8292444284445,9.115408625911554,8.827780970087403,12.689381043738315,0.8014266973443349,11,37
19.829244428444497,9.455773056385082,8.049816966477161,12.418180111741304,0.8655408331318815,11,38
19.8292444284445,9.775838452608017,7.2958978526688485,12.19824343617036,0.9296549689194284,11,39
19.829244428444497,10.07935891493047,6.560935584012453,12.026610157212037,0.993769104706975,11,40
19.829244428444497,10.369472896274406,5.839978335310174,11.900895558884162,1.057883240494522,11,41
19.829244428444493,10.648829031908775,5.128205781788187,11.81930853693213,1.121997376282069,11,42
19.829244428444493,10.919700727566124,4.420896864510228,11.780670314810326,1.1861115120696155,11,43
19.829244428444497,11.18406347200847,3.7133649124704,11.78441151348215,1.2502256478571625,11,44
19.829244428444493,11.443657776749102,3.000880458151578,11.83057846580117,1.314339783644709,11,45
19.829244428444497,11.699953985686246,2.2785658346147226,11.919764491375863,1.378453919432256,11,46
19.8292444284445,11.954297048709117,1.5413359231452821,12.05325409824161,1.4425680552198026,11,47
19.829244428444497,12.207805648265241,0.7837671269873404,12.232939534518144,1.5066821910073496,11,48
19.829244428444497,12.459013908763525,7.628945751953305e-16,12.459013908769244,1.5707963267948966,11,49
21.154630285575813,-18.282696499561055,1.1194922873985118e-15,18.282696499561276,-1.5707963267948966,12,0
21.154630285575813,-17.40493623563894,1.1174339813267236,17.44077016846679,-1.5066821910073498,12,1
21.154630285575813,-16.56851309270729,2.1362732010786107,16.705666382783413,-1.442568055219803,12,2
21.154630285575813,-15.761483237570197,3.06954858556835,16.057598897947706,-1.3784539194322563,12,3
21.154630285575813,-14.962569077689238,3.9236476679866215,15.468467423346093,-1.3143397836447095,12,4
21.154630285575816,-14.132443358220883,4.692294480019283,14.891057140463234,-1.2502256478571625,12,5
21.154630285575813,-13.737100955248916,5.561535801728361,14.820209955618294,-1.1861115120696157,12,6
21.154630285575816,-13.108283123776257,6.312616448553726,14.549096634486597,-1.121997376282069,12,7
21.154630285575816,-12.497568678422127,7.038499551144646,14.343280615094368,-1.0578832404945222,12,8
21.154630285575813,-11.899743779785224,7.7458748184640775,14.19867876697877,-0.9937691047069754,12,9
21.15463028557581,-11.309981367967127,8.440858467158879,14.112539466955344,-0.9296549689194287,12,10
21.154630285575813,-10.723558912938675,9.129098801720785,14.083151660436219,-0.8655408331318818,12,11
21.154630285575813,-10.13601802266759,9.816186052111009,14.1101513090931,-0.801426697344335,12,12
21.154630285575813,-9.542780751432927,10.507662154744194,14.194211088615067,-0.7373125615567883,12,13
21.154630285575816,-8.939074954002098,11.20924544771274,14.337163057604423,-0.6731984257692414,12,14
21.154630285575813,-8.319809965289814,11.927073222431394,14.542156425777323,-0.6090842899816946,12,15
21.154630285575813,-7.679392235451274,12.667960722947575,14.813854798264108,-0.5449701541941478,12,16
21.154630285575816,-7.011543291141266,13.439815794046776,15.158838606616877,-0.4808560184066011,12,17
21.154630285575813,-6.309042229167209,14.252236292603532,15.586219977583445,-0.4167418826190543,12,18
21.154630285575816,-5.5634404851104815,15.117665051485723,16.108869191854534,-0.35262774683150755,12,19
21.154630285575813,-4.764618149785871,16.05357957124236,16.74571596449313,-0.2885136110439608,12,20
21.15463028557581,-3.8939802680246034,17.060642274350837,17.499388479062272,-0.2243994752564138,12,21
21.154630285575813,-2.8373289535750743,17.549882823783914,17.777762027863435,-0.16028533946886703,12,22
21.15463028557581,-1.688986083660128,17.50810760070576,17.589386167478615,-0.09617120368132026,12,23
21.154630285575816,-0.5520468285703364,17.214852985629648,17.223702244807203,-0.032057067893773494,12,24
21.154630285575816,0.5420845169817453,16.904191424824564,16.912880989076445,0.03205706789377327,12,25
21.154630285575816,1.6013283141390366,16.59944312107386,16.676503359500426,0.09617120368132004,12,26
21.154630285575813,2.635038785535512,16.29864660704824,16.51027893836808,0.1602853394688668,12,27
21.154630285575816,3.651791581658473,15.999544308618974,16.411002402026895,0.2243994752564138,12,28
21.154630285575816,4.659420075022517,15.699132349898512,16.375987053461944,0.28851361104396056,12,29
21.154630285575838,5.6027966002348775,15.224608330168323,16.222824308691624,0.3526277468315073,12,30
21.154630285575816,6.346434607008997,14.336706325486206,15.678596253628367,0.4167418826190541,12,31
21.154630285575816,6.976053014163187,13.371787577539834,15.08210922501467,0.48085601840660086,12,32
21.154630285575816,7.524472977980763,12.412405203879091,14.51500935382586,0.5449701541941478,12,33
21.15463028557581,8.011048765866528,11.484440824680954,14.002474187967461,0.6090842899816944,12,34
21.154630285575816,8.4492010782641,10.594963037080513,13.551466364126307,0.6731984257692414,12,35
21.154630285575813,8.848776649156001,9.743486509229756,13.161929096534333,0.7373125615567879,12,36
21.154630285575816,9.217246287982448,8.926405245987981,12.831147249912416,0.8014266973443349,12,37
21.154630285575816,9.560490921222444,8.138964584555051,12.555705124102975,0.8655408331318815,12,38
21.154630285575813,9.883175410751985,7.376005506475936,12.332177967871878,0.9296549689194284,12,39
21.154630285575813,10.189096839016985,6.632367056701593,12.157548567441394,0.993769104706975,12,40
21.15463028557581,10.48143510789821,5.903034278152988,12.029392985938305,1.057883240494522,12,41
21.154630285575813,10.762871501458081,5.183125740589406,11.945886128691884,1.121997376282069,12,42
21.154630285575813,11.03570478883643,4.467861703889721,11.905820777730957,1.1861115120696155,12,43
21.154630285575816,11.30192984123708,3.7524992432931805,11.908604817827664,1.2502256478571625,12,44
21.154630285575816,11.56329905899044,3.032254096971516,11.954264930821374,1.314339783644709,12,45
21.154630285575813,11.82130144598114,2.3021982503903553,12.043391742398631,1.378453919432256,12,46
21.154630285575813,12.07727657029945,1.5571923765750388,12.17725163791861,1.4425680552198026,12,47
21.154630285575813,12.33234227031617,0.7917626434038391,12.357732557218949,1.5066821910073496,12,48
21.154630285575813,12.58476851665679,7.705948240976481e-16,12.584768516672176,1.5707963267948966,12,49
22.48001614270713,-18.589407886989594,1.1382729433423322e-15,18.589407886989818,-1.5707963267948966,13,0
22.48001614270713,-17.698886823530383,1.136306235226069,17.735325952808203,-1.5066821910073498,13,1
22.480016142707125,-16.850056619948372,2.172574219088913,16.98954051270712,-1.442568055219803,13,2
22.48001614270713,-16.03082251005034,3.1220024041854155,16.331998327224884,-1.3784539194322563,13,3
22.480016142707132,-15.22024323494471,3.9912177891981853,15.734853782977856,-1.3143397836447095,13,4
22.480016142707132,-14.379484628093477,4.774317832781269,15.151359309909784,-1.2502256478571625,13,5
22.48001614270713,-13.971234437592809,5.656325943307787,15.072803816381235,-1.1861115120696157,13,6
22.48001614270713,-13.331179500316377,6.419957686119614,14.796492948034093,-1.121997376282069,13,7
22.480016142707125,-12.709386298989484,7.157793012589027,14.58638066512768,-1.0578832404945222,13,8
22.48001614270713,-12.100596256304353,7.87661529228323,14.43833432985667,-0.9937691047069754,13,9
22.480016142707125,-11.499927428817285,8.58261889662974,14.349553233214289,-0.9296549689194287,13,10
22.480016142707132,-10.902612827420691,9.281529621508499,14.318301525655153,-0.8655408331318818,13,11
22.480016142707132,-10.304151986376173,9.97901471576881,14.344207292697336,-0.801426697344335,13,12
22.48001614270713,-9.69989493294494,10.680662329645976,14.42790731568823,-0.7373125615567883,13,13
22.48001614270713,-9.08501738879574,11.39225147252589,14.571236549036941,-0.6731984257692414,13,14
22.480016142707132,-8.454369521427306,12.119974464830578,14.777352436515304,-0.6090842899816946,13,15
22.48001614270713,-7.802298239762756,12.870707032485525,15.05094539682734,-0.5449701541941478,13,16
22.480016142707132,-7.122461646404799,13.652425515048417,15.398642224185007,-0.4808560184066011,13,17
22.480016142707125,-6.40757994520941,14.47483470956676,15.82965320604116,-0.4167418826190543,13,18
22.48001614270713,-5.649161352801186,15.350596340881044,16.357072843594423,-0.35262774683150755,13,19
22.48001614270713,-4.837093952980417,16.29777460156735,17.00043925530911,-0.2885136110439608,13,20
22.480016142707125,-3.95239360983598,17.316567846669642,17.76189565433235,-0.2243994752564138,13,21
22.48001614270713,-2.8752898116925287,17.784684153749826,18.015612172498177,-0.16028533946886703,13,22
22.48001614270713,-1.7094205322414593,17.71993203666988,17.802193964235073,-0.09617120368132026,13,23
22.480016142707125,-0.5584766639183054,17.415358929162345,17.42431125800088,-0.032057067893773494,13,24
22.48001614270713,0.5484646960739012,17.103148903446684,17.11194074137439,0.03205706789377327,13,25
22.48001614270713,1.6203705925588465,16.796836256969247,16.87481286120429,0.09617120368132004,13,26
22.48001614270713,2.666686321227471,16.49439780549698,16.708571898932732,0.1602853394688668,13,27
22.480016142707132,3.696069459955207,16.19353836875609,16.609985380884243,0.2243994752564138,13,28
22.480016142707132,4.71636691647939,15.89100515521473,16.57613229115657,0.28851361104396056,13,29
22.480016142707154,5.667982415638542,15.401739248711165,16.411568984997256,0.3526277468315073,13,30
22.480016142707132,6.420954349451757,14.505047721720679,15.862694101795936,0.4167418826190541,13,31
22.480016142707132,7.058535411291263,13.529890890551465,15.260434779608682,0.48085601840660086,13,32
22.480016142707132,7.613525506758994,12.559306664600792,14.68679524394487,0.5449701541941478,13,33
22.48001614270713,8.10559934669447,11.619986192359288,14.16773870029231,0.6090842899816944,13,34
22.480016142707125,8.548442305677774,10.71940760011833,13.710636934547672,0.6731984257692414,13,35
22.48001614270713,8.952093831136338,9.85725020885861,13.315606093660156,0.7373125615567879,13,36
22.480016142707132,9.324171961835523,9.029956986517995,12.979996377205007,0.8014266973443349,13,37
22.480016142707132,9.670631166895621,8.232728342740325,12.70035129953124,0.8655408331318815,13,38
22.48001614270713,9.9962357157449,7.460384605048513,12.473254063795613,0.9296549689194284,13,39
22.48001614270713,10.304836902802803,6.707705489373799,12.295648682585316,0.993769104706975,13,40
22.480016142707132,10.59965606313049,5.969615079727723,12.165073483411524,1.057883240494522,13,41
22.48001614270713,10.883407929043148,5.241173024756186,12.079671470094254,1.121997376282069,13,42
22.480016142707132,11.158417191564107,4.517542449726138,12.038208504843782,1.1861115120696155,13,43
22.480016142707132,11.42669831577484,3.7939252309666776,12.040070724789164,1.2502256478571625,13,44
22.480016142707125,11.690015531454097,3.065483069155346,12.085265804811828,1.314339783644709,13,45
22.48001614270713,11.949874709934205,2.327237891302637,12.174380550397448,1.378453919432256,13,46
22.48001614270713,12.207609468334159,1.5739969429074498,12.308663424910495,1.4425680552198026,13,47
22.48001614270713,12.4643337543456,0.8002367778399199,12.489995790256566,1.5066821910073496,13,48
22.48001614270713,12.718016096445632,7.787538852008329e-16,12.71801609644563,1.5707963267948966,13,49
23.80540199983845,-18.913909100679874,1.1581429119755935e-15,18.91390910068009,-1.5707963267948966,14,0
23.80540199983845,-18.01010834574361,1.1562873198984271,18.047188229516053,-1.5066821910073498,14,1
23.805401999838445,-17.148299415208196,2.211028369281109,17.290252146322107,-1.442568055219803,14,2
23.805401999838445,-16.316225457422124,3.1775846232074088,16.622763224418332,-1.3784539194322563,14,3
23.80540199983845,-15.493160605096767,4.062785151553549,16.01699874267981,-1.3143397836447095,14,4
23.805401999838452,-14.640521206304136,4.860987948059564,15.426408040221853,-1.2502256478571625,14,5
23.805401999838452,-14.220528968033559,5.757254112994967,15.341754106107935,-1.1861115120696157,14,6
23.80540199983845,-13.568863758542632,6.5344203921714685,15.060302571977713,-1.121997376282069,14,7
23.805401999838452,-12.935617613516243,7.285204115238196,14.846023105323392,-1.0578832404945222,14,8
23.805401999838452,-12.3154812704011,8.016489935835203,14.694733403942653,-0.9937691047069754,14,9
23.805401999838452,-11.703506490729584,8.734553899223616,14.603578191559519,-0.9296549689194287,14,10
23.805401999838452,-11.09489541452213,9.445222174489334,14.57082448541089,-0.8655408331318818,14,11
23.80540199983845,-10.485073369350891,10.154227304392215,14.596064391127374,-0.801426697344335,14,12
23.80540199983845,-9.869325344254014,10.867224042332065,14.679923063046866,-0.7373125615567883,14,13
23.805401999838445,-9.24276486743939,11.590060554111338,14.824243860741785,-0.6731984257692414,14,14
23.805401999838445,-8.600173229958212,12.328995045229092,15.032202047956051,-0.6090842899816946,14,15
23.80540199983845,-7.935826850634649,13.0909764426227,15.308527428350418,-0.5449701541941478,14,16
23.80540199983845,-7.24330602249315,13.884061559630192,15.659905731743313,-0.4808560184066011,14,17
23.80540199983845,-6.515255173825462,14.718074926600273,16.095660269932388,-0.4167418826190543,14,18
23.805401999838445,-5.743115793443029,15.6059009078166,16.629116698173924,-0.35262774683150755,14,19
23.805401999838452,-4.916733853822254,16.56610785410049,17.280341467199467,-0.2885136110439608,14,20
23.805401999838445,-4.015784611687575,17.594301972567322,18.04677223077186,-0.2243994752564138,14,21
23.80540199983845,-2.914710394962188,18.02851439992355,18.262608470718316,-0.16028533946886703,14,22
23.80540199983845,-1.7307522776099946,17.94105789249284,18.02434636119244,-0.09617120368132026,14,23
23.805401999838445,-0.5652341350743011,17.626081763683658,17.635142414154615,-0.032057067893773494,14,24
23.805401999838452,0.5551688959857058,17.312210544407506,17.321109850034556,0.03205706789377327,14,25
23.805401999838452,1.6403791957888103,17.00424636039102,17.083185832591276,0.09617120368132004,14,26
23.805401999838452,2.699939892747302,16.700082903416266,16.916927747242518,0.1602853394688668,14,27
23.805401999838452,3.742591907409776,16.397366528920948,16.81905536197516,0.2243994752564138,14,28
23.80540199983845,4.776157341061499,16.09245893565504,16.78627157954742,0.28851361104396056,14,29
23.805401999838477,5.735910967837728,15.586323069160295,16.608255219837183,0.3526277468315073,14,30
23.80540199983846,6.498445049839046,14.68010056370289,16.054131574962994,0.4167418826190541,14,31
23.805401999838445,7.144342254694189,13.69436654467176,15.445947731105514,0.48085601840660086,14,32
23.805401999838445,7.706301077803838,12.712349672955144,14.865763031518133,0.5449701541941478,14,33
23.805401999838452,8.20427174962949,11.761440501983001,14.34020772595232,0.6090842899816944,14,34
23.805401999838445,8.652185466211995,10.849497408732157,13.877028045075951,0.6731984257692414,14,35
23.805401999838445,9.060267839479572,9.976361814081883,13.47650727631567,0.7373125615567879,14,36
23.80540199983845,9.436279135436024,9.138526729723127,13.136058568373887,0.8014266973443349,14,37
23.805401999838452,9.786263621981481,8.33116768696759,12.85221034325691,0.8655408331318815,14,38
23.805401999838452,10.115065015311709,7.549069216168827,12.621528682949169,0.9296549689194284,14,39
23.80540199983845,10.426602393569063,6.7869660403688075,12.440938288839893,0.993769104706975,14,40
23.80540199983845,10.724137698922362,6.039721830904002,12.307939274313,1.057883240494522,14,41
23.80540199983845,11.010420071089499,5.302338848646609,12.220644312300378,1.121997376282069,14,42
23.805401999838445,11.28780082621626,4.56992407803552,12.177793460697334,1.1861115120696155,14,43
23.80540199983845,11.558314346260218,3.837624763856383,12.178751756860594,1.2502256478571625,14,44
23.805401999838445,11.823736898396978,3.100548940990478,12.223508415273153,1.314339783644709,14,45
23.805401999838452,12.08558911858042,2.3536682700415184,12.31264466600884,1.378453919432256,14,46
23.805401999838445,12.274240832636275,1.5825881061848328,12.375846361755611,1.4425680552198026,14,47
23.80540199983845,12.311599124520319,0.7904308892849548,12.336946705082257,1.5066821910073496,14,48
23.80540199983845,12.321169672473182,7.54454050070616e-16,12.321169672690873,1.5707963267948966,14,49
25.130787856969768,-19.256053446598386,1.1790932108793671e-15,19.256053446598607,-1.5707963267948966,15,0
25.130787856969764,-18.338453262833976,1.1773677629971726,18.376209155386004,-1.5066821910073498,15,1
25.130787856969764,-17.461167414885654,2.2513682307670395,17.605710051037377,-1.442568055219803,15,2
25.130787856969768,-16.617553123656798,3.236268180950153,16.929752022891137,-1.3784539194322563,15,3
25.13078785696977,-15.781219431943253,4.1383230714342,16.314797105778187,-1.3143397836447095,15,4
25.130787856969764,-14.915588436974815,4.9523165609111715,15.716240572754412,-1.2502256478571625,15,5
25.13078785696977,-14.484674584349936,5.864194820994337,15.626726423441685,-1.1861115120696157,15,6
25.13078785696977,-13.820978377620746,6.6558323937498205,15.34012868812874,-1.121997376282069,15,7
25.130787856969764,-13.175857229091301,7.420504546058119,15.121742672042373,-1.0578832404945222,15,8
25.130787856969764,-12.543946265684013,8.165204167554096,14.967336002582801,-0.9937691047069754,15,9
25.130787856969768,-11.920223613973226,8.896294091819362,14.873996758614197,-0.9296549689194287,15,10
25.13078785696977,-11.299864629791072,9.619715011493648,14.840008677691548,-0.8655408331318818,15,11
25.130787856969768,-10.678201821248155,10.341261780015671,14.864914710085651,-0.801426697344335,15,12
25.130787856969764,-10.050456533495492,11.066669611900528,14.949342889593694,-0.7373125615567883,15,13
25.130787856969768,-9.411671827400484,11.801863182657728,15.095149590807535,-0.6731984257692414,15,14
25.130787856969768,-8.756551948312932,12.553175697434874,15.305535668971979,-0.6090842899816946,15,15
25.13078785696977,-8.079292700876834,13.32763836849263,15.585278792108904,-0.5449701541941478,15,16
25.130787856969768,-7.373384675336323,14.133397983917643,15.941133590253001,-0.4808560184066011,15,17
25.130787856969768,-6.631381958318506,14.980407355577142,16.382546542468386,-0.4167418826190543,15,18
25.13078785696977,-5.844639567944969,15.881773800101605,16.923077459988853,-0.35262774683150755,15,19
25.130787856969764,-5.002915562700021,16.85648262864921,17.583235502530822,-0.2885136110439608,15,20
25.130787856969768,-4.083393694283812,17.890516717706824,18.35060469001143,-0.2243994752564138,15,21
25.130787856969764,-2.9554943576337753,18.28077762977329,18.518147252012692,-0.16028533946886703,15,22
25.130787856969764,-1.7528241524829566,18.169855964878842,18.254206591741283,-0.09617120368132026,15,23
25.13078785696977,-0.572300042915068,17.846422789831195,17.85559670614586,-0.032057067893773494,15,24
25.13078785696977,0.5621836186908205,17.530955429541006,17.539967180518822,0.03205706789377327,15,25
25.130787856969768,1.661320950611771,17.221329556241642,17.301276802179167,0.09617120368132004,15,26
25.13078785696977,2.7347504332079366,16.915398404760218,17.13503904645959,0.1602853394688668,15,27
25.130787856969764,3.791294243128711,16.610745403603275,17.037921672002945,0.2243994752564138,15,28
25.130787856969768,4.8386923725445925,16.303160207477145,17.00605705702504,0.28851361104396056,15,29
25.1307878569698,5.806571944147393,15.77833176861964,16.812853152967385,0.3526277468315073,15,30
25.130787856969775,6.578966576257986,14.862000094484504,16.253056574687623,0.4167418826190541,15,31
25.13078785696977,7.233558514786962,13.865377412278853,15.638831784113274,0.48085601840660086,15,32
25.13078785696977,7.802888435016905,12.871680621290114,15.052083907081657,0.5449701541941478,15,33
25.130787856969768,8.307148152317657,11.90892156138742,14.520024902865835,0.6090842899816944,15,34
25.130787856969764,8.760500811491335,10.985320555672997,14.050752370568814,0.6731984257692414,15,35
25.13078785696977,9.173354186900578,10.100882450568136,13.644715215736008,0.7373125615567879,15,36
25.130787856969764,9.553608587210787,9.252153967306752,13.299390590263837,0.8014266973443349,15,37
25.130787856969768,9.907412729282129,8.434303425696347,13.011314355785991,0.8655408331318815,15,38
25.13078785696977,10.239668865559644,7.642063486468327,12.777008758217406,0.9296549689194284,15,39
25.130787856969768,10.55438221861253,6.870141489138373,12.593404150483206,0.993769104706975,15,40
25.13078785696977,10.854852930709633,6.113339277942484,12.457959274082423,1.057883240494522,15,41
25.130787856969764,11.14386556895363,5.366602813419202,12.368757640777023,1.121997376282069,15,42
25.130787856969775,11.423798868034698,4.624983583134816,12.324514340453321,1.1861115120696155,15,43
25.13078785696977,11.594431857335447,3.849616603980616,12.216808016387711,1.2502256478571625,15,44
25.13078785696977,11.644540958602503,3.053558231915781,12.038253694658833,1.314339783644709,15,45
25.130787856969764,11.673321275869926,2.273379114867181,11.89263142506974,1.378453919432256,15,46
25.130787856969768,11.69088020355391,1.5073720819949146,11.78765670224871,1.4425680552198026,15,47
25.130787856969768,11.700528374277425,0.7511988454305205,11.724617859227756,1.5066821910073496,15,48
25.130787856969768,11.703617504164551,7.166398857526257e-16,11.703617504272714,1.5707963267948966,15,49
26.456173714101084,-19.61568648293606,1.2011143832206064e-15,19.61568648294135,-1.5707963267948966,16,0
26.45617371410108,-18.683774486161553,1.1995381211183032,18.72224133894655,-1.5066821910073498,16,1
26.456173714101087,-17.792284542302006,2.294061056716967,17.939568148820765,-1.442568055219803,16,2
26.456173714101084,-16.93466818353707,3.29802633332998,17.25282481745646,-1.3784539194322563,16,3
26.456173714101084,-16.08432527508696,4.217806783651594,16.628151238758296,-1.3143397836447095,16,4
26.456173714101084,-15.20469588615995,5.048306847484989,16.020866987057012,-1.2502256478571625,16,5
26.456173714101084,-14.763433026283879,5.977051606417994,15.927463722368175,-1.1861115120696157,16,6
26.456173714101087,-14.087254528874366,6.784064229787319,15.63567291916699,-1.121997376282069,16,7
26.456173714101087,-13.429805091440763,7.5635253176300274,15.413194997291091,-1.0578832404945222,16,8
26.45617371410108,-12.78565979271594,8.322542237765264,15.255746642969024,-0.9937691047069754,16,9
26.456173714101084,-12.149721433154209,9.067572765691885,15.160363015586562,-0.9296549689194287,16,10
26.456173714101084,-11.517129653276207,9.804675422646037,15.125340842236064,-0.8655408331318818,16,11
26.456173714101084,-10.88312040406789,10.539714360703188,15.150177838383705,-0.801426697344335,16,12
26.456173714101084,-10.242847428432128,11.278513368799118,15.235510731587565,-0.7373125615567883,16,13
26.45617371410109,-9.591276134722017,12.027079860512309,15.38321253391598,-0.6731984257692414,16,14
26.456173714101084,-8.923026738353055,12.791829827611046,15.596516165859732,-0.6090842899816946,16,15
26.456173714101084,-8.232204465365387,13.579882317912908,15.880251702285657,-0.5449701541941478,16,16
26.456173714101084,-7.5122002157083925,14.399481385885505,16.241250452577635,-0.4808560184066011,16,17
26.45617371410108,-6.755464514867877,15.260712012210488,16.68908721084726,-0.4167418826190543,16,18
26.45617371410108,-5.953248149405555,16.176898401619717,17.237552187730373,-0.35262774683150755,16,19
26.456173714101087,-5.095171617287888,17.167323889521672,17.907478419290616,-0.2885136110439608,16,20
26.456173714101084,-4.1544236846967335,18.20171943928607,18.669810569431572,-0.2243994752564138,16,21
26.456173714101084,-2.9975524918489778,18.54092206115221,18.78166956953271,-0.16028533946886703,16,22
26.456173714101084,-1.7751005276480032,18.40077389671931,18.486196522850328,-0.09617120368132026,16,23
26.45617371410108,-0.5796660807138869,18.076122973276885,18.085414966490507,-0.032057067893773494,16,24
26.456173714101084,0.5694993266085345,17.759086141957606,17.768215163051078,0.03205706789377327,16,25
26.45617371410108,1.6831671629028184,17.44778839989947,17.528786944507612,0.09617120368132004,16,26
26.45617371410108,2.771071060757413,17.140054328697627,17.36261205045119,0.1602853394688668,16,27
26.456173714101087,3.842110327344137,16.83338521554634,17.26628708154877,0.2243994752564138,16,28
26.456173714101087,4.903858628093952,16.522726946287566,17.235090228539992,0.28851361104396056,16,29
26.456173714101116,5.879926663125818,15.977660237115801,17.02525078277873,0.3526277468315073,16,30
26.456173714101087,6.6625323872254425,15.050776717089626,16.459502349662298,0.4167418826190541,16,31
26.45617371410109,7.326217528708403,14.042987394426303,15.839159012964865,0.48085601840660086,16,32
26.456173714101084,7.9033244501344875,13.037360333391398,15.245828997689701,0.5449701541941478,16,33
26.456173714101087,8.414260972934096,12.062475844464496,14.707246894607723,0.6090842899816944,16,34
26.456173714101084,8.873412177001484,11.126906929694698,14.231848140177311,0.6731984257692414,16,35
26.456173714101084,9.291365932074731,10.230826497370662,13.820249335777275,0.7373125615567879,16,36
26.456173714101084,9.676162438600112,9.370840753771073,13.46999539609282,0.8014266973443349,16,37
26.456173714101087,10.034068811506646,8.542127320532344,13.177650628026582,0.8655408331318815,16,38
26.456173714101084,10.370023195838565,7.739349451559963,12.939664254370827,0.9296549689194284,16,39
26.456173714101098,10.68813961119492,6.957207903276879,12.753002397901115,0.993769104706975,16,40
26.456173714101133,10.907317354705617,6.1428866915531986,12.518171943244253,1.057883240494522,16,41
26.456173714101094,10.975581291072569,5.285561376565462,12.181976184024196,1.121997376282069,16,42
26.45617371410109,11.017188572207692,4.460365318632131,11.885844640313811,1.1861115120696155,16,43
26.456173714101084,11.045903107663108,3.6674925110669006,11.638834855116292,1.2502256478571625,16,44
26.456173714101084,11.066347982454838,2.901938178486048,11.440511477298301,1.314339783644709,16,45
26.45617371410108,11.080758173703323,2.1579774610464786,11.288935664095318,1.378453919432256,16,46
26.456173714101084,11.090372738602378,1.4299452183193866,11.182178267666684,1.4425680552198026,16,47
26.456173714101084,11.095896951050495,0.7123802201055887,11.118741598203252,1.5066821910073496,16,48
26.456173714101084,11.097699951045632,6.795381361508008e-16,11.097699951102992,1.5707963267948966,16,49
27.7815595712324,-19.99264612400701,1.2241965041128396e-15,19.992646124011806,-1.5707963267948966,17,0
27.7815595712324,-19.045922700214582,1.2227888078878992,19.08513515726956,-1.5066821910073498,17,1
27.781559571232396,-18.1396820687022,2.3388530076673737,18.289841413885217,-1.442568055219803,17,2
27.7815595712324,-17.26745872350367,3.3628372851831645,17.59186759200174,-1.3784539194322563,17,3
27.7815595712324,-16.402380297995705,4.3012106324457235,16.956959997144008,-1.3143397836447095,17,4
27.781559571232403,-15.507833321333715,5.148955410348371,16.340276501333268,-1.2502256478571625,17,5
27.781559571232396,-15.05661216651601,6.0957466855349525,16.243758727187778,-1.1861115120696157,17,6
27.7815595712324,-14.36748075967814,6.919014070066519,15.946700570384486,-1.121997376282069,17,7
27.7815595712324,-13.697229502323669,7.714135939935659,15.720114164316168,-1.0578832404945222,17,8
27.7815595712324,-13.040368739907137,8.488339389081865,15.559663314383982,-0.9937691047069754,17,9
27.7815595712324,-12.391729677740088,9.248188212700537,15.46233972022728,-0.9296549689194287,17,10
27.7815595712324,-11.746398208972348,9.999854589755607,15.426437135644957,-0.8655408331318818,17,11
27.7815595712324,-11.09951878313846,10.749284504085098,15.45142176522952,-0.801426697344335,17,12
27.7815595712324,-10.446170759049762,11.502394952370707,15.537939798041114,-0.7373125615567883,17,13
27.7815595712324,-9.781235343944347,12.26528117465086,15.68788345019402,-0.6731984257692414,17,14
27.7815595712324,-9.099242576322856,13.044448482506596,15.90452299427859,-0.6090842899816946,17,15
27.781559571232403,-8.39419727445736,13.84710640024372,16.19274231074461,-0.5449701541941478,17,16
27.781559571232393,-7.659381658889927,14.68160065728198,16.559454255996567,-0.4808560184066011,17,17
27.7815595712324,-6.887130274620414,15.558147256971306,17.01436185959374,-0.4167418826190543,17,18
27.7815595712324,-6.0685724396795315,16.490271753474342,17.571472162544413,-0.35262774683150755,17,19
27.781559571232403,-5.193128748285678,17.497373968585112,18.251758326057054,-0.2885136110439608,17,20
27.7815595712324,-4.228063039574677,18.52435453356278,19.00074282631472,-0.2243994752564138,17,21
27.7815595712324,-3.040805634854417,18.808458044439806,19.052679415725624,-0.16028533946886703,17,22
27.781559571232403,-1.7984300244552358,18.64260853604672,18.729153840500764,-0.09617120368132026,17,23
27.7815595712324,-0.5873426541724001,18.31550680211525,18.324921850085488,-0.032057067893773494,17,24
27.781559571232396,0.5771141031007532,17.996542913825138,18.005793999075618,0.03205706789377327,17,25
27.781559571232403,1.705898289134525,17.68342030225797,17.765512729982802,0.09617120368132004,17,26
27.7815595712324,2.8088598822057924,17.373791551035705,17.59938427038583,0.1602853394688668,17,27
27.7815595712324,3.8949730954440476,17.064992135486456,17.503850204981966,0.2243994752564138,17,28
27.781559571232407,4.971524588188528,16.75071601917842,17.472908855886974,0.28851361104396056,17,29
27.78155957123244,5.955913559634688,16.184141182279895,17.245269848218467,0.3526277468315073,17,30
27.78155957123241,6.749120733476358,15.24638129954987,16.67341516925475,0.4167418826190541,17,31
27.7815595712324,7.42231380917229,14.227185973013873,16.046917554239965,0.48085601840660086,17,32
27.7815595712324,8.007607015392434,13.209385332281844,15.446994237381231,0.5449701541941478,17,33
27.781559571232403,8.525605179016509,12.222096136801625,14.901864904961618,0.6090842899816944,17,34
27.7815595712324,8.990908369378092,11.274242494763454,14.420297401140372,0.6731984257692414,17,35
27.781559571232403,9.414283973890818,10.366172922046236,14.003081224892306,0.7373125615567879,17,36
27.781559571232407,9.803913342475385,9.494560604913481,13.647834916481948,0.8014266973443349,17,37
27.781559571232453,10.165595571293872,8.654097683826471,13.350383516780955,0.8655408331318815,17,38
27.78155957123243,10.302018927538539,7.688596547245108,12.854808861048843,0.9296549689194284,17,39
27.78155957123241,10.36814871864656,6.748916914607201,12.371191833247089,0.993769104706975,17,40
27.781559571232403,10.412612963290895,5.8642743684596645,11.950406796153489,1.057883240494522,17,41
27.7815595712324,10.444810110797027,5.029955447656127,11.592864618264228,1.121997376282069,17,42
27.781559571232407,10.468840817625193,4.238363916799675,11.294262116548326,1.1861115120696155,17,43
27.7815595712324,10.4869443052439,3.4819054022526537,11.049871768154418,1.2502256478571625,17,44
27.781559571232396,10.500471150653441,2.7535477984618413,10.855501824655299,1.314339783644709,17,45
27.7815595712324,10.510292336684055,2.0468792492327834,10.707752316168856,1.378453919432256,17,46
27.7815595712324,10.516966028244726,1.356012610013411,10.604024926350121,1.4425680552198026,17,47
27.7815595712324,10.520842146999284,0.6754604767356106,10.542502849825427,1.5066821910073496,17,48
27.7815595712324,10.522113626231999,6.442936386340107e-16,10.52211362627319,1.5707963267948966,17,49
29.106945428363716,-20.3867627485261,1.248329187248216e-15,20.386762748530458,-1.5707963267948966,18,0
29.10694542836372,-19.42474493624853,1.2471100023867174,19.464737326672747,-1.5066821910073498,18,1
29.10694542836372,-18.503220539868327,2.3857261029878654,18.656389237617304,-1.442568055219803,18,2
29.10694542836372,-17.615785572105107,3.4306739328719718,17.946738560420236,-1.3784539194322563,18,3
29.106945428363723,-16.735296613602166,4.3885115711135185,17.301132522324707,-1.3143397836447095,18,4
29.10694542836372,-15.824976427046009,5.254254176215654,16.674443494906853,-1.2502256478571625,18,5
29.106945428363723,-15.364049888937458,6.220214424806782,16.57543653966116,-1.1861115120696157,18,6
29.106945428363723,-14.661483269153461,7.060598216495548,16.27301873735932,-1.121997376282069,18,7
29.10694542836372,-13.977943821801272,7.872231299319783,16.042285969132426,-1.0578832404945222,18,8
29.106945428363723,-13.307871634561746,8.662464477312021,15.878845621224063,-0.9937691047069754,18,9
29.106945428363716,-12.6460347594154,9.437981027742683,15.779660358080411,-0.9296549689194287,18,10
29.106945428363712,-11.987443470046541,10.205059412324152,15.742999668316967,-0.8655408331318818,18,11
29.106945428363716,-11.327157506523118,10.969740313892416,15.768313154292075,-0.801426697344335,18,12
29.10694542836372,-10.660174930840144,11.738037329100532,15.856255859927053,-0.7373125615567883,18,13
29.106945428363716,-9.981286598008953,12.51613751274758,16.008740749653022,-0.6731984257692414,18,14
29.106945428363716,-9.284926668036487,13.310640591142322,16.229079338563285,-0.6090842899816946,18,15
29.10694542836372,-8.564989971481065,14.12884681814744,16.522208255019883,-0.5449701541941478,18,16
29.106945428363712,-7.814641312460244,14.979204345598239,16.89512301433762,-0.4808560184066011,18,17
29.10694542836372,-7.026087182597189,15.872053332574772,17.357648979327692,-0.4167418826190543,18,18
29.10694542836372,-6.190317314752516,16.821091908379184,17.923982856705308,-0.35262774683150755,18,19
29.10694542836372,-5.296465380114656,17.845549371007575,18.614945014042455,-0.2885136110439608,18,20
29.10694542836372,-4.303558105611868,18.855120029657943,19.340014573448247,-0.2243994752564138,18,21
29.10694542836372,-3.0851892952693163,19.08298667764245,19.330772708992345,-0.16028533946886703,18,22
29.106945428363723,-1.8226236654351506,18.89340093370307,18.981110501428965,-0.09617120368132026,18,23
29.106945428363716,-0.5953043644923436,18.563782248288522,18.573324921732674,-0.032057067893773494,18,24
29.106945428363716,0.585011830354785,18.242823132390853,18.252200817472666,0.03205706789377327,18,25
29.10694542836372,1.729475837195014,17.927826252311483,18.01105329525483,0.09617120368132004,18,26
29.106945428363712,2.8480582412402673,17.616247261739616,17.84498818526492,0.1602853394688668,18,27
29.10694542836372,3.9497982988892733,17.30519704645598,17.750232432804292,0.2243994752564138,18,28
29.10694542836373,5.041522540855419,16.98656234886192,17.718923498952805,0.28851361104396056,18,29
29.106945428363762,6.034446161450851,16.397539631147563,17.472659970095528,0.3526277468315073,18,30
29.106945428363733,6.838681048454182,15.448699611133192,16.894670110941856,0.4167418826190541,18,31
29.106945428363723,7.521811282576276,14.417904001700071,16.262029417417946,0.48085601840660086,18,32
29.10694542836373,8.115703491142465,13.387701775448459,15.655516662970065,0.5449701541941478,18,33
29.106945428363726,8.64114638600418,12.387733145548664,15.103818833320773,0.6090842899816944,18,34
29.106945428363737,9.112950667523478,11.427278696174712,14.616038049659874,0.6731984257692414,18,35
29.10694542836372,9.53701530097041,10.501313753035294,14.185635389034656,0.7373125615567879,18,36
29.106945428363776,9.694527939484885,9.388626749703391,13.495561648856945,0.8014266973443349,18,37
29.106945428363737,9.775688738049018,8.32216515709217,12.838322445194155,0.8655408331318815,18,38
29.106945428363726,9.830210837545408,7.336477018221264,12.266089032400021,0.9296549689194284,18,39
29.10694542836372,9.869641698754938,6.424424804167069,11.776377258194092,0.993769104706975,18,40
29.106945428363726,9.899212255249733,5.5751324764388555,11.361184155063835,1.057883240494522,18,41
29.10694542836372,9.9218253902857,4.778099280222245,11.01239537102737,1.121997376282069,18,42
29.106945428363716,9.93926145138345,4.023960993291345,10.72292778467109,1.1861115120696155,18,43
29.106945428363726,9.952676532579597,3.3045162801406947,10.48692509788172,1.2502256478571625,18,44
29.10694542836372,9.962845969647852,2.6125658737135367,10.29969903735538,1.314339783644709,18,45
29.10694542836372,9.9703027362975,1.9417162839751656,10.157617770990134,1.378453919432256,18,46
29.10694542836372,9.97540335399855,1.286185835501512,10.05797922442742,1.4425680552198026,18,47
29.106945428363723,9.978377974571796,0.6406331213389146,9.99892183188636,1.5066821910073496,18,48
29.106945428363723,9.97935564998773,6.110592977209142e-16,9.97935565007572,1.5707963267948966,18,49
30.43233128549504,-20.79785931194474,1.2735015917747438e-15,20.797859311948642,-1.5707963267948966,19,0
30.432331285495035,-19.80013859520757,1.2712110749339662,19.84090386011846,-1.5066821910073498,19,1
30.432331285495042,-18.878207048904965,2.434075259338753,19.034479865482293,-1.442568055219803,19,2
30.43233128549504,-18.01543359014866,3.508505377414363,18.353894884312783,-1.3784539194322563,19,3
30.432331285495035,-17.201471386429056,4.510756992389725,17.783069096827212,-1.3143397836447095,19,4
30.432331285495035,-16.427450240905213,5.454289264237665,17.3092574305022,-1.2502256478571625,19,5
30.432331285495046,-15.685612754945256,6.350400800930446,16.92235320014803,-1.1861115120696157,19,6
30.43233128549504,-14.969111917926702,7.2087443657627945,16.614460777958836,-1.121997376282069,19,7
30.432331285495035,-14.271791208496538,8.037723064364503,16.37953040713735,-1.0578832404945222,19,8
30.43233128549504,-13.588003493108546,8.844810110051885,16.213096706416298,-0.9937691047069754,19,9
30.432331285495035,-12.912462019272317,9.636820859487633,16.11210699061445,-0.9296549689194287,19,10
30.43233128549504,-12.240082657370047,10.420134288210724,16.07478839809708,-0.8655408331318818,19,11
30.43233128549504,-11.565844879731717,11.200896144364055,16.10058515144238,-0.801426697344335,19,12
30.43233128549504,-10.884659309095795,11.985219577877858,16.190160487315534,-0.7373125615567883,19,13
30.432331285495042,-10.191220822587917,12.779386703887571,16.345449103106613,-0.6731984257692414,19,14
30.432331285495035,-9.479861424975837,13.59009422401523,16.569804876773834,-0.6090842899816946,19,15
30.43233128549504,-8.744357230580414,14.42473187305631,16.86821487252197,-0.5449701541941478,19,16
30.43233128549503,-7.977746524796615,15.291846501230264,17.247753738707363,-0.4808560184066011,19,17
30.432331285495035,-7.1720955060220914,16.20188867850386,17.718356320441664,-0.4167418826190543,19,18
30.432331285495042,-6.318233755313821,17.168682200422257,18.29436323805461,-0.35262774683150755,19,19
30.432331285495042,-5.404878162162573,18.210828007916678,18.99597232788432,-0.2885136110439608,19,20
30.432331285495035,-4.38029657143498,19.191333216160153,19.68487410849817,-0.2243994752564138,19,21
30.43233128549503,-3.1306562236783444,19.364215706419703,19.61565340017016,-0.16028533946886703,19,22
30.43233128549504,-1.847647669136096,19.152800909602778,19.24171469989474,-0.09617120368132026,19,23
30.432331285495042,-0.6035399464945401,18.8205980220265,18.83027271108208,-0.032057067893773494,19,24
30.432331285495042,0.593181151949687,18.497572662631185,18.50708130117628,0.03205706789377327,19,25
30.432331285495042,1.7538652631584182,18.18064816613164,18.265048894048412,0.09617120368132004,19,26
30.432331285495035,2.88860655598982,17.867052925869658,18.099050474849072,0.1602853394688668,19,27
30.432331285495042,4.00649334272812,17.553594263464717,18.005017647080127,0.2243994752564138,19,28
30.432331285495053,5.113652039037003,17.229590562687765,17.9724296669713,0.28851361104396056,19,29
30.43233128549509,6.1154166643540036,16.617562644826318,17.707109002699305,0.3526277468315073,19,30
30.43233128549506,6.931138651247688,15.657562946361761,17.12308267871648,0.4167418826190541,19,31
30.432331285495057,7.624648827396806,14.615024321969694,16.48436245879604,0.48085601840660086,19,32
30.432331285495064,8.227556383928095,13.572214821432304,15.871285367291886,0.5449701541941478,19,33
30.432331285495334,8.760826307354888,12.559303312901838,15.313006801325722,0.6090842899816944,19,34
30.432331285495216,9.06557719239611,11.367874237650662,14.540056895336804,0.6731984257692414,19,35
30.432331285495078,9.18545858487598,10.114210738064783,13.662719651298469,0.7373125615567879,19,36
30.432331285495057,9.261278223197488,8.96904779732014,12.892443240871465,0.8014266973443349,19,37
30.432331285495046,9.314154167753124,7.929255048871543,12.232193323013277,0.8655408331318815,19,38
30.432331285495042,9.352911412355901,6.980259199320578,11.670517142689048,0.9296549689194284,19,39
30.432331285495046,9.38219312995109,6.107130947724932,11.194757538286053,0.993769104706975,19,40
30.432331285495042,9.40473939954465,5.29665055226665,10.793684739086212,1.057883240494522,19,41
30.43233128549503,9.422284714138643,4.537533169522138,10.457947049941694,1.121997376282069,19,42
30.432331285495042,9.435979528503951,3.820204724655805,10.179964332019463,1.1861115120696155,19,43
30.43233128549504,9.44660683300633,3.136489563340256,9.953690141794848,1.2502256478571625,19,44
30.432331285495035,9.45471600791874,2.479318506295842,9.774388730070608,1.314339783644709,19,45
30.432331285495042,9.460688965078171,1.842469010928612,9.638429734746172,1.378453919432256,19,46
30.43233128549504,9.46478755290595,1.2203492184364377,9.543136572324274,1.4425680552198026,19,47
30.432331285495042,9.4671825824834,0.6078132882506637,9.486673971677192,1.5066821910073496,19,48
30.43233128549504,9.467970524850472,5.797459898886273e-16,9.467970524926354,1.5707963267948966,19,49
31.75771714262636,-21.22575146275803,1.2997024294184103e-15,21.225751462761565,-1.5707963267948966,20,0
31.757717142626355,-20.211843078955607,1.2976433797799112,20.253455976435554,-1.5066821910073498,20,1
31.75771714262636,-19.274018461421047,2.4851094896591155,19.43356778429513,-1.442568055219803,20,2
31.757717142626355,-18.395689807548308,3.5825602691196297,18.741295088051192,-1.3784539194322563,20,3
31.757717142626355,-17.566522865629224,4.606484763310734,18.16046330530389,-1.3143397836447095,20,4
31.75771714262636,-16.777613013954223,5.57055131499836,17.67821655029253,-1.2502256478571625,20,5
31.757717142626355,-16.02115383703075,6.48624632955023,17.284350196562496,-1.1861115120696157,20,6
31.757717142626355,-15.290236506097116,7.363389816900689,16.9708821811956,-1.121997376282069,20,7
31.757717142626355,-14.578634887549022,8.210534204903494,16.731690503782115,-1.0578832404945222,20,8
31.75771714262636,-13.880626720807097,9.03528672305075,16.562252393020756,-0.9937691047069754,20,9
31.757717142626355,-13.19086381613851,9.844597520464804,16.459495391896272,-0.9296549689194287,20,10
31.757717142626355,-12.504162821999351,10.644949010081362,16.421602458539297,-0.8655408331318818,20,11
31.75771714262635,-11.815421581429089,11.442597701391156,16.448015968583665,-0.801426697344335,20,12
31.75771714262635,-11.119457738832825,12.243758743599631,16.539406536425744,-0.7373125615567883,20,13
31.75771714262636,-10.4108655501445,13.054812480620253,16.697731894102997,-0.6731984257692414,20,14
31.75771714262636,-9.683866342575215,13.882550614256715,16.926384105834934,-0.6090842899816946,20,15
31.75771714262636,-8.932110804233487,14.734451030993071,17.230399026251195,-0.5449701541941478,20,16
31.75771714262636,-8.148500554648223,15.619150008033987,17.616921077832284,-0.4808560184066011,20,17
31.75771714262635,-7.324948524215646,16.547186309142702,18.095973188306,-0.4167418826190543,20,18
31.757717142626355,-6.452099157590874,17.532437743242074,18.68196876027913,-0.35262774683150755,20,19
31.757717142626355,-5.51805094114983,18.59214465400558,19.393729115995086,-0.2885136110439608,20,20
31.75771714262636,-4.457851441575632,19.531123303687636,20.033402531247965,-0.2243994752564138,20,21
31.75771714262636,-3.177173764595177,19.65194314504172,19.90711688081385,-0.16028533946886703,20,22
31.757717142626355,-1.8734679216841712,19.42045483775666,19.510611168257288,-0.09617120368132026,20,23
31.75771714262636,-0.6120375291816147,19.085583941915996,19.095394846429556,-0.032057067893773494,20,24
31.757717142626355,0.6016098678898818,18.760411063756543,18.770054813832093,0.03205706789377327,20,25
31.75771714262636,1.7790288332409019,18.44149489357654,18.52710656037018,0.09617120368132004,20,26
31.75771714262636,2.9304383867845134,18.125797590574955,18.361154850205708,0.1602853394688668,20,27
31.75771714262636,4.064951461591292,17.809716016866155,18.267726048594916,0.2243994752564138,20,28
31.757717142626376,5.187674468255814,17.47899668930308,18.232588726050324,0.28851361104396056,20,29
31.757717142626426,6.198693965069789,16.84385397337047,17.948237338216337,0.3526277468315073,20,30
31.757717142626397,7.026396978132591,15.87275316610388,17.358414316016503,0.4167418826190541,20,31
31.75771714262642,7.730743824410404,14.818388568262195,16.713738057029307,0.48085601840660086,20,32
31.757717142629467,8.327003903248283,13.73626390908834,16.063123613200226,0.5449701541941478,20,33
31.75771714262643,8.562956043274312,12.275641409561434,14.967150303802786,0.6090842899816944,20,34
31.757717142626387,8.686565592423126,10.892608723471577,13.932169486302305,0.6731984257692414,20,35
31.757717142626372,8.766073456715194,9.65242110308522,13.03891395019159,0.7373125615567879,20,36
31.75771714262637,8.82140926231046,8.543058464115218,12.280110312820606,0.8014266973443349,20,37
31.757717142626362,8.861746212182345,7.544114541063603,11.638050100353201,0.8655408331318815,20,38
31.75771714262636,8.892086408587764,6.636336560681207,11.095501955518019,0.9296549689194284,20,39
31.757717142626362,8.915397461661122,5.803280639738643,10.637780693519494,0.993769104706975,20,40
31.75771714262636,8.93355737843407,5.031285781767489,10.252915880471933,1.057883240494522,20,41
31.757717142626355,8.947809332065361,4.309037868263537,9.931319106420876,1.121997376282069,20,42
31.75771714262636,8.959003021898155,3.627098338762629,9.665380360121247,1.1861115120696155,20,43
31.75771714262636,8.96773002943103,2.9774915100746173,9.449107766054588,1.2502256478571625,20,44
31.75771714262636,8.974413117580195,2.3533682563319824,9.277846353336772,1.314339783644709,20,45
31.75771714262636,8.979348245517217,1.748727914189276,9.148045924315216,1.378453919432256,20,46
31.75771714262635,8.982740824419183,1.1581961753730055,9.057099486071346,1.4425680552198026,20,47
31.757717142626355,8.984725588762855,0.5768385215511487,9.003223677471254,1.5066821910073496,20,48
31.75771714262636,8.98537892577222,5.501957770329363e-16,8.985378925842193,1.5707963267948966,20,49
33.08310299975767,-21.670247662543836,1.3269199718334294e-15,21.67024766254699,-1.5707963267948966,21,0
33.08310299975767,-20.639753179993384,1.3251161197761347,20.68224707477256,-1.5066821910073498,21,1
33.08310299975767,-19.6855869916037,2.538175375325313,19.848543257375464,-1.442568055219803,21,2
33.08310299975767,-18.79124343252896,3.659594330684446,19.14428009630399,-1.3784539194322563,21,3
33.08310299975767,-17.946401060938236,4.706100557056053,18.55318553492012,-1.3143397836447095,21,4
33.08310299975767,-17.14212427833878,5.6915773931097275,18.062294372414883,-1.2502256478571625,21,5
33.08310299975767,-16.37055891258534,6.627704767057013,17.66130430035388,-1.1861115120696157,21,6
33.083102999757664,-15.624733848505986,7.524475247063368,17.342146221858428,-1.121997376282069,21,7
33.08310299975767,-14.898350242023561,8.390594537986386,17.098623237994666,-1.0578832404945222,21,8
33.08310299975767,-14.185619487697997,9.23381501379321,16.926167314507765,-0.9937691047069754,21,9
33.08310299975768,-13.481110879899,10.06121453388002,16.821664259308314,-0.9296549689194287,21,10
33.08310299975767,-12.779551153329136,10.879390514619297,16.783267430692547,-0.8655408331318818,21,11
33.08310299975767,-12.075750156624787,11.694711867238839,16.810414257327544,-0.801426697344335,21,12
33.08310299975767,-11.364427245862219,12.51349739579413,16.90378134326882,-0.7373125615567883,21,13
33.08310299975768,-10.640072285039762,13.342228635304087,17.065350954129258,-0.6731984257692414,21,14
33.08310299975767,-9.896785476033594,14.18778620326774,17.298544450567665,-0.6090842899816946,21,15
33.08310299975767,-9.128086506958645,15.05773345083273,17.6084439958461,-0.5449701541941478,21,16
33.08310299975767,-8.32672915552589,15.96078086811196,18.002248313735002,-0.4808560184066011,21,17
33.083102999757664,-7.484458746338539,16.907522679419507,18.49003639479191,-0.4167418826190543,21,18
33.083102999757664,-6.59170252986504,17.91178520417874,19.08618849961583,-0.35262774683150755,21,19
33.08310299975767,-5.635620631120691,18.988275952208117,19.806939277311916,-0.2885136110439608,21,20
33.08310299975768,-4.535971230312433,19.87338846130254,20.384469675124205,-0.2243994752564138,21,21
33.083102999757664,-3.2247175641507764,19.946018356217458,20.205010557658852,-0.16028533946886703,21,22
33.08310299975767,-1.9000495544469336,19.696001268313566,19.787436778692786,-0.09617120368132026,21,23
33.08310299975767,-0.62078456500862,19.358348729302353,19.368299847984467,-0.032057067893773494,21,24
33.083102999757664,0.6102848273118547,19.030928243417666,19.04071105228372,0.03205706789377327,21,25
33.08310299975767,1.8049251387019174,18.709937189731907,18.796795056605553,0.09617120368132004,21,26
33.08310299975767,2.9734791908440403,18.392020182401943,18.63083425100075,0.1602853394688668,21,27
33.08310299975767,4.125048616913455,18.073018858197614,18.537800213096165,0.2243994752564138,21,28
33.08310299975771,5.263315740756996,17.733857236113753,18.49843736800006,0.28851361104396056,21,29
33.08310299975779,6.284122322846166,17.075990418850214,18.19559403134056,0.3526277468315073,21,30
33.08310299975785,7.124338550301911,16.094004883733163,17.600374796504592,0.4167418826190541,21,31
33.083102999760925,7.791012706802152,14.933912734612496,16.844038369154607,0.48085601840660086,21,32
33.08310299975776,8.05741604024079,13.291550528675888,15.543077838796844,0.5449701541941478,21,33
33.0831029997577,8.199620354633728,11.754772377533445,14.332077574740577,0.6090842899816944,21,34
33.083102999757685,8.289007278958762,10.394086366448485,13.29453545876303,0.6731984257692414,21,35
33.08310299975768,8.350023258004978,9.194303596094162,12.42006872069539,0.7373125615567879,21,36
33.083102999757685,8.393773215618207,8.128916047672442,11.684806584009932,0.8014266973443349,21,37
33.08310299975768,8.426285721658983,7.173401620607248,11.06616382826181,0.8655408331318815,21,38
33.08310299975768,8.451057660466232,6.30718825160998,10.545188439384296,0.9296549689194284,21,39
33.08310299975767,8.470265207557121,5.513531651710239,10.106652460687007,0.993769104706975,21,40
33.08310299975767,8.485329216066749,4.778848383674837,9.738490836856162,1.057883240494522,21,41
33.083102999757685,8.49721149880488,4.092041388490167,9.431193242716692,1.121997376282069,21,42
33.08310299975767,8.506578833103248,3.443932084722196,9.177284546583602,1.1861115120696155,21,43
33.08310299975767,8.513904556713333,2.8268110716979327,8.970921448599075,1.2502256478571625,21,44
33.08310299975767,8.519526891064697,2.2340830404966323,8.807580001367727,1.314339783644709,21,45
33.08310299975767,8.52368555347817,1.6599876128627364,8.683822562129617,1.378453919432256,21,46
33.08310299975767,8.52654772494639,1.099376588637987,8.597130043833205,1.4425680552198026,21,47
33.08310299975767,8.52822344796597,0.5475301116971016,8.545781673013185,1.5066821910073496,21,48
33.08310299975767,8.528775259325094,5.222368661031143e-16,8.528775259392601,1.5707963267948966,21,49
34.408488856888994,-22.1311493095436,1.3551420581694086e-15,22.131149309546416,-1.5707963267948966,22,0
34.40848885688898,-21.083953304934997,1.3536347140070606,21.127361735523074,-1.5066821910073498,22,1
34.40848885688899,-20.111457976808698,2.593085358358793,20.277939580457392,-1.442568055219803,22,2
34.408488856888994,-19.201946958581882,3.739578835218808,19.56269963131391,-1.3784539194322563,22,3
34.408488856888994,-18.340978546148698,4.80957095853908,18.961104051070183,-1.3143397836447095,22,4
34.408488856888994,-17.520862426221186,5.817327121987824,18.461362761258588,-1.2502256478571625,22,5
34.408488856888994,-16.73371040535108,6.7747285120995215,18.05308866490191,-1.1861115120696157,22,6
34.408488856888994,-15.972488380092727,7.691945003050851,17.728124632407035,-1.121997376282069,22,7
34.40848885688899,-15.230820282942968,8.577838176648735,17.480194343201116,-1.0578832404945222,22,8
34.408488856889,-14.502866019936835,9.440319621857823,17.304703330455368,-0.9937691047069754,22,9
34.408488856888994,-13.78308609013287,10.286584490491434,17.198467450561814,-0.9296549689194287,22,10
34.408488856888994,-13.06612820539501,11.123357115992533,17.159626447266323,-0.8655408331318818,22,11
34.40848885688899,-12.346707649484758,11.957119565822135,17.187608853276036,-0.801426697344335,22,12
34.408488856888994,-11.619440114737486,12.79429490556096,17.28309494015567,-0.7373125615567883,22,13
34.408488856888994,-10.878707584105046,13.641467835498242,17.448092256960322,-0.6731984257692414,22,14
34.408488856888994,-10.118478526503413,14.505599862099952,17.686040683280865,-0.6090842899816946,22,15
34.408488856889,-9.33213486776622,15.39433256454374,18.002061445788673,-0.5449701541941478,22,16
34.40848885688899,-8.512270795049341,16.316429454133125,18.403386216127565,-0.4808560184066011,22,17
34.408488856888994,-7.650447597613757,17.28249438580237,18.90010477852241,-0.4167418826190543,22,18
34.408488856888994,-6.736832453708623,18.30615009106605,19.506410296771183,-0.35262774683150755,22,19
34.40848885688899,-5.757135522310939,19.397699942439512,20.234015233738862,-0.2885136110439608,22,20
34.408488856888994,-4.614536102798625,20.21760365823665,20.73753700721421,-0.2243994752564138,22,21
34.408488856888994,-3.2732649902343463,20.246301352339135,20.509192625406353,-0.16028533946886703,22,22
34.40848885688899,-1.9273562019362267,19.979063234947006,20.071812814869354,-0.09617120368132026,22,23
34.408488856888994,-0.6297676942174988,19.638475777730093,19.64857089513565,-0.032057067893773494,22,24
34.408488856888994,0.6191917919501225,19.308680200064494,19.31860578674302,0.03205706789377327,22,25
34.408488856889,1.8315085419777335,18.985501973509088,19.073639105463187,0.09617120368132004,22,26
34.408488856889,3.0176448827763527,18.665200603469167,18.907561826060277,0.1602853394688668,22,27
34.408488856888994,4.186639884167173,18.342867831617184,18.81458885566941,0.2243994752564138,22,28
34.40848885688905,5.340276477878336,17.993163497067744,18.76892339726726,0.28851361104396056,22,29
34.40848885688929,6.3715203537964,17.31347910268921,18.448653887441306,0.3526277468315073,22,30
34.40848885689283,7.191132305332856,16.244893141577084,17.7653859239172,0.4167418826190541,22,31
34.408488856889115,7.542314660111064,14.457205137913569,16.306357374738695,0.48085601840660086,22,32
34.40848885688903,7.719994533985053,12.73493846125294,14.892178256291146,0.5449701541941478,22,33
34.40848885688901,7.826592040426199,11.220008237927676,13.680063151418537,0.6090842899816944,22,34
34.40848885688901,7.8968773625461175,9.902371004044921,12.665607904130217,0.6731984257692414,22,35
34.40848885688901,7.946059585450288,8.749494697657918,11.819201343583563,0.7373125615567879,22,36
34.408488856889,7.981934555969835,7.7300725474368965,11.111494086967197,0.8014266973443349,22,37
34.408488856889,8.008897331579982,6.818073703569857,10.51801148009342,0.8655408331318815,22,38
34.408488856888994,8.029606202370521,5.992650853814573,10.019303370052572,0.9296549689194284,22,39
34.408488856888994,8.045758419997577,5.2372083545945065,9.600134368989176,0.993769104706975,22,40
34.408488856888994,8.058482787693077,4.538452953823232,9.24860530317206,1.057883240494522,22,41
34.408488856888994,8.068553786408174,3.885610714041848,8.955419075959117,1.121997376282069,22,42
34.408488856888994,8.07651370031889,3.2698180092076825,8.71331070062696,1.1861115120696155,22,43
34.408488856888994,8.082752075213355,2.6836585850599644,8.516625183221326,1.2502256478571625,22,44
34.408488856889,8.087547226684546,2.1208046326264243,8.360994703659799,1.314339783644709,22,45
34.40848885688899,8.091098169955046,1.5757412274676341,8.243108031127662,1.378453919432256,22,46
34.408488856889,8.093544112604546,1.043546955173512,8.160542050097344,1.4425680552198026,22,47
34.40848885688899,8.094976910338163,0.5197147611044108,8.111643151230927,1.5066821910073496,22,48
34.408488856888994,8.095448850423269,4.957032761207206e-16,8.095448850490586,1.5707963267948966,22,49
35.73387471402031,-22.608250865579922,1.3843561028427967e-15,22.60825086558246,-1.5707963267948966,23,0
35.73387471402032,-21.543706047593055,1.3831518194246806,21.588061034300342,-1.5066821910073498,23,1
35.73387471402031,-20.554037646704685,2.6501496877196002,20.72418290185354,-1.442568055219803,23,2
35.7338747140203,-19.627689273781666,3.8224921436771746,19.996440493662814,-1.3784539194322563,23,3
35.73387471402031,-18.75012359788654,4.9168614258234165,19.384082676690497,-1.3143397836447095,23,4
35.73387471402031,-17.913706220945308,5.947760248289478,18.875293972319152,-1.2502256478571625,23,5
35.73387471402031,-17.11049288171549,6.927270830787501,18.45957875516981,-1.1861115120696157,23,6
35.7338747140203,-16.333387983505844,7.8657450919923075,18.128692971969464,-1.121997376282069,23,7
35.73387471402031,-15.575935193683579,8.772203273320294,17.876277784434944,-1.0578832404945222,23,8
35.73387471402031,-14.832255450816461,9.654728381015557,17.697728155598472,-0.9937691047069754,23,9
35.73387471402031,-14.096679988556899,10.52062569945919,17.589768384146012,-0.9296549689194287,23,10
35.73387471402031,-13.36378303867019,11.376754370004932,17.550533812396605,-0.8655408331318818,23,11
35.73387471402031,-12.628180290509114,12.229710617524605,17.579441380146232,-0.801426697344335,23,12
35.73387471402031,-11.88437850261207,13.086021514829525,17.67717204419107,-0.7373125615567883,23,13
35.73387471402031,-11.126647599410273,13.95237478081046,17.84575716593888,-0.6731984257692414,23,14
35.7338747140203,-10.34881428838624,14.835803497661614,18.088643470330677,-0.6090842899816946,23,15
35.7338747140203,-9.544114159175814,15.744014577823148,18.410977978100156,-0.5449701541941478,23,16
35.73387471402031,-8.704969205364167,16.68579622987693,18.819996936538402,-0.4808560184066011,23,17
35.73387471402032,-7.822737271125652,17.67169975937158,19.325739075089295,-0.4167418826190543,23,18
35.7338747140203,-6.88726632848791,18.71492752607181,19.94198961452056,-0.35262774683150755,23,19
35.73387471402032,-5.882006017174277,19.8184300749224,20.67288478709896,-0.2885136110439608,23,20
35.73387471402031,-4.693504020534568,20.56358471178865,21.092415608215298,-0.2243994752564138,23,21
35.7338747140203,-3.3227899546787865,20.552630768868976,20.819499624255453,-0.16028533946886703,23,22
35.73387471402031,-1.9553491648213184,20.2692395786101,20.36333625542391,-0.09617120368132026,23,23
35.7338747140203,-0.6389725607367336,19.925517412026196,19.935760082583606,-0.032057067893773494,23,24
35.7338747140203,0.6283152656351519,19.593183706067226,19.60325554117806,0.03205706789377327,23,25
35.7338747140203,1.858728523641064,19.267665558195453,19.357112589099337,0.09617120368132004,23,26
35.73387471402032,3.0628401434476618,18.94474927123076,19.19074033731146,0.1602853394688668,23,27
35.73387471402031,4.249555388751159,18.618518667867598,19.097328566786643,0.2243994752564138,23,28
35.73387471402044,5.418248110569931,18.255875800657112,19.042962317793496,0.28851361104396056,23,29
35.73387471403674,6.4606805144908845,17.555756067808357,18.70681597305601,0.3526277468315073,23,30
35.73387471402048,6.997052362533007,15.806463168413032,17.285919693761407,0.4167418826190541,23,31
35.73387471402035,7.238478273417323,13.874807668550972,15.649468219540575,0.48085601840660086,23,32
35.73387471402033,7.373407582026739,12.163207032511352,14.223598162445438,0.5449701541941478,23,33
35.73387471402032,7.458088705984564,10.691730997099755,13.035957918807949,0.6090842899816944,23,34
35.73387471402032,7.51538408627683,9.42399356651214,12.053740195730095,0.6731984257692414,23,35
35.73387471402032,7.556119961056215,8.320127834827451,11.239193745725991,0.7373125615567879,23,36
35.73387471402032,7.586160804721029,7.34678704339138,10.560545232905776,0.8014266973443349,23,37
35.73387471402031,7.6089125786041745,6.4775617188100325,9.99271516906381,0.8655408331318815,23,38
35.73387471402032,7.626485284957226,5.691793894075754,9.516291059783212,0.9296549689194284,23,39
35.73387471402032,7.6402491013148115,4.973251039346127,9.116283904678543,0.993769104706975,23,40
35.73387471402031,7.651126887436591,4.309034384924823,8.781088769554025,1.057883240494522,23,41
35.73387471402032,7.659757261899401,3.6887446835808424,8.50168916466676,1.121997376282069,23,42
35.73387471402032,7.666592267159305,3.1038592138370125,8.271068794962975,1.1861115120696155,23,43
35.73387471402032,7.671957124567351,2.547265264352529,8.083779218229033,1.2502256478571625,23,44
35.73387471402031,7.676085572012055,2.0129066805142077,7.935621148610192,1.314339783644709,23,45
35.73387471402031,7.6791454566427,1.4955134437364561,7.823415840007637,1.378453919432256,23,46
35.73387471402032,7.681254460428309,0.9903880911224604,7.744839485614384,1.4425680552198026,23,47
35.73387471402031,7.682490378984195,0.4932322471363859,7.698307377200545,1.5066821910073496,23,48
35.73387471402031,7.682897550166826,4.704417946536522e-16,7.6828975502355785,1.5707963267948966,23,49
37.059260571151626,-23.101339986109746,1.414549103500339e-15,23.101339986111967,-1.5707963267948966,24,0
37.05926057115163,-22.039001695277328,1.4149508550564407,22.084376415164222,-1.5066821910073498,24,1
37.059260571151626,-21.017848842323296,2.7099515191824457,21.191833502438396,-1.442568055219803,24,2
37.059260571151626,-20.025130537121363,3.8998938227794864,20.401348603896373,-1.3784539194322563,24,3
37.059260571151626,-19.039215469395526,4.992670241915798,19.68294901265006,-1.3143397836447095,24,4
37.059260571151626,-18.019251203222076,5.982803596787519,18.986504491415847,-1.2502256478571625,24,5
37.059260571151626,-17.500779101587494,7.0852802093172516,18.880637298754106,-1.1861115120696157,24,6
37.059260571151626,-16.70732298364188,8.045822697141615,18.54372951036464,-1.121997376282069,24,7
37.05926057115163,-15.933596571772346,8.973634408760754,18.28676062658696,-1.0578832404945222,24,8
37.05926057115163,-15.173681375887222,9.876972029645103,18.105114829001742,-0.9937691047069754,24,9
37.059260571151626,-14.421787497753284,10.763259739468264,17.995435944972616,-0.9296549689194287,24,10
37.05926057115162,-13.672409642232903,11.639492028242993,17.955850302911198,-0.8655408331318818,24,11
37.05926057115163,-12.920059539203587,12.512379906739353,17.98576074085111,-0.801426697344335,24,12
37.05926057115164,-12.159131267040177,13.388554843415019,18.08584733885164,-0.7373125615567883,24,13
37.059260571151626,-11.383773770605995,14.274800801264982,18.258155525028627,-0.6731984257692414,24,14
37.059260571151626,-10.587665655166106,15.178214893203872,18.506130642839974,-0.6090842899816946,24,15
37.05926057115162,-9.763884975577767,16.106549526536675,18.834924673783366,-0.5449701541941478,24,16
37.05926057115163,-8.904667426722066,17.068580332891706,19.251741130632922,-0.4808560184066011,24,17
37.059260571151626,-8.00114389432808,18.074723428842656,19.766485035202866,-0.4167418826190543,24,18
37.059260571151626,-7.0427597313796335,19.137453333425043,20.392218729774502,-0.35262774683150755,24,19
37.05926057115163,-6.009461759935246,20.247870765425148,21.12084044675987,-0.2885136110439608,24,20
37.059260571151626,-4.772863190627183,20.911279953918132,21.449052481347145,-0.2243994752564138,24,21
37.059260571151626,-3.3732594025811706,20.864802149544175,21.13572444314896,-0.16028533946886703,24,22
37.059260571151626,-1.9839864204757272,20.56609469082024,20.6615694696317,-0.09617120368132026,24,23
37.05926057115162,-0.6483835657616493,20.218987204018763,20.229380732109043,-0.032057067893773494,24,24
37.059260571151626,0.6376382780748407,19.883909565227427,19.89413084735819,0.03205706789377327,24,25
37.059260571151626,1.8865289012596294,19.555845554108586,19.646630414181367,0.09617120368132004,24,26
37.059260571151626,3.108956448407228,19.229994923585387,19.479689806545007,0.1602853394688668,24,27
37.05926057115164,4.313596068056302,18.8990992166735,19.38512476720312,0.2243994752564138,24,28
37.05926057115213,5.496928767443407,18.52097704213365,19.31949317322672,0.28851361104396056,24,29
37.059260571152386,6.37706254080207,17.328539015445624,18.464701217753817,0.3526277468315073,24,30
37.0592605711517,6.738416645455194,15.222200578307778,16.646971175992352,0.4167418826190541,24,31
37.059260571151654,6.921462489207981,13.267147761624296,14.964085428736727,0.48085601840660086,24,32
37.05926057115164,7.0288280537618055,11.594787059129624,13.558890469212962,0.5449701541941478,24,33
37.05926057115163,7.09817528687042,10.175768045846732,12.406866958511351,0.6090842899816944,24,34
37.05926057115163,7.145867528868135,8.960634459408169,11.461081652943777,0.6731984257692414,24,35
37.059260571151626,7.180172347894173,7.906167731381864,10.679998274455663,0.7373125615567879,24,36
37.05926057115163,7.205669685361242,6.97830194298131,10.030871030080911,0.8014266973443349,24,37
37.059260571151626,7.225089384728085,6.150808269908141,9.48864368551403,0.8655408331318815,24,38
37.059260571151626,7.240151212244068,5.403465282141414,9.034225292277762,0.9296549689194284,24,39
37.05926057115163,7.251985792750733,4.720519632652945,8.653011241220405,0.993769104706975,24,40
37.05926057115164,7.26136168230883,4.089522710939195,8.333760824814304,1.057883240494522,24,41
37.059260571151626,7.268814292070361,3.5004764719097974,8.067775204088406,1.121997376282069,24,42
37.05926057115163,7.274725824456693,2.945210073986935,7.848305435042555,1.1861115120696155,24,43
37.059260571151626,7.2793711480723715,2.4169177396010135,7.67011966479351,1.2502256478571625,24,44
37.059260571151626,7.282949078691225,1.9098141516040434,7.5291923456245415,1.314339783644709,24,45
37.059260571151626,7.285602724972405,1.4188710036092,7.422479504316578,1.378453919432256,24,46
37.059260571151626,7.287432615609077,0.9396103871502555,7.34775760403899,1.4425680552198026,24,47
37.05926057115162,7.288505302523429,0.46793756598333386,7.303511149551157,1.5066821910073496,24,48
37.059260571151626,7.288858751339551,4.463138769676437e-16,7.288858751411178,1.5707963267948966,24,49
38.38464642828294,-23.61019765320745,1.445707649161963e-15,23.61019765320942,-1.5707963267948966,25,0
38.38464642828294,-22.529867115160194,1.4464654606263363,22.576252447108278,-1.5066821910073498,25,1
38.38464642828295,-21.490282822075983,2.770865135544846,21.668178266116247,-1.442568055219803,25,2
38.384646428282934,-20.478663597429858,3.9882193783629862,20.863402324324984,-1.3784539194322563,25,3
38.38464642828294,-19.473263629668185,5.1064910732854,20.131672744014626,-1.3143397836447095,25,4
38.38464642828295,-18.432916673706778,6.1201499957455505,19.422375062546855,-1.2502256478571625,25,5
38.38464642828294,-17.904472827173674,7.248717685324354,19.31616046994161,-1.1861115120696157,25,6
38.38464642828295,-17.094178464910684,8.232122478067243,18.97310670091003,-1.121997376282069,25,7
38.38464642828294,-16.303706538758398,9.18207645885352,18.711530535960605,-1.0578832404945222,25,8
38.38464642828294,-15.527039448836312,10.106982645823846,18.52673884548235,-0.9937691047069754,25,9
38.38464642828294,-14.758305457370799,11.014409619947598,18.41534141005959,-0.9296549689194287,25,10
38.38464642828295,-13.991904221021976,11.91148172868288,18.375439605707385,-0.8655408331318818,25,11
38.38464642828295,-13.22223901699708,12.805024411565338,18.406418847874384,-0.801426697344335,25,12
38.38464642828294,-12.44359000886487,13.701775531798615,18.508959588062165,-0.7373125615567883,25,13
38.384646428282934,-11.649969113465437,14.608599203281234,18.6850997060976,-0.6731984257692414,25,14
38.38464642828294,-10.834905655453959,15.532652025692453,18.938280268119307,-0.6090842899816946,25,15
38.38464642828294,-9.991305818575306,16.481703994278597,19.27362857677082,-0.5449701541941478,25,16
38.38464642828295,-9.111202793121068,17.464469962905945,19.698267117252275,-0.4808560184066011,25,17
38.38464642828294,-8.18547143385561,18.491122551428184,20.221858366787252,-0.4167418826190543,25,18
38.384646428282934,-7.203034826749528,19.572972543953448,20.856293173086264,-0.35262774683150755,25,19
38.38464642828294,-6.138554406783307,20.68282672896467,21.574549165751296,-0.2885136110439608,25,20
38.38464642828294,-4.852602600528619,21.260641135500467,21.807398136668972,-0.2243994752564138,25,21
38.384646428282934,-3.424631885458616,21.182559120842626,21.45760737964258,-0.16028533946886703,25,22
38.384646428282934,-2.0132215320227913,20.869147204773125,20.966028856020642,-0.09617120368132026,25,23
38.384646428282934,-0.6579835754442752,20.518350857234214,20.5288982725844,-0.032057067893773494,25,24
38.38464642828294,0.6471421301433143,20.18027466994122,20.19064829793431,0.03205706789377327,25,25
38.38464642828294,1.914846929439367,19.84939153960128,19.941539139584446,0.09617120368132004,25,26
38.38464642828295,3.155869859615554,19.520170959936216,19.77363367911848,0.1602853394688668,25,27
38.38464642828296,4.378529874977331,19.183592813241173,19.676934646695646,0.2243994752564138,25,28
38.38464642828295,5.5760314078110715,18.78750008561948,19.597507130450346,0.28851361104396056,25,29
38.38464642828305,6.186759406128372,16.81142392134279,17.913680978869863,0.3526277468315073,25,30
38.38464642828298,6.457613645474805,14.587861710037675,15.95325933048217,0.4167418826190541,25,31
38.38464642828296,6.6024064968703415,12.655577157690658,14.274291742301848,0.48085601840660086,25,32
38.384646428282956,6.6901843655015245,11.03615887470226,12.905633248788034,0.5449701541941478,25,33
38.38464642828294,6.748005665575953,9.673773561489048,11.794807136267831,0.6090842899816944,25,34
38.38464642828295,6.7882718416034455,8.512223650655873,10.88754270138252,0.6731984257692414,25,35
38.38464642828295,6.817481866658271,7.506805203534253,10.140521848808255,0.7373125615567879,25,36
38.38464642828295,6.839321663568615,6.623513668758301,9.520885155179723,0.8014266973443349,25,37
38.38464642828295,6.856027628354204,5.836621415968947,9.003958262577546,0.8655408331318815,25,38
38.38464642828294,6.869026635962585,5.126487812402988,8.571137860075305,0.9296549689194284,25,39
38.38464642828295,6.8792656571243525,4.477905710360599,8.208284566989331,0.993769104706975,25,40
38.38464642828295,6.887392795435384,3.8789073576549216,7.904562088343224,1.057883240494522,25,41
38.38464642828295,6.893862696623138,3.3199093002614064,7.651610330024139,1.121997376282069,25,42
38.38464642828294,6.899000897437542,2.7930959095778753,7.442956277159744,1.1861115120696155,25,43
38.38464642828294,6.9030422145734205,2.291967925010676,7.2735898142741195,1.2502256478571625,25,44
38.384646428282934,6.906157141888376,1.8110076701459017,7.139660723781701,1.314339783644709,25,45
38.38464642828294,6.908468634554804,1.3454241460798912,7.03826008388933,1.378453919432256,25,46
38.38464642828295,6.9100631988001675,0.8909539888653568,6.967264342818961,1.4425680552198026,25,47
38.384646428282934,6.910998169384912,0.4437008038920206,6.9252267906304406,1.5066821910073496,25,48
38.38464642828294,6.9113062784788095,4.2319545559793954e-16,6.911306278554514,1.5707963267948966,25,49
39.71003228541426,-24.13459831127598,1.4778179285306669e-15,24.134598311277692,-1.5707963267948966,26,0
39.71003228541425,-23.036010164497146,1.4789609225507148,23.083437562660563,-1.5066821910073498,26,1
39.710032285414265,-21.97762023703167,2.8337003370881275,22.159549834858957,-1.442568055219803,26,2
39.71003228541425,-20.946667098280237,4.079363051989593,21.340198345753823,-1.3784539194322563,26,3
39.71003228541426,-19.921300240662166,5.223980108408416,20.594857888600586,-1.3143397836447095,26,4
39.71003228541426,-18.86006594800028,6.26197332601531,19.87245323302202,-1.2502256478571625,26,5
39.71003228541425,-18.321451833500763,7.41753377540129,19.766016406866314,-1.1861115120696157,26,6
39.71003228541426,-17.493839750504325,8.424589209329126,19.416697261951395,-1.121997376282069,26,7
39.71003228541426,-16.686152941220037,9.39746625996826,19.150458795679775,-1.0578832404945222,26,8
39.71003228541426,-15.89222535033843,10.344692325195972,18.96247573205852,-0.9937691047069754,26,9
39.71003228541426,-15.106130731670858,11.273998368695041,18.849356087136503,-0.9296549689194287,26,10
39.710032285414265,-14.322163071577192,12.192635187281743,18.809165527981072,-0.8655408331318818,26,11
39.71003228541425,-13.534612067070123,13.107540840632932,18.841267226355594,-0.801426697344335,26,12
39.71003228541426,-12.737643284021155,14.02556086767926,18.94634302666206,-0.7373125615567883,26,13
39.71003228541425,-11.925115216109994,14.953621503059978,19.1263997912382,-0.6731984257692414,26,14
39.71003228541426,-11.090404166055889,15.898928353743816,19.384864904454457,-0.6090842899816946,26,15
39.71003228541426,-10.226229326411241,16.86923489241717,19.726805420338575,-0.5449701541941478,26,16
39.71003228541425,-9.32440249018452,17.873133867113673,20.159201274622127,-0.4808560184066011,26,17
39.710032285414265,-8.375505929700529,18.920413787744035,20.691330490761228,-0.4167418826190543,26,18
39.71003228541426,-7.367766736392684,20.020602358623403,21.33327226386084,-0.35262774683150755,26,19
39.71003228541425,-6.268254487805764,21.119829339800233,22.030392771491616,-0.2885136110439608,26,20
39.71003228541426,-4.932707308270294,21.611602791493745,22.16738542558333,-0.2243994752564138,26,21
39.71003228541427,-3.476859018854352,21.50560240779106,21.78484527278024,-0.16028533946886703,26,22
39.71003228541426,-2.043002799706195,21.177861198411538,21.276176004601783,-0.09617120368132026,26,23
39.71003228541426,-0.6677536691444158,20.823018356437167,20.833722385478193,-0.032057067893773494,26,24
39.71003228541426,0.6568061495523411,20.481634382137894,20.492162923460835,0.03205706789377327,26,25
39.710032285414265,1.9436123696150551,20.147575418468463,20.241107289034247,0.09617120368132004,26,26
39.710032285414265,3.203438757976135,19.81440141609688,20.071684616751245,0.1602853394688668,26,27
39.710032285414314,4.4440894635563195,19.47082813840579,19.97155676344457,0.2243994752564138,26,28
39.710032285415316,5.510876639370669,18.567972051192797,19.368514332025782,0.28851361104396056,26,29
39.71003228541431,5.956914755059977,16.18686175371297,17.248168796514616,0.3526277468315073,26,30
39.71003228541428,6.16824213529024,13.934166427971398,15.238379345656133,0.4167418826190541,26,31
39.71003228541427,6.285817000423523,12.048734364608633,13.589830578481896,0.48085601840660086,26,32
39.710032285414265,6.358870378716877,10.489621799514826,12.26651531569969,0.5449701541941478,26,33
39.71003228541427,6.407676232974651,9.185885727591089,11.199946933227046,0.6090842899816944,26,34
39.71003228541426,6.441998039201983,8.078010036470902,10.332162643247388,0.6731984257692414,26,35
39.710032285414265,6.467058850324334,7.1209505179024,9.619292409116296,0.7373125615567879,26,36
39.71003228541425,6.4858833485949905,6.281227748391944,9.028870629201704,0.8014266973443349,26,37
39.710032285414265,6.500331886557606,5.533813216136538,8.536826304113076,0.8655408331318815,26,38
39.71003228541426,6.511603242817256,4.859735801392031,8.125146697218035,0.9296549689194284,26,39
39.71003228541426,6.520498908203897,4.244374436276808,7.780206961751644,0.993769104706975,26,40
39.710032285414265,6.527570464594966,3.676259196298703,7.491599151662709,1.057883240494522,26,41
39.71003228541427,6.53320711675283,3.146226726865338,7.251312836162517,1.121997376282069,26,42
39.71003228541426,6.537687800095022,2.6468164483555774,7.053155257298384,1.1861115120696155,26,43
39.71003228541426,6.541214577368141,2.1718328725129186,6.892339673445512,1.2502256478571625,26,44
39.71003228541426,6.54393448175751,1.7160217029420362,6.765190979376244,1.314339783644709,26,45
39.71003228541426,6.545953720127438,1.2748243728198936,6.668934494248863,1.378453919432256,26,46
39.71003228541426,6.547347110905099,0.8441869281264859,6.601545710009041,1.4425680552198026,26,47
39.710032285414265,6.548164288795539,0.42040609587055894,6.561645894100445,1.5066821910073496,26,48
39.71003228541426,6.548433607331163,4.0097591283730904e-16,6.548433607412098,1.5707963267948966,26,49
41.03541814254558,-24.67431000529066,1.5108657384575318e-15,24.67431000529223,-1.5707963267948966,27,0
41.03541814254559,-23.55722101020253,1.5124237690985043,23.605721496723262,-1.5066821910073498,27,1
41.03541814254558,-22.479686970416477,2.898434673940306,22.66577265056306,-1.442568055219803,27,2
41.03541814254558,-21.428988878605463,4.173295210294153,21.83158164842074,-1.3784539194322563,27,3
41.03541814254558,-20.383196541793957,5.345103582283616,21.07237133230958,-1.3143397836447095,27,4
41.03541814254557,-19.300603150720026,6.408241754776605,20.33663798097528,-1.2502256478571625,27,5
41.03541814254558,-18.75159251108547,7.591678435614546,20.23007175398971,-1.1861115120696157,27,6
41.03541814254558,-17.90618978505199,8.62316652003169,19.874371271828867,-1.121997376282069,27,7
41.03541814254558,-17.080819714513776,9.619738445715543,19.603412200015107,-1.0578832404945222,27,8
41.03541814254557,-16.269133231758264,10.590032167935286,19.41219919098829,-0.9937691047069754,27,9
41.03541814254558,-15.465158690173094,11.541947897953653,19.297349418801385,-0.9296549689194287,27,10
41.03541814254558,-14.663080848879138,12.482862722517021,19.256889721083528,-0.8655408331318818,27,11
41.03541814254559,-13.857070243467325,13.419824169891099,19.29015491081349,-0.801426697344335,27,12
41.03541814254558,-13.041176195897124,14.359784337118127,19.397826754071644,-0.7373125615567883,27,13
41.03541814254557,-12.209089748658911,15.309714303782634,19.581859578555243,-0.6731984257692414,27,14
41.03541814254558,-11.354025061337182,16.276848731024117,19.84564661849332,-0.6090842899816946,27,15
41.03541814254558,-10.468498900398489,17.268883895038424,20.19415311935519,-0.5449701541941478,27,16
41.03541814254557,-9.544079433357664,18.294213439449262,20.634139129083337,-0.4808560184066011,27,17
41.03541814254557,-8.571009750081599,19.362060323456852,21.174314347935283,-0.4167418826190543,27,18
41.03541814254559,-7.536566785869379,20.479286623421892,21.822030600339176,-0.35262774683150755,27,19
41.03541814254558,-6.397630838633286,21.555741196186823,22.48509859583506,-0.2885136110439608,27,20
41.03541814254558,-5.01317072659974,21.964136061259232,22.528984745246404,-0.2243994752564138,27,21
41.03541814254558,-3.529889239183877,21.83361307138683,22.117115042245857,-0.16028533946886703,27,22
41.03541814254558,-2.0732729932702405,21.491643420266772,21.591414909832103,-0.09617120368132026,27,23
41.03541814254558,-0.6776730257437437,21.132340422487413,21.143203457889637,-0.032057067893773494,27,24
41.03541814254557,0.6666075194361266,20.78727718791997,20.79796284428806,0.03205706789377327,27,25
41.03541814254559,1.972746665065431,20.44958286811622,20.544516759575526,0.09617120368132004,27,26
41.035418142545595,3.251501832201254,20.11168852471557,20.37283189642494,0.1602853394688668,27,27
41.03541814254591,4.509972704721861,19.759481478325494,20.267633361840186,0.2243994752564138,27,28
41.03541814254574,5.365226997255099,18.077230076134505,18.856614435201305,0.28851361104396056,27,29
41.03541814254561,5.707059369623603,15.507923956405648,16.524715794415275,0.3526277468315073,27,30
41.03541814254561,5.876507609421645,13.27513305231837,14.517661631283946,0.4167418826190541,27,31
41.03541814254559,5.97371042169322,11.450484485502619,12.915061407329034,0.48085601840660086,27,32
41.03541814254558,6.035226721716902,9.955737735591477,11.642193755581417,0.5449701541941478,27,33
41.035418142545595,6.07678696193029,8.711531075171935,10.621587143852974,0.6090842899816944,27,34
41.03541814254565,6.106232973635369,7.656973961596633,9.793637290513889,0.6731984257692414,27,35
41.03541814254569,6.127844390999551,6.7474376994137355,9.11473490509171,0.7373125615567879,27,36
41.03541814254558,6.144137786316785,5.950265627535932,8.553133354249336,0.8014266973443349,27,37
41.03541814254558,6.156677730283545,5.241256167517915,8.085508449578622,0.8655408331318815,27,38
41.03541814254559,6.1664804021333035,4.602163931286197,7.694504103625352,0.9296549689194284,27,39
41.03541814254559,6.174229190714984,4.018977828188171,7.367040714113815,0.993769104706975,27,40
41.03541814254559,6.180396833353552,3.4807346498427254,7.093152946391436,1.057883240494522,27,41
41.035418142545595,6.185317915177065,2.978692117230394,6.8651849532054845,1.121997376282069,27,42
41.03541814254559,6.189232787078545,2.5057426485431296,6.67722612423273,1.1861115120696155,27,43
41.03541814254558,6.192316084787195,2.0559905917899215,6.524712699291782,1.2502256478571625,27,44
41.03541814254558,6.194695095660889,1.6244403511238743,6.404143485549624,1.314339783644709,27,45
41.03541814254559,6.196461888314517,1.2067608446720821,6.312876655739569,1.378453919432256,27,46
41.03541814254557,6.197681389794318,0.7991025258538098,6.248985474242262,1.4425680552198026,27,47
41.03541814254557,6.19839670590514,0.39795027199452804,6.211158196652385,1.5066821910073496,27,48
41.03541814254558,6.198632472893944,3.7955677085637003e-16,6.198632472981307,1.5707963267948966,27,49
42.3608039996769,-25.22909452137983,1.544836492549775e-15,25.229094521381192,-1.5707963267948966,28,0
42.3608039996769,-24.09329229827571,1.5468406877011676,24.14289646838754,-1.5066821910073498,28,1
42.360803999676904,-22.99630335195707,2.9650449801849343,23.186665555654017,-1.442568055219803,28,2
42.3608039996769,-21.925472026747887,4.2699852947340755,22.337392372722242,-1.3784539194322563,28,3
42.36080399967689,-20.85881870680582,5.469826401533566,21.564074724093924,-1.3143397836447095,28,4
42.36080399967689,-19.75442589169722,6.558921286151184,20.814821420047902,-1.2502256478571625,28,5
42.360803999676904,-19.19476996390697,7.771101101169308,20.708191767798102,-1.1861115120696157,28,6
42.3608039996769,-18.331128058085973,8.827806006884753,20.3460171723396,-1.121997376282069,28,7
42.360803999676904,-17.487593687114288,9.848829279079743,20.070260863627528,-1.0578832404945222,28,8
42.3608039996769,-16.657654563771608,10.842931529280392,19.875779725952995,-0.9937691047069754,28,9
42.36080399967689,-15.835281956741019,11.818178070830053,19.75918742163598,-0.9296549689194287,28,10
42.36080399967689,-15.014549075262995,12.782071986006244,19.71846972229152,-0.8655408331318818,28,11
42.3608039996769,-14.189504116164807,13.741768422271534,19.752929565864356,-0.801426697344335,28,12
42.3608039996769,-13.354070427090026,14.704315659505443,19.863234781526856,-0.7373125615567883,28,13
42.36080399967689,-12.50176429492573,15.676716576644651,20.051273104477083,-0.6731984257692414,28,14
42.36080399967689,-11.625623634109322,16.666205708896904,20.320372477226645,-0.6090842899816946,28,15
42.360803999676904,-10.717945558701075,17.680372248929253,20.67534570109987,-0.5449701541941478,28,16
42.36080399967689,-9.770028293946579,18.72731510324796,21.122636763454924,-0.4808560184066011,28,17
42.36080399967689,-8.771715614436081,19.815458367119827,21.670149633069062,-0.4167418826190543,28,18
42.3608039996769,-7.708961944519623,20.947739961234667,22.321198528429502,-0.35262774683150755,28,19
42.36080399967689,-6.526005943969556,21.988279524274024,22.936285445083314,-0.2885136110439608,28,20
42.360803999676904,-5.094003238254198,22.318286434541054,22.89224275525584,-0.2243994752564138,28,21
42.360803999676904,-3.5836710612081455,22.166272657222148,22.45409409861045,-0.16028533946886703,28,22
42.36080399967688,-2.1039693953182876,21.809843738914164,21.91109242215664,-0.09617120368132026,28,23
42.36080399967689,-0.6877189127940895,21.445608173937014,21.456632243971764,-0.032057067893773494,28,24
42.3608039996769,0.6765211761698031,21.09642151116948,21.107266082530455,0.03205706789377327,28,25
42.3608039996769,2.0021622825460743,20.754506514898605,20.85085596522645,0.09617120368132004,28,26
42.36080399967691,3.2998766881836055,20.410904113747563,20.675932697168122,0.1602853394688668,28,27
42.36080399968424,4.558016289798236,19.969974181180245,20.48353927675515,0.2243994752564138,28,28
42.36080399967696,5.177777705870503,17.44565121285005,18.197805587815953,0.28851361104396056,28,29
42.360803999676925,5.446995050950444,14.801245189533637,15.771702959600312,0.3526277468315073,28,30
42.36080399967691,5.5855199169692336,12.617786786363194,13.798788937043147,0.4167418826190541,28,31
42.36080399967692,5.666909761257597,10.862405058419128,12.2517635422661,0.48085601840660086,28,32
42.36080399967692,5.719124987797711,9.434294862680956,11.032420866809098,0.5449701541941478,28,33
42.36080399967695,5.7547237921098375,8.24982930264127,10.058654455088051,0.6090842899816944,28,34
42.36080399967699,5.780095360694307,7.248010330363588,9.270553172767627,0.6731984257692414,28,35
42.36080399967703,5.7987929676185646,6.385115512809526,8.625294197633616,0.7373125615567879,28,36
42.3608039996769,5.8129314104393375,5.629510139533051,8.09206747337503,0.8014266973443349,28,37
42.360803999676904,5.823836846786358,4.957904592227071,7.648391567100332,0.8655408331318815,28,38
42.36080399967691,5.8323760871170585,4.352815400589174,7.277610372474626,0.9296549689194284,28,39
42.360803999676904,5.839134930705803,3.800855636783045,6.96720893264372,0.993769104706975,28,40
42.36080399967691,5.84452027410848,3.291572495802937,6.707672228884372,1.057883240494522,28,41
42.360803999676904,5.848820625003342,2.816643562986735,6.491701137994443,1.121997376282069,28,42
42.360803999676904,5.852243859313747,2.369310952173374,6.313667125983975,1.1861115120696155,28,43
42.360803999676904,5.854941302576247,1.9439744465193678,6.169228015416741,1.2502256478571625,28,44
42.3608039996769,5.8570234073074285,1.535892406873758,6.055054804062576,1.314339783644709,28,45
42.3608039996769,5.858570155880646,1.1409564356761854,5.968636851117952,1.378453919432256,28,46
42.3608039996769,5.859638001302797,0.7555166574309797,5.908143780161161,1.4425680552198026,28,47
42.3608039996769,5.860264447092641,0.3762414607092726,5.872329778523176,1.5066821910073496,28,48
42.3608039996769,5.860470936455121,3.588503486971026e-16,5.860470936550001,1.5707963267948966,28,49
43.68618985680821,-25.798707529560826,1.5797152299108426e-15,25.798707529562023,-1.5707963267948966,29,0
43.686189856808205,-24.644012659551116,1.582198108008033,24.694750673313155,-1.5066821910073498,29,1
43.68618985680821,-23.527284664628763,3.033507439199035,23.722042304029213,-1.442568055219803,29,2
43.686189856808205,-22.435954780425362,4.369401802107736,22.85746571730021,-1.3784539194322563,29,3
43.68618985680822,-21.348027721576937,5.598112112362924,22.06982434963636,-1.3143397836447095,29,4
43.686189856808205,-20.221425097178624,6.713975705157866,21.306888621529325,-1.2502256478571625,29,5
43.68618985680821,-19.6508541425415,7.955749120889114,21.200236145051996,-1.1861115120696157,29,6
43.68618985680821,-18.76855872563982,9.038461513866723,20.831528584706437,-1.121997376282069,29,7
43.68618985680821,-17.906360048057728,10.084674099730652,20.550873019617864,-1.0578832404945222,29,8
43.68618985680821,-17.057677202569714,11.103317411701287,20.353083527860253,-0.9937691047069754,29,9
43.68618985680821,-16.21638933902176,12.102605902314554,20.23473135036585,-0.9296549689194287,29,10
43.68618985680821,-15.376454758161245,13.09016678577426,20.193757139501507,-0.8655408331318818,29,11
43.68618985680821,-14.531802058238991,14.07326549312722,20.229435797863598,-0.801426697344335,29,12
43.68618985680821,-13.676202037932677,15.059018363493486,20.342382757543163,-0.7373125615567883,29,13
43.68618985680821,-12.80300237959271,16.054457187010524,20.53442147958913,-0.6731984257692414,29,14
43.686189856808205,-11.905044172668209,17.066776062925058,20.80877031290446,-0.6090842899816946,29,15
43.68618985680822,-10.974384901085557,18.103395766617055,21.17002745014621,-0.5449701541941478,29,16
43.686189856808205,-10.002021556197098,19.17200275340426,21.62420229250488,-0.4808560184066011,29,17
43.686189856808205,-8.977320159043304,20.279922614803567,22.178086899017885,-0.4167418826190543,29,18
43.68618985680821,-7.884371427058709,21.424384190822106,22.829094391932692,-0.35262774683150755,29,19
43.68618985680821,-6.6529929064885645,22.41614073858775,23.382593530786238,-0.2885136110439608,29,20
43.68618985680821,-5.175225966670701,22.674146459163875,23.257254383476056,-0.2243994752564138,29,21
43.68618985680822,-3.6381545229403347,22.503272132742318,22.79546939663769,-0.16028533946886703,29,22
43.68618985680821,-2.135023707339769,22.131754168844726,22.23449726935779,-0.09617120368132026,29,23
43.68618985680821,-0.6978666822195717,21.76205299301865,21.773239730850896,-0.032057067893773494,29,24
43.68618985680821,0.6865197374368927,21.408213470426936,21.419218317792552,0.03205706789377327,29,25
43.68618985680822,2.031762248837173,21.061341129948335,21.159115010506817,0.09617120368132004,29,26
43.686189856808255,3.3483595083148217,20.710787499223866,20.979709965463197,0.1602853394688668,29,27
43.68618985680876,4.483934253072378,19.64539956778511,20.15061762240463,0.2243994752564138,29,28
43.68618985680826,4.965574332137915,16.73066763212048,17.451996099717647,0.28851361104396056,29,29
43.68618985680824,5.182048617864178,14.081300140650796,15.004554026330538,0.3526277468315073,29,30
43.686189856808234,5.296864625370309,11.965709454575194,13.085678339731631,0.4167418826190541,29,31
43.68618985680823,5.365605835284793,10.284861842188867,11.600349524593408,0.48085601840660086,29,32
43.686189856808255,5.4101823051450815,8.924661593605485,10.43645807425222,0.5449701541941478,29,33
43.686189856808284,5.440788560123073,7.799779540139999,9.509928550281106,0.6090842899816944,29,34
43.686189856808326,5.462704874138505,6.850015248691162,8.761498356484124,0.6731984257692414,29,35
43.68618985680822,5.478909542189257,6.032888310584416,8.149490238017478,0.7373125615567879,29,36
43.68618985680821,5.491192348058543,5.317923233362842,7.6441808533930935,0.8014266973443349,29,37
43.68618985680823,5.500683466871581,4.682800108992597,7.223997194336318,0.8655408331318815,29,38
43.68618985680823,5.508125422030693,4.11082083995985,6.873011977541537,0.9296549689194284,29,39
43.686189856808234,5.5140221644133485,3.589230677777674,6.579286989362415,0.993769104706975,29,40
43.686189856808234,5.5187245743306965,3.1080877760437593,6.333761169437073,1.057883240494522,29,41
43.686189856808234,5.522482064520479,2.659487195121868,6.1294926620914385,1.121997376282069,29,42
43.68618985680822,5.525474733457071,2.2370167950405095,5.9611337153384305,1.1861115120696155,29,43
43.68618985680823,5.527833876674092,1.8353672984133713,5.824561828075811,1.2502256478571625,29,44
43.68618985680822,5.529655440735848,1.4500464166620772,5.716618222753614,1.314339783644709,29,45
43.68618985680821,5.531008969289363,1.0771639003031237,5.634921675368714,1.378453919432256,29,46
43.686189856808205,5.531943582930906,0.7132651409444901,5.577736724437397,1.4425680552198026,29,47
43.68618985680821,5.532491931094967,0.35519776698053085,5.543882432235363,1.5066821910073496,29,48
43.68618985680821,5.532672687943341,3.387784949073358e-16,5.532672688046979,1.5707963267948966,29,49
45.011575713939536,-26.382898728452155,1.6154866240014504e-15,26.382898728453213,-1.5707963267948966,30,0
45.011575713939536,-25.209165429857986,1.6184821197178096,25.261067001253014,-1.5066821910073498,30,1
45.011575713939536,-24.07244115570797,3.10379758507816,24.271711572201916,-1.442568055219803,30,2
45.01157571393953,-22.960270410326547,4.47151226188466,23.39163182045029,-1.3784539194322563,30,3
45.01157571393954,-21.85067926386,5.72992286902166,22.589471007020485,-1.3143397836447095,30,4
45.011575713939536,-20.70148480905891,6.8733665110530975,21.812717402812595,-1.2502256478571625,30,5
45.01157571393954,-20.119706954242083,8.145566587216859,21.706055905008668,-1.1861115120696157,30,6
45.011575713939536,-19.21834499036615,9.255067162847164,21.33075367532859,-1.121997376282069,30,7
45.01157571393954,-18.336999853034683,10.32720591948121,21.045112157305383,-1.0578832404945222,30,8
45.011575713939536,-17.46908459003493,11.371113944271212,20.84397152049955,-0.9937691047069754,30,9
45.011575713939536,-16.608364872748616,12.395144846025671,20.72383650534592,-0.9296549689194287,30,10
45.011575713939536,-15.748679069769285,13.407045962236122,20.682595917246513,-0.8655408331318818,30,11
45.011575713939536,-14.883840400412407,14.414195615441805,20.719501449242717,-0.801426697344335,30,12
45.01157571393954,-14.00743951556412,15.423747638806459,20.835075066046105,-0.7373125615567883,30,13
45.01157571393954,-13.112657605274654,16.44275255836568,21.03106990071616,-0.6731984257692414,30,14
45.011575713939536,-12.192117612885143,17.47831742696673,21.310544619137133,-0.6090842899816946,30,15
45.011575713939536,-11.237614107026614,18.53761987443124,21.67780711758809,-0.5449701541941478,30,16
45.011575713939536,-10.239805529519211,19.627790112552947,22.138287241446772,-0.4808560184066011,30,17
45.011575713939536,-9.187476833448933,20.754670202995325,22.69727000765214,-0.4167418826190543,30,18
45.01157571393953,-8.06208573719608,21.907291381561993,23.343663853614892,-0.35262774683150755,30,19
45.011575713939536,-6.778432629944642,22.83878879108425,23.823463693645802,-0.2885136110439608,30,20
45.01157571393953,-5.256857261590716,23.031796530597912,23.62410209289658,-0.2243994752564138,30,21
45.01157571393954,-3.6933070615245134,22.844410085169866,23.14103690827433,-0.16028533946886703,30,22
45.011575713939536,-2.1663653251195236,22.456642823509593,22.560894167221416,-0.09617120368132026,30,23
45.011575713939536,-0.7080904889482508,22.080868935215697,22.09221955971632,-0.032057067893773494,30,24
45.011575713939536,0.6965738635669667,21.721738146724373,21.73290416079419,0.03205706789377327,30,25
45.01157571393954,2.0614406485296066,21.368988789252757,21.46819087446874,0.09617120368132004,30,26
45.011575713939706,3.396726914173624,21.009957006674163,21.28276408627118,0.1602853394688668,30,27
45.011575713939656,4.3567977862935185,19.088378311578698,19.57927152671238,0.2243994752564138,30,28
45.01157571393956,4.73841192105351,15.965282090755087,16.65361161343184,0.28851361104396056,30,29
45.01157571393956,4.915225239113836,13.35625482406332,14.231970421435381,0.3526277468315073,30,30
45.01157571393955,5.01134888385109,11.320724421096248,12.38032386709571,0.4167418826190541,30,31
45.01157571393956,5.0697121601168185,9.717689063850177,10.96063237811949,0.48085601840660086,30,32
45.01157571393958,5.107898269219094,8.426012458772401,9.85334007757923,0.5449701541941478,30,33
45.011575713939614,5.1342640077388175,7.360353544126357,8.974155737252243,0.6090842899816944,30,34
45.011575713939685,5.153215244106444,6.461927527738492,8.265115530190693,0.6731984257692414,30,35
45.011575713939536,5.167264970677541,5.689733002387708,7.685940990907011,0.7373125615567879,30,36
45.01157571393954,5.1779351255140655,5.014550531006496,7.208101635805735,0.8014266973443349,30,37
45.01157571393955,5.186192150186253,4.4150697476819785,6.810978629817101,0.8655408331318815,30,38
45.01157571393955,5.192673790251373,3.8753931685569274,6.479392973359201,0.9296549689194284,30,39
45.01157571393956,5.197814198370691,3.383402101391852,6.201990182267058,0.993769104706975,30,40
45.01157571393956,5.201916270958438,2.929664663641825,5.970164816151339,1.057883240494522,30,41
45.01157571393956,5.205195848573701,2.5066902066265886,5.77733153061866,1.121997376282069,30,42
45.01157571393955,5.207809015061608,2.1084081991248356,5.618421475137581,1.1861115120696155,30,43
45.01157571393955,5.209869698416955,1.729795917681142,5.489529687707083,1.2502256478571625,30,44
45.01157571393954,5.211461236150842,1.3666060701364935,5.387665576838288,1.314339783644709,30,45
45.01157571393954,5.212644079813299,1.0151623436330564,5.310575570297381,1.378453919432256,30,46
45.011575713939536,5.213460953459875,0.672201353112674,5.256617712325389,1.4425680552198026,30,47
45.01157571393954,5.213940267140576,0.33474607159477576,5.224674922226631,1.5066821910073496,30,48
45.011575713939536,5.214098274824639,3.192714381421431e-16,5.214098274938249,1.5707963267948966,30,49
46.33696157107085,-26.981411991799522,1.6521349916117219e-15,26.981411991800456,-1.5707963267948966,31,0
46.336961571070844,-25.78852865507597,1.6556784729031768,25.841623041119345,-1.5066821910073498,31,1
46.33696157107085,-24.631578028110077,3.175890301519521,24.835476950567337,-1.442568055219803,31,2
46.33696157107085,-23.49824712068096,4.576283216841542,23.93971565882388,-1.3784539194322563,31,3
46.33696157107085,-22.36662358540237,5.8652194028935885,23.12285988486626,-1.3143397836447095,31,4
46.336961571070844,-21.194481969883036,7.037052845946817,22.332178100855856,-1.2502256478571625,31,5
46.33696157107086,-20.601181552433154,8.340494048563004,22.22549262289652,-1.1861115120696157,31,6
46.33696157107085,-19.680338040465145,9.477551289840314,21.84352727556916,-1.121997376282069,31,7
46.336961571070844,-18.779389154197034,10.576354932203854,21.55283602351966,-1.0578832404945222,31,8
46.336961571070844,-17.89175503517706,11.646241914933658,21.3482985031581,-0.9937691047069754,31,9
46.33696157107086,-17.01108692049894,12.695704121595526,21.22635110799471,-0.9296549689194287,31,10
46.33696157107085,-16.13109692583208,13.73260302961299,21.184821783520523,-0.8655408331318818,31,11
46.336961571070844,-15.245485437927695,14.764429303378598,21.222940392239025,-0.801426697344335,31,12
46.33696157107085,-14.347642235838578,15.798348642631506,21.341102538569967,-0.7373125615567883,31,13
46.336961571070844,-13.430571840858857,16.841404400566635,21.54096474524522,-0.6731984257692414,31,14
46.33696157107086,-12.486659209886573,17.9005649553531,21.82537248123528,-0.6090842899816946,31,15
46.33696157107085,-11.507408919768439,18.98267463739682,22.198252103173264,-0.5449701541941478,31,16
46.33696157107085,-10.483096271532693,20.094132916310496,22.664277731632602,-0.4808560184066011,31,17
46.336961571070844,-9.401787944240388,21.238802735348564,23.226716474343004,-0.4167418826190543,31,18
46.336961571070844,-8.241261177990193,22.394168936310297,23.862464000011812,-0.35262774683150755,31,19
46.33696157107085,-6.902305355777756,23.25615710861823,24.258826490272313,-0.2885136110439608,31,20
46.336961571070844,-5.338902454295235,23.3912600067113,23.992809842076653,-0.2243994752564138,31,21
46.336961571070844,-3.7473166312599786,23.17847837113097,23.479442956252274,-0.16028533946886703,31,22
46.336961571070844,-2.197325278914846,22.77757513171834,22.88331635192837,-0.09617120368132026,31,23
46.336961571070866,-0.7182428995203769,22.397458482339395,22.408971849034668,-0.032057067893773494,31,24
46.33696157107085,0.7065867856185222,22.033977928124298,22.045304448400792,0.03205706789377327,31,25
46.336961571070866,2.090975666056572,21.675150142422645,21.77577353235952,0.09617120368132004,31,26
46.336961571070866,3.4446362404695914,21.306293129895298,21.58294803232835,0.1602853394688668,31,27
46.3369615710709,4.195526281699526,18.381801683123197,18.85452396371129,0.2243994752564138,31,28
46.33696157107088,4.502158230454737,15.1692650119848,15.823274937127486,0.28851361104396056,31,29
46.33696157107087,4.6482358053511525,12.63075828235904,13.458906006417894,0.3526277468315073,31,30
46.33696157107088,4.729233185173251,10.683420143621849,11.683369055412864,0.4167418826190541,31,31
46.33696157107089,4.778961136099058,9.160373784964825,10.332033556894059,0.48085601840660086,31,32
46.33696157107091,4.811724501116952,7.937442849823664,9.282009031951612,0.5449701541941478,31,33
46.33696157107096,4.834447133020008,6.9305435084547105,8.450107242240842,0.6090842899816944,31,34
46.33696157107104,4.850829355094943,6.082747616280927,7.780126219884861,0.6731984257692414,31,35
46.33696157107086,4.863000670939483,5.354704193628512,7.233369375807244,0.7373125615567879,31,36
46.336961571070866,4.872258835909061,4.718519552803772,6.782575685865028,0.8014266973443349,31,37
46.336961571070866,4.879431725499572,4.153920790684689,6.408112974921974,0.8655408331318815,31,38
46.33696157107087,4.885067657902727,3.6458207455533453,6.095563545017524,0.9296549689194284,31,39
46.33696157107088,4.889540536762177,3.1827381848558325,5.83416052353992,0.993769104706975,31,40
46.336961571070866,4.89311193029581,2.755749299058166,5.615754496256643,1.057883240494522,31,41
46.336961571070866,4.895968517984049,2.3577741727755064,5.434115087075627,1.121997376282069,31,42
46.336961571070866,4.898245458240137,1.9830798048919176,5.2844502157320195,1.1861115120696155,31,43
46.336961571070866,4.900041506604157,1.6269258705625758,5.16307026445315,1.2502256478571625,31,44
46.336961571070866,4.9014289612346404,1.2853060336170836,5.067150823009065,1.314339783644709,31,45
46.336961571070866,4.9024602996372755,0.9547540578566588,4.994564275454043,1.378453919432256,31,46
46.33696157107086,4.9031726284150805,0.6321941038399769,4.943760836666844,1.4425680552198026,31,47
46.33696157107086,4.903590630967419,0.3148209638641463,4.913686326641547,1.5066821910073496,31,48
46.33696157107085,4.903728432433842,3.00266766441039e-16,4.903728432558618,1.5707963267948966,31,49
47.66234742820217,-27.593985516658105,1.6896443019347393e-15,27.593985516658936,-1.5707963267948966,32,0
47.66234742820217,-26.362887955804432,1.692553563477243,26.417164854229497,-1.5066821910073498,32,1
47.66234742820217,-25.206145186869918,3.249972533075881,25.414800346398824,-1.442568055219803,32,2
47.66234742820217,-24.110085073813213,4.695438647540946,24.56304839305033,-1.3784539194322563,32,3
47.662347428202175,-23.065326760921344,6.048440952014304,23.845186863140302,-1.3143397836447095,32,4
47.66234742820217,-22.063097632274967,7.325453115779072,23.247420082296777,-1.2502256478571625,32,5
47.66234742820216,-21.09518074635993,8.540492156751831,22.758441444904243,-1.1861115120696157,32,6
47.66234742820217,-20.154399091512143,9.705847059789773,22.369695346338002,-1.121997376282069,32,7
47.662347428202175,-19.233398259833148,10.832048096887377,22.073895772940382,-1.0578832404945222,32,8
47.66234742820216,-18.325561028238972,11.928618324034591,21.865912332217135,-0.9937691047069754,32,9
47.66234742820216,-17.424427248616322,13.004188025759097,21.742115148982624,-0.9296549689194287,32,10
47.66234742820217,-16.52358098152675,14.066729577676568,21.700267497534536,-0.8655408331318818,32,11
47.66234742820217,-15.616597828520478,15.123831611479854,21.73955865122724,-0.801426697344335,32,12
47.66234742820217,-14.696659057419614,16.18265495155988,21.86024036307196,-0.7373125615567883,32,13
47.66234742820217,-13.756573423735906,17.250197455509717,22.06383068772765,-0.6731984257692414,32,14
47.662347428202175,-12.788466194436404,18.333227963136284,22.3528994798117,-0.6090842899816946,32,15
47.662347428202175,-11.783520594274398,19.438149724558265,22.730882567776277,-0.5449701541941478,32,16
47.66234742820216,-10.731575403300775,20.5704208918618,23.201485433158737,-0.4808560184066011,32,17
47.662347428202175,-9.619795767101994,21.731286204661163,23.765295510673823,-0.4167418826190543,32,18
47.66234742820217,-8.420949918236918,22.882441291491205,24.382750398263173,-0.35262774683150755,32,19
47.662347428202175,-7.024663268798162,23.668421519131808,24.68886532927969,-0.2885136110439608,32,20
47.66234742820217,-5.421350162715136,23.752487019400927,24.36332648046197,-0.2243994752564138,32,21
47.66234742820217,-3.8022189185367576,23.518068430736275,23.82344247620972,-0.16028533946886703,32,22
47.66234742820217,-2.229208263824932,23.108075623011764,23.215351138467323,-0.09617120368132026,32,23
47.662347428202175,-0.7285745481066292,22.71963733077471,22.731316312833282,-0.032057067893773494,32,24
47.662347428202175,0.7166768562188482,22.34862348536803,22.360111748535235,0.03205706789377327,32,25
47.662347428202196,2.1204926083799593,21.98112412720411,22.08316795203435,0.09617120368132004,32,26
47.662347428202665,3.4079634015003277,21.079458654046032,21.35316818867627,0.1602853394688668,32,27
47.6623474282022,4.011207764107633,17.574249493138648,18.026204064471454,0.2243994752564138,32,28
47.662347428202196,4.260410073833902,14.354735253980493,14.973627423210942,0.28851361104396056,32,29
47.662347428202196,4.382058930407088,11.907469725460672,12.688194344837855,0.3526277468315073,32,30
47.66234742820219,4.450562816803725,10.053898927328573,10.994925785440214,0.4167418826190541,32,31
47.66234742820221,4.49299362243098,8.612227599856057,9.713776604549732,0.48085601840660086,32,32
47.662347428202246,4.521102335036165,7.458031189086164,8.72138724869213,0.5449701541941478,32,33
47.66234742820231,4.540666008627094,6.509386174758571,7.936608606636426,0.6090842899816944,32,34
47.662347428202175,4.554804994108284,5.711544808404927,7.305340008022102,0.6731984257692414,32,35
47.662347428202175,4.565327849954628,5.026933335527861,6.790602118917797,0.7373125615567879,32,36
47.66234742820219,4.573342278499243,4.42903501015381,6.366459826125783,0.8014266973443349,32,37
47.662347428202196,4.579557682305741,3.8986342957252256,6.0142911417419445,0.8655408331318815,32,38
47.66234742820219,4.584444993866377,3.4214602204052715,5.720448054300764,0.9296549689194284,32,39
47.662347428202196,4.588325961037689,2.9866692240268953,5.47475370943168,0.993769104706975,32,40
47.662347428202196,4.591426173418378,2.5858430461721538,5.26951407303932,1.057883240494522,32,41
47.66234742820219,4.593906796842251,2.212308914563182,5.098851870002376,1.121997376282069,32,42
47.66234742820219,4.595884638266153,1.8606674756266706,4.95824959677647,1.1861115120696155,32,43
47.662347428202196,4.597445116584823,1.5264569470699687,4.844230838040361,1.2502256478571625,32,44
47.66234742820218,4.59865080821855,1.2059082518731035,4.7541354596742345,1.314339783644709,32,45
47.662347428202175,4.599547158024384,0.8957617288138273,4.685960214818157,1.378453919432256,32,46
47.66234742820217,4.600166312733686,0.5931257657036337,4.638246250467857,1.4425680552198026,32,47
47.66234742820217,4.600529662636067,0.29536380413494445,4.610001405081124,1.5066821910073496,32,48
47.66234742820217,4.600649450692218,2.8170853119786755e-16,4.60064945082948,1.5707963267948966,32,49
48.98773328533348,-28.220351973085574,1.7279981857325919e-15,28.220351973086306,-1.5707963267948966,33,0
48.98773328533348,-26.970192264109286,1.731543793715283,27.02571950332821,-1.5066821910073498,33,1
48.98773328533348,-25.793636410435855,3.325721138261534,26.007154791773022,-1.442568055219803,33,2
48.98773328533348,-24.677418306731457,4.80592678475503,25.141040283684195,-1.3784539194322563,33,3
48.98773328533348,-23.612374540378752,6.191893773050623,24.410730835676972,-1.3143397836447095,33,4
48.987733285333476,-22.58981214714755,7.500334383514347,23.802408044312312,-1.2502256478571625,33,5
48.98773328533348,-21.601559736768724,8.745502289062573,23.304746155004292,-1.1861115120696157,33,6
48.98773328533349,-20.640394567078182,9.939890145677671,22.909109628984083,-1.121997376282069,33,7
48.98773328533349,-19.698892007319184,11.09420929136018,22.608136281359574,-1.0578832404945222,33,8
48.987733285333476,-18.770368662643108,12.218156008051324,22.396653231423123,-0.9937691047069754,33,9
48.987733285333476,-17.84824997708273,13.32049514862336,22.270959077887348,-0.9296549689194287,33,10
48.98773328533349,-16.926002021283043,14.409315603608112,22.228763361664154,-0.8655408331318818,33,11
48.98773328533349,-15.997029874478805,15.492259502488006,22.269150619127757,-0.801426697344335,33,12
48.98773328533349,-15.054326947365057,16.57648704820347,22.392246039587462,-0.7373125615567883,33,13
48.98773328533348,-14.090475351705244,17.66889722985239,22.599367799920866,-0.6731984257692414,33,14
48.98773328533349,-13.097315396014167,18.775986518593157,22.89273553617092,-0.6090842899816946,33,15
48.98773328533348,-12.065672809479942,19.90358931541755,23.27516547701067,-0.5449701541941478,33,16
48.98773328533348,-10.984885820907955,21.055969537857443,23.74913829336904,-0.4808560184066011,33,17
48.987733285333476,-9.840972954569256,22.23092932382499,24.31170432720565,-0.4167418826190543,33,18
48.987733285333476,-8.60017910903517,23.36946490236451,24.901706177094358,-0.35262774683150755,33,19
48.987733285333476,-7.145593826528839,24.075876696040453,25.113887588676413,-0.2885136110439608,33,20
48.98773328533348,-5.504173795540211,24.11536106452468,24.73553250778933,-0.2243994752564138,33,21
48.987733285333476,-3.857511080372668,23.860070002345015,24.16988482082616,-0.16028533946886703,33,22
48.987733285333476,-2.2612014852803664,23.439718831415927,23.54853394699697,-0.09617120368132026,33,23
48.98773328533349,-0.7389080540606288,23.04187409877562,23.05371872597092,-0.032057067893773494,33,24
48.98773328533349,0.7267295316438581,22.662102923343593,22.673752329960344,0.03205706789377327,33,25
48.98773328533356,2.149734548335556,22.284247424782937,22.38769845065082,0.09617120368132004,33,26
48.987733285333654,3.321255370864649,20.54313882546561,20.809884431225367,0.1602853394688668,33,27
48.98773328533351,3.8110777588740192,16.697422649482256,17.126827984763043,0.2243994752564138,33,28
48.9877332853335,4.015398000735792,13.529208278314703,14.112508555971509,0.28851361104396056,33,29
48.987733285333505,4.117206502455381,11.18778011890009,11.921317602210044,0.3526277468315073,33,30
48.987733285333505,4.175219028090084,9.43189251242416,10.314700688751389,0.4167418826190541,33,31
48.987733285333526,4.211407288991753,8.072479317007936,9.104991690137629,0.48085601840660086,33,32
48.98773328533357,4.235483534620932,6.986873103344586,8.17041715793709,0.5449701541941478,33,33
48.98773328533367,4.252287623254006,6.095974073730108,7.432553392976937,0.6090842899816944,33,34
48.98773328533348,4.2644556387874815,5.347458232766202,6.839655798824742,0.6731984257692414,33,35
48.987733285333505,4.273524087775153,4.705624963449878,6.356564671705529,0.7373125615567879,33,36
48.987733285333505,4.280437879299526,4.145372918039551,5.958713373568952,0.8014266973443349,33,37
48.98773328533351,4.285804064033994,3.648558194467926,5.628507206531024,0.8655408331318815,33,38
48.98773328533352,4.290026077092103,3.2017296721691597,5.353073569093738,0.9296549689194284,33,39
48.98773328533352,4.293380308097812,2.794680879725407,5.122826923674318,0.993769104706975,33,40
48.98773328533352,4.296060754580807,2.419496341355497,4.9305274112878745,1.057883240494522,33,41
48.98773328533351,4.298206140872368,2.0699069838865936,4.77064890262174,1.121997376282069,33,42
48.987733285333505,4.299917095393039,1.7408434973975282,4.6389463362415935,1.1861115120696155,33,43
48.987733285333505,4.301267256318071,1.4281191222819118,4.532154480892847,1.2502256478571625,33,44
48.987733285333505,4.3023105989613795,1.1281986977917455,4.447775712952365,1.314339783644709,33,45
48.98773328533349,4.303086338456994,0.8380259893770271,4.383929697916956,1.378453919432256,33,46
48.98773328533348,4.303622223760123,0.5548906394349212,4.339247384954679,1.4425680552198026,33,47
48.98773328533348,4.303936723238918,0.27632190564122766,4.312797829075784,1.5066821910073496,33,48
48.98773328533348,4.304040409076803,2.635464655280873e-16,4.304040409227847,1.5707963267948966,33,49
50.3131191424648,-28.860238655217334,1.7671799445870706e-15,28.86023865521798,-1.5707963267948966,34,0
50.3131191424648,-27.61780683143311,1.7731220284489648,27.674667403713105,-1.5066821910073498,34,1
50.3131191424648,-26.394519177904478,3.4031963918314005,26.613011635554173,-1.442568055219803,34,2
50.3131191424648,-25.25795348376387,4.918986000355047,25.73248214727194,-1.3784539194322563,34,3
50.3131191424648,-24.172339636929294,6.3387339135256004,24.989628871784863,-1.3143397836447095,34,4
50.3131191424648,-23.12909739207876,7.679389421189382,24.370641519142257,-1.2502256478571625,34,5
50.3131191424648,-22.120182274203163,8.955469284203767,23.864259761079747,-1.1861115120696157,34,6
50.3131191424648,-21.138178068009786,10.179610045387488,23.46160763270592,-1.121997376282069,34,7
50.31311914246479,-20.175728198432115,11.362758431075056,23.155394349912864,-1.0578832404945222,34,8
50.3131191424648,-19.2260369008969,12.51476316174986,22.940352915971918,-0.9937691047069754,34,9
50.31311914246479,-18.282410343905756,13.644517451505507,22.812702261402332,-0.9296549689194287,34,10
50.3131191424648,-17.338209285820408,14.760232764160879,22.770111385127617,-0.8655408331318818,34,11
50.3131191424648,-16.386623319859815,15.86955971406917,22.81149599095556,-0.801426697344335,34,12
50.3131191424648,-15.420469601963484,16.979650802582274,22.93685732882153,-0.7373125615567883,34,13
50.3131191424648,-14.432073449705552,18.097247696165752,23.14724861045203,-0.6731984257692414,34,14
50.313119142464814,-13.412960829586295,19.228487983680385,23.44445069423804,-0.6090842899816946,34,15
50.31311914246479,-12.353558566167589,20.37848698265471,23.830508617105973,-0.5449701541941478,34,16
50.31311914246481,-11.24262733202791,21.550011760531607,24.306371103188443,-0.4808560184066011,34,17
50.3131191424648,-10.064713195067904,22.736362424432436,24.86444505703118,-0.4167418826190543,34,18
50.31311914246481,-8.778062227578701,23.852830800077047,25.416764421309743,-0.35262774683150755,34,19
50.31311914246479,-7.26520471209206,24.478885459515386,25.53427173131598,-0.2885136110439608,34,20
50.3131191424648,-5.587335655073734,24.479716977681313,25.10925851214716,-0.2243994752564138,34,21
50.3131191424648,-3.913098259389609,24.20389635953308,24.518175645236273,-0.16028533946886703,34,22
50.31311914246479,-2.293233018197787,23.771759178200767,23.882115737558202,-0.09617120368132026,34,23
50.3131191424648,-0.749214647433985,23.363271633407567,23.37528147433344,-0.032057067893773494,34,24
50.31311914246482,0.7367097974878776,22.97332436394162,22.985133753289087,0.03205706789377327,34,25
50.31311914246599,2.1785721690720954,22.58317953148334,22.68801830146112,0.09617120368132004,34,26
50.31311914246488,3.2015472861224223,19.802701993919886,20.05983328159339,0.1602853394688668,34,27
50.31311914246482,3.5999742233460608,15.772517628241902,16.178137307551353,0.2243994752564138,34,28
50.313119142464814,3.768503579920375,12.697339048575149,13.244773993782387,0.28851361104396056,34,29
50.31311914246481,3.853886810466625,10.472255451097105,11.15887887652531,0.3526277468315073,34,30
50.31311914246482,3.9029884577942853,8.816918912154938,9.642166665499412,0.4167418826190541,34,31
50.31311914246485,3.9337843755454482,7.540328168257751,8.504775623054101,0.48085601840660086,34,32
50.31311914246491,3.954341433837057,6.523099801890866,7.6280827998425265,0.5449701541941478,34,33
50.3131191424648,3.9687207446509527,5.689459629289153,6.936908188981634,0.6090842899816944,34,34
50.3131191424648,3.979148695174751,4.989694641415603,6.3820589900837605,0.6731984257692414,34,35
50.31311914246483,3.986928742595063,4.39005163731884,5.930274376197893,0.7373125615567879,34,36
50.31311914246482,3.9928652279213632,3.8668743357459316,5.5583891422769245,0.8014266973443349,34,37
50.31311914246483,3.997475740716845,3.403100714143634,5.249848261472401,0.8655408331318815,34,38
50.31311914246483,4.001104873874806,2.986102174196409,4.992559103990342,0.9296549689194284,34,39
50.31311914246484,4.0039891717160705,2.606308125031272,4.777527742492449,0.993769104706975,34,40
50.313119142464835,4.006294771123305,2.2563031797941573,4.597967141342549,1.057883240494522,34,41
50.31311914246484,4.008140572274059,1.9302187682632117,4.448700410365537,1.121997376282069,34,42
50.31311914246483,4.009612882752974,1.623312347470112,4.325752934212564,1.1861115120696155,34,43
50.313119142464835,4.010774895414293,1.331669013340683,4.226068814367962,1.2502256478571625,34,44
50.31311914246483,4.011672949368176,1.0519845309540363,4.147311334729659,1.314339783644709,34,45
50.313119142464814,4.012340723160283,0.7814032858724833,4.087721758525428,1.378453919432256,34,46
50.31311914246481,4.012802054177421,0.5173935308467422,4.0460198211408205,1.4425680552198026,34,47
50.31311914246479,4.013072810411247,0.2576478228569955,4.021335074775057,1.5066821910073496,34,48
50.3131191424648,4.013162076572012,2.4573530458684814e-16,4.013162076738185,1.5707963267948966,34,49
51.63850499959612,-29.513367633593305,1.8071725602269916e-15,29.513367633593877,-1.5707963267948966,35,0
51.63850499959612,-28.25146940553069,1.8138045154977473,28.309634585986387,-1.5066821910073498,35,1
51.63850499959612,-27.008620741463282,3.482376020421523,27.23219669993238,-1.442568055219803,35,2
51.63850499959612,-25.851494004874574,5.0345780064874415,26.337173690194508,-1.3784539194322563,35,3
51.638504999596115,-24.745043088294572,6.488914444003339,25.581695958304845,-1.3143397836447095,35,4
51.63850499959612,-23.68077068665581,7.8625575747282515,24.951928020293234,-1.2502256478571625,35,5
51.63850499959612,-22.650844359241027,9.17031055196268,24.43676217926589,-1.1861115120696157,35,6
51.63850499959613,-21.64759823741965,10.424933869283906,24.027021364032574,-1.121997376282069,35,7
51.63850499959613,-20.663757863653885,11.637611617962477,23.71549900841755,-1.0578832404945222,35,8
51.638504999596115,-19.69241695238753,12.818342933174184,23.49683385009855,-0.9937691047069754,35,9
51.63850499959612,-18.726754887580295,13.976140403107703,23.367153211011658,-0.9296549689194287,35,10
51.63850499959612,-17.760037331294313,15.11934021493654,23.324094292039856,-0.8655408331318818,35,11
51.63850499959612,-16.785208095600993,16.255567543520975,23.366358016914035,-0.801426697344335,35,12
51.63850499959612,-15.794896048621894,17.391935932647442,23.493790172555943,-0.7373125615567883,35,13
51.63850499959612,-14.781144506314591,18.534968956179533,23.70711511599618,-0.6731984257692414,35,14
51.63850499959613,-13.735131257635718,19.690343519020573,24.007570859241856,-0.6090842899816946,35,15
51.63850499959612,-12.646837111784333,20.86228061929236,24.39625466275733,-0.5449701541941478,35,16
51.638504999596115,-11.504352281757214,22.051689489243994,24.8722160402488,-0.4808560184066011,35,17
51.63850499959613,-10.290324499705022,23.2460222915206,25.42180817107838,-0.4167418826190543,35,18
51.63850499959613,-8.95389319299741,24.330620334807204,25.925880682980637,-0.35262774683150755,35,19
51.63850499959612,-7.383615825687594,24.877851793115372,25.950439158163796,-0.2885136110439608,35,20
51.63850499959612,-5.670790884709253,24.845358229237206,25.48430290977612,-0.2243994752564138,35,21
51.63850499959612,-3.968860823093907,24.54880753302641,24.86756537191899,-0.16028533946886703,35,22
51.63850499959612,-2.3252175382736353,24.103312187702706,24.21520792845176,-0.09617120368132026,35,23
51.63850499959612,-0.7594626425708995,23.682841859244657,23.695015974576833,-0.032057067893773494,35,24
51.638504999596144,0.7465807428077642,23.281136788037237,23.293104407717614,0.03205706789377327,35,25
51.638504999596705,2.206461832478163,22.872285067503537,22.978465963320843,0.09617120368132004,35,26
51.63850499959617,3.056459082974675,18.905280155974985,19.150758729142765,0.1602853394688668,35,27
51.638504999596144,3.3811395192737588,14.813740144434828,15.19470307428441,0.2243994752564138,35,28
51.63850499959613,3.520592542506855,11.862044500177259,12.373466433241969,0.28851361104396056,35,29
51.63850499959613,3.5921575413865163,9.761052476118826,10.401045199580805,0.3526277468315073,35,30
51.638504999596165,3.6336054756070593,8.20837806302591,8.976667487325328,0.4167418826190541,35,31
51.638504999596194,3.6597080235695634,7.01497511386385,7.912227162190678,0.48085601840660086,35,32
51.63850499959628,3.6771765339407088,6.0658873093023296,7.09342062135237,0.5449701541941478,35,33
51.63850499959614,3.6894159927052805,5.289055264077529,6.448712736175945,0.6090842899816944,35,34
51.638504999596144,3.698302414321085,4.6375245442558635,5.93161652894363,0.6731984257692414,35,35
51.63850499959616,3.704937989843417,4.079548479188068,5.51083308609133,0.7373125615567879,35,36
51.638504999596144,3.710004587131784,3.5929390812320374,5.164624408238012,0.8014266973443349,35,37
51.63850499959616,3.7139412826151355,3.161724310778211,4.877485055675449,0.8655408331318815,35,38
51.63850499959617,3.7170411687463614,2.774099921265382,4.638105801258965,0.9296549689194284,35,39
51.63850499959617,3.7195055678887705,2.4211298200279563,4.438084189765756,0.993769104706975,35,40
51.63850499959617,3.7214759739816587,2.0958962216587573,4.271084686292088,1.057883240494522,35,41
51.63850499959617,3.7230537190659327,1.7929281756064441,4.1322778752966,1.121997376282069,35,42
51.638504999596165,3.7243123977397343,1.5078069823450382,4.017957781366121,1.1861115120696155,35,43
51.63850499959616,3.725305917528015,1.2368867824734129,3.925276180453969,1.2502256478571625,35,44
51.63850499959615,3.726073821965682,0.9770916202285407,3.852055835809862,1.314339783644709,35,45
51.63850499959613,3.7266448582866722,0.7257640211749633,3.796658440717058,1.378453919432256,35,46
51.63850499959613,3.7270393776544384,0.480548513778822,3.7578916160526985,1.4425680552198026,35,47
51.63850499959614,3.727270929351711,0.23929873329521795,3.7349447741439503,1.5066821910073496,35,48
51.63850499959612,3.7273472713252516,2.282341952681477e-16,3.72734727150805,1.5707963267948966,35,49
52.96389085672744,-30.17945590862879,1.847958703925578e-15,30.17945590862931,-1.5707963267948966,36,0
52.96389085672744,-28.89816838722184,1.8553239676834647,28.957665015696413,-1.5066821910073498,36,1
52.963890856727446,-27.634096469574708,3.5630221851324455,27.86285008360608,-1.442568055219803,36,2
52.963890856727446,-26.457411237712527,5.1525803770128125,26.95447446979841,-1.3784539194322563,36,3
52.96389085672744,-25.330274325763057,6.642380146865165,26.186714407001887,-1.3143397836447095,36,4
52.96389085672744,-24.2446498097811,8.049778342558165,25.54607554524252,-1.2502256478571625,36,5
52.96389085672744,-23.19337574746785,9.389957168014657,25.022069742137248,-1.1861115120696157,36,6
52.963890856727446,-22.168496538483122,10.675785270056029,24.605174860363892,-1.121997376282069,36,7
52.96389085672744,-21.162824601350913,11.918680768263416,24.288270756958315,-1.0578832404945222,36,8
52.96389085672743,-20.169351443829328,13.128792883667376,24.06590825726168,-0.9937691047069754,36,9
52.96389085672744,-19.181130435081467,14.315249687430471,23.9341207981636,-0.9296549689194287,36,10
52.96389085672743,-18.19131637328595,15.486493416352028,23.89048910607937,-0.8655408331318818,36,11
52.96389085672744,-17.192601257585427,16.650105819346233,23.93348202409663,-0.801426697344335,36,12
52.963890856727446,-16.177399228016334,17.813114443071544,24.062736584698527,-0.7373125615567883,36,13
52.963890856727424,-15.137444384851339,18.981754872178655,24.278575751718783,-0.6731984257692414,36,14
52.96389085672743,-14.063527753508112,20.16112459077593,24.581573538699367,-0.6090842899816946,36,15
52.96389085672744,-12.945130952899653,21.354347510432756,24.97167541403757,-0.5449701541941478,36,16
52.96389085672743,-11.769561297763365,22.560045520725165,25.445593469970483,-0.4808560184066011,36,17
52.96389085672744,-10.517029650454877,23.758153176031133,25.981873585334682,-0.4167418826190543,36,18
52.963890856727446,-9.12718072370352,24.80149853577384,26.427632462692266,-0.35262774683150755,36,19
52.963890856727446,-7.500948869332088,25.27318575131871,26.362817602847308,-0.2885136110439608,36,20
52.96389085672744,-5.754489565077082,25.212066108143294,25.860441365065007,-0.2243994752564138,36,21
52.963890856727446,-4.024668547004049,24.89399803836088,25.217238057470905,-0.16028533946886703,36,22
52.96389085672744,-2.357065618588232,24.433450856350166,24.546879212641457,-0.09617120368132026,36,23
52.963890856727446,-0.7696195847414959,23.999572718295795,24.011909648463718,-0.032057067893773494,36,24
52.96389085672746,0.7563052097319698,23.584381476360754,23.596504978339023,0.03205706789377327,36,25
52.963890856751654,2.1740425867800086,22.536225688219545,22.640846482555375,0.09617120368132004,36,26
52.96389085672747,2.8917944856001623,17.88677139774471,18.119024984312624,0.1602853394688668,36,27
52.96389085672746,3.156740073405836,13.830581933802726,14.186261118374189,0.2243994752564138,36,28
52.96389085672746,3.2721599491706646,11.024992656810465,11.500325813458627,0.28851361104396056,36,29
52.96389085672745,3.331958718468768,9.05400821777025,9.64764290949172,0.3526277468315073,36,30
52.96389085672748,3.3667773877302665,7.605608764649408,8.317480066674339,0.4167418826190541,36,31
52.96389085672754,3.3887717745122115,6.495641048879409,7.326467550998348,0.48085601840660086,36,32
52.963890856727645,3.4035188420313633,5.614460323131598,6.565523987363198,0.5449701541941478,36,33
52.96389085672744,3.4138644155024656,4.894031357092965,5.96707743972388,0.6090842899816944,36,34
52.96389085672745,3.421382294290031,4.290277697036486,5.487471140831076,0.6731984257692414,36,35
52.96389085672747,3.4269997605428477,3.7735075997587253,5.097419637848313,0.7373125615567879,36,36
52.96389085672748,3.431290986414563,3.3230200110645356,4.776632687109814,0.8014266973443349,36,37
52.96389085672749,3.434626363643835,2.9239400534470152,4.510663331955229,0.8655408331318815,36,38
52.9638908567275,3.4372534980002483,2.5652889557335774,4.288988113328756,0.9296549689194284,36,39
52.9638908567275,3.4393425262791957,2.2387638893671005,4.10379589719972,0.993769104706975,36,40
52.963890856727495,3.4410130981739058,1.937942472715288,3.9492014597834086,1.057883240494522,36,41
52.9638908567275,3.4423509457965533,1.6577488445753648,3.82072130185596,1.121997376282069,36,42
52.96389085672749,3.443418359137493,1.3940855896577113,3.7149165035328067,1.1861115120696155,36,43
52.96389085672749,3.444260979827234,1.143573434149711,3.6291450642648417,1.2502256478571625,36,44
52.963890856727474,3.4449122965506933,0.9033623857810782,3.5613879783199875,1.314339783644709,36,45
52.96389085672746,3.4453966596939973,0.6709909394083248,3.5101263488165406,1.378453919432256,36,46
52.96389085672745,3.445731310390097,0.4442778549728523,3.4742548952482815,1.4425680552198026,36,47
52.96389085672744,3.4459277286242878,0.22123590050847186,3.45302233354388,1.5066821910073496,36,48
52.96389085672744,3.4459924879968433,2.1100618352784757e-16,3.445992488197549,1.5707963267948966,36,49
54.28927671385875,-30.858215565112715,1.8895207459607445e-15,30.85821556511318,-1.5707963267948966,37,0
54.28927671385875,-29.55765163616282,1.8976641970589365,29.61850603338322,-1.5066821910073498,37,1
54.28927671385875,-28.273914881500886,3.645517634139047,28.507964879085595,-1.442568055219803,37,2
54.289276713858754,-27.076535290867078,5.273154775564461,27.585230190169323,-1.3784539194322563,37,3
54.289276713858754,-25.92788825972142,6.799092975133968,26.804534222648165,-1.3143397836447095,37,4
54.28927671385874,-24.820633267281924,8.24101802629207,26.152977151723533,-1.2502256478571625,37,5
54.289276713858754,-23.7476102415347,9.614341846510293,25.62000314842688,-1.1861115120696157,37,6
54.289276713858754,-22.70070701956115,10.932084329606557,25.195883929276675,-1.121997376282069,37,7
54.289276713858754,-21.672764080229346,12.205873332317402,24.87352099486234,-1.0578832404945222,37,8
54.289276713858754,-20.65667329468953,13.44600425585489,24.647376778310683,-0.9937691047069754,37,9
54.28927671385876,-19.64538593666199,14.661732573117629,24.513416543721856,-0.9296549689194287,37,10
54.289276713858754,-18.63186727217321,15.861539864623621,24.46906056482195,-0.8655408331318818,37,11
54.289276713858754,-17.608605936818417,17.052983884555644,24.512593955048352,-0.801426697344335,37,12
54.28927671385876,-16.56775456078318,18.242939047016325,24.64336251933785,-0.7373125615567883,37,13
54.289276713858754,-15.500706122845314,19.437270683813495,24.86120234306159,-0.6731984257692414,37,14
54.28927671385875,-14.397821306435555,20.6403595372695,25.165883656247875,-0.6090842899816946,37,15
54.28927671385876,-13.248023035274192,21.853999681485973,25.5559663566367,-0.5449701541941478,37,16
54.28927671385876,-12.037699415017082,23.074016090914114,26.025303567299066,-0.4808560184066011,37,17
54.28927671385875,-10.743980365985664,24.270838795659262,26.54254565691791,-0.4167418826190543,37,18
54.28927671385876,-9.297624273986193,25.2646487231903,26.921149534268178,-0.35262774683150755,37,19
54.28927671385876,-7.617314815809272,25.66526123825723,26.77179709005613,-0.2885136110439608,37,20
54.289276713858754,-5.838377117163717,25.579601488117476,26.237428602153805,-0.2243994752564138,37,21
54.28927671385876,-4.080379986608147,25.238592991217356,25.56630745750035,-0.16028533946886703,37,22
54.28927671385877,-2.3886844699218184,24.761213326813685,24.87616326753025,-0.09617120368132026,37,23
54.28927671385876,-0.7796527502068329,24.312443763877138,24.324941524751768,-0.032057067893773494,37,24
54.28927671385881,0.7658466055579564,23.88191733373685,23.894193783400397,0.03205706789377327,37,25
54.289276713859,2.113644015222621,21.91013129498398,22.011845547036597,0.09617120368132004,37,26
54.289276713858776,2.712070166998275,16.775112938799534,16.992932021879522,0.1602853394688668,37,27
54.28927671385876,2.9282119826944646,12.82933494822159,13.159265200962807,0.2243994752564138,37,28
54.28927671385877,3.0234670080637107,10.18706361541409,10.626270176000705,0.28851361104396056,37,29
54.28927671385878,3.0731582338684076,8.350763696359468,8.898289489719975,0.3526277468315073,37,30
54.2892767138588,3.102200103399954,7.007924070690883,7.663853160270416,0.4167418826190541,37,31
54.289276713858875,3.1205848970361103,5.981577014483736,6.746652034901613,0.48085601840660086,37,32
54.289276713858754,3.1329282908364537,5.168092906225687,6.043543990318935,0.5449701541941478,37,33
54.28927671385877,3.1415952569101915,4.503713044028183,5.491179467222254,0.6090842899816944,37,34
54.28927671385879,3.1478973757712545,3.947338456265611,5.048835388164389,0.6731984257692414,37,35
54.2892767138588,3.152608731865938,3.4713725824383244,4.68928239952153,0.7373125615567879,37,36
54.28927671385881,3.1562088551378857,3.05661782293042,4.393696263157512,0.8014266973443349,37,37
54.28927671385883,3.1590077941958357,2.68930254434382,4.14869599019479,0.8655408331318815,37,38
54.289276713858825,3.1612128518857245,2.3592744673632735,3.944545944418761,0.9296549689194284,37,39
54.28927671385883,3.1629665361616115,2.0588630560507744,3.7740262840785013,0.993769104706975,37,40
54.289276713858825,3.1643691137254253,1.7821394833167068,3.631701120204501,1.057883240494522,37,41
54.28927671385884,3.1654924548291996,1.5244208223288749,3.5134315598673465,1.121997376282069,37,42
54.289276713858825,3.1663887931065786,1.2819287485183797,3.4160443946582664,1.1861115120696155,37,43
54.289276713858804,3.1670964104759824,1.0515484568832967,3.3371026102672903,1.2502256478571625,37,44
54.28927671385879,3.1676434007591334,0.8306539190286037,3.274744363874552,1.314339783644709,37,45
54.289276713858776,3.168050194589834,0.6169777201707448,3.2275692934300473,1.378453919432256,37,46
54.28927671385876,3.1683312593653956,0.40851107906319917,3.1945585410400485,1.4425680552198026,37,47
54.28927671385874,3.1684962289674825,0.20342420726303131,3.1750196475721073,1.5066821910073496,37,48
54.28927671385875,3.168550620183504,1.9401776876067497e-16,3.168550620403495,1.5707963267948966,37,49
55.61466257099008,-31.549353927635273,1.9318407651323015e-15,31.549353927635696,-1.5707963267948966,38,0
55.614662570990085,-30.22966240153437,1.9408087196746489,30.291900359619337,-1.5066821910073498,38,1
55.61466257099008,-28.926289260954167,3.7296319958864754,29.165739579738965,-1.442568055219803,38,2
55.614662570990085,-27.70807511743745,5.396147145772255,28.228634942773663,-1.3784539194322563,38,3
55.61466257099008,-26.537670597329857,6.958996734609628,27.434933866964098,-1.3143397836447095,38,4
55.614662570990085,-25.408592988023365,8.436234103383505,26.772497893885838,-1.2502256478571625,38,5
55.61466257099008,-24.313373527893518,9.84339401571531,26.230374340742717,-1.1861115120696157,38,6
55.61466257099008,-23.244056084317066,11.19374744834581,25.798955893373392,-1.121997376282069,38,7
55.61466257099008,-22.193403509985625,12.499091996438434,25.471051413172464,-1.0578832404945222,38,8
55.614662570990085,-21.1542041487053,13.769860952675215,25.241026599984206,-0.9937691047069754,38,9
55.61466257099007,-20.11933404503635,15.015449239256103,25.104806676659287,-0.9296549689194287,38,10
55.61466257099007,-19.081498576570176,16.244316574810178,25.059557236916685,-0.8655408331318818,38,11
55.614662570990085,-18.033010273352104,17.463996564231277,25.10339888370308,-0.801426697344335,38,12
55.61466257099008,-16.965718505688887,18.6811415785175,25.2353057261229,-0.7373125615567883,38,13
55.61466257099007,-15.87063804225925,19.90115063839402,25.454527074775108,-0.6731984257692414,38,14
55.61466257099007,-14.737650522609934,21.127530273301073,25.75986953336216,-0.6090842899816946,38,15
55.614662570990085,-13.555054192370818,22.360479689222263,26.148241739937955,-0.5449701541941478,38,16
55.614662570990085,-12.30815308698187,23.592425145968146,26.610019854947428,-0.4808560184066011,38,17
55.614662570990085,-10.970291145777308,24.782078789305682,27.10163679452743,-0.4167418826190543,38,18
55.61466257099008,-9.465064551467039,25.71963804820564,27.405970668709305,-0.35262774683150755,38,19
55.61466257099007,-7.732804154481127,26.054383142618352,27.17769565349346,-0.2885136110439608,38,20
55.61466257099008,-5.922394171472445,25.947704254398708,26.614997816945742,-0.2243994752564138,38,21
55.614662570990085,-4.135841895151403,25.58164450623167,25.91381337867707,-0.16028533946886703,38,22
55.61466257099007,-2.4199788537888947,25.085612352562173,25.202068263454194,-0.09617120368132026,38,23
55.6146625709901,-0.7895297073605837,24.620443659078383,24.633099746655056,-0.032057067893773494,38,24
55.61466257099024,0.7751697435500852,24.172647108241723,24.185073006937902,0.03205706789377327,38,25
55.614662570990156,2.027951195087677,21.02183557115194,21.11942605352305,0.09617120368132004,38,26
55.6146625709901,2.5206955761950316,15.591393426890326,15.793842318446199,0.1602853394688668,38,27
55.61466257099009,2.6965082212292635,11.814174439976492,12.117997948727472,0.2243994752564138,38,28
55.614662570990085,2.7746351939047926,9.348666664623986,9.751726455634563,0.28851361104396056,38,29
55.6146625709901,2.815579429622108,7.650838875132091,8.152473429443134,0.3526277468315073,38,30
55.61466257099013,2.839567939098591,6.414633436760847,7.0150315900111275,0.4167418826190541,38,31
55.61466257099009,2.85477513265105,5.472069460765091,6.171975797218754,0.48085601840660086,38,32
55.614662570990085,2.8649940270821928,4.726107313420121,5.526688078152603,0.5449701541941478,38,33
55.61466257099011,2.8721734437496544,4.117476614747872,5.020258356302555,0.6090842899816944,38,34
55.61466257099011,2.8773963624835743,3.608140914305921,4.614985447907526,0.6731984257692414,38,35
55.61466257099012,2.8813019802897837,3.1726336969804634,4.285732805128457,0.7373125615567879,38,36
55.61466257099014,2.8842870307046007,2.7932762212996542,4.015159240197367,0.8014266973443349,38,37
55.614662570990156,2.8866081865523583,2.4574053773783073,3.790956081477271,0.8655408331318815,38,38
55.614662570990156,2.8884370853300245,2.1556966219347093,3.604177676263761,0.9296549689194284,38,39
55.61466257099018,2.8898917630087815,1.8811110768472477,3.448195656543779,0.993769104706975,38,40
55.61466257099018,2.8910552944000587,1.6282120079746125,3.318022763452228,1.057883240494522,38,41
55.61466257099018,2.8919872413438146,1.3927076534078642,3.2098636750950553,1.121997376282069,38,42
55.61466257099018,2.8927309003635497,1.171136946608877,3.1208098004388383,1.1861115120696155,38,43
55.61466257099015,2.893318008286246,0.9606477645747247,3.0486280891053004,1.2502256478571625,38,44
55.61466257099014,2.8937718585917214,0.7588363433096026,2.9916129707331525,1.314339783644709,38,45
55.61466257099012,2.894109392634071,0.5636277537721026,2.948481884396655,1.378453919432256,38,46
55.61466257099007,2.894342655500735,0.373184160527387,2.9183018735440225,1.4425680552198026,38,47
55.614662570990085,2.894479544123382,0.18583175238745572,2.900438806724809,1.5066821910073496,38,48
55.61466257099008,2.8945246770188326,1.772385190383214e-16,2.8945246770207014,1.5707963267948966,38,49
56.94004842812139,-32.25257371684049,1.974900558329661e-15,32.252573716840864,-1.5707963267948966,39,0
56.94004842812141,-30.913939447194455,1.9847407636138132,30.977586220420015,-1.5066821910073498,39,1
56.940048428121386,-29.59096412993979,3.815332330134891,29.83591659273721,-1.442568055219803,39,2
56.9400484281214,-28.35181799467461,5.521516059884532,28.884472008377063,-1.3784539194322563,39,3
56.94004842812139,-27.15940620640477,7.122035010990157,28.07769093394733,-1.3143397836447095,39,4
56.94004842812138,-26.00825070571187,8.635334183057559,27.40434456841188,-1.2502256478571625,39,5
56.94004842812138,-24.89048244237688,10.077039520676776,26.852985713241534,-1.1861115120696157,39,6
56.94004842812139,-23.79836212948662,11.46068717075105,26.414189188237465,-1.121997376282069,39,7
56.94004842812139,-22.72456101753393,12.798234331612843,26.08065327875238,-1.0578832404945222,39,8
56.9400484281214,-21.661754822510343,14.1002398294036,25.84663199020813,-0.9937691047069754,39,9
56.94004842812141,-20.602769075943,15.376246179692,25.70803454515974,-0.9296549689194287,39,10
56.94004842812139,-19.540005459024897,16.634649174759605,25.661710124347803,-0.8655408331318818,39,11
56.94004842812139,-18.46558633699918,17.88292312029634,25.705579512930683,-0.801426697344335,39,12
56.94004842812139,-17.37102712159164,19.127431409044462,25.838173611282475,-0.7373125615567883,39,13
56.9400484281214,-16.24692190182658,20.372995673994122,26.058039527497794,-0.6731984257692414,39,14
56.94004842812139,-15.082619490208765,21.622069229501268,26.36283915764336,-0.6090842899816946,39,15
56.94004842812139,-13.86572098964306,22.872957065700195,26.747530418563805,-0.5449701541941478,39,16
56.94004842812139,-12.580249009632889,24.113982088126885,27.198286660943904,-0.4808560184066011,39,17
56.9400484281214,-11.195092499762739,25.28990896376326,27.656998960004444,-0.4167418826190543,39,18
56.94004842812139,-9.629438288928535,26.166294593351367,27.881912676614228,-0.35262774683150755,39,19
56.94004842812139,-7.847482745326148,26.44077336852346,27.58074476448762,-0.2885136110439608,39,20
56.9400484281214,-6.006476773097689,26.316094202237696,26.992861598704287,-0.2243994752564138,39,21
56.94004842812139,-4.190889153211033,25.922131261388866,26.258721237470343,-0.16028533946886703,39,22
56.94004842812139,-2.4508523768413646,25.405648715706267,25.523590343815975,-0.09617120368132026,39,23
56.94004842812141,-0.7992189488573747,24.922589888844477,24.935401294058714,-0.032057067893773494,39,24
56.94004842812139,0.784241655981159,24.455542744228847,24.46811406483508,0.03205706789377327,39,25
56.94004842812142,1.9191897706961676,19.894409632293023,19.986766221513427,0.09617120368132004,39,26
56.94004842812141,2.3201503427130707,14.35095024737986,14.537292410059479,0.1602853394688668,39,27
56.9400484281214,2.462230427769934,10.787736360704214,11.065163101712805,0.2243994752564138,39,28
56.94004842812141,2.5256771978014325,8.509844564992992,8.876739256497807,0.28851361104396056,39,29
56.94004842812143,2.5590186048914685,6.9536802331040795,7.409604915545449,0.3526277468315073,39,30
56.94004842812139,2.5785796808683434,5.825056415246358,6.370271219610702,0.4167418826190541,39,31
56.9400484281214,2.5909898248846996,4.9664424114339845,5.601676400753419,0.48085601840660086,39,32
56.940048428121415,2.5993331218098503,4.2878718632191735,5.014217565438684,0.5449701541941478,39,33
56.94004842812142,2.6051969728523487,3.734745767488048,4.553611447540807,0.6090842899816944,39,34
56.940048428121436,2.609463867070256,3.2721641918873616,4.185255090467876,0.6731984257692414,39,35
56.94004842812145,2.612654983763629,2.8768234974275644,3.8861394081592335,0.7373125615567879,39,36
56.94004842812147,2.6150942547514697,2.5325775557380115,3.6404212719451903,0.8014266973443349,39,37
56.940048428121486,2.6169912029282694,2.227877092778226,3.4368705673876017,0.8655408331318815,39,38
56.94004842812151,2.618485968865086,1.9542268676570553,3.2673339926854266,0.9296549689194284,39,39
56.940048428121514,2.6196749506690673,1.7052194239757064,3.1257751249128343,0.993769104706975,39,40
56.94004842812152,2.620626006328135,1.4759090703694069,3.0076549419156913,1.057883240494522,39,41
56.94004842812153,2.6213877944118704,1.2623938279075289,2.9095209478811483,1.121997376282069,39,42
56.94004842812152,2.621995689513202,1.0615284074591176,2.828728328514624,1.1861115120696155,39,43
56.94004842812149,2.622475623873078,0.8707218973307809,2.7632471878772575,1.2502256478571625,39,44
56.94004842812139,2.6228466807444777,0.6877913952451663,2.711527561002164,1.314339783644709,39,45
56.94004842812139,2.623122614301507,0.5108530833769338,2.6724039968658033,1.378453919432256,39,46
56.9400484281214,2.623313269603139,0.3382387909242903,2.6450289204790134,1.4425680552198026,39,47
56.94004842812139,2.623425175804838,0.16842948455689205,2.628826381548148,1.5066821910073496,39,48
56.94004842812139,2.6234620719769985,1.606407214566605e-16,2.6234620719787096,1.5707963267948966,39,49
58.2654342852527,-32.96757320640089,2.018681650143765e-15,32.96757320640123,-1.5707963267948966,40,0
58.26543428525271,-31.590583796528506,2.028182772190112,31.65562367041436,-1.5066821910073498,40,1
58.26543428525272,-30.267697474672907,3.9025874326622194,30.518251900918358,-1.442568055219803,40,2
58.26543428525271,-29.007545819220258,5.649219042276142,29.55251918604911,-1.3784539194322563,40,3
58.265434285252724,-27.79286187862204,7.288146649851312,28.73256433028389,-1.3143397836447095,40,4
58.265434285252695,-26.619374280419848,8.838241189547963,28.048272574361878,-1.2502256478571625,40,5
58.26543428525271,-25.47874553164986,10.315200850529772,27.48763071734881,-1.1861115120696157,40,6
58.26543428525271,-24.363435175535844,11.732812007500616,27.041372952494267,-1.121997376282069,40,7
58.26543428525272,-23.266044814962353,13.103192324900967,26.702106479361913,-1.0578832404945222,40,8
58.26543428525272,-22.17914190600462,14.437021499295085,26.463974105523143,-0.9937691047069754,40,9
58.26543428525271,-21.095485797916243,15.743970226201728,26.322844062403533,-0.9296549689194287,40,10
58.26543428525272,-20.007168949364125,17.03235125244557,26.275231655593167,-0.8655408331318818,40,11
58.26543428525271,-18.906089049872662,18.30952620805287,26.318794674625426,-0.801426697344335,40,12
58.26543428525272,-17.783394651538124,19.581493888433766,26.451541131569723,-0.7373125615567883,40,13
58.26543428525271,-16.629211131757952,20.852371205843646,26.67118384644523,-0.6731984257692414,40,14
58.26543428525272,-15.432295889038315,22.12335664236234,26.9740368786726,-0.6090842899816946,40,15
58.26543428525271,-14.17947413179604,23.3905256908769,27.352772779918467,-0.5449701541941478,40,16
58.26543428525271,-12.853256286418905,24.637285925539434,27.788523799244114,-0.4808560184066011,40,17
58.26543428525271,-11.417592128085094,25.79253949985428,28.206674810315107,-0.4167418826190543,40,18
58.26543428525271,-9.790747875936788,26.604624851850776,28.34898247694062,-0.35262774683150755,40,19
58.26543428525271,-7.9613925164127455,26.824573185548164,27.981091783331514,-0.2885136110439608,40,20
58.26543428525272,-6.090557082344415,26.684474106510084,27.370715078607205,-0.2243994752564138,40,21
58.26543428525271,-4.2453456475451565,26.258963934016936,26.599927566727178,-0.16028533946886703,40,22
58.26543428525272,-2.4812092807849946,25.720329781352937,25.839732265575122,-0.09617120368132026,40,23
58.265434285252724,-0.808690579182056,25.217950200926577,25.230913435491587,-0.032057067893773494,40,24
58.265434285262664,0.7877302041446403,24.564328536839856,24.57695577855761,0.03205706789377327,40,25
58.26543428525274,1.7898897939027711,18.55408011248011,18.640214438000847,0.09617120368132004,40,26
58.26543428525271,2.1121775147136748,13.064564769473195,13.2342036583026,0.1602853394688668,40,27
58.265434285252724,2.225730600805939,9.751562916551565,10.002342526770232,0.2243994752564138,40,28
58.265434285252724,2.2765332829447185,7.670396043389859,8.001098627739777,0.28851361104396056,40,29
58.265434285252724,2.3032565902699447,6.258692216182485,6.669049345861349,0.3526277468315073,40,30
58.26543428525272,2.3189422242791724,5.2385308781983175,5.728847947134837,0.4167418826190541,40,31
58.26543428525272,2.3288960575792355,4.464057728477546,5.035034086299497,0.48085601840660086,40,32
58.26543428525274,2.335589090415047,3.8527984969705917,4.505444779103519,0.5449701541941478,40,33
58.265434285252745,2.3402938532435766,3.3549872252133057,4.090588539674506,0.6090842899816944,40,34
58.26543428525276,2.343717362587059,2.9389286153936762,3.7590307902622206,0.6731984257692414,40,35
58.26543428525277,2.3462778476360757,2.583512666437085,3.4899222679101802,0.7373125615567879,40,36
58.2654342852528,2.348235149929633,2.27413892463557,3.2689319613706305,0.8014266973443349,40,37
58.26543428525282,2.349757330565318,2.000377580373723,3.0859147714810033,0.8655408331318815,40,38
58.26543428525286,2.3509568109050756,1.7545646679889735,2.933512417091192,0.9296549689194284,40,39
58.26543428525288,2.3519109284141257,1.5309243605188596,2.8062812427247597,0.993769104706975,40,40
58.26543428525287,2.3526741268579614,1.3250013832951837,2.700130406756999,1.057883240494522,40,41
58.26543428525287,2.3532854476827345,1.1332825424857569,2.61194979279624,1.121997376282069,40,42
58.26543428525286,2.3537732748913758,0.9529371867549437,2.5393577755690524,1.1861115120696155,40,43
58.26543428525272,2.3541584688502923,0.7816344639413007,2.480527067315993,1.2502256478571625,40,44
58.26543428525271,2.354456209385467,0.6174111255474543,2.4340625587421596,1.314339783644709,40,45
58.26543428525271,2.3546776469543587,0.4585734306688816,2.398915674297203,1.378453919432256,40,46
58.26543428525271,2.3548306488295427,0.303621790321703,2.3743238145274668,1.4425680552198026,40,47
58.26543428525271,2.3549204542850974,0.15119090948192634,2.3597688524784024,1.5066821910073496,40,48
58.2654342852527,2.354950063726522,1.4419910288481756e-16,2.3549500637280008,1.5707963267948966,40,49
59.590820142384025,-33.6940463806094,2.063165302516806e-15,33.69404638060969,-1.5707963267948966,41,0
59.59082014238403,-32.29888813944823,2.073657419794918,32.36538629677174,-1.5066821910073498,41,1
59.59082014238403,-30.956245450726527,3.9913658632111644,31.21249964132392,-1.442568055219803,41,2
59.590820142384025,-29.67503518335597,5.779212584297633,30.23254887084333,-1.3784539194322563,41,3
59.590820142384025,-28.437805495631423,7.457270782593659,29.399314089486683,-1.3143397836447095,41,4
59.59082014238403,-27.241767564893145,9.044889997479418,28.704075235516083,-1.2502256478571625,41,5
59.590820142384025,-26.07796314718711,10.557797176544497,28.134093963145506,-1.1861115120696157,41,6
59.590820142384025,-24.939076454439736,12.010026236958632,27.680286570280032,-1.121997376282069,41,7
59.590820142384025,-23.817651868280603,13.41385162968974,27.33517799579766,-1.0578832404945222,41,8
59.590820142384025,-22.70619513629537,14.780095133488313,27.09284978961218,-0.9937691047069754,41,9
59.590820142384025,-21.59726965032692,16.11846124802607,26.94896750068639,-0.9296549689194287,41,10
59.590820142384025,-20.482755177719582,17.437223711546437,26.89981469149772,-0.8655408331318818,41,11
59.590820142384025,-19.354255125496827,18.743550848768074,26.942677852863405,-0.801426697344335,41,12
59.590820142384025,-18.202512151994583,20.042988835519918,27.07494875534002,-0.7373125615567883,41,13
59.59082014238402,-17.0171291992873,21.338805076788223,27.293356119949802,-0.6731984257692414,41,14
59.590820142384025,-15.78620943751872,22.630718327875197,27.592640693504382,-0.6090842899816946,41,15
59.590820142384025,-14.495717665570906,23.912202477517997,27.96281920632766,-0.5449701541941478,41,16
59.59082014238402,-13.126394095221208,25.160839968389197,28.379043145567067,-0.4808560184066011,41,17
59.590820142384025,-11.63712457278424,26.288467116455216,28.749020359926316,-0.4167418826190543,41,18
59.590820142384025,-9.949042705837456,27.034763041380124,28.807323087474817,-0.35262774683150755,41,19
59.59082014238402,-8.074554533347523,27.205853570710953,28.378810747157257,-0.2885136110439608,41,20
59.590820142384025,-6.174564282786796,27.052533700181968,27.748240010525702,-0.2243994752564138,41,21
59.59082014238403,-4.2990263550507235,26.590998090801513,26.9362730730595,-0.16028533946886703,41,22
59.59082014238403,-2.510956673971276,26.028692630392346,26.149526639425062,-0.09617120368132026,41,23
59.59082014238405,-0.8179170084156905,25.50566424005041,25.51877537341556,-0.032057067893773494,41,24
59.59082014238438,0.7710345954918024,24.043697964700893,24.056057577359564,0.03205706789377327,41,25
59.59082014238405,1.6427873401000106,17.029209295348846,17.108264653949984,0.09617120368132004,41,26
59.59082014238403,1.8979639476817765,11.739578113998977,11.892012505938165,0.1602853394688668,41,27
59.59082014238404,1.9872059162004085,8.706517991420684,8.930422324186084,0.2243994752564138,41,28
59.59082014238405,2.0270939788318025,6.829952257360059,7.124419824578049,0.28851361104396056,41,29
59.59082014238403,2.048066389597992,5.565258002496354,5.930149456005104,0.3526277468315073,41,30
59.59082014238404,2.060372626250544,4.654417652239484,5.090062773727696,0.4167418826190541,41,31
59.59082014238405,2.0681803048592786,3.964314441494231,4.471371016194334,0.48085601840660086,41,32
59.590820142384054,2.0734299567774914,3.4203395853459173,3.9997293239380864,0.5449701541941478,41,33
59.59082014238406,2.077119583350714,2.9777071190132136,3.630587480036745,0.6090842899816944,41,34
59.59082014238409,2.079804168254969,2.607991937116197,3.3357468912398867,0.6731984257692414,41,35
59.5908201423841,2.081811911847852,2.2923062794236104,3.096547902923014,0.7373125615567879,41,36
59.590820142384146,2.0833466276989983,2.017608696349987,2.900185860058978,0.8014266973443349,41,37
59.59082014238417,2.0845401292058043,1.7745948850252142,2.7376074511247213,0.8655408331318815,41,38
59.59082014238421,2.085480585945885,1.5564346120388999,2.602252481260682,0.9296549689194284,41,39
59.590820142384224,2.086228648985781,1.35798436147673,2.4892712793688454,0.993769104706975,41,40
59.59082014238424,2.086827013409133,1.175279078360394,2.3950214814223143,1.057883240494522,41,41
59.59082014238423,2.0873062946436183,1.0051937332559546,2.3167352049199774,1.121997376282069,41,42
59.59082014238402,2.0876888030926426,0.8452115230934566,2.2522937324722725,1.1861115120696155,41,43
59.590820142384025,2.087990762941568,0.6932606968906855,2.2000717760992132,1.2502256478571625,41,44
59.590820142384025,2.0882241903205094,0.5475968686959521,2.158828988051363,1.314339783644709,41,45
59.590820142384025,2.088397795588242,0.40671543426037116,2.1276331443857597,1.378453919432256,41,46
59.59082014238402,2.0885177473772454,0.2692845440467277,2.1058063887208887,1.4425680552198026,41,47
59.59082014238402,2.0885881536969366,0.13409180845833704,2.0928882170016307,1.5066821910073496,41,48
59.590820142384025,2.0886113670893987,1.2789056126852055e-16,2.088611367090706,1.5707963267948966,41,49
60.91620599951534,-34.4316830924816,2.1083325244231983e-15,34.43168309248187,-1.5707963267948966,42,0
60.91620599951535,-33.037677079219144,2.1210892434541133,33.10569628280696,-1.5066821910073498,42,1
60.91620599951534,-31.656359635910984,4.081635591287294,31.918409335338243,-1.442568055219803,42,2
60.91620599951534,-30.35405705093733,5.911452081164006,30.92432772364604,-1.3784539194322563,42,3
60.91620599951534,-29.09416093807201,7.629387448370155,30.07786151852861,-1.3143397836447095,42,4
60.91620599951535,-27.8752262063521,9.255212757054416,29.37153722966577,-1.2502256478571625,42,5
60.91620599951534,-26.687927370352227,10.804744321794242,28.792151138540195,-1.1861115120696157,42,6
60.91620599951534,-25.52507794655255,12.292229682143516,28.33069915720674,-1.121997376282069,42,7
60.916205999515334,-24.37916566501328,13.730090308424774,27.97961933979202,-1.0578832404945222,42,8
60.91620599951535,-23.242685055267444,15.129311371302197,27.732985254893997,-0.9937691047069754,42,9
60.91620599951534,-22.107892613179605,16.49954906941968,27.58612033777258,-0.9296549689194287,42,10
60.91620599951534,-20.966514603254435,17.8490541148506,27.535131512367037,-0.8655408331318818,42,11
60.91620599951535,-19.80980203754257,19.184723430950278,27.576835748299324,-0.801426697344335,42,12
60.91620599951534,-18.628046194266172,20.511549108253956,27.707900531004327,-0.7373125615567883,42,13
60.91620599951535,-17.41026816084104,21.83178574176653,27.923902057319953,-0.6731984257692414,42,14
60.916205999515334,-16.143850782029194,23.14342408932189,28.21776030535792,-0.6090842899816946,42,15
60.91620599951535,-14.813809316324212,24.436927926419845,28.576430724312953,-0.5449701541941478,42,16
60.916205999515356,-13.39884722820949,25.683081615887854,28.96808223430163,-0.4808560184066011,42,17
60.91620599951534,-11.853173837736728,26.77652616933517,29.282760862403514,-0.4167418826190543,42,18
60.91620599951534,-10.104405686856012,27.456934450371477,29.257174567899984,-0.35262774683150755,42,19
60.91620599951534,-8.186972313374401,27.584626374773663,28.77391401766217,-0.2885136110439608,42,20
60.91620599951534,-6.258425360397229,27.41995308789683,28.125108272398116,-0.2243994752564138,42,21
60.916205999515356,-4.351740692206134,26.91705490527301,27.266563623340662,-0.16028533946886703,42,22
60.91620599951535,-2.540007021513584,26.32982987215455,26.452061862280974,-0.09617120368132026,42,23
60.916205999515384,-0.8268735865535135,25.784963328282448,25.798218034759838,-0.032057067893773494,42,24
60.91620599951547,0.7427915323129582,23.162975251502864,23.17488213049252,0.03205706789377327,42,25
60.916205999515356,1.4804040041330784,15.345936149299986,15.417177183708105,0.09617120368132004,42,26
60.916205999515356,1.6782858150516144,10.380791188094182,10.515582198234307,0.1602853394688668,42,27
60.91620599951535,1.746727230559284,7.652912028385905,7.849720920656791,0.2243994752564138,42,28
60.916205999515356,1.7772153146532446,5.988028121481929,6.246196847546677,0.28851361104396056,42,29
60.91620599951534,1.7932181875846223,4.872753109647415,5.19223981879387,0.3526277468315073,42,30
60.91620599951534,1.8025991699757566,4.072102924370534,4.453244434597135,0.4167418826190541,42,31
60.91620599951536,1.8085478291055863,3.466647593641806,3.9100499726573883,0.48085601840660086,42,32
60.91620599951537,1.8125459283568022,2.9899840931467816,3.496473597740185,0.5449701541941478,42,33
60.91620599951538,1.815355047669146,2.6024479728147853,3.1730504881485766,0.6090842899816944,42,34
60.91620599951541,1.8173985972732245,2.2789457587241753,2.9148810323295855,0.6731984257692414,42,35
60.91620599951544,1.818926715370112,2.002840462068058,2.7055247758016194,0.7373125615567879,42,36
60.916205999515476,1.8200946825061368,1.7626634045409075,2.5337180054492556,0.8014266973443349,42,37
60.91620599951552,1.8210028989619294,1.5502423699387424,2.3915064214406625,0.8655408331318815,42,38
60.916205999515554,1.8217185085896108,1.359583857692915,2.2731314504299522,0.9296549689194284,42,39
60.91620599951559,1.8222876914660284,1.1861778373874337,2.174339047337394,0.993769104706975,42,40
60.916205999515604,1.8227429515926756,1.026549705606192,2.0919359851998203,1.057883240494522,42,41
60.916205999515334,1.8231076448390233,0.8779623691090003,2.0234968263494237,1.121997376282069,42,42
60.91620599951535,1.8233986276296283,0.738212289581838,1.967165458149268,1.1861115120696155,42,43
60.91620599951535,1.8236283545796421,0.6054863299224787,1.9215186887861204,1.2502256478571625,42,44
60.91620599951534,1.8238059399826534,0.47825823801529643,1.8854705112915167,1.314339783644709,42,45
60.91620599951535,1.8239380126140161,0.3552118961394338,1.8582048770309232,1.378453919432256,42,46
60.916205999515334,1.8240292667716462,0.23518253079119153,1.8391284862219943,1.4425680552198026,42,47
60.91620599951535,1.8240828285486486,0.1171100031497073,1.8278383184100273,1.5066821910073496,42,48
60.91620599951534,1.82410048814054,1.1169394120629168e-16,1.824100488141681,1.5707963267948966,42,49
62.241591856646664,-35.18016922224741,2.154164081574391e-15,35.18016922224765,-1.5707963267948966,43,0
62.24159185664666,-33.76830326662842,2.1679970010238634,33.837826710701094,-1.5066821910073498,43,1
62.24159185664667,-32.367786953267135,4.173363986230114,32.63572581104427,-1.442568055219803,43,2
62.241591856646664,-31.044375984162066,6.045891681367371,31.627615883415096,-1.3784539194322563,43,3
62.24159185664666,-29.761762419608043,7.804453172883942,30.768035225684017,-1.3143397836447095,43,4
62.24159185664667,-28.519534753326592,9.469137933456345,30.050431540146405,-1.2502256478571625,43,5
62.24159185664666,-27.308421806327875,11.055954677726968,29.461568786951553,-1.1861115120696157,43,6
62.24159185664666,-26.121221804158154,12.57931743312438,28.992368920551066,-1.121997376282069,43,7
62.241591856646664,-24.950355603469905,14.051778488653506,28.635165853086793,-1.0578832404945222,43,8
62.241591856646664,-23.78835681002784,15.48450432188704,28.38407641294212,-0.9937691047069754,43,9
62.241591856646664,-22.627112361196623,16.887052838327595,28.23400020136513,-0.9296549689194287,43,10
62.241591856646664,-21.458181242725985,18.267616027522156,28.180832804845615,-0.8655408331318818,43,11
62.241591856646664,-20.272427033481662,19.63275075512626,28.22084690509395,-0.801426697344335,43,12
62.241591856646664,-19.059637669105957,20.986779287445,28.349862308969602,-0.7373125615567883,43,13
62.24159185664667,-17.808187462827984,22.330760764048613,28.56211506545689,-0.6731984257692414,43,14
62.241591856646664,-16.50467094826235,23.660686930750547,28.84843616464171,-0.6090842899816946,43,15
62.24159185664666,-15.13306245282452,24.963569367547663,29.192282794763713,-0.5449701541941478,43,16
62.241591856646664,-13.669790916010797,26.20242993956014,29.55385792794264,-0.4808560184066011,43,17
62.24159185664667,-12.065367494437643,27.25587533601406,29.806976248995568,-0.4167418826190543,43,18
62.24159185664667,-10.256941052133872,27.871422313942254,29.698838723914385,-0.35262774683150755,43,19
62.241591856646664,-8.29863447662108,27.960853255170694,29.166361599173637,-0.2885136110439608,43,20
62.24159185664668,-6.342067048079209,27.786411265530916,28.50099060488152,-0.2243994752564138,43,21
62.241591856646664,-4.403297998220839,27.235955073026666,27.58960460030303,-0.16028533946886703,43,22
62.24159185664667,-2.568281072033739,26.622919983199846,26.74651259691303,-0.09617120368132026,43,23
62.241591856647105,-0.8355391979627562,26.055189001843857,26.068582617263726,-0.032057067893773494,43,24
62.24159185664672,0.7010392419585612,21.860985088487716,21.872222682156774,0.03205706789377327,43,25
62.24159185664667,1.3047272025279673,13.524862325654647,13.587649318441073,0.09617120368132004,43,26
62.24159185664668,1.4535804204070357,8.990908869055538,9.107652734390943,0.1602853394688668,43,27
62.24159185664667,1.5042748466767157,6.590658728348753,6.7601497977417635,0.2243994752564138,43,28
62.24159185664668,1.5267292572140625,5.144057476159644,5.36583912756166,0.28851361104396056,43,29
62.24159185664667,1.538482568418126,4.1805541407630455,4.454656163743974,0.3526277468315073,43,30
62.24159185664668,1.5453621833968736,3.491000090891171,3.8177514209914896,0.4167418826190541,43,31
62.241591856646686,1.5497207581041494,2.9705245559121147,3.3504702006414506,0.48085601840660086,43,32
62.2415918566467,1.552648172584651,2.5612555608411265,2.995120430932206,0.5449701541941478,43,33
62.241591856646714,1.5547041713151593,2.228785341007887,2.7174600561233904,0.6090842899816944,43,34
62.24159185664674,1.556199411738182,1.9514123398338912,2.4959500654460958,0.6731984257692414,43,35
62.241591856646785,1.5573172732924696,1.714779392089011,2.316399243073217,0.7373125615567879,43,36
62.241591856646835,1.5581715317738054,1.5090049784038615,2.1690999394693,0.8014266973443349,43,37
62.241591856646885,1.558835720487778,1.3270561969281147,2.047204668191092,0.8655408331318815,43,38
62.24159185664693,1.5593589993284123,1.1637798671201542,1.9457605372110351,0.9296549689194284,43,39
62.24159185664696,1.5597751704866822,1.0153011224454744,1.8611112143192303,0.993769104706975,43,40
62.24159185664667,1.5601080659031938,0.8786364935576281,1.7905136874960954,1.057883240494522,43,41
62.241591856646664,1.5603746651601444,0.7514368345719393,1.731885219068655,1.121997376282069,43,42
62.24159185664667,1.5605873929331775,0.6318118128274757,1.6836327324608908,1.1861115120696155,43,43
62.241591856646664,1.5607553331198876,0.5182064734760709,1.6445349370013118,1.2502256478571625,43,44
62.24159185664667,1.560885152289593,0.4093122882829032,1.6136601277780454,1.314339783644709,43,45
62.241591856646664,1.560981698654936,0.3040011585829818,1.5903083248096093,1.378453919432256,43,46
62.24159185664666,1.5610484053847482,0.20127490350839272,1.5739706829353182,1.4425680552198026,43,47
62.24159185664667,1.5610875586514483,0.10022514660483058,1.5643015840276648,1.5066821910073496,43,48
62.241591856646664,1.5611004676254503,9.558983454131271e-17,1.5611004676265203,1.5707963267948966,43,49
63.56697771377798,-35.939186836111205,2.2006405061401274e-15,35.939186836111425,-1.5707963267948966,44,0
63.56697771377798,-34.491508250295254,2.2144283015051256,34.56252065580132,-1.5066821910073498,44,1
63.56697771377798,-33.090269715788125,4.2665178229793,33.36418924831552,-1.442568055219803,44,2
63.56697771377798,-31.74574797285252,6.182483863929866,32.342164755681175,-1.3784539194322563,44,3
63.56697771377799,-30.440231425645475,7.982368697919641,31.469443898429198,-1.3143397836447095,44,4
63.56697771377798,-29.174468407336015,9.686590888447284,30.7405213015459,-1.2502256478571625,44,5
63.56697771377797,-27.93922132223305,11.311337098140713,30.14210402477732,-1.1861115120696157,44,6
63.56697771377798,-26.727279514886963,12.871179444143968,29.665042230717475,-1.121997376282069,44,7
63.56697771377798,-25.531000424457908,14.378791559520222,29.301563599675024,-1.0578832404945222,44,8
63.56697771377799,-24.342966227111898,15.84551504593072,29.045831917938386,-0.9937691047069754,44,9
63.56697771377798,-23.15467180784874,17.280780686086516,28.89228630014951,-0.9296549689194287,44,10
63.56697771377797,-21.957471921127244,18.69266837916296,28.83654667779156,-0.8655408331318818,44,11
63.56697771377799,-20.741806210972797,20.087319139371033,28.874260425169222,-0.801426697344335,44,12
63.56697771377797,-19.496900728664134,21.468254511728787,29.00026016786316,-0.7373125615567883,44,13
63.56697771377798,-18.210413057971355,22.83513570715118,29.207234831560957,-0.6731984257692414,44,14
63.56697771377799,-16.868081494611044,24.181663276867596,29.483639737058407,-0.6090842899816946,44,15
63.56697771377798,-15.45275036901639,25.4909280232528,29.80897357263074,-0.5449701541941478,44,16
63.56697771377799,-13.938423662449509,26.71734862129272,30.134637405245723,-0.4808560184066011,44,17
63.56697771377797,-12.273452972744334,27.72594405614024,30.32104255592805,-0.4167418826190543,44,18
63.56697771377799,-10.406762956445078,28.278536827490722,30.132646089173697,-0.35262774683150755,44,19
63.56697771377799,-8.409516778717666,28.334452524574615,29.55606828248477,-0.2885136110439608,44,20
63.56697771377797,-6.425455614283203,28.15176044550986,28.87573541976873,-0.2243994752564138,44,21
63.56697771377799,-4.453522493193255,27.546611333217555,27.904294625392836,-0.16028533946886703,44,22
63.566977713777995,-2.5957140040054933,26.907291020598915,27.0322037810052,-0.09617120368132026,44,23
63.566977713778385,-0.8438973344259161,26.31582647521739,26.329354070785406,-0.032057067893773494,44,24
63.566977713778016,0.6434915983615851,20.06643764623749,20.07675275654661,0.03205706789377327,44,25
63.566977713777995,1.1170850826448655,11.579755461174225,11.633512608944237,0.09617120368132004,44,26
63.566977713777995,1.2240630870682845,7.571263007737755,7.669573258888938,0.1602853394688668,44,27
63.566977713777995,1.259761016141726,5.519373640403229,5.661314617663619,0.2243994752564138,44,28
63.56697771377799,1.2754508030681382,4.297416983394735,4.482696451938291,0.28851361104396056,44,29
63.566977713777995,1.2836330821379625,3.488045758146984,3.716742807955703,0.3526277468315073,44,30
63.56697771377801,1.288413074272471,2.9105475775941767,3.182969596367708,0.4167418826190541,44,31
63.566977713778,1.2914374170005047,2.475443746600095,2.79206596351504,0.48085601840660086,44,32
63.56697771377802,1.293467085871157,2.1337092491079908,2.495149747404989,0.5449701541941478,44,33
63.566977713778044,1.2948918015745727,1.8563247714854274,2.2633352458352243,0.6090842899816944,44,34
63.566977713778066,1.2959275321919566,1.6250417258740009,2.078506381892158,0.6731984257692414,44,35
63.56697771377812,1.2967016338759536,1.4278126092864416,1.9287519214773903,0.7373125615567879,44,36
63.56697771377817,1.29729306410445,1.256358271393329,1.8059361562302807,0.8014266973443349,44,37
63.56697771377823,1.297752823860692,1.1047930865102913,1.7043268923536274,0.8655408331318815,44,38
63.56697771377829,1.2981149940934809,0.9688083988369998,1.6197815444602668,0.9296549689194284,44,39
63.56697771377833,1.2984030005418508,0.8451666937661269,1.5492440389986095,0.993769104706975,44,40
63.56697771377799,1.298633377682786,0.7313766926290193,1.49042293197442,1.057883240494522,44,41
63.56697771377799,1.2988178503742172,0.6254777111948687,1.4415790563319528,1.121997376282069,44,42
63.56697771377797,1.2989650389088885,0.5258926605129193,1.401382625370866,1.1861115120696155,44,43
63.56697771377799,1.29908123348297,0.43132468650068745,1.3688144638244724,1.2502256478571625,44,44
63.56697771377798,1.2991710498545244,0.3406827686885655,1.3430972286710394,1.314339783644709,44,45
63.56697771377798,1.2992378444844177,0.2530265475491888,1.3236470112184484,1.378453919432256,44,46
63.56697771377799,1.2992839940149692,0.16752412008704803,1.310039399375762,1.4425680552198026,44,47
63.56697771377799,1.2993110809869755,0.08341853911750029,1.301986151173064,1.5066821910073496,44,48
63.56697771377798,1.2993200116072565,7.956040466420016e-17,1.2993200116081343,1.5707963267948966,44,49
64.8923635709093,-36.70841434514465,2.247742106477821e-15,36.708414345144845,-1.5707963267948966,45,0
64.8923635709093,-35.26193666450876,2.2638914468201325,35.33453525681091,-1.5066821910073498,45,1
64.8923635709093,-33.824876258342854,4.36123484806269,34.10487682564127,-1.442568055219803,45,2
64.89236357090928,-32.455689258616104,6.320744916947872,33.06544391894614,-1.3784539194322563,45,3
64.8923635709093,-31.129335800601723,8.163073145114348,32.18184753178586,-1.3143397836447095,45,4
64.8923635709093,-29.839791199378237,9.907493274920663,31.441557878309567,-1.2502256478571625,45,5
64.8923635709093,-28.580091581177197,11.57079671054306,30.833504038710725,-1.1861115120696157,45,6
64.8923635709093,-27.34301041917646,13.16769981966519,30.348451975743398,-1.121997376282069,45,7
64.89236357090928,-26.12092051665027,14.711028365810076,29.97860644220858,-1.0578832404945222,45,8
64.89236357090931,-24.90626141862409,16.21217958258304,29.717951219267572,-0.9937691047069754,45,9
64.89236357090931,-23.690298630669208,17.680529373157444,29.560638831482855,-0.9296549689194287,45,10
64.8923635709093,-22.464085560791933,19.12395485861878,29.501877728664518,-0.8655408331318818,45,11
64.8923635709093,-21.217593675332783,20.548093603364176,29.536594795340555,-0.801426697344335,45,12
64.8923635709093,-19.93942190174516,21.95551950336746,29.658479098540212,-0.7373125615567883,45,13
64.89236357090931,-18.61643690785412,23.344273511049245,29.858446525276403,-0.6731984257692414,45,14
64.89236357090928,-17.233455537870828,24.70545444345874,30.12227529642459,-0.6090842899816946,45,15
64.89236357090931,-15.77211374082027,26.017751309043998,30.425038291391513,-0.5449701541941478,45,16
64.8923635709093,-14.204002990992818,27.226414472578174,30.708815444441356,-0.4808560184066011,45,17
64.8923635709093,-12.477269197211218,28.186368457476473,30.824561853176718,-0.4167418826190543,45,18
64.89236357090931,-10.55398573609219,28.67858867968724,30.55892772294752,-0.35262774683150755,45,19
64.8923635709093,-8.519583840345678,28.70530497832192,29.942909723524647,-0.2885136110439608,45,20
64.8923635709093,-6.49661968450453,28.463550609116165,29.195543848382226,-0.2243994752564138,45,21
64.8923635709093,-4.493818304139343,27.795855172040753,28.156774809904668,-0.16028533946886703,45,22
64.89236357090932,-2.6190288140373235,27.14897341613511,27.275008148097164,-0.09617120368132026,45,23
64.89236357093863,-0.8513478391848639,26.548160617105758,26.561807643560453,-0.032057067893773494,45,24
64.8923635709093,0.5680802067462842,17.714832758895444,17.7239390316299,0.03205706789377327,45,25
64.89236357090931,0.9181602002396553,9.51769096028529,9.561875306068485,0.09617120368132004,45,26
64.89236357090931,0.989755900779806,6.121990212296542,6.201482153694016,0.1602853394688668,45,27
64.8923635709093,1.01304533040657,4.43844159450583,4.552584390134954,0.2243994752564138,45,28
64.89236357090931,1.023183331462812,3.4474441626274874,3.596077777832459,0.28851361104396056,45,29
64.89236357090931,1.0284469197688817,2.794622517834499,2.977854610952825,0.3526277468315073,45,30
64.89236357090932,1.0315138715044545,2.330207803625638,2.5483110632707704,0.4167418826190541,45,31
64.89236357090932,1.0334514592053419,1.980932965414205,2.2343046640968276,0.48085601840660086,45,32
64.89236357090932,1.0347505377086041,1.7069292423030378,1.9960751773237764,0.5449701541941478,45,33
64.89236357090937,1.035661811968543,1.484699087679304,1.8102283750245962,0.6090842899816944,45,34
64.8923635709094,1.0363239682510694,1.2995091531751357,1.6621345933434952,0.6731984257692414,45,35
64.89236357090944,1.0368186870618619,1.141652602465962,1.542194428277485,0.7373125615567879,45,36
64.89236357090951,1.0371965612389815,1.0044688550622425,1.443860930809462,0.8014266973443349,45,37
64.89236357090957,1.0374902470218141,0.8832283245070963,1.3625264349731796,0.8655408331318815,45,38
64.89236357090967,1.0377215529602544,0.77447172304261,1.29486388144105,0.9296549689194284,45,39
64.8923635709093,1.0379055124561638,0.6756016198049122,1.238420526909907,0.993769104706975,45,40
64.89236357090928,1.0380525938388558,0.5846203292661597,1.1913580977055986,1.057883240494522,45,41
64.8923635709093,1.0381703773332245,0.4999565037219219,1.152282186787511,1.121997376282069,45,42
64.89236357090931,1.038264348841838,0.4203466485804798,1.1201268513217564,1.1861115120696155,45,43
64.89236357090928,1.0383385288911586,0.3447521439864925,1.0940753819395774,1.2502256478571625,45,44
64.89236357090931,1.0383958664389163,0.2722994626558747,1.0735049943076074,1.314339783644709,45,45
64.8923635709093,1.0384385059001904,0.20223588090950323,1.0579479581088418,1.378453919432256,45,46
64.8923635709093,1.0384679655603277,0.13389561710187192,1.047064349396603,1.4425680552198026,45,47
64.89236357090931,1.0384852563403488,0.0666729655789907,1.0406233285770052,1.5066821910073496,45,48
64.8923635709093,1.038490957097999,6.358923132777495e-17,1.038490957099602,1.5707963267948966,45,49
66.21774942804062,-37.48752666417949,2.295448976861934e-15,37.48752666417966,-1.5707963267948966,46,0
66.21774942804062,-36.02436570445358,2.31284101526728,36.098534014141265,-1.5066821910073498,46,1
66.21774942804062,-34.56855056227535,4.457121031507905,34.854707226802205,-1.442568055219803,46,2
66.21774942804062,-33.17785916812481,6.461387494226923,33.8011814487375,-1.3784539194322563,46,3
66.21774942804062,-31.828769426978646,8.346486241006906,32.9049296581392,-1.3143397836447095,46,4
66.21774942804063,-30.515266500304335,10.131766526586034,32.15329193929987,-1.2502256478571625,46,5
66.21774942804062,-29.230789252381598,11.834235001219794,31.535506312428904,-1.1861115120696157,46,6
66.21774942804062,-27.968158853402244,13.468755438575597,31.042314390413974,-1.121997376282069,46,7
66.21774942804062,-26.719853279865575,15.0483410138562,30.665992998219558,-1.0578832404945222,46,8
66.21774942804062,-25.477976193002224,16.5843246603386,30.40011669929418,-0.9937691047069754,46,9
66.2177494280406,-24.233704762068758,18.086083909111046,30.238698346035342,-0.9296549689194287,46,10
66.21774942804063,-22.977702518546163,19.561203349688302,30.17640617301307,-0.8655408331318818,46,11
66.21774942804062,-21.69942079589302,21.014717148211382,30.207336852105414,-0.801426697344335,46,12
66.21774942804062,-20.38675941872296,22.44808782490609,30.323861999943016,-0.7373125615567883,46,13
66.2177494280406,-19.0257169455391,23.857494445303335,30.51488073873887,-0.6731984257692414,46,14
66.21774942804062,-17.600129864570434,25.231109664140124,30.763183615055404,-0.6090842899816946,46,15
66.21774942804062,-16.0903721187209,26.542751791814286,31.038971432713097,-0.5449701541941478,46,16
66.21774942804062,-14.465876218376723,27.728376421794053,31.274980955295803,-0.4808560184066011,46,17
66.21774942804062,-12.676721926852734,28.63693564799458,31.317301322402432,-0.4167418826190543,46,18
66.2177494280406,-10.698716449540498,29.07186878296674,30.977993611622306,-0.35262774683150755,46,19
66.21774942804063,-8.628790741895546,29.073259267342337,30.32672804793689,-0.2885136110439608,46,20
66.21774942804062,-6.577694825938501,28.81876401291917,29.559892226723413,-0.2243994752564138,46,21
66.2177494280406,-4.546548452024194,28.122009781464282,28.487164424971745,-0.16028533946886703,46,22
66.21774942804062,-2.6468074994067434,27.436928549192064,27.564300066433464,-0.09617120368132026,46,23
66.21774942805801,-0.8454338646894829,26.363741128313634,26.377293354313284,-0.032057067893773494,46,24
66.21774942804062,0.4728593636893012,14.745496228794064,14.753076120294693,0.03205706789377327,46,25
66.21774942804062,0.7079667653617571,7.338816125017285,7.372885395669181,0.09617120368132004,46,26
66.21774942804063,0.750525729692062,4.64226701516288,4.702545258793447,0.1602853394688668,46,27
66.21774942804062,0.7639456140553115,3.3470644280088506,3.433140426268385,0.2243994752564138,46,28
66.21774942804062,0.7697218629251217,2.5934483699956012,2.7052626848607026,0.28851361104396056,46,29
66.21774942804062,0.772704574053583,2.099687947696954,2.2373559923421946,0.3526277468315073,46,30
66.21774942804063,0.7744375140595346,1.7494678341560568,1.9132148770936257,0.4167418826190541,46,31
66.21774942804065,0.7755304204942512,1.4865466219582526,1.676683718645783,0.48085601840660086,46,32
66.21774942804065,0.7762623442501997,1.280525930467033,1.4974411126005507,0.5449701541941478,46,33
66.21774942804068,0.776775374273391,1.1135659113708973,1.357721996970163,0.6090842899816944,46,34
66.2177494280407,0.7771479491392899,0.9745127047326122,1.24644853345678,0.6731984257692414,46,35
66.21774942804078,0.7774261978408432,0.856032643961263,1.1563664560385085,0.7373125615567879,46,36
66.21774942804088,0.777638660841984,0.7531010461369702,1.08253548329433,0.8014266973443349,46,37
66.21774942804097,0.7778037452982075,0.6621539824076095,1.0214825317752678,0.8655408331318815,46,38
66.21774942804063,0.7779337740978476,0.5805870646782737,0.9707019607253019,0.9296549689194284,46,39
66.2177494280406,0.7780371333050093,0.5064460504557974,0.9283476626921342,0.993769104706975,46,40
66.21774942804062,0.7781197754863355,0.4382288932697128,0.8930369241534609,1.057883240494522,46,41
66.21774942804062,0.7781859495054271,0.3747546019951268,0.8637212419098964,1.121997376282069,46,42
66.2177494280406,0.7782387415253165,0.31507394736291866,0.8395993872794542,1.1861115120696155,46,43
66.21774942804062,0.7782804122931761,0.25840690034627795,0.8200576359671697,1.2502256478571625,46,44
66.2177494280406,0.7783126202394787,0.20409760392863804,0.8046280921989989,1.314339783644709,46,45
66.21774942804062,0.7783365710399844,0.15158103363276074,0.7929594110531116,1.378453919432256,46,46
66.21774942804062,0.7783531182500317,0.10035752141383542,0.784796284902175,1.4425680552198026,46,47
66.21774942804062,0.7783628301522114,0.04997255171981041,0.7799653526217556,1.5066821910073496,46,48
66.21774942804062,0.778366032132183,4.7661173490875696e-17,0.7783660321336612,1.5707963267948966,46,49
67.54313528517193,-38.2761953705345,2.343741007203201e-15,38.276195370534666,-1.5707963267948966,47,0
67.54313528517194,-36.79681023761246,2.362433599713201,36.87256888495722,-1.5066821910073498,47,1
67.54313528517193,-35.32249129568101,4.554330924451466,35.614889042405785,-1.442568055219803,47,2
67.54313528517193,-33.910227534211685,6.604016220746671,34.5473090365356,-1.3784539194322563,47,3
67.54313528517191,-32.538328973256334,8.532554665793747,33.63848007114189,-1.3143397836447095,47,4
67.54313528517191,-31.20064166344663,10.359326758970345,32.8754572760581,-1.2502256478571625,47,5
67.54313528517193,-29.891060647829995,12.10154926327597,32.24783715574965,-1.1861115120696157,47,6
67.54313528517191,-28.60245039625658,13.774214146538514,31.74632489005649,-1.121997376282069,47,7
67.54313528517193,-27.327478913663654,15.390549395406115,31.36335623732205,-1.0578832404945222,47,8
67.54313528517193,-26.057829391637984,16.961767265224623,31.09199288182343,-0.9937691047069754,47,9
67.54313528517193,-24.784585872013075,18.497217166539855,30.926085102277785,-0.9296549689194287,47,10
67.54313528517191,-23.49798397990679,20.004125415396725,30.859687048881092,-0.8655408331318818,47,11
67.54313528517193,-22.18689557810896,21.486810148366185,30.88594090756903,-0.801426697344335,47,12
67.54313528517193,-20.83844278142011,22.94544140556212,30.995709039326833,-0.7373125615567883,47,13
67.54313528517193,-19.4376775757412,24.374076736255294,31.175614288788868,-0.6731984257692414,47,14
67.54313528517193,-17.967408394537802,25.75763105564115,31.405148017715877,-0.6090842899816946,47,15
67.54313528517193,-16.406739943942352,27.064633610196825,31.64925762229439,-0.5449701541941478,47,16
67.54313528517191,-14.723499034002977,28.222191127428882,31.831957147455253,-0.4808560184066011,47,17
67.54313528517193,-12.871765400136278,29.077542251595432,31.799147911689115,-0.4167418826190543,47,18
67.54313528517196,-10.841049675554396,29.45863413838542,31.390117606773806,-0.35262774683150755,47,19
67.54313528517194,-8.73708447303242,29.438136782227712,30.70733694572104,-0.2885136110439608,47,20
67.54313528517193,-6.653466083406455,29.150739582737426,29.90040516688051,-0.2243994752564138,47,21
67.54313528517193,-4.593886125457935,28.414810029692678,28.783766583913188,-0.16028533946886703,47,22
67.54313528517194,-2.6722224106163095,27.70038069034407,27.82897524167542,-0.09617120368132026,47,23
67.54313528517226,-0.8170473594737891,25.478545383293152,25.49164257626679,-0.032057067893773494,47,24
67.54313528517194,0.35468834268117916,11.06048863788549,11.0661742589401,0.03205706789377327,47,25
67.54313528517196,0.48589954222979487,5.036857053359654,5.060239850157197,0.09617120368132004,47,26
67.54313528517194,0.5061059959435702,3.13044453800458,3.17109228573591,0.1602853394688668,47,27
67.54313528517191,0.5122454050837911,2.2442937589062235,2.3020099546474624,0.2243994752564138,47,28
67.54313528517196,0.5148531349589679,1.734711053383883,1.8095016411461395,0.28851361104396056,47,29
67.54313528517194,0.5161915933689943,1.402659313396203,1.4946260102525115,0.3526277468315073,47,30
67.54313528517196,0.5169666895183731,1.1678367566447017,1.2771441767646154,0.4167418826190541,47,31
67.54313528517194,0.5174545537237742,0.9918635020988156,1.1187280375352908,0.48085601840660086,47,32
67.54313528517197,0.5177808613598375,0.8541336884138698,0.998819992830286,0.5449701541941478,47,33
67.54313528517199,0.5180093815681247,0.7426054020119555,0.9054261441419811,0.6090842899816944,47,34
67.54313528517203,0.5181752345118515,0.6497711920515019,0.8310885486477896,0.6731984257692414,47,35
67.54313528517193,0.5182990453741207,0.570704850691831,0.7709331534188064,0.7373125615567879,47,36
67.54313528517193,0.5183935510647325,0.5020361579960304,0.7216454653929831,0.8014266973443349,47,37
67.54313528517193,0.518466965322094,0.441377362710747,0.6808979148486307,0.8655408331318815,47,38
67.54313528517194,0.5185247651176367,0.38698508969101997,0.6470126673295603,0.9296549689194284,47,39
67.54313528517193,0.5185707095742094,0.33755212509017296,0.618754408455152,0.993769104706975,47,40
67.54313528517194,0.5186074401716756,0.2920742689080803,0.5951983329622912,1.057883240494522,47,41
67.54313528517193,0.5186368482957453,0.24976234251826726,0.5756434731254026,1.121997376282069,47,42
67.54313528517194,0.5186603073654935,0.20998228649215553,0.5595543539983008,1.1861115120696155,47,43
67.54313528517194,0.5186788232394168,0.17221323429402627,0.5465209234280174,1.2502256478571625,47,44
67.54313528517191,0.5186931336569309,0.1360173572942289,0.5362306298503702,1.314339783644709,47,45
67.54313528517194,0.5187037748757757,0.10101755110891655,0.5284488165413965,1.378453919432256,47,46
67.54313528517193,0.5187111264969456,0.06688039369856583,0.5230049902387616,1.4425680552198026,47,47
67.54313528517193,0.5187154412322706,0.03330263626514519,0.5197833919591685,1.5066821910073496,47,48
67.54313528517193,0.518716863771066,3.1762247344145447e-17,0.5187168637726333,1.5707963267948966,47,49
68.86852114230325,-39.07408886243737,2.3925978927491675e-15,39.07408886243752,-1.5707963267948966,48,0
68.86852114230327,-37.57894121798039,2.4126480747034664,37.656310145801676,-1.5066821910073498,48,1
68.86852114230327,-36.08639526749962,4.652825434735066,36.385116571591965,-1.442568055219803,48,2
68.86852114230325,-34.652768902463784,6.74862613926063,35.30380074970785,-1.3784539194322563,48,3
68.86852114230325,-33.25776047983995,8.721211823426664,34.3822362245896,-1.3143397836447095,48,4
68.86852114230325,-31.895658111942392,10.590088118640129,33.6077814316042,-1.2502256478571625,48,5
68.86852114230325,-30.56064158002078,12.372632539046075,32.970211551167765,-1.1861115120696157,48,6
68.86852114230325,-29.245609209952704,14.083943107076927,32.46017731782515,-1.121997376282069,48,7
68.86852114230325,-27.94350908820151,15.7374911261175,32.07036524748398,-1.0578832404945222,48,8
68.86852114230327,-26.64552476561349,17.34431456056538,31.79322628502435,-0.9937691047069754,48,9
68.86852114230327,-25.342620866619118,18.91368950685089,31.622398440832434,-0.9296549689194287,48,10
68.86852114230325,-24.024571418218112,20.45241583755207,31.551249506496802,-0.8655408331318818,48,11
68.86852114230325,-22.679602166107443,21.963969869873953,31.571828056950373,-0.801426697344335,48,12
68.86852114230325,-21.293972610686783,23.44703037339246,31.673277425543915,-0.7373125615567883,48,13
68.86852114230327,-19.851710795145845,24.893257971863548,31.839672013823595,-0.6731984257692414,48,14
68.86852114230325,-18.334567312398775,26.283980974192897,32.04690335094207,-0.6090842899816946,48,15
68.86852114230324,-16.720446656049916,27.58212564415728,32.25441041823428,-0.5449701541941478,48,16
68.86852114230327,-14.976438939499827,28.70702957107634,32.37880896671832,-0.4808560184066011,48,17
68.86852114230325,-13.062389592246873,29.508165622047294,32.27007685515845,-0.4167418826190543,48,18
68.86852114230324,-10.981064226281475,29.839098904008473,31.795527907945235,-0.35262774683150755,48,19
68.86852114230325,-8.844405181319804,29.799735860258657,31.084526059641515,-0.2885136110439608,48,20
68.86852114230325,-6.72752825390913,29.475227153304456,30.233237539933455,-0.2243994752564138,48,21
68.86852114230327,-4.639729880119456,28.698369862082867,29.07100834338875,-0.16028533946886703,48,22
68.8685211423033,-2.6967467623250223,27.954601250655664,28.08437597995128,-0.09617120368132026,48,23
68.86852114230334,-0.7647957270403055,23.849147071600513,23.861406675779346,-0.032057067893773494,48,24
68.86852114230327,0.2057694436052173,6.416648982081418,6.419947447072162,0.03205706789377327,48,25
68.86852114230327,0.25064683885038835,2.5982166856440454,2.610278487706877,0.09617120368132004,48,26
68.86852114230325,0.256107948242198,1.58411821662204,1.6046874478810937,0.1602853394688668,48,27
68.86852114230327,0.25769501532559325,1.1290356318633057,1.1580708868377763,0.2243994752564138,48,28
68.86852114230328,0.2583591341251161,0.8704976531736754,0.9080284171585619,0.28851361104396056,48,29
68.86852114230327,0.25869769896445244,0.702965219638646,0.7490558053122999,0.3526277468315073,48,30
68.86852114230327,0.25889304686859566,0.5848439025276444,0.6395842399887033,0.4167418826190541,48,31
68.86852114230327,0.2590157352094593,0.4964846716970935,0.5599876608613298,0.48085601840660086,48,32
68.86852114230328,0.2590976794155891,0.4274087226732736,0.49980978751568034,0.5449701541941478,48,33
68.86852114230327,0.25915501135070046,0.37151819684031295,0.45297581667509873,0.6090842899816944,48,34
68.86852114230327,0.2591965926100537,0.32502224679266106,0.41571905721505914,0.6731984257692414,48,35
68.86852114230327,0.2592276165963494,0.28543841542089704,0.3855827358757184,0.7373125615567879,48,36
68.86852114230327,0.2592512895737783,0.25107087290386937,0.3608986206223974,0.8014266973443349,48,37
68.86852114230327,0.2592696732778118,0.2207194908773012,0.34049648623075257,0.8655408331318815,48,38
68.86852114230325,0.2592841435159341,0.19350878547049366,0.3235334868817121,0.9296549689194284,48,39
68.86852114230325,0.25929564356503243,0.16878275979785387,0.3093894807157576,0.993769104706975,48,40
68.86852114230327,0.2593048359350684,0.1460377628890924,0.2976004471262941,1.057883240494522,48,41
68.86852114230325,0.2593121948236415,0.12487817137504742,0.2878148225352425,1.121997376282069,48,42
68.86852114230325,0.25931806446038275,0.10498624886267836,0.2797641345964458,1.1861115120696155,48,43
68.86852114230327,0.25932269688862364,0.08610106747417343,0.2732428497555694,1.2502256478571625,48,44
68.86852114230327,0.25932627693113836,0.06800335800964011,0.2680943390082814,1.314339783644709,48,45
68.86852114230327,0.25932893891335296,0.05050430632984244,0.2642010286061433,1.378453919432256,48,46
68.86852114230327,0.25933077790930253,0.033437001133758755,0.26147750460909686,1.4425680552198026,48,47
68.86852114230324,0.2593318572068867,0.016649657646649215,0.2598657793224559,1.5066821910073496,48,48
68.86852114230325,0.25933221303961934,1.5879518230823727e-17,0.2593322130410117,1.5707963267948966,48,49
70.19390699943457,-39.880872516966164,2.4419991437553203e-15,39.880872516966285,-1.5707963267948966,49,0
70.19390699943457,-38.370543885071186,2.4634706521573677,38.44954259403114,-1.5066821910073498,49,1
70.19390699943457,-36.8599765040648,4.752567690137503,37.16510147341923,-1.442568055219803,49,2
70.19390699943459,-35.405163070620965,6.895154890384237,36.070330370259335,-1.3784539194322563,49,3
70.19390699943456,-33.98680037895849,8.912388598296893,35.13592563924033,-1.3143397836447095,49,4
70.19390699943457,-32.60004861029441,10.823961877297192,34.3499828255378,-1.2502256478571625,49,5
70.19390699943456,-31.23925588668357,12.647373022818103,33.70233156225252,-1.1861115120696157,49,6
70.19390699943456,-29.897441296978077,14.39784889591269,33.18365635272559,-1.121997376282069,49,7
70.19390699943459,-28.567654793046813,16.089003438347287,32.78668833557064,-1.0578832404945222,49,8
70.19390699943457,-27.240750762289203,17.73176374806619,32.50344516678803,-0.9937691047069754,49,9
70.19390699943459,-25.907471418179064,19.335248429513474,32.32721619803923,-0.9296549689194287,49,10
70.19390699943456,-24.5570861240424,20.90575221610953,32.25059619022578,-0.8655408331318818,49,11
70.19390699943457,-23.17710048670476,22.44577012562275,32.26438568302688,-0.801426697344335,49,12
70.19390699943459,-21.752820800466175,23.952273224936942,32.35578163820537,-0.7373125615567883,49,13
70.19390699943456,-20.26717802260233,25.414237396692723,32.50602970919881,-0.6731984257692414,49,14
70.19390699943457,-18.700862193989465,26.809092231777026,32.68714843926462,-0.6090842899816946,49,15
70.19390699943457,-17.030759067178614,28.094018423624235,32.8530154718138,-0.5449701541941478,49,16
70.19390699943457,-15.224365826719836,29.182258997219723,32.91482272482457,-0.4808560184066011,49,17
70.19390699943459,-13.248611458864564,29.92884406252671,32.73013004109542,-0.4167418826190543,49,18
70.19390699943457,-11.11882141900971,30.213429698715718,32.194402058542266,-0.35262774683150755,49,19
70.19390699943457,-8.95068720964535,30.157835280837,31.458064631362713,-0.2885136110439608,49,20
70.19390699943457,-6.799630176508082,29.79112631665016,30.557260638870837,-0.2243994752564138,49,21
70.19390699943457,-4.683999631275502,28.972193926242877,29.348387919025683,-0.16028533946886703,49,22
70.19390699943465,-2.7203655288428283,28.19943447313288,28.330345801190347,-0.09617120368132026,49,23
70.1939069994346,-0.6593733621060794,20.561689523095392,20.572259216596134,-0.032057067893773494,49,24
70.19390699943457,1.6427562457985393e-05,0.0005122718904659559,0.0005125352227599868,0.03205706789377327,49,25
70.19390699943459,1.6426092933475695e-05,0.0001702736364759493,0.00017106410438073923,0.09617120368132004,49,26
70.19390699943457,1.6427026605794838e-05,0.00010160696796959047,0.00010292629956982568,0.1602853394688668,49,27
70.19390699943457,1.642302103651413e-05,7.195395656390955e-05,7.380438662678289e-05,0.2243994752564138,49,28
70.19390699943457,1.6421467981412466e-05,5.5329374693330994e-05,5.7714853500167524e-05,0.28851361104396056,49,29
70.19390699943457,1.641997530831369e-05,4.461837732754852e-05,4.7543823829570164e-05,0.3526277468315073,49,30
70.19390699943457,1.641851726097749e-05,3.708971648170936e-05,4.056124724020568e-05,0.4167418826190541,49,31
70.19390699943459,1.6417100109720195e-05,3.1468507312705615e-05,3.5493494170935584e-05,0.48085601840660086,49,32
70.19390699943457,1.641572976430845e-05,2.7079463284831843e-05,3.166659937536366e-05,0.5449701541941478,49,33
70.19390699943457,1.6414411909733775e-05,2.3531293854614824e-05,2.8690672871125623e-05,0.6090842899816944,49,34
70.19390699943457,1.6413152010110415e-05,2.058144162850885e-05,2.6324651910330887e-05,0.6731984257692414,49,35
70.19390699943457,1.641195513846989e-05,1.8071386560869344e-05,2.4411621893755623e-05,0.7373125615567879,49,36
70.1939069994346,1.641082621647781e-05,1.5892998906735553e-05,2.2845188359185937e-05,0.8014266973443349,49,37
70.1939069994346,1.6409769855921953e-05,1.3969840749674837e-05,2.155080038269805e-05,0.8655408331318815,49,38
70.19390699943456,1.6408790380799993e-05,1.22461985138694e-05,2.0474808400065863e-05,0.9296549689194284,49,39
70.19390699943456,1.6407891720778676e-05,1.0680353928954894e-05,1.9577764695265235e-05,0.993769104706975,49,40
70.19390699943457,1.6407077576851797e-05,9.240293937758757e-06,1.8830167985685998e-05,1.057883240494522,49,41
70.19390699943457,1.6406351236193066e-05,7.900882346387392e-06,1.820967608156132e-05,1.121997376282069,49,42
70.19390699943457,1.640571570078464e-05,6.641938168678135e-06,1.7699233032259563e-05,1.1861115120696155,49,43
70.19390699943457,1.640517347563478e-05,5.446892871389217e-06,1.728578488226199e-05,1.2502256478571625,49,44
70.19390699943457,1.64047268221371e-05,4.301825965104723e-06,1.695938586562038e-05,1.314339783644709,49,45
70.19390699943457,1.64043775475875e-05,3.1947522388602624e-06,1.671257144165381e-05,1.378453919432256,49,46
70.19390699943457,1.6404127014279117e-05,2.1150779644695794e-06,1.6539919533777408e-05,1.4425680552198026,49,47
70.19390699943457,1.6403976321401256e-05,1.0531702218449277e-06,1.643774942808e-05,1.5066821910073496,49,48
70.19390699943457,1.640392601205219e-05,1.0044507735077722e-21,1.6403926000657655e-05,1.5707963267948966,49,49
